leitura_id,data_hora,equipamento_id,regiao,umidade_solo_pct,precipitacao_24h_mm,temperatura_c,declividade_graus,distancia_corpo_dagua_m,idade_equipamento_anos,horas_desde_manutencao,horas_operacao_dia,carga_pct,tipo_solo,tipo_operacao,periodo_dia,houve_sinistro
5639,2026-08-26 15:04:00,EQ-011,Barreiras,19.7,0.0,26.7,13.6,97.0,9.4,212,5.6,71,Arenoso,Transporte,Tarde,0
2859,2026-05-31 06:09:00,EQ-009,Lucas do Rio Verde,38.9,0.0,29.9,6.1,2500.0,4.9,658,9.7,91,Arenoso,Transporte,Manha,0
4059,2026-07-06 23:30:00,EQ-031,Rio Verde,28.0,0.0,19.8,5.4,958.0,5.6,17,7.4,99,Argiloso,Colheita,Noite,0
3766,2026-06-27 21:22:00,EQ-027,Barreiras,34.2,0.0,31.9,0.9,1141.0,17.1,482,9.9,96,Argiloso,Colheita,Noite,1
4563,2026-07-23 09:23:00,EQ-014,Sorriso,39.2,24.1,21.6,3.3,598.0,8.3,3,4.2,70,Argiloso,Pulverizacao,Manha,0
4574,2026-07-23 16:12:00,EQ-009,Lucas do Rio Verde,38.8,0.0,22.2,6.9,716.0,5.1,109,8.1,78,Argiloso,Colheita,Tarde,0
2081,2026-05-06 15:47:00,EQ-026,Sorriso,45.2,0.0,27.6,5.5,525.0,2.5,424,8.9,106,Misto,Colheita,Tarde,0
2211,2026-05-10 13:59:00,EQ-035,Lucas do Rio Verde,54.3,0.0,25.7,1.2,604.0,2.9,98,7.5,103,Misto,Colheita,Tarde,0
5414,2026-08-19 09:12:00,EQ-005,Sorriso,29.1,0.0,29.3,7.3,1259.0,8.0,294,6.8,93,Misto,Colheita,Manha,0
853,2026-03-27 20:43:00,EQ-020,Barreiras,91.4,11.1,23.8,2.8,1294.0,1.5,8,10.8,110,Encharcado,Colheita,Noite,0
4152,2026-07-09 19:57:00,EQ-023,Lucas do Rio Verde,23.5,0.0,27.3,10.3,1044.0,6.9,572,6.0,67,Arenoso,Pulverizacao,Noite,0
1607,2026-04-20 08:37:00,EQ-008,Barreiras,76.4,0.0,33.8,6.8,1403.0,9.4,482,5.4,85,Arenoso,Colheita,Manha,0
3503,2026-06-19 22:42:00,EQ-032,Sorriso,19.8,0.0,26.4,7.0,1263.0,6.0,145,10.2,76,Misto,Pulverizacao,Noite,0
4116,2026-07-08 23:06:00,EQ-013,Barreiras,32.0,0.0,22.4,3.9,380.0,9.4,295,8.7,71,Arenoso,Colheita,Noite,1
3260,2026-06-12 10:47:00,EQ-037,Sorriso,22.4,0.0,31.0,2.6,158.0,20.7,284,4.9,86,Misto,Plantio,Manha,0
905,2026-03-29 15:22:00,EQ-012,Lucas do Rio Verde,94.6,43.9,25.9,2.2,155.0,3.2,317,9.8,88,Misto,Pulverizacao,Tarde,0
434,2026-03-15 14:32:00,EQ-029,Rio Verde,84.2,18.4,23.2,16.0,752.0,0.9,330,31.0,71,Misto,Plantio,Tarde,0
1774,2026-04-25 16:57:00,EQ-018,Rio Verde,62.0,0.0,29.5,8.8,201.0,9.1,91,7.5,66,Argiloso,Transporte,Tarde,1
2592,2026-05-22 06:31:00,EQ-025,Barreiras,31.8,0.0,,4.9,995.0,8.1,151,12.2,94,Argiloso,Colheita,Manha,0
3977,2026-07-04 14:18:00,EQ-019,Sorriso,15.4,0.0,24.6,13.1,100.0,4.5,357,5.3,58,Arenoso,Pulverizacao,Tarde,0
5726,2026-08-29 15:47:00,EQ-031,Rio Verde,21.4,0.0,34.6,6.8,597.0,5.7,302,8.7,82,Arenoso,Colheita,Tarde,0
2913,2026-06-01 13:35:00,EQ-021,Cascavel,76.3,19.8,17.4,14.0,1689.0,13.1,6,3.0,79,Misto,Colheita,Tarde,0
5078,2026-08-09 08:13:00,EQ-014,Sorriso,30.4,0.0,30.7,15.0,688.0,8.4,88,8.1,82,Argiloso,Pulverizacao,Manha,0
1095,2026-04-04 10:00:00,EQ-027,Barreiras,90.7,4.8,31.2,1.8,633.0,16.9,134,8.0,85,Arenoso,Colheita,Manha,0
1272,2026-04-10 06:09:00,EQ-032,Sorriso,79.2,0.0,30.0,17.2,994.0,5.8,35,6.7,70,Misto,Pulverizacao,Manha,0
1847,2026-04-27 19:35:00,EQ-036,Rio Verde,71.1,27.8,23.7,11.4,625.0,6.4,155,3.6,108,Misto,Transporte,Noite,1
3867,2026-07-01 07:05:00,EQ-009,Não-Me-Toque,70.0,8.0,15.9,21.1,1155.0,5.0,13,8.3,101,Misto,Transporte,Manha,0
1264,2026-04-09 16:59:00,EQ-002,Rio Verde,76.5,14.4,27.3,20.5,740.0,7.4,206,7.3,75,Arenoso,Plantio,Tarde,0
1587,2026-04-19 13:32:00,EQ-008,Barreiras,75.5,4.1,25.1,1.7,1424.0,9.4,476,6.4,79,Arenoso,Colheita,Tarde,1
459,2026-03-16 09:15:00,EQ-013,Barreiras,94.9,0.0,28.6,9.1,169.0,9.1,634,6.0,92,Arenoso,Colheita,Manha,1
2433,2026-05-17 10:16:00,EQ-030,Não-Me-Toque,53.4,0.0,31.9,14.1,802.0,12.5,552,7.2,75,Misto,Colheita,Manha,1
4865,2026-08-02 14:38:00,EQ-022,Rio Verde,27.9,0.0,23.3,1.1,298.0,3.9,377,13.9,86,Misto,Colheita,Tarde,0
2671,2026-05-24 20:53:00,EQ-030,Não-Me-Toque,83.1,9.0,22.1,0.2,444.0,12.5,602,9.3,107,Argiloso,Colheita,Noite,1
3283,2026-06-12 20:49:00,EQ-010,Sorriso,14.8,0.0,27.0,10.9,496.0,5.1,218,10.9,92,Argiloso,Transporte,Noite,0
3564,2026-06-21 20:47:00,EQ-028,Sorriso,21.0,0.0,24.8,4.6,535.0,7.0,299,3.4,85,Misto,Colheita,Noite,0
5576,2026-08-24 17:52:00,EQ-014,Sorriso,40.0,0.0,25.2,11.9,2036.0,8.4,179,8.0,64,Arenoso,Pulverizacao,Tarde,0
2442,2026-05-17 16:24:00,EQ-030,Não-Me-Toque,61.5,0.0,25.8,1.3,421.0,12.5,548,7.0,91,Misto,Colheita,Tarde,0
3366,2026-06-15 14:43:00,EQ-036,Rio Verde,14.9,0.0,26.5,5.1,1298.0,6.6,89,8.2,82,Misto,Transporte,Tarde,0
1267,2026-04-09 21:33:00,EQ-008,Barreiras,71.3,0.0,25.2,1.2,1017.0,9.3,448,9.3,85,Arenoso,Colheita,Noite,0
1626,2026-04-20 20:13:00,EQ-023,Lucas do Rio Verde,95.5,34.4,25.1,8.0,251.0,6.7,182,4.6,66,Misto,Pulverizacao,Noite,1
4840,2026-08-01 15:26:00,EQ-025,Barreiras,23.5,0.0,32.2,3.5,566.0,8.3,220,10.3,65,Misto,Colheita,Tarde,0
2924,2026-06-01 16:08:00,EQ-035,Lucas do Rio Verde,40.3,0.0,29.3,14.7,135.0,3.0,192,9.0,68,Misto,Transporte,Tarde,0
4930,2026-08-04 15:09:00,EQ-010,Sorriso,38.8,0.0,31.4,2.9,935.0,5.3,86,8.1,78,Misto,Transporte,Tarde,0
3253,2026-06-12 08:52:00,EQ-027,Barreiras,44.1,7.6,30.1,12.1,1046.0,17.1,409,5.1,114,Argiloso,Colheita,Manha,1
4579,2026-07-23 22:53:00,EQ-023,Lucas do Rio Verde,38.0,0.0,29.3,7.2,124.0,6.9,628,15.6,79,Argiloso,Pulverizacao,Noite,1
2,2026-03-01 06:20:00,EQ-026,Sorriso,51.0,3.8,25.9,6.0,1346.0,2.3,140,7.8,87,Argiloso,Colheita,Manha,0
3153,2026-06-08 19:59:00,EQ-006,Sorriso,24.3,0.0,29.6,12.4,1741.0,12.2,149,6.9,81,Argiloso,Pulverizacao,Noite,0
2080,2026-05-06 15:31:00,EQ-025,Barreiras,75.1,0.0,25.4,1.4,2500.0,8.0,95,2.2,93,Arenoso,Colheita,Tarde,0
532,2026-03-18 08:50:00,EQ-016,Cascavel,51.9,4.6,29.6,7.2,979.0,4.1,103,6.1,80,Argiloso,Plantio,Manha,0
4564,2026-07-23 09:36:00,EQ-029,Rio Verde,43.3,4.7,30.5,23.0,941.0,1.2,121,8.2,71,Misto,Transporte,Manha,0
666,2026-03-22 13:02:00,EQ-022,Rio Verde,88.6,0.0,29.4,5.0,1064.0,3.5,259,5.4,76,Argiloso,Transporte,Tarde,0
379,2026-03-14 07:38:00,EQ-019,Sorriso,90.3,14.5,27.3,1.3,1755.0,4.2,277,5.0,72,Encharcado,Pulverizacao,Manha,1
3464,2026-06-18 16:30:00,EQ-035,Rio Verde,20.7,0.0,29.0,10.4,947.0,3.0,260,8.7,102,Arenoso,Transporte,Tarde,0
1230,2026-04-08 17:16:00,EQ-006,Sorriso,96.8,7.5,33.8,7.4,1779.0,12.0,193,11.9,52,Arenoso,Pulverizacao,Tarde,0
2396,2026-05-15 22:50:00,EQ-027,Barreiras,61.6,13.1,30.0,7.1,584.0,17.0,278,9.1,91,Arenoso,Transporte,Noite,1
2352,2026-05-14 14:19:00,EQ-022,Rio Verde,42.9,0.0,26.8,6.7,1066.0,3.6,10,8.4,75,Argiloso,Plantio,Tarde,0
3520,2026-06-20 13:12:00,EQ-007,Sorriso,25.7,0.0,18.7,10.6,2500.0,7.7,264,8.0,99,Argiloso,Colheita,Tarde,0
4197,2026-07-11 08:33:00,EQ-005,Sorriso,10.8,0.0,26.6,3.6,984.0,7.9,167,6.8,80,Argiloso,Transporte,Manha,0
190,2026-03-07 15:08:00,EQ-016,Cascavel,67.4,11.8,26.5,45.0,105.0,4.1,45,7.8,83,Argiloso,Plantio,Tarde,1
4961,2026-08-05 15:20:00,EQ-021,Cascavel,79.8,9.4,17.1,13.5,547.0,13.2,256,10.1,58,Misto,Transporte,Tarde,1
2967,2026-06-03 08:41:00,EQ-031,Rio Verde,24.0,0.0,25.5,17.0,1006.0,5.5,360,6.0,100,Misto,Colheita,Manha,0
4677,2026-07-27 15:08:00,EQ-031,Rio Verde,28.5,0.0,31.1,9.1,2168.0,5.6,151,1.1,86,Arenoso,Colheita,Tarde,0
5547,2026-08-23 16:05:00,EQ-039,Sorriso,43.1,11.7,29.0,12.5,1815.0,2.5,474,13.2,43,Arenoso,Plantio,Tarde,0
59,2026-03-02 23:34:00,EQ-018,Rio Verde,77.3,12.9,27.2,6.7,2202.0,9.0,162,8.2,80,Argiloso,Colheita,Noite,0
2625,2026-05-23 07:35:00,EQ-011,Barreiras,47.1,0.0,35.4,16.9,627.0,9.1,238,11.5,70,Arenoso,Plantio,Manha,0
63,2026-03-03 07:12:00,EQ-024,Cascavel,64.2,8.8,22.8,20.9,663.0,7.6,129,11.9,40,Misto,Pulverizacao,Manha,0
2357,2026-05-14 16:12:00,EQ-028,Sorriso,93.3,0.0,32.3,3.0,970.0,6.9,104,8.3,93,Encharcado,Transporte,Tarde,1
3222,2026-06-10 21:37:00,EQ-019,Sorriso,14.0,0.0,29.6,19.6,1594.0,4.4,259,9.5,97,Misto,Pulverizacao,Noite,0
511,2026-03-17 14:44:00,EQ-032,Rio Verde,83.5,11.2,26.6,19.7,118.0,5.7,199,6.9,66,Arenoso,Pulverizacao,Tarde,1
70,2026-03-03 14:24:00,EQ-009,Lucas do Rio Verde,100.0,51.2,27.0,13.9,210.0,4.7,306,10.4,89,Argiloso,Colheita,Tarde,1
4330,2026-07-15 17:06:00,EQ-015,Sorriso,,0.0,18.2,14.1,1504.0,8.2,271,6.2,95,Arenoso,Transporte,Tarde,0
4982,2026-08-06 10:10:00,EQ-022,Rio Verde,32.4,0.0,23.8,9.8,1071.0,3.9,408,7.7,89,Misto,Colheita,Manha,0
1351,2026-04-12 08:24:00,EQ-028,Sorriso,91.2,55.9,24.1,24.8,332.0,6.8,621,9.3,66,Encharcado,Plantio,Manha,1
4606,2026-07-24 22:15:00,EQ-036,Rio Verde,35.7,0.0,26.2,4.0,449.0,6.7,273,9.0,83,Misto,Transporte,Noite,1
671,2026-03-22 13:56:00,EQ-005,Cascavel,48.7,0.0,20.7,23.3,398.0,7.6,243,5.1,87,Argiloso,Colheita,Tarde,1
4531,2026-07-22 09:40:00,EQ-009,Lucas do Rio Verde,38.7,0.0,28.5,5.7,475.0,5.1,100,8.6,82,Misto,Colheita,Manha,1
3327,2026-06-14 09:05:00,EQ-028,Sorriso,29.3,0.0,24.9,11.8,1510.0,7.0,259,9.4,106,Argiloso,Colheita,Manha,0
2841,2026-05-30 10:41:00,EQ-029,Rio Verde,44.8,0.0,32.0,7.7,1068.0,1.1,276,16.0,107,Argiloso,Transporte,Manha,1
5529,2026-08-22 22:40:00,EQ-008,Barreiras,19.1,0.0,23.2,6.4,342.0,9.7,423,7.3,94,Argiloso,Colheita,Noite,1
2847,2026-05-30 14:47:00,EQ-015,Sorriso,26.2,0.0,24.4,4.7,127.0,8.1,48,6.4,118,Argiloso,Transporte,Tarde,0
3316,2026-06-13 17:01:00,EQ-002,Rio Verde,20.9,0.7,24.3,33.5,397.0,7.6,178,8.4,82,Arenoso,Transporte,Tarde,0
144,2026-03-06 06:10:00,EQ-008,Barreiras,67.3,0.0,26.9,4.7,329.0,9.2,323,5.8,86,Arenoso,Transporte,Manha,1
1062,2026-04-03 07:40:00,EQ-026,Sorriso,100.0,14.9,26.7,2.4,575.0,2.4,271,10.2,87,Misto,Plantio,Manha,1
5676,2026-08-27 17:41:00,EQ-021,Cascavel,97.7,58.0,19.9,12.8,531.0,13.3,61,11.3,88,Encharcado,Colheita,Tarde,1
1902,2026-04-29 16:43:00,EQ-027,Barreiras,84.5,45.5,25.5,10.4,690.0,16.9,239,7.9,78,Arenoso,Transporte,Tarde,0
4200,2026-07-11 09:26:00,EQ-004,Cascavel,76.2,11.5,21.7,2.3,375.0,5.8,167,9.4,65,Argiloso,Colheita,Manha,1
1109,2026-04-04 21:19:00,EQ-011,Sorriso,96.8,18.1,27.5,24.7,1327.0,9.0,16,8.6,83,Encharcado,Colheita,Noite,0
4164,2026-07-10 08:25:00,EQ-011,Barreiras,15.8,0.0,24.1,5.9,874.0,9.2,61,9.7,90,Misto,Transporte,Manha,1
3454,2026-06-18 09:41:00,EQ-014,Sorriso,11.0,0.0,25.0,5.7,1285.0,8.2,244,4.8,75,Argiloso,Pulverizacao,Manha,0
4760,2026-13-45 99:00:00,EQ-024,Cascavel,87.6,0.0,19.3,10.7,1335.0,8.0,354,7.2,58,Arenoso,Pulverizacao,Noite,0
5223,2026-08-13 15:38:00,EQ-026,Sorriso,29.2,0.0,28.8,11.3,563.0,2.8,110,4.1,76,Argiloso,Plantio,Tarde,0
3519,2026-06-20 10:55:00,EQ-014,Sorriso,23.0,0.0,25.4,10.0,81.0,8.2,265,10.5,74,Arenoso,Pulverizacao,Manha,0
4482,2026-07-20 16:25:00,EQ-030,Lucas do Rio Verde,27.8,14.1,30.0,26.4,992.0,12.7,206,5.4,84,Argiloso,Colheita,Tarde,0
5208,2026-08-13 08:05:00,EQ-022,Rio Verde,27.3,0.0,31.3,13.2,719.0,3.9,26,8.7,68,Misto,Transporte,Manha,0
2242,2026-05-11 14:14:00,EQ-038,Rio Verde,47.6,0.0,24.5,7.1,649.0,3.1,46,10.2,109,Argiloso,Transporte,Tarde,0
2212,2026-05-10 14:05:00,EQ-008,Barreiras,76.9,0.0,20.8,2.6,343.0,9.4,568,8.6,87,Arenoso,Transporte,Tarde,1
535,2026-03-18 09:57:00,EQ-014,Não-Me-Toque,74.8,0.0,27.4,8.5,316.0,8.0,224,11.5,65,Misto,Pulverizacao,Manha,1
1552,2026-04-18 14:53:00,EQ-008,Barreiras,86.2,8.3,26.2,10.7,882.0,9.4,470,5.7,81,Arenoso,Colheita,Tarde,0
5780,2026-08-31 14:12:00,EQ-014,Sorriso,24.7,0.0,23.6,3.2,1203.0,8.4,218,5.7,70,Argiloso,Pulverizacao,Tarde,0
358,2026-03-13 09:27:00,EQ-038,Rio Verde,67.5,0.0,22.0,27.5,951.0,3.0,116,11.0,91,Arenoso,Transporte,Manha,1
1513,2026-04-17 15:25:00,EQ-025,Barreiras,79.7,23.3,30.9,5.5,522.0,8.0,0,13.6,78,Misto,Colheita,Tarde,1
1749,2026-04-24 17:57:00,EQ-008,Barreiras,52.9,0.0,29.3,2.6,720.0,9.4,493,9.8,104,Misto,Colheita,Tarde,0
2149,2026-05-08 16:34:00,EQ-009,Lucas do Rio Verde,45.0,0.0,30.3,7.7,622.0,4.9,555,7.2,84,Argiloso,Transporte,Tarde,0
2193,2026-05-09 21:47:00,EQ-008,Barreiras,61.4,0.0,26.2,1.1,488.0,9.4,558,13.3,94,Argiloso,Colheita,Noite,1
3001,2026-06-04 15:18:00,EQ-034,Rio Verde,38.4,0.0,28.5,6.8,458.0,8.7,189,5.0,90,Misto,Transporte,Tarde,0
945,2026-03-30 13:53:00,EQ-006,Sorriso,100.0,3.5,27.3,2.1,783.0,12.0,148,14.6,46,Encharcado,Pulverizacao,Tarde,0
1151,2026-04-06 07:41:00,EQ-001,Barreiras,84.4,30.7,26.7,6.2,431.0,11.2,84,3.7,109,Arenoso,Colheita,Manha,1
5127,2026-08-10 13:47:00,EQ-034,Não-Me-Toque,80.4,5.1,21.2,10.4,467.0,8.8,94,9.2,91,Misto,Colheita,Tarde,0
1576,2026-04-19 07:19:00,EQ-003,Cascavel,76.8,10.3,24.8,17.9,1594.0,8.4,37,11.3,92,Argiloso,Pulverizacao,Manha,0
4847,2026-08-01 21:34:00,EQ-026,Sorriso,36.5,0.0,27.0,9.0,302.0,2.7,37,10.4,100,Argiloso,Transporte,Noite,0
3476,2026-06-19 06:33:00,EQ-027,Sorriso,32.6,0.0,31.6,2.3,825.0,17.1,437,8.8,94,Argiloso,Transporte,Manha,0
5430,2026-08-19 19:05:00,EQ-005,Sorriso,25.7,0.0,30.8,5.9,822.0,8.0,289,9.9,82,Arenoso,Colheita,Noite,0
5810,2026-05-31 16:02:00,EQ-010,Sorriso,27.5,0.0,27.2,8.4,749.0,5.1,138,7.1,111,Arenoso,Colheita,Tarde,0
5455,2026-08-20 13:21:00,EQ-015,Sorriso,25.8,0.0,26.5,3.8,609.0,8.3,160,5.5,76,Argiloso,Transporte,Tarde,0
5419,2026-08-19 10:24:00,EQ-026,Sorriso,23.1,0.0,33.1,2.4,1045.0,2.8,133,7.7,90,Misto,Transporte,Manha,0
2112,2026-05-07 13:46:00,EQ-035,Lucas do Rio Verde,61.5,0.0,22.8,2.5,1094.0,2.9,79,10.4,84,Misto,Transporte,Tarde,0
5007,2026-08-07 06:51:00,EQ-014,Sorriso,25.4,0.0,35.0,6.7,196.0,8.4,77,11.1,62,Arenoso,Pulverizacao,Manha,0
4530,2026-07-22 09:32:00,EQ-021,Cascavel,99.2,17.9,16.4,11.3,289.0,13.2,187,4.9,90,Argiloso, colheita,Manha,1
674,2026-03-22 15:00:00,EQ-039,Sorriso,83.5,29.9,27.9,4.1,819.0,2.0,469,9.0,95,Misto,Colheita,Tarde,0
648,2026-03-22 06:26:00,EQ-026,Sorriso,69.6,29.9,29.2,5.4,1185.0,2.4,231,6.4,65,Arenoso,Plantio,Manha,0
5453,2026-08-20 13:10:00,EQ-002,Rio Verde,17.0,0.0,26.2,27.1,782.0,7.8,130,9.7,104,Misto,Transporte,Tarde,1
788,2026-03-25 17:33:00,EQ-014,Sorriso,85.9,0.0,30.4,8.1,393.0,8.0,259,10.1,88,Encharcado,Pulverizacao,Tarde,1
2560,2026-05-20 22:04:00,EQ-037,Sorriso,49.7,0.0,27.5,3.9,724.0,20.6,153,8.0,73,Misto,Plantio,Noite,1
3641,2026-06-24 07:17:00,EQ-011,Barreiras,20.9,0.0,24.2,0.8,1192.0,9.2,397,11.4,103,Misto,Transporte,Manha,0
5328,2026-08-16 15:32:00,EQ-026,Sorriso,13.4,0.0,28.1,9.4,529.0,2.8,122,9.1,76,Misto,Colheita,Tarde,0
5760,2026-08-30 15:22:00,EQ-014,Sorriso,25.9,0.0,26.4,9.8,537.0,8.4,207,11.2,82,Misto,Pulverizacao,Tarde,0
555,2026-03-19 06:51:00,EQ-018,Rio Verde,93.9,61.3,33.5,6.1,320.0,9.0,209,8.5,113,Misto,Colheita,Manha,1
1500,2026-04-17 07:53:00,EQ-004,Cascavel,71.1,12.3,28.4,15.5,460.0,5.6,89,7.0,90,Argiloso,Colheita,Manha,1
3229,2026-06-11 07:06:00,EQ-005,Sorriso,31.9,0.0,20.4,15.3,479.0,7.8,24,7.0,84,Argiloso,Transporte,Manha,0
10,2026-03-01 09:11:00,EQ-029,Rio Verde,70.9,13.3,28.6,13.8,1454.0,0.8,279,10.4,85,Misto,Plantio,Manha,0
3274,2026-06-12 17:20:00,EQ-024,Cascavel,90.4,0.0,17.7,20.8,730.0,7.9,128,8.9,64,Encharcado,Pulverizacao,Tarde,0
803,2026-03-26 10:38:00,EQ-040,Não-Me-Toque,53.9,0.0,30.2,21.6,,13.1,52,11.7,80,Arenoso,Colheita,Manha,0
4041,2026-07-06 07:58:00,EQ-024,Cascavel,"81,9",0.0,16.4,2.6,75.0,8.0,249,7.5,75,Misto,Pulverizacao,Manha,0
4450,2026-07-19 17:52:00,EQ-039,Sorriso,18.7,0.0,20.8,3.8,1099.0,2.4,340,10.8,89,Arenoso,Transporte,Tarde,0
4599,2026-07-24 15:32:00,EQ-033,Lucas do Rio Verde,42.0,0.0,30.7,8.5,123.0,24.4,140,8.3,79,Misto,Transporte,Tarde,0
3569,2026-06-21 23:49:00,EQ-021,Cascavel,97.1,12.6,17.4,7.7,1452.0,13.1,95,11.6,98,Encharcado,Colheita,Noite,1
5271,2026-08-15 06:33:00,EQ-011,Barreiras,18.9,0.0,24.1,1.6,994.0,9.3,174,9.9,96,Arenoso,Colheita,Manha,0
1033,2026-04-02 10:34:00,EQ-025,Sorriso,87.7,29.2,28.8,8.7,758.0,7.9,204,12.0,107,Encharcado,Colheita,Manha,1
3881,2026-07-01 13:59:00,EQ-002,Rio Verde,7.1,0.0,29.9,12.1,249.0,7.6,254,11.7,106,Argiloso,Transporte,Tarde,0
3987,2026-07-04 16:17:00,EQ-001,Lucas do Rio Verde,13.2,0.0,22.0,7.5,547.0,11.4,130,13.1,85,Misto,Colheita,Tarde,0
4526,2026-07-22 08:43:00,EQ-037,Rio Verde,46.1,11.4,25.6,1.6,409.0,20.8,465,13.3,116,Argiloso,Transporte,Manha,0
2838,2026-05-30 09:33:00,EQ-038,Rio Verde,35.9,0.0,28.1,10.1,1016.0,3.2,133,11.5,106,Arenoso,Colheita,Manha,0
2290,2026-05-12 15:59:00,EQ-026,Sorriso,91.3,0.0,29.3,5.1,207.0,2.5,456,7.9,100,Encharcado,Transporte,Tarde,1
3940,2026-07-03 14:07:00,EQ-023,Lucas do Rio Verde,22.3,0.0,28.4,1.3,322.0,6.9,538,7.3,81,Misto,Pulverizacao,Tarde,0
1874,2026-04-28 19:10:00,EQ-032,Sorriso,59.8,16.0,29.8,17.5,1820.0,5.8,150,7.8,57,Arenoso,Pulverizacao,Noite,0
4662,2026-07-27 06:50:00,EQ-024,Cascavel,93.5,48.2,20.3,19.3,87.0,8.0,342,6.4,70,Argiloso,Pulverizacao,Manha,1
1214,2026-04-08 08:14:00,EQ-017,Lucas do Rio Verde,74.1,26.5,24.7,0.9,1261.0,1.9,30,10.4,82,Misto,Colheita,Manha,0
3763,2026-06-27 19:51:00,EQ-011,Lucas do Rio Verde,19.1,0.0,24.4,9.0,99.0,9.2,423,10.8,72,Misto,Transporte,Noite,1
4714,2026-07-28 14:31:00,EQ-035,Lucas do Rio Verde,35.7,-3.0,26.2,3.0,758.0,3.1,72,4.5,77,Misto,Transporte,Tarde,0
1687,2026-04-22 15:40:00,EQ-032,Sorriso,63.1,0.0,22.1,4.7,778.0,5.8,109,9.7,100,Misto,Pulverizacao,Tarde,0
5269,2026-08-15 06:23:00,EQ-015,Sorriso,30.2,0.0,25.0,7.9,643.0,8.3,121,11.9,100,Misto,Colheita,Manha,0
1083,2026-04-03 19:37:00,EQ-001,Barreiras,96.0,32.9,29.7,15.1,1810.0,11.2,69,7.7,105,Encharcado,Colheita,Noite,0
80,2026-03-03 17:37:00,EQ-038,Rio Verde,87.0,46.4,27.8,6.3,676.0,2.9,42,11.5,80,Encharcado,Transporte,Tarde,0
2001,2026-05-03 10:33:00,EQ-033,Barreiras,83.3,0.0,27.0,5.9,1013.0,24.2,211,6.3,82,Argiloso,TRANSPORTE,Manha,0
4310,2026-07-15 08:20:00,EQ-036,Cascavel,93.5,29.0,16.9,6.2,1007.0,6.6,227,5.9,79,Argiloso,Transporte,Manha,0
4552,2026-07-22 20:13:00,EQ-027,Barreiras,24.9,0.0,20.8,3.9,1743.0,17.2,574,6.1,97,Misto,Colheita,Noite,0
2763,2026-05-27 14:08:00,EQ-033,Lucas do Rio Verde,37.1,20.9,25.2,9.5,669.0,24.2,310,7.6,111,Misto,Colheita,Tarde,0
3254,2026-06-12 08:55:00,EQ-032,Sorriso,9.7,0.0,27.7,13.6,1796.0,6.0,108,10.7,62,Misto,Pulverizacao,Manha,0
626,2026-03-21 10:20:00,EQ-003,Lucas do Rio Verde,89.7,104.1,27.8,14.8,261.0,8.3,289,13.3,60,Arenoso,Pulverizacao,Manha,1
3682,2026-06-25 07:49:00,EQ-006,Sorriso,22.8,0.0,22.5,4.7,601.0,12.2,228,11.6,77,Argiloso,Pulverizacao,Manha,1
4146,2026-07-09 17:11:00,EQ-005,Sorriso,34.5,0.0,24.4,3.6,833.0,7.9,158,8.1,60,Misto,Transporte,Tarde,0
1413,2026-04-14 06:39:00,EQ-016,Cascavel,85.0,6.5,28.2,8.4,122.0,4.2,230,10.0,77,Arenoso,Plantio,Manha,0
489,2026-03-17 08:56:00,EQ-003,Lucas do Rio Verde,74.9,0.0,27.3,1.1,112.0,8.3,258,8.2,61,Argiloso,Pulverizacao,Manha,1
1835,2026-04-27 13:11:00,EQ-014,Sorriso,65.5,0.0,32.2,1.6,731.0,8.1,38,11.4,76,Arenoso,Pulverizacao,Tarde,0
1814,2026-04-27 06:09:00,EQ-028,Cascavel,76.4,21.8,24.0,21.4,424.0,6.9,26,3.6,100,Misto,Transporte,Manha,1
1426,2026-04-14 13:42:00,EQ-030,Rio Verde,73.5,0.0,28.1,9.4,1238.0,12.4,407,7.1,79,Argiloso,Colheita,Tarde,0
2088,2026-05-06 17:26:00,EQ-029,Rio Verde,69.4,31.1,28.1,5.8,286.0,1.0,184,10.0,85,Argiloso,Colheita,Tarde,1
5285,2026-08-15 10:47:00,EQ-004,Cascavel,90.5,50.3,19.4,12.6,599.0,5.9,285,6.4,92,Argiloso,Colheita,Manha,1
3079,2026-06-06 22:12:00,EQ-006,Sorriso,19.0,0.0,29.1,3.7,844.0,12.1,133,5.8,41,Argiloso,Pulverizacao,Noite,0
5667,2026-08-27 13:34:00,EQ-027,Barreiras,16.1,0.0,32.1,3.2,1142.0,17.3,86,,97,Arenoso,Transporte,Tarde,0
1349,2026-04-12 07:52:00,EQ-023,Lucas do Rio Verde,93.4,0.5,26.9,5.3,633.0,6.6,138,6.6,50,Encharcado,Pulverizacao,Manha,0
1792,2026-04-26 09:28:00,EQ-003,Lucas do Rio Verde,87.6,0.0,28.6,6.3,807.0,8.4,79,9.8,76,Encharcado,Pulverizacao,Manha,0
5494,2026-08-21 17:15:00,EQ-019,Sorriso,34.1,13.9,22.0,8.5,1708.0,4.6,100,5.6,78,Argiloso,Pulverizacao,Tarde,0
1965,2026-05-02 08:26:00,EQ-018,Rio Verde,,2.0,30.1,14.2,576.0,9.1,125,8.4,82,Argiloso,Colheita,Manha,1
1258,2026-04-09 15:01:00,EQ-014,Sorriso,89.0,0.0,21.5,3.3,134.0,8.0,317,11.0,79,Argiloso,Pulverizacao,Tarde,1
3206,2026-06-10 13:33:00,EQ-019,Sorriso,32.9,0.0,28.0,20.6,464.0,4.4,256,5.0,56,Arenoso,Pulverizacao,Tarde,0
460,2026-03-16 09:21:00,EQ-019,Sorriso,80.2,0.0,26.9,11.4,659.0,4.2,280,10.2,46,Misto,Pulverizacao,Manha,0
5349,2026-08-17 08:33:00,EQ-013,Barreiras,29.4,0.0,31.1,6.5,281.0,9.6,475,10.9,89,Arenoso,Colheita,Manha,0
2107,2026-05-07 10:55:00,EQ-023,Lucas do Rio Verde,63.1,0.0,26.9,8.6,1147.0,6.7,268,7.9,83,Misto,Pulverizacao,Manha,0
1547,2026-04-18 09:48:00,EQ-018,Rio Verde,74.8,12.6,26.0,3.8,396.0,9.1,64,8.2,65,Misto,Colheita,Manha,0
4671,2026-07-27 10:20:00,EQ-034,Rio Verde,43.0,0.0,23.9,14.9,608.0,8.8,14,5.2,106,Argiloso,Transporte,Manha,0
5757,2026-08-30 14:42:00,EQ-027,Barreiras,20.6,0.0,22.1,3.8,1598.0,17.3,109,6.5,93,Misto,Colheita,Tarde,0
4921,2026-08-04 10:22:00,EQ-024,Cascavel,75.9,0.0,17.3,15.5,814.0,8.0,372,7.0,61,Misto,Pulverizacao,Manha,0
978,2026-03-31 14:05:00,EQ-039,Sorriso,90.9,11.9,28.9,4.4,138.0,2.1,529,12.1,70,Encharcado,Plantio,Tarde,1
4609,2026-07-25 06:23:00,EQ-022,Rio Verde,37.2,0.0,29.6,10.2,200.0,3.8,345,8.0,67,Misto,Colheita,Manha,0
431,2026-03-15 13:13:00,EQ-018,Rio Verde,72.3,18.4,20.9,11.9,375.0,9.0,192,1.9,70,Argiloso,Colheita,Tarde,1
4320,2026-07-15 14:13:00,EQ-014,Sorriso,16.8,0.0,25.6,5.6,765.0,8.3,351,8.3,79,Misto,Pulverizacao,Tarde,0
3495,2026-06-19 15:50:00,EQ-012,Lucas do Rio Verde,35.2,0.0,27.4,3.9,558.0,3.4,660,8.4,65,Misto,Pulverizacao,Tarde,1
4880,2026-08-03 07:44:00,EQ-001,Barreiras,28.0,0.0,32.2,5.0,878.0,11.5,286,9.7,60,Arenoso,Colheita,Manha,0
1172,2026-04-06 20:03:00,EQ-028,Sorriso,89.2,9.7,24.1,8.3,263.0,6.8,595,10.9,59,Arenoso,Colheita,Noite,1
992,2026-03-31 23:06:00,EQ-035,Lucas do Rio Verde,94.3,3.4,29.9,3.9,2036.0,2.8,282,8.8,83,Encharcado,Transporte,Noite,0
1590,2026-04-19 14:01:00,EQ-011,Barreiras,73.3,4.1,26.4,,952.0,9.0,63,8.2,67,Argiloso,Plantio,Tarde,0
5367,2026-08-17 19:51:00,EQ-013,Barreiras,22.7,0.0,29.3,3.0,611.0,9.6,471,8.0,90,Arenoso,Colheita,Noite,0
4989,2026-08-06 15:32:00,EQ-034,Rio Verde,33.4,0.0,27.9,0.4,1912.0,8.8,74,9.3,71,Arenoso,Plantio,Tarde,0
5572,2026-08-24 17:03:00,EQ-005,Sorriso,43.7,0.0,19.8,21.1,388.0,8.0,9,8.8,48,Arenoso,Plantio,Tarde,0
4846,2026-08-01 17:57:00,EQ-021,Cascavel,93.0,48.9,15.7,10.0,1498.0,13.2,243,5.6,86,Encharcado,Colheita,Tarde,0
5709,2026-08-28 23:02:00,EQ-020,Barreiras,27.6,0.0,27.1,3.0,983.0,1.9,277,9.6,93,Argiloso,Transporte,Noite,0
5238,2026-08-14 06:46:00,EQ-013,Barreiras,14.2,0.0,29.3,3.2,153.0,9.5,466,10.9,120,Arenoso,Colheita,Manha,0
4955,2026-08-05 13:43:00,EQ-010,Sorriso,29.9,0.0,24.3,4.2,402.0,5.3,94,8.4,95,Misto,Transporte,Tarde,0
5789,2026-08-31 17:09:00,EQ-038,Rio Verde,31.2,0.0,23.6,6.2,1163.0,3.4,162,4.2,97,Argiloso,Transporte,Tarde,0
2236,2026-05-11 08:56:00,EQ-029,Sorriso,91.4,109.7,28.8,3.6,284.0,1.0,202,6.1,69,Arenoso,Transporte,Manha,1
734,2026-03-24 10:27:00,EQ-015,Sorriso,84.9,28.3,33.1,13.9,110.0,7.9,0,11.8,67,Arenoso,Plantio,Manha,1
3459,2026-06-18 13:59:00,EQ-008,Barreiras,18.3,0.0,28.1,2.5,1416.0,9.5,144,5.9,97,Argiloso,Colheita,Tarde,0
2667,2026-05-24 16:44:00,EQ-007,Cascavel,61.2,7.0,20.9,5.0,2069.0,7.7,137,6.7,91,Argiloso,Colheita,Tarde,0
5653,2026-08-27 06:15:00,EQ-018,Rio Verde,21.0,0.0,19.6,4.0,27.0,9.5,293,8.0,97,Argiloso,Transporte,Manha,0
5799,2026-04-26 14:14:00,EQ-009,Lucas do Rio Verde,89.8,0.0,30.9,7.4,1901.0,4.8,517,7.9,72,Arenoso,Plantio,Tarde,0
1622,2026-04-20 16:47:00,EQ-012,Rio Verde,83.8,0.0,27.3,23.6,63.0,3.2,416,13.2,82,Argiloso,Pulverizacao,Tarde,1
753,2026-03-24 16:49:00,EQ-040,Não-Me-Toque,62.1,0.0,24.0,11.2,191.0,13.1,38,6.3,68,Arenoso,Colheita,Tarde,1
1255,2026-04-09 13:57:00,EQ-008,Barreiras,83.0,0.0,27.6,8.3,788.0,9.3,453,6.1,73,Arenoso,Colheita,Tarde,0
2255,2026-05-11 23:33:00,EQ-022,Rio Verde,33.1,0.0,25.6,3.3,2500.0,3.6,421,8.8,63,Argiloso,Colheita,Noite,0
1340,2026-04-11 22:33:00,EQ-039,Sorriso,84.4,20.3,30.6,7.9,1593.0,2.1,572,5.9,89,Misto,Transporte,Noite,0
2091,2026-05-06 20:04:00,EQ-003,Lucas do Rio Verde,65.0,4.7,25.4,6.9,1016.0,8.4,117,6.1,87,Argiloso,Pulverizacao,Noite,0
3637,2026-06-23 23:07:00,EQ-005,Sorriso,37.1,1.7,25.4,10.0,1584.0,7.9,79,8.4,74,Misto,Transporte,Noite,0
5738,2026-08-30 06:46:00,EQ-026,Sorriso,25.3,0.0,29.3,2.3,524.0,2.8,173,9.2,79,Misto,Transporte,Manha,0
4836,2026-08-01 14:10:00,EQ-009,Lucas do Rio Verde,20.5,0.0,34.1,5.8,135.0,5.1,168,9.2,75,Argiloso,Transporte,Tarde,0
3447,2026-06-18 07:41:00,EQ-022,Rio Verde,23.9,0.0,23.7,15.1,494.0,3.7,168,10.2,87,Misto,Plantio,Manha,0
638,2026-03-21 16:46:00,EQ-033,Lucas do Rio Verde,100.0,104.1,23.6,6.7,608.0,24.1,380,11.5,83,Encharcado,Plantio,Tarde,1
5338,2026-08-16 22:42:00,EQ-027,Barreiras,15.5,0.0,26.9,0.9,532.0,17.2,0,7.3,83,Arenoso,Transporte,Noite,0
4272,2026-07-13 22:57:00,EQ-010,Rio Verde,28.2,0.0,26.2,5.7,1234.0,5.2,24,7.7,88,Argiloso,Transporte,Noite,0
5187,2026-08-12 09:34:00,EQ-016,Cascavel,92.0,17.8,17.3,4.6,306.0,4.5,94,10.2,109,Argiloso,Transporte,Manha,1
2051,2026-05-05 09:41:00,EQ-017,Lucas do Rio Verde,72.2,18.3,22.9,1.4,245.0,1.9,120,8.8,69,Arenoso,Colheita,Manha,0
574,2026-03-19 17:44:00,EQ-002,Rio Verde,98.0,61.3,18.9,2.8,1145.0,7.4,101,8.9,88,Arenoso,Colheita,Tarde,0
900,2026-03-29 13:30:00,EQ-003,Lucas do Rio Verde,97.1,43.9,24.1,2.1,927.0,8.3,340,4.8,78,Encharcado,Pulverizacao,Tarde,0
4817,2026-07-31 21:40:00,EQ-029,Rio Verde,36.4,0.0,20.0,14.7,748.0,1.3,172,8.3,71,Misto,Transporte,Noite,0
3027,2026-06-05 10:36:00,EQ-012,Lucas do Rio Verde,47.1,0.0,31.3,17.5,242.0,3.4,597,7.3,67,Misto,Pulverizacao,Manha,0
1277,2026-04-10 08:00:00,EQ-015,Sorriso,82.2,0.0,29.6,4.5,309.0,8.0,85,10.3,74,Misto,Plantio,Manha,
2698,2026-05-25 14:13:00,EQ-037,Sorriso,36.0,0.0,24.8,10.6,322.0,20.6,187,7.2,69,Arenoso,Transporte,Tarde,0
5322,2026-08-16 14:13:00,EQ-032,Sorriso,14.3,0.0,30.6,2.9,609.0,6.1,171,2.9,83,Argiloso,Pulverizacao,Tarde,0
1914,2026-04-30 09:17:00,EQ-040,Não-Me-Toque,44.3,0.0,24.9,0.3,397.0,13.2,212,12.0,77,Argiloso,Colheita,Manha,0
5792,2026-08-31 19:54:00,EQ-029,Rio Verde,20.4,0.0,32.3,16.7,1111.0,1.3,328,10.7,78,Misto,Plantio,Noite,0
3911,2026-07-02 14:12:00,EQ-002,Rio Verde,25.6,0.0,25.2,8.7,708.0,7.6,263,11.4,58,Misto,Transporte,Tarde,0
2584,2026-05-21 16:26:00,EQ-040,Não-Me-Toque,84.4,22.3,23.0,6.0,2233.0,13.3,304,3.3,76,Argiloso,Colheita,Tarde,0
3453,2026-06-18 09:40:00,EQ-008,Barreiras,33.0,0.0,26.1,5.3,1127.0,9.5,147,4.9,68,Misto,Transporte,Manha,0
5264,2026-08-14 21:30:00,EQ-003,Lucas do Rio Verde,31.2,0.0,22.6,7.3,743.0,8.7,114,9.5,75,Arenoso,Pulverizacao,Noite,0
4342,2026-07-16 07:30:00,EQ-036,Rio Verde,22.4,0.0,26.8,14.4,1115.0,6.6,233,6.0,107,Argiloso,Colheita,Manha,0
5049,2026-08-08 09:40:00,EQ-034,Rio Verde,21.4,0.0,25.3,6.2,1720.0,8.8,88,5.7,80,Misto,Transporte,Manha,0
1433,2026-04-14 15:09:00,EQ-005,Sorriso,94.7,0.0,25.6,6.7,243.0,7.7,46,2.7,89,Misto,Transporte,Tarde,1
5609,2026-08-25 14:13:00,EQ-038,Rio Verde,26.8,0.0,30.4,7.8,79.0,3.4,136,7.1,101,Misto,Colheita,Tarde,0
3350,2026-06-15 07:01:00,EQ-001,Barreiras,35.7,0.0,,3.4,2113.0,11.4,82,2.7,79,Pedregoso,Colheita,Manha,0
3770,2026-06-28 06:32:00,EQ-034,Rio Verde,34.6,0.0,20.3,10.6,202.0,8.7,270,4.7,120,Arenoso,Transporte,Manha,0
3602,2026-06-23 06:24:00,EQ-004,Cascavel,82.0,25.9,12.3,8.6,855.0,5.8,109,4.7,111,Misto,Colheita,Manha,1
938,2026-03-30 10:41:00,EQ-007,Sorriso,89.2,3.5,27.4,2.8,417.0,7.5,292,5.9,92,Arenoso,Colheita,Manha,1
2405,2026-05-16 10:32:00,EQ-009,Lucas do Rio Verde,39.2,0.0,27.7,11.8,410.0,4.9,598,7.7,92,Argiloso,Colheita,Manha,0
2621,2026-05-23 06:18:00,EQ-030,Não-Me-Toque,87.4,9.9,21.4,17.0,220.0,12.5,596,5.3,81,Argiloso,Colheita,Manha,1
3134,2026-06-08 09:39:00,EQ-039,Sorriso,25.2,0.0,24.8,12.7,380.0,2.2,148,11.6,94,Argiloso,Transporte,Manha,0
897,2026-03-29 09:44:00,EQ-015,Cascavel,46.5,0.0,27.3,1.9,587.0,7.9,25,10.5,84,Argiloso,Transporte,Manha,0
4075,2026-07-07 15:09:00,EQ-009,Lucas do Rio Verde,23.9,0.0,25.8,2.3,104.0,5.0,50,8.3,89,Misto,Transporte,Tarde,0
2637,2026-05-23 15:23:00,EQ-024,Cascavel,73.1,21.4,25.7,3.7,,7.8,32,10.8,83,Misto,Pulverizacao,Tarde,0
830,2026-03-27 09:01:00,EQ-014,Sorriso,93.9,46.3,30.8,6.5,1241.0,8.0,264,1.9,47,Encharcado,Pulverizacao,Manha,0
96,2026-03-04 09:14:00,EQ-036,Rio Verde,100.0,40.8,33.0,2.0,1759.0,6.3,217,9.9,96,Encharcado,Transporte,Manha,0
3382,2026-06-16 08:58:00,EQ-022,Rio Verde,27.5,0.0,27.8,8.9,922.0,3.7,154,8.4,86,Arenoso,Transporte,Manha,0
305,2026-03-11 15:51:00,EQ-034,Rio Verde,83.9,23.5,26.8,7.4,1694.0,8.4,242,4.6,115,Misto,Colheita,Tarde,0
5383,2026-08-18 09:10:00,EQ-040,Não-Me-Toque,79.0,17.4,17.9,9.3,529.0,13.5,334,8.6,89,Argiloso,Colheita,Manha,1
693,2026-03-23 06:24:00,EQ-003,Lucas do Rio Verde,95.6,51.5,30.4,6.3,369.0,8.3,296,10.6,82,Encharcado,Pulverizacao,Manha,1
848,2026-03-27 16:45:00,EQ-002,Rio Verde,94.8,22.6,26.2,9.2,576.0,7.4,158,4.6,89,Argiloso,Colheita,Tarde,1
3359,2026-06-15 10:06:00,EQ-022,Rio Verde,28.6,0.0,24.2,4.5,900.0,3.7,150,9.1,90,Misto,Transporte,Manha,0
2842,2026-05-30 10:56:00,EQ-025,Barreiras,37.5,0.0,23.2,2.8,1171.0,8.1,179,7.6,99,Arenoso,Colheita,Manha,0
5701,2026-08-28 15:38:00,EQ-018,Rio Verde,24.6,0.0,26.1,4.7,224.0,9.5,0,10.7,85,Argiloso,Colheita,Tarde,0
211,2026-03-08 09:57:00,EQ-010,Sorriso,94.9,20.9,36.9,2.5,472.0,4.9,7,5.8,59,Arenoso,Plantio,Manha,0
721,2026-03-23 22:46:00,EQ-018,Rio Verde,93.7,133.7,32.4,7.6,477.0,9.0,239,11.0,93,Misto,Transporte,Noite,1
440,2026-03-15 16:28:00,EQ-023,Lucas do Rio Verde,89.7,0.0,28.8,8.5,829.0,6.6,30,10.3,60,Encharcado,Pulverizacao,Tarde,0
1407,2026-04-13 23:27:00,EQ-001,Barreiras,85.8,42.1,20.1,6.7,540.0,11.2,128,6.6,75,Arenoso,Colheita,Noite,1
3323,2026-06-14 07:00:00,EQ-007,Barreiras,37.7,0.0,16.7,29.9,541.0,7.7,234,8.7,96,Arenoso,Colheita,Manha,1
3762,2026-06-27 19:34:00,EQ-002,Cascavel,89.6,9.9,21.4,4.2,1409.0,7.6,224,7.2,62,Encharcado,Plantio,Noite,0
2817,2026-05-29 13:16:00,EQ-010,Sorriso,35.9,0.0,22.4,12.9,566.0,5.1,127,7.6,70,Argiloso,Transporte,Tarde,0
5775,2026-08-31 09:53:00,EQ-035,Lucas do Rio Verde,38.2,0.0,27.8,9.7,1059.0,3.2,224,11.1,69,Misto,Colheita,Manha,0
3919,2026-07-02 16:41:00,EQ-020,Barreiras,27.5,0.0,20.5,9.1,1041.0,1.7,9,6.9,62,Pedregoso,Colheita,Tarde,0
2616,2026-05-22 17:46:00,EQ-019,Sorriso,50.4,4.4,20.7,3.7,1591.0,4.4,184,5.3,40,Arenoso,Pulverizacao,Tarde,0
3485,2026-06-19 10:03:00,EQ-016,Não-Me-Toque,74.5,8.0,17.7,13.8,1983.0,4.3,188,6.4,84,Argiloso,Transporte,Manha,1
1008,2026-04-01 16:00:00,EQ-011,Barreiras,95.3,0.0,27.4,4.7,1288.0,9.0,419,8.8,108,Encharcado,Transporte,Tarde,0
1894,2026-04-29 10:50:00,EQ-011,Barreiras,91.7,45.5,32.1,6.3,549.0,9.0,113,5.9,85,Arenoso,Colheita,Manha,1
1668,2026-04-22 07:30:00,EQ-009,Barreiras,65.7,2.9,28.3,4.3,899.0,4.8,505,7.9,84,Misto,Colheita,Manha,1
4458,2026-07-19 23:00:00,EQ-037,Sorriso,25.3,0.0,33.5,6.7,640.0,20.8,448,9.1,97,Arenoso,Transporte,Noite,1
1299,2026-04-10 16:25:00,EQ-014,Sorriso,79.5,0.0,21.7,2.9,1255.0,8.0,328,9.2,79,Arenoso,Pulverizacao,Tarde,0
2471,2026-05-18 10:08:00,EQ-009,Lucas do Rio Verde,46.1,0.0,25.8,4.3,738.0,4.9,602,7.7,98,Arenoso,Transporte,Manha,0
2432,2026-05-17 10:07:00,EQ-015,Sorriso,63.0,0.0,27.7,18.0,359.0,8.1,12,8.0,90,Misto,Transporte,Manha,1
2188,2026-05-09 17:34:00,EQ-031,Não-Me-Toque,62.1,0.0,16.0,7.9,614.0,5.4,236,9.5,87,Argiloso,Colheita,Tarde,0
3534,2026-06-20 21:18:00,EQ-018,Rio Verde,18.3,0.0,27.8,2.2,545.0,9.3,8,6.6,69,Argiloso,Plantio,Noite,0
2906,2026-06-01 08:26:00,EQ-038,Rio Verde,27.3,0.0,28.2,13.3,166.0,3.2,144,10.7,75,Arenoso,Colheita,Manha,0
4908,2026-08-04 06:14:00,EQ-003,Lucas do Rio Verde,16.2,0.0,30.7,2.2,330.0,8.7,72,7.4,98,Argiloso,Pulverizacao,Manha,0
1191,2026-04-07 10:48:00,EQ-025,Barreiras,87.8,9.7,30.3,1.0,1225.0,8.0,228,15.2,87,Misto,Colheita,Manha,0
2622,2026-05-23 06:25:00,EQ-003,Lucas do Rio Verde,35.9,0.0,25.8,1.2,1271.0,8.5,171,12.2,53,Argiloso,Pulverizacao,Manha,0
2681,2026-05-25 07:08:00,EQ-019,Sorriso,37.4,0.0,32.7,6.3,443.0,4.4,187,7.6,53,Misto,Pulverizacao,Manha,0
2678,2026-05-25 06:21:00,EQ-001,Barreiras,42.1,0.0,22.9,4.8,1187.0,11.3,2,8.5,66,Arenoso,Colheita,Manha,0
5152,2026-08-11 09:51:00,EQ-031,Rio Verde,26.2,0.0,26.2,1.4,187.0,5.7,215,6.7,44,Argiloso,Colheita,Manha,0
3665,2026-06-24 19:16:00,EQ-020,Barreiras,28.5,0.0,23.9,1.1,1310.0,1.7,353,10.7,76,Arenoso,Colheita,Noite,0
4929,2026-08-04 14:57:00,EQ-036,Rio Verde,35.1,0.0,27.2,2.2,315.0,6.7,34,6.3,86,Misto,Plantio,tarde,0
4834,2026-08-01 10:58:00,EQ-026,Sorriso,28.2,0.0,31.0,0.9,496.0,2.7,31,12.5,86,Argiloso,Transporte,Manha,0
215,2026-03-08 10:56:00,EQ-019,Sorriso,98.6,20.9,32.0,10.3,581.0,4.2,255,4.6,72,Encharcado,Pulverizacao,Manha,1
2808,2026-05-29 06:15:00,EQ-023,Lucas do Rio Verde,48.6,18.0,26.5,3.9,1651.0,6.8,357,5.7,78,Misto,Pulverizacao,Manha,0
4504,2026-07-21 08:36:00,EQ-012,Lucas do Rio Verde,42.6,30.0,22.7,22.0,950.0,3.5,43,4.4,78,Misto,Pulverizacao,Manha,0
3425,2026-06-17 14:44:00,EQ-035,Lucas do Rio Verde,15.0,0.0,24.8,13.1,343.0,3.0,255,5.1,80,Arenoso,Transporte,Tarde,0
3493,2026-06-19 15:28:00,EQ-011,Barreiras,11.9,0.0,25.9,4.1,433.0,9.2,379,9.4,98,Misto,Transporte,Tarde,0
786,2026-03-25 16:31:00,EQ-002,Rio Verde,100.0,136.9,32.0,7.0,835.0,7.4,131,8.1,78,Encharcado,Plantio,Tarde,1
47,2026-03-02 14:30:00,EQ-019,Sorriso,72.5,15.8,27.6,8.6,418.0,4.1,225,12.3,72,Misto,Pulverizacao,Tarde,1
392,2026-03-14 14:09:00,EQ-027,Barreiras,95.2,27.4,27.2,2.3,333.0,16.8,20,3.4,75,Arenoso,Plantio,Tarde,0
2377,2026-05-15 08:58:00,EQ-009,Lucas do Rio Verde,45.1,0.0,25.4,15.4,1348.0,4.9,588,3.9,101,Argiloso,Transporte,Manha,0
2465,2026-05-18 06:39:00,EQ-018,Barreiras,62.6,0.2,23.9,1.8,1172.0,9.2,173,10.9,94,Misto,Transporte,Manha,0
4324,2026-07-15 15:02:00,EQ-032,Sorriso,25.6,0.0,30.8,8.7,155.0,6.0,6,14.8,55,Misto,Pulverizacao,Tarde,0
1582,2026-04-19 10:10:00,EQ-012,Lucas do Rio Verde,98.6,40.8,33.1,11.2,820.0,3.2,410,6.0,44,Encharcado,Pulverizacao,Manha,0
4292,2026-07-14 14:39:00,EQ-008,Barreiras,10.1,0.5,21.7,8.0,2165.0,9.6,277,7.5,89,Arenoso,Colheita,Tarde,0
661,2026-03-22 09:52:00,EQ-002,Cascavel,46.3,0.0,24.1,18.5,498.0,7.4,117,6.3,84,Argiloso,Colheita,Manha,1
5389,2026-08-18 13:09:00,EQ-014,Sorriso,24.3,0.6,24.0,1.9,395.0,8.4,144,8.2,65,Arenoso,Pulverizacao,Tarde,0
5093,2026-08-09 14:49:00,EQ-020,Barreiras,20.3,0.0,25.0,2.0,716.0,1.8,182,9.8,94,Arenoso,Colheita,Tarde,0
4135,2026-07-09 10:57:00,EQ-018,Rio Verde,21.5,0.0,21.6,15.4,696.0,9.3,77,6.0,55,Arenoso,Plantio,Manha,0
923,2026-03-30 07:05:00,EQ-030,Não-Me-Toque,61.3,0.0,20.1,8.5,1115.0,12.4,357,7.3,60,Misto,Colheita,Manha,0
4004,2026-07-05 07:40:00,EQ-002,Rio Verde,22.8,0.0,27.5,11.6,293.0,7.7,269,9.2,97,Misto,Transporte,Manha,0
5051,2026-08-08 10:27:00,EQ-031,Rio Verde,25.4,0.0,24.2,14.9,895.0,,198,8.9,93,Misto,Colheita,Manha,0
4613,2026-07-25 09:10:00,EQ-009,Lucas do Rio Verde,32.1,0.0,23.7,3.2,793.0,5.1,117,7.6,74,Misto,Plantio,Manha,0
4314,2026-07-15 08:44:00,EQ-021,Cascavel,90.0,29.0,16.4,9.7,569.0,13.2,151,6.0,82,Argiloso,Transporte,Manha,1
312,2026-03-11 20:25:00,EQ-001,Barreiras,85.2,12.7,23.0,2.6,1081.0,11.1,282,10.2,68,Arenoso,Colheita,Noite,0
3805,2026-06-29 06:52:00,EQ-040,Não-Me-Toque,61.2,7.3,17.5,31.7,1007.0,13.4,129,11.4,86,Argiloso,Transporte,Manha,1
1288,2026-04-10 13:43:00,EQ-003,Lucas do Rio Verde,89.1,0.0,23.8,23.0,1819.0,8.4,382,6.1,84,Arenoso,Pulverizacao,Tarde,0
4345,2026-07-16 08:52:00,EQ-018,Cascavel,99.3,14.8,12.9,4.7,967.0,9.3,102,6.7,71,Misto,Transporte,Manha,0
5070,2026-08-08 19:48:00,EQ-012,Lucas do Rio Verde,31.3,0.0,23.1,5.6,594.0,3.5,120,7.6,61,Arenoso,Pulverizacao,Noite,0
2145,2026-05-08 15:48:00,EQ-012,Lucas do Rio Verde,59.6,0.0,33.4,0.1,869.0,3.3,471,7.7,66,Argiloso,Pulverizacao,Tarde,0
438,2026-03-15 15:39:00,EQ-006,Sorriso,78.0,0.0,28.4,3.4,1724.0,11.9,100,5.8,67,Misto,Pulverizacao,Tarde,0
4024,2026-07-05 16:15:00,EQ-007,Cascavel,95.9,40.1,19.8,5.4,523.0,7.8,344,10.3,80,Argiloso,Colheita,Tarde,1
2178,2026-05-09 10:42:00,EQ-013,Barreiras,62.1,0.0,27.3,5.8,223.0,9.3,41,7.3,58,Arenoso,Colheita,Manha,1
710,2026-03-23 14:36:00,EQ-038,Rio Verde,89.5,133.7,30.0,5.7,794.0,3.0,166,3.8,85,Arenoso,Transporte,Tarde,0
552,2026-03-18 23:20:00,EQ-026,Sorriso,55.7,0.0,24.8,1.2,528.0,2.4,222,8.0,92,Arenoso,Colheita,Noite,0
3947,2026-07-03 16:48:00,EQ-009,Lucas do Rio Verde,7.8,0.0,21.4,2.5,1165.0,5.0,26,5.3,100,Argiloso,Transporte,Tarde,0
3679,2026-06-25 07:03:00,EQ-008,Barreiras,21.3,0.0,28.2,8.9,1042.0,9.5,187,3.4,105,Arenoso,Colheita,Manha,0
3013,2026-06-04 19:52:00,EQ-020,Barreiras,32.4,0.0,28.1,13.6,539.0,1.6,248,9.8,107,Argiloso,Colheita,Noite,0
3248,2026-06-11 23:19:00,EQ-026,Sorriso,34.0,0.0,22.2,2.2,127.0,2.6,606,7.8,109,Misto,Transporte,Noite,0
557,2026-03-19 07:26:00,EQ-031,Rio Verde,94.3,61.3,26.1,11.5,979.0,5.3,53,10.9,96,Encharcado,Colheita,Manha,1
4646,2026-07-26 14:34:00,EQ-006,Sorriso,49.2,0.0,24.4,1.4,1510.0,12.3,67,5.9,62,Misto,Pulverizacao,Tarde,0
3950,2026-07-03 17:25:00,EQ-024,Cascavel,86.2,4.0,13.5,0.6,301.0,7.9,226,3.8,60,Encharcado,Pulverizacao,Tarde,1
5458,2026-08-20 14:40:00,EQ-013,Rio Verde,21.6,0.0,23.8,5.5,241.0,9.6,488,7.7,104,Argiloso,Colheita,Tarde,0
4999,2026-08-06 19:56:00,EQ-028,Sorriso,25.0,0.0,29.4,6.4,460.0,7.1,483,10.4,63,Argiloso,Transporte,Noite,0
4823,2026-08-01 06:29:00,EQ-032,Sorriso,44.1,0.0,24.4,1.0,349.0,6.1,107,8.5,83,Argiloso,Pulverizacao,Manha,0
5644,2026-08-26 17:22:00,EQ-021,Cascavel,98.7,55.9,22.4,6.7,1530.0,13.3,52,11.5,91,Argiloso,Colheita,Tarde,1
1375,2026-04-12 22:27:00,EQ-010,Sorriso,100.0,55.9,24.2,22.2,912.0,5.0,181,8.0,74,Arenoso,Plantio,Noite,1
2965,2026-06-03 08:31:00,EQ-034,Rio Verde,28.0,0.0,27.8,30.9,288.0,8.7,188,1.8,103,Argiloso,Transporte,Manha,1
5519,2026-08-22 16:37:00,EQ-003,Lucas do Rio Verde,12.1,0.0,35.9,2.8,204.0,8.7,168,11.1,54,Arenoso,Pulverizacao,Tarde,0
2243,2026-05-11 14:36:00,EQ-014,Sorriso,100.0,109.7,24.9,8.6,1009.0,8.1,125,5.7,40,Encharcado,Pulverizacao,Tarde,1
336,2026-03-12 17:04:00,EQ-025,Barreiras,94.0,39.8,29.0,5.1,1660.0,7.9,109,3.9,78,Arenoso,Transporte,Tarde,0
843,2026-03-27 15:33:00,EQ-034,Lucas do Rio Verde,87.2,23.1,26.7,13.2,323.0,8.5,306,6.3,65,Arenoso,Plantio,Tarde,1
616,2026-03-21 06:38:00,EQ-034,Rio Verde,100.0,17.0,29.7,2.6,440.0,8.4,285,9.0,105,Arenoso,Plantio,Manha,0
48,2026-03-02 14:48:00,EQ-026,Sorriso,69.8,15.8,32.8,13.2,330.0,2.3,151,8.3,40,Argiloso,Plantio,Tarde,1
1848,2026-04-27 19:38:00,EQ-011,Rio Verde,68.4,27.8,24.6,13.1,489.0,9.0,101,7.8,94,Misto,Colheita,Noite,1
359,2026-03-13 09:43:00,EQ-028,Sorriso,84.2,0.0,28.2,8.3,625.0,6.7,494,6.2,87,Arenoso,Colheita,Manha,0
4558,2026-07-23 08:33:00,EQ-033,Lucas do Rio Verde,25.7,0.0,29.6,10.3,32.0,24.4,135,11.2,96,Misto,Transporte,Manha,0
2669,2026-05-24 20:38:00,EQ-012,Lucas do Rio Verde,25.6,0.0,29.7,1.5,465.0,3.3,553,8.8,77,Arenoso,Pulverizacao,Noite,0
4581,2026-07-24 06:04:00,EQ-039,Sorriso,49.1,25.7,30.9,8.8,899.0,2.4,383,8.3,90,Misto,Plantio,Manha,0
394,2026-03-14 14:26:00,EQ-029,Rio Verde,75.2,23.6,33.7,4.6,839.0,0.9,322,6.0,74,Misto,Colheita,Tarde,0
1388,2026-04-13 10:39:00,EQ-014,Sorriso,100.0,6.6,26.4,18.4,1657.0,8.0,347,6.4,59,Arenoso,Pulverizacao,Manha,0
4219,2026-07-11 20:50:00,EQ-036,Rio Verde,11.7,0.0,26.5,15.0,431.0,6.6,202,10.8,83,Misto,Colheita,Noite,0
4747,2026-07-29 13:19:00,EQ-005,Sorriso,37.5,0.0,24.4,24.0,1000.0,8.0,213,8.4,103,Arenoso,Transporte,Tarde,0
1424,2026-04-14 10:08:00,EQ-002,Rio Verde,65.1,0.0,28.7,15.5,1318.0,7.4,239,5.1,78,Argiloso,Plantio,Manha,0
5725,2026-08-29 15:30:00,EQ-027,Barreiras,32.1,0.0,29.7,5.1,389.0,17.3,100,9.5,86,Misto,Transporte,Tarde,0
3828,2026-06-29 16:12:00,EQ-005,Sorriso,30.4,0.0,23.9,17.5,389.0,7.9,100,10.0,82,Arenoso,Transporte,Tarde,0
5270,2026-08-15 06:30:00,EQ-025,Barreiras,25.3,0.0,25.4,9.5,393.0,8.3,252,8.3,81,Arenoso,Colheita,Manha,1
3643,2026-06-24 07:32:00,EQ-035,Lucas do Rio Verde,29.6,,28.8,14.0,633.0,3.0,275,4.8,81,Arenoso,Colheita,Manha,0
5420,2026-08-19 13:18:00,EQ-016,Cascavel,100.0,23.2,22.1,9.7,561.0,4.5,125,10.7,93,Arenoso,Colheita,Tarde,1
1462,2026-04-15 16:26:00,EQ-028,Sorriso,86.8,28.6,25.6,8.9,662.0,6.8,630,7.4,65,Misto,Colheita,Tarde,0
2194,2026-05-10 06:09:00,EQ-006,Sorriso,94.8,114.3,22.4,1.7,1656.0,12.1,16,10.8,64,Misto,Pulverizacao,Manha,0
1059,2026-04-03 07:05:00,EQ-022,Rio Verde,75.0,50.3,30.6,5.3,758.0,3.5,294,9.4,91,Misto,Transporte,Manha,0
1049,2026-04-02 22:22:00,EQ-031,Rio Verde,72.1,0.0,27.3,22.3,546.0,5.3,85,10.3,83,Misto,Colheita,Noite,1
2286,2026-05-12 14:49:00,EQ-038,Rio Verde,52.1,0.0,18.4,10.4,371.0,3.1,52,,40,Misto,Plantio,Tarde,0
3808,2026-06-29 07:50:00,EQ-003,Lucas do Rio Verde,17.1,0.0,21.5,0.8,1234.0,8.6,328,7.0,71,Arenoso,Pulverizacao,Manha,0
4790,2026-07-30 23:47:00,EQ-020,Barreiras,26.3,0.0,25.3,2.9,1026.0,1.8,154,9.0,82,Arenoso,Colheita,Noite,0
5485,2026-08-21 10:00:00,EQ-008,Barreiras,"24,3",0.0,26.2,1.6,559.0,9.7,414,8.4,65,Misto,Colheita,Manha,0
917,2026-03-29 21:30:00,EQ-003,Lucas do Rio Verde,100.0,43.9,26.8,2.1,282.0,8.3,337,6.0,90,Misto,Pulverizacao,Noite,1
2006,2026-05-03 14:01:00,EQ-012,Barreiras,82.1,0.0,28.5,1.3,1477.0,3.3,452,8.0,69,Misto,Pulverizacao,Tarde,0
1715,2026-04-23 17:24:00,EQ-031,Rio Verde,80.9,-3.0,33.9,5.2,702.0,5.4,165,10.0,78,Argiloso,Colheita,Tarde,0
3354,2026-06-15 08:51:00,EQ-004,Cascavel,91.7,7.8,22.1,5.1,1743.0,5.7,42,5.9,94,Arenoso,Colheita,Manha,0
4106,2026-07-08 15:47:00,EQ-004,Cascavel,77.5,24.1,12.8,6.8,1638.0,5.8,162,10.0,101,Misto,Colheita,Tarde,0
3558,2026-06-21 16:20:00,EQ-027,Barreiras,31.9,0.0,25.2,2.1,376.0,17.1,456,8.8,95,Misto,Transporte,Tarde,1
1320,2026-04-11 09:37:00,EQ-020,Barreiras,74.3,25.2,29.5,6.3,804.0,1.5,49,4.8,104,Misto,Colheita,Manha,0
1226,2026-04-08 14:26:00,EQ-027,Barreiras,70.5,1.6,27.3,8.6,2164.0,16.9,161,3.4,91,Misto,Colheita,Tarde,0
3829,2026-06-29 16:29:00,EQ-011,Barreiras,28.3,0.0,22.9,1.9,1549.0,9.2,14,8.9,72,Arenoso,Transporte,Tarde,0
5442,2026-08-20 08:08:00,EQ-027,Barreiras,16.3,0.0,28.0,4.7,710.0,17.2,32,6.3,81,Misto,Transporte,Manha,0
4395,2026-07-17 22:24:00,EQ-037,Sorriso,23.1,0.0,22.3,17.8,503.0,20.8,444,7.5,102,Arenoso,Colheita,Noite,1
4561,2026-07-23 09:02:00,EQ-023,Lucas do Rio Verde,35.2,0.0,24.1,2.7,363.0,6.9,624,8.1,54,Argiloso,Pulverizacao,Manha,0
4420,2026-07-18 20:13:00,EQ-029,Lucas do Rio Verde,17.7,2.8,23.9,7.0,1819.0,1.2,105,8.7,86,Argiloso,Transporte,Noite,0
5706,2026-08-28 20:01:00,EQ-007,Cascavel,100.0,66.7,20.1,35.7,237.0,7.9,98,5.3,109,Misto,Colheita,Noite,1
3561,2026-06-21 17:17:00,EQ-038,Rio Verde,28.0,0.0,24.1,10.8,396.0,3.2,220,10.6,90,ARGILOSO,Transporte,Tarde,0
1754,2026-04-25 06:50:00,EQ-029,Rio Verde,60.6,0.0,20.5,19.7,945.0,1.0,144,9.2,96,Misto,Colheita,Manha,1
3632,2026-06-23 17:42:00,EQ-029,Rio Verde,19.9,0.8,29.6,4.2,322.0,1.1,6,2.9,81,Argiloso,Transporte,Tarde,0
2312,2026-05-13 14:16:00,EQ-037,Sorriso,79.5,0.0,23.6,5.6,830.0,20.6,119,9.1,118,Argiloso,Transporte,Tarde,0
5669,2026-08-27 15:02:00,EQ-020,Barreiras,18.4,0.0,25.0,5.4,1051.0,1.9,269,9.1,110,Misto,Colheita,Tarde,0
420,2026-03-15 07:45:00,EQ-038,Rio Verde,73.0,18.4,29.8,6.9,257.0,3.0,136,5.1,75,Argiloso,Colheita,Manha,0
3367,2026-06-15 15:38:00,EQ-020,Barreiras,37.5,0.0,27.6,11.0,801.0,1.7,309,8.3,73,Misto,Colheita,Tarde,1
3910,2026-07-02 13:13:00,EQ-029,Rio Verde,18.3,0.0,21.2,2.2,1443.0,1.2,48,7.9,86,Arenoso,Colheita,Tarde,0
5681,2026-08-28 06:38:00,EQ-035,Lucas do Rio Verde,29.0,0.0,27.2,13.3,615.0,3.2,199,8.1,85,Argiloso,Transporte,Manhã,0
3279,2026-06-12 19:26:00,EQ-030,Não-Me-Toque,77.3,12.6,24.1,18.7,1087.0,12.6,30,6.2,64,Misto,Colheita,Noite,0
4163,2026-07-10 08:00:00,EQ-014,Sorriso,25.6,0.0,29.4,4.0,571.0,8.3,337,7.3,49,Misto,Pulverizacao,Manha,0
1428,2026-04-14 13:53:00,EQ-009,Lucas do Rio Verde,100.0,21.6,31.8,15.3,1455.0,4.8,480,6.2,103,Misto,Colheita,Tarde,1
746,2026-03-24 14:17:00,EQ-015,Sorriso,92.3,28.3,25.6,4.7,1530.0,7.9,6,10.8,72,Encharcado,Plantio,Tarde,0
3996,2026-07-05 06:10:00,EQ-007,Cascavel,97.3,40.1,21.9,1.1,1046.0,7.8,340,8.3,115,encharcado,Colheita,Manha,1
1381,2026-04-13 09:05:00,EQ-030,Não-Me-Toque,62.0,0.0,26.2,11.5,506.0,12.4,396,11.6,100,Argiloso,Colheita,Manha,0
1612,2026-04-20 13:30:00,EQ-021,Cascavel,82.0,13.4,20.1,24.1,354.0,12.9,57,13.6,109,Argiloso,Colheita,Tarde,1
3868,2026-07-01 08:01:00,EQ-014,Sorriso,25.3,0.0,22.6,3.4,320.0,8.3,313,6.8,42,Misto,Pulverizacao,Manha,0
4337,2026-07-15 21:27:00,EQ-017,Lucas do Rio Verde,17.7,0.0,25.0,12.9,1047.0,2.1,172,10.6,112,Misto,Transporte,Noite,0
2891,2026-05-31 23:01:00,EQ-024,Cascavel,78.1,10.3,24.5,9.0,219.0,7.9,71,9.9,70,Argiloso,Pulverizacao,Noite,1
3765,2026-06-27 21:11:00,EQ-007,Cascavel,97.0,9.9,19.3,10.6,655.0,7.8,302,8.2,89,Arenoso,Colheita,Noite,1
2920,2026-06-01 15:28:00,EQ-039,Sorriso,35.3,0.0,27.1,3.2,127.0,2.2,134,7.4,85,Arenoso,Colheita,Tarde,0
5535,2026-08-23 08:00:00,EQ-024,Barreiras,17.0,0.0,32.3,1.1,419.0,8.1,55,5.8,82,Arenoso,Pulverizacao,Manha,0
1884,2026-04-29 06:43:00,EQ-035,Lucas do Rio Verde,84.7,0.0,29.3,7.7,1019.0,2.9,49,8.0,78,Argiloso,Plantio,Manha,0
3793,2026-06-28 17:04:00,EQ-024,Cascavel,88.8,6.3,11.8,9.2,707.0,7.9,214,5.7,76,Encharcado,Pulverizacao,Tarde,0
4830,2026-08-01 09:19:00,EQ-040,Lucas do Rio Verde,29.4,0.0,23.8,9.6,592.0,13.5,269,10.3,120,Argiloso,Colheita,Manha,0
3149,2026-06-08 17:24:00,EQ-036,Rio Verde,24.4,0.0,21.5,16.5,573.0,6.5,45,4.9,105,Argiloso,Transporte,Tarde,0
4768,2026-07-30 09:33:00,EQ-036,Rio Verde,38.1,0.0,29.4,4.1,255.0,6.7,6,4.6,88,Misto,Transporte,Manha,0
3823,2026-06-29 15:13:00,EQ-025,Sorriso,28.7,0.0,26.3,7.7,622.0,8.2,31,10.3,101,Misto,Colheita,Tarde,0
5753,2026-08-30 13:32:00,EQ-029,Rio Verde,20.3,0.0,18.9,8.5,197.0,1.3,319,9.8,94,Misto,Colheita,Tarde,1
3879,2026-07-01 13:19:00,EQ-037,Sorriso,23.7,0.0,23.6,9.9,671.0,20.7,352,4.3,73,Misto,Transporte,Tarde,1
4776,2026-07-30 14:53:00,EQ-018,Sorriso,32.8,0.0,27.1,4.6,545.0,9.4,174,13.0,74,Misto,Plantio,Tarde,0
3393,2026-06-16 13:30:00,EQ-032,Sorriso,24.2,0.0,21.0,13.1,304.0,6.0,128,7.1,83,Misto,Pulverizacao,Tarde,0
2434,2026-05-17 10:29:00,EQ-036,Rio Verde,35.3,0.0,28.0,5.2,255.0,6.5,250,7.4,82,Arenoso,Transporte,Manha,0
4121,2026-07-09 07:18:00,EQ-021,Cascavel,84.5,15.4,19.2,16.2,358.0,13.2,133,10.8,102,Misto,Colheita,Manha,1
2287,2026-05-12 14:51:00,EQ-037,Sorriso,82.2,0.0,30.8,15.3,110.0,20.6,110,6.3,70,Arenoso,Colheita,Tarde,1
4651,2026-07-26 15:53:00,EQ-023,Lucas do Rio Verde,26.8,0.0,25.6,5.2,144.0,6.9,15,3.5,71,Misto,Pulverizacao,Tarde,0
4933,2026-08-04 16:55:00,EQ-022,Rio Verde,39.1,0.0,34.0,12.2,250.0,3.9,391,10.3,69,Arenoso,Plantio,Tarde,0
2181,2026-05-09 15:01:00,EQ-039,Sorriso,99.1,113.3,27.1,6.2,1279.0,2.2,26,9.0,86,Misto,Plantio,Tarde,0
5339,2026-08-16 23:18:00,EQ-010,Sorriso,27.4,0.0,25.5,7.2,149.0,5.3,158,8.8,94,Arenoso,Plantio,Noite,0
1422,2026-04-14 09:59:00,EQ-022,Rio Verde,71.4,0.0,24.3,5.0,694.0,3.6,318,3.1,72,Argiloso,Plantio,Manha,0
1710,2026-04-23 15:12:00,EQ-003,Lucas do Rio Verde,100.0,43.0,25.3,1.4,658.0,8.4,68,8.1,75,Encharcado,Pulverizacao,Tarde,0
4469,2026-07-20 09:01:00,EQ-021,Cascavel,91.4,0.6,9.9,26.0,699.0,13.2,182,8.4,66,Encharcado,Transporte,Manha,0
2789,2026-05-28 13:44:00,EQ-021,Não-Me-Toque,80.4,0.0,15.7,4.7,194.0,13.0,250,9.9,85,Misto,Colheita,Tarde,1
826,2026-03-27 08:35:00,EQ-020,Barreiras,95.4,11.1,29.1,4.4,1719.0,1.5,6,3.4,91,Arenoso,Colheita,Manha,0
258,2026-03-10 07:01:00,EQ-034,Rio Verde,81.2,5.4,29.6,10.3,1037.0,8.4,235,6.8,68,Misto,Plantio,Manha,0
2865,2026-05-31 08:37:00,EQ-021,Cascavel,80.8,10.3,19.7,14.8,604.0,13.1,0,5.9,82,Misto,Colheita,Manha,0
4280,2026-07-14 07:52:00,EQ-001,Barreiras,27.2,,33.5,1.1,236.0,11.4,217,6.3,102,Arenoso,Colheita,Manha,0
1880,2026-04-28 23:42:00,EQ-008,Cascavel,63.5,0.0,20.4,5.2,1938.0,9.4,520,8.4,95,Argiloso,Transporte,Noite,0
1459,2026-04-15 14:35:00,EQ-040,Não-Me-Toque,63.6,0.0,30.5,13.7,692.0,13.2,151,5.8,90,Misto,Colheita,Tarde,0
2092,2026-05-06 20:52:00,EQ-037,Sorriso,48.5,0.0,24.2,13.6,1775.0,20.6,79,11.4,113,Argiloso,Transporte,Noite,0
2805,2026-05-28 22:38:00,EQ-033,Lucas do Rio Verde,44.7,15.1,25.6,10.5,530.0,24.2,317,10.7,53,Misto,Colheita,Noite,1
5613,2026-08-25 16:09:00,EQ-037,Sorriso,44.0,0.0,25.5,9.5,645.0,20.9,627,6.8,78,Argiloso,Transporte,Tarde,1
3265,2026-06-12 15:06:00,EQ-022,Rio Verde,24.2,0.0,26.1,4.4,538.0,3.7,132,8.0,62,Argiloso,Transporte,Tarde,0
432,2026-03-15 13:35:00,EQ-004,Cascavel,53.8,4.3,26.8,21.9,1921.0,5.5,304,6.9,103,Misto,Colheita,Tarde,0
1502,2026-04-17 08:39:00,EQ-037,Sorriso,86.9,7.4,27.9,1.6,804.0,20.5,28,6.6,,Encharcado,Plantio,Manha,0
1592,2026-04-19 16:48:00,EQ-027,Barreiras,84.5,4.1,29.8,5.9,185.0,16.9,202,7.3,109,Argiloso,Plantio,Tarde,1
2950,2026-06-02 17:02:00,EQ-013,Barreiras,26.3,0.0,26.3,3.6,108.0,9.3,123,7.4,104,Arenoso,COLHEITA,Tarde,0
5610,2026-08-25 14:15:00,EQ-015,Sorriso,48.4,0.0,21.6,5.7,1439.0,8.3,190,8.4,80,Misto,Colheita,Tarde,0
2938,2026-06-02 09:09:00,EQ-011,Cascavel,79.2,26.5,18.4,6.1,309.0,9.1,287,10.8,79,Misto,Colheita,Manha,1
2410,2026-05-16 14:01:00,EQ-012,Lucas do Rio Verde,43.1,0.0,35.3,2.8,,3.3,522,8.7,87,Misto,Pulverizacao,Tarde,0
5570,2026-08-24 15:46:00,EQ-028,Sorriso,35.9,0.0,32.1,5.0,670.0,7.2,563,7.0,68,Argiloso,Colheita,Tarde,0
1861,2026-04-28 13:03:00,EQ-019,Sorriso,70.8,16.0,28.2,5.2,731.0,4.3,87,8.7,100,Misto,Pulverizacao,Tarde,0
1296,2026-04-10 15:34:00,EQ-006,Sorriso,86.9,0.0,33.5,13.2,1147.0,12.0,205,9.5,85,Argiloso,Pulverizacao,Tarde,1
5739,2026-08-30 06:50:00,EQ-016,Cascavel,86.9,0.0,25.1,13.7,1143.0,4.5,163,10.5,71,Arenoso,Transporte,Manha,0
5457,2026-08-20 14:22:00,EQ-019,Sorriso,17.4,0.0,28.8,3.5,373.0,4.6,84,13.2,68,Misto,Pulverizacao,Tarde,0
2544,2026-05-20 09:34:00,EQ-038,Rio Verde,55.5,16.0,22.1,4.1,211.0,3.2,89,9.8,84,Misto,Transporte,Manha,1
4742,2026-07-29 09:09:00,EQ-012,Lucas do Rio Verde,29.4,0.0,29.4,9.1,573.0,3.5,84,4.8,76,Arenoso,Pulverizacao,Manha,0
504,2026-03-17 13:02:00,EQ-008,Barreiras,95.0,81.8,29.7,5.6,67.0,9.3,347,7.0,99,Arenoso,Colheita,Tarde,1
1448,2026-04-14 19:26:00,EQ-017,Sorriso,81.5,0.0,26.3,10.8,644.0,1.9,66,11.4,81,Misto,Colheita,Noite,0
907,2026-03-29 15:32:00,EQ-004,Cascavel,37.0,0.0,21.2,0.9,169.0,5.5,13,9.0,95,Arenoso,Colheita,Tarde,0
3362,2026-06-15 13:47:00,EQ-014,Sorriso,24.1,0.0,24.3,5.6,2500.0,8.2,235,9.4,71,Argiloso,Pulverizacao,Tarde,0
3232,2026-06-11 08:39:00,EQ-018,Não-Me-Toque,58.9,0.0,21.2,2.0,1983.0,9.2,263,7.9,82,Misto,Colheita,Manha,0
3450,2026-06-18 09:08:00,EQ-027,Barreiras,38.3,0.0,25.9,8.1,792.0,17.1,433,8.7,92,Argiloso,Transporte,Manha,1
4244,2026-07-12 17:12:00,EQ-020,Barreiras,25.3,0.0,23.2,1.9,860.0,1.8,60,8.9,93,Misto,Colheita,Tarde,0
1101,2026-04-04 15:06:00,EQ-011,Sorriso,100.0,18.1,28.3,4.1,881.0,9.0,20,8.6,92,Argiloso,Plantio,Tarde,0
1243,2026-04-09 07:30:00,EQ-006,Sorriso,82.9,0.0,30.7,2.6,559.0,12.0,201,6.2,87,Misto,Pulverizacao,Manha,0
494,2026-03-17 10:17:00,EQ-010,Sorriso,79.3,0.0,31.9,8.8,493.0,4.9,58,4.1,91,Argiloso,Transporte,Manha,1
393,2026-03-14 14:12:00,EQ-034,Rio Verde,70.6,23.6,27.7,17.5,96.0,8.4,246,9.2,59,Misto,Plantio,Tarde,0
2424,2026-05-16 21:50:00,EQ-019,Sorriso,66.4,0.0,22.8,14.4,449.0,4.3,149,11.0,59,Misto,Pulverizacao,Noite,0
3697,2026-06-25 20:38:00,EQ-035,Lucas do Rio Verde,27.8,0.0,26.3,8.7,86.0,3.0,280,6.1,92,Misto,Transporte,Noite,0
4911,2026-08-04 07:15:00,EQ-015,Sorriso,30.2,0.0,26.3,10.8,233.0,8.3,60,5.0,93,Argiloso,Transporte,Manha,0
1017,2026-04-01 21:20:00,EQ-032,Cascavel,99.9,64.1,24.0,7.5,870.0,5.8,268,8.4,77,Misto,Pulverizacao,Noite,1
699,2026-03-23 08:55:00,EQ-013,Barreiras,100.0,33.4,28.6,5.3,478.0,9.1,655,6.7,84,Encharcado,Colheita,Manha,1
5461,2026-08-20 15:02:00,EQ-026,Sorriso,7.4,0.0,30.7,8.5,1138.0,2.8,140,6.9,98,Misto,Transporte,Tarde,0
1045,2026-04-02 19:17:00,EQ-003,Cascavel,98.9,24.6,18.5,13.1,699.0,8.3,351,8.5,76,Argiloso,Pulverizacao,Noite,1
3405,2026-06-16 22:20:00,EQ-031,Rio Verde,35.9,0.0,27.2,7.4,371.0,5.5,394,1.5,85,Arenoso,Colheita,Noite,0
3759,2026-06-27 16:44:00,EQ-002,Cascavel,"98,7",9.9,18.5,17.5,887.0,7.6,227,9.5,95,Argiloso,Transporte,Tarde,0
1060,2026-04-03 07:07:00,EQ-033,Lucas do Rio Verde,83.5,11.7,27.4,3.1,312.0,24.1,47,2.1,66,Misto,Plantio,Manha,1
4084,2026-07-07 20:14:00,EQ-005,Sorriso,19.7,0.0,23.3,7.4,592.0,7.9,142,7.8,95,Misto,Transporte,Noite,0
3716,2026-06-26 10:36:00,EQ-037,Sorriso,33.1,0.0,25.9,15.9,1430.0,20.7,325,12.4,77,Argiloso,Transporte,Manha,0
2744,2026-05-26 23:50:00,EQ-016,Cascavel,78.4,20.1,22.5,9.6,1881.0,4.3,109,7.1,77,Argiloso,Colheita,Noite,0
4667,2026-07-27 08:07:00,EQ-004,Cascavel,91.3,48.2,21.8,8.7,917.0,5.9,218,5.3,82,Encharcado,Colheita,Manha,0
2067,2026-05-05 22:53:00,EQ-013,Barreiras,"67,7",11.5,32.2,1.5,213.0,9.3,21,10.4,89,Misto,Colheita,Noite,1
5311,2026-08-16 07:50:00,EQ-034,Rio Verde,22.2,0.0,28.1,7.8,870.0,8.9,134,2.3,88,Arenoso,Colheita,Manha,0
3054,2026-06-06 07:54:00,EQ-026,Sorriso,26.8,0.0,28.6,1.7,186.0,2.6,576,11.6,96,Misto,Transporte,Manha,0
1735,2026-04-24 13:29:00,EQ-040,Não-Me-Toque,65.9,0.0,17.1,44.9,473.0,13.2,188,7.4,111,Argiloso,Colheita,Tarde,1
4379,2026-07-17 13:08:00,EQ-006,Sorriso,17.3,0.0,25.7,3.5,631.0,12.3,37,6.4,61,Argiloso,Pulverizacao,Tarde,0
2822,2026-05-29 15:27:00,EQ-020,Barreiras,49.5,1.1,21.0,1.9,597.0,1.6,232,3.9,68,Argiloso,Colheita,Tarde,0
4400,2026-07-18 06:44:00,EQ-014,Sorriso,20.4,0.0,26.7,8.3,455.0,8.3,363,10.0,42,Argiloso,Pulverizacao,Manha,0
371,2026-03-13 17:16:00,EQ-039,Sorriso,90.1,0.0,21.9,1.7,819.0,2.0,410,4.9,85,Encharcado,Plantio,Tarde,0
1140,2026-04-05 19:25:00,EQ-006,Sorriso,97.2,25.9,28.5,1.1,1337.0,12.0,172,10.7,73,Argiloso,Pulverizacao,Noite,0
4764,2026-07-30 06:52:00,EQ-031,Rio Verde,25.9,0.0,31.5,8.1,454.0,5.6,157,7.6,82,Misto,Colheita,Manha,0
3546,2026-06-21 09:08:00,EQ-012,Lucas do Rio Verde,25.5,0.0,24.6,5.0,573.0,3.4,680,5.3,89,Arenoso,Pulverizacao,Manha,1
3357,2026-06-15 09:40:00,EQ-016,Cascavel,92.8,7.8,14.4,3.3,77.0,4.3,159,6.8,90,Encharcado,Transporte,Manha,0
1153,2026-04-06 08:40:00,EQ-026,Lucas do Rio Verde,84.1,16.6,32.6,9.1,533.0,2.4,290,8.9,63,Misto,Plantio,Manha,1
4029,2026-07-05 17:15:00,EQ-011,Rio Verde,19.2,0.0,26.5,14.7,675.0,9.2,49,12.0,100,Misto,Transporte,Tarde,0
497,2026-03-17 10:24:00,EQ-025,Barreiras,85.3,81.8,26.9,12.8,484.0,7.9,127,5.6,98,Argiloso,Transporte,Manha,1
5153,2026-08-11 09:53:00,EQ-027,Barreiras,19.5,0.0,24.3,2.6,735.0,17.2,651,6.9,69,Misto,Transporte,Manha,0
4223,2026-07-12 06:02:00,EQ-027,Barreiras,25.6,0.0,26.2,3.6,331.0,17.1,523,6.6,100,Arenoso,Transporte,Manha,0
724,2026-03-24 07:10:00,EQ-010,Sorriso,88.8,28.3,29.3,3.5,259.0,,82,4.4,79,Arenoso,Plantio,Manha,0
1985,2026-05-02 20:42:00,EQ-028,Sorriso,61.3,0.0,33.8,6.0,312.0,6.9,39,6.7,79,Misto,Colheita,Noite,1
4819,2026-07-31 23:04:00,EQ-040,Não-Me-Toque,99.3,81.1,13.4,,605.0,13.4,256,8.7,74,Encharcado,Colheita,Noite,1
5508,2026-08-22 07:38:00,EQ-006,Sorriso,42.8,34.2,28.6,10.4,1019.0,12.4,192,2.6,82,Misto,Pulverizacao,Manha,0
4867,2026-08-02 15:00:00,EQ-026,Sorriso,19.7,2.0,24.8,4.3,387.0,2.7,48,6.0,49,Argiloso,Plantio,Tarde,0
5042,2026-08-08 07:16:00,EQ-006,Sorriso,31.3,0.0,22.0,15.8,874.0,12.3,133,10.1,63,Misto,Pulverizacao,Manha,0
3750,2026-06-27 13:32:00,EQ-004,Cascavel,100.0,9.9,11.8,13.1,494.0,5.8,114,10.9,85,Arenoso,Colheita,Tarde,1
926,2026-03-30 07:25:00,EQ-020,Barreiras,84.1,24.9,31.4,13.9,1281.0,1.5,13,7.7,64,Arenoso,Colheita,Manha,0
5808,2026-05-21 10:44:00,EQ-037,Sorriso,45.0,6.0,27.8,1.0,773.0,20.6,165,5.4,107,Argiloso,Transporte,MANHÃ,1
2522,2026-05-19 13:42:00,EQ-026,Sorriso,59.0,0.0,31.1,6.8,1922.0,2.5,485,5.3,104,Misto,Colheita,Tarde,0
2330,2026-05-13 23:26:00,EQ-017,Lucas do Rio Verde,57.5,5.3,25.5,5.2,339.0,2.0,165,7.8,95,Argiloso,Colheita,Noite,0
1290,2026-04-10 14:10:00,EQ-021,Cascavel,86.3,20.1,28.7,6.0,328.0,12.9,0,9.1,48,Arenoso,Colheita,Tarde,1
856,2026-03-28 06:12:00,EQ-030,Não-Me-Toque,42.4,0.0,28.5,15.9,660.0,12.4,341,7.3,98,Arenoso,Colheita,Manha,0
3154,2026-06-08 20:03:00,EQ-008,Barreiras,28.0,0.0,18.3,1.6,1684.0,9.5,102,12.2,120,Argiloso,Transporte,Noite,0
2540,2026-05-20 07:51:00,EQ-035,Barreiras,47.7,0.0,28.3,7.2,1169.0,2.9,147,8.9,82,Misto,Plantio,Manha,0
1525,2026-04-17 17:55:00,EQ-015,Sorriso,77.2,7.4,35.4,2.7,197.0,8.0,136,13.4,85,Misto,Colheita,Tarde,1
415,2026-03-15 06:22:00,EQ-034,Rio Verde,67.1,18.4,34.6,2.1,103.0,8.4,256,7.2,82,Misto,Plantio,Manha,1
4258,2026-07-13 09:17:00,EQ-022,Rio Verde,21.6,0.0,27.8,14.4,775.0,3.8,286,5.8,66,Arenoso,Transporte,Manha,0
5200,2026-08-12 21:43:00,EQ-008,Barreiras,23.9,1.6,23.5,8.4,1036.0,9.7,383,10.8,96,Arenoso,Colheita,Noite,0
128,2026-03-05 10:32:00,EQ-023,Lucas do Rio Verde,95.5,49.3,30.1,9.9,1787.0,6.5,6,4.6,65,Arenoso,Pulverizacao,Manha,0
2209,2026-05-10 13:41:00,EQ-009,Lucas do Rio Verde,43.5,0.0,30.7,1.6,1001.0,4.9,573,6.8,75,Arenoso,Colheita,Tarde,0
2288,2026-05-12 15:06:00,EQ-017,Lucas do Rio Verde,45.1,2.1,25.1,3.6,541.0,2.0,157,7.3,120,Misto,Colheita,Tarde,0
4894,2026-08-03 14:34:00,EQ-039,Sorriso,26.7,0.0,27.7,2.3,322.0,2.4,401,5.6,91,Argiloso,Colheita,Tarde,0
293,2026-03-11 07:02:00,EQ-010,Sorriso,79.7,0.0,29.8,22.9,904.0,4.9,22,10.2,68,Argiloso,Plantio,Manha,0
3652,2026-06-24 10:50:00,EQ-020,Barreiras,31.8,0.0,23.2,6.0,562.0,1.7,358,4.5,58,Arenoso,Colheita,Manha,0
1482,2026-04-16 15:13:00,EQ-036,Não-Me-Toque,66.4,28.1,20.9,9.5,846.0,6.4,114,2.3,55,Arenoso,Plantio,Tarde,0
3654,2026-06-24 13:29:00,EQ-034,Rio Verde,16.5,0.0,21.2,7.8,622.0,8.7,256,7.7,117,Argiloso,Transporte,Tarde,0
3887,2026-07-01 17:09:00,EQ-022,Rio Verde,30.0,0.0,21.9,7.8,99.0,3.8,244,8.7,96,Misto,Transporte,Tarde,0
2632,2026-05-23 13:56:00,EQ-004,Cascavel,77.9,21.4,17.8,21.0,387.0,5.7,256,9.3,91,Argiloso,Colheita,Tarde,1
2295,2026-05-12 21:27:00,EQ-004,Cascavel,71.8,33.5,22.6,16.5,487.0,5.7,178,9.1,72,Misto,Colheita,Noite,1
4196,2026-07-11 08:23:00,EQ-027,Barreiras,30.5,0.0,33.7,4.3,583.0,17.1,509,7.6,85,Misto,Transporte,Manha,0
1007,2026-04-01 15:14:00,EQ-017,Lucas do Rio Verde,85.8,11.9,31.3,3.3,2125.0,1.9,6,7.8,71,Arenoso,Colheita,Tarde,0
1556,2026-04-18 15:55:00,EQ-004,Cascavel,70.5,12.5,19.2,6.6,1109.0,5.6,93,7.4,106,Misto,Colheita,Tarde,0
2588,2026-05-21 21:06:00,EQ-039,Sorriso,48.8,6.0,28.5,9.0,2500.0,2.2,92,9.6,63,Argiloso,Plantio,Noite,0
473,2026-03-16 16:27:00,EQ-030,Não-Me-Toque,85.8,17.1,22.8,10.1,398.0,12.3,302,11.2,79,Encharcado,Colheita,Tarde,1
4452,2026-07-19 20:27:00,EQ-034,Rio Verde,30.2,4.4,22.0,9.8,362.0,8.8,362,6.2,71,Misto,Colheita,Noite,1
4511,2026-07-21 13:25:00,EQ-026,Sorriso,15.8,1.5,27.8,3.3,277.0,2.7,757,7.2,77,Argiloso,Plantio,Tarde,0
997,2026-04-01 08:17:00,EQ-020,Barreiras,98.0,0.0,35.1,4.0,444.0,1.5,20,9.2,98,Arenoso,Colheita,Manha,1
1081,2026-04-03 17:48:00,EQ-003,Lucas do Rio Verde,86.4,11.7,26.9,2.4,1051.0,,360,9.5,88,Encharcado,Pulverizacao,Tarde,0
65,2026-03-03 08:30:00,EQ-005,Sorriso,84.4,29.7,26.4,7.4,1656.0,7.6,140,3.9,91,Argiloso,Colheita,Manha,0
700,2026-03-23 09:11:00,EQ-024,Cascavel,55.6,11.9,20.2,6.5,641.0,7.7,215,8.3,69,Argiloso,Pulverizacao,Manha,0
2929,2026-06-01 23:55:00,EQ-025,Barreiras,32.2,0.0,21.3,1.0,237.0,8.1,195,9.9,68,Arenoso,Colheita,Noite,0
882,2026-03-28 19:54:00,EQ-029,Rio Verde,90.2,0.0,25.9,5.4,1663.0,0.9,50,10.3,81,Arenoso,Plantio,Noite,0
2392,2026-05-15 17:41:00,EQ-019,Sorriso,62.5,0.0,26.6,4.7,1116.0,4.3,142,7.7,69,Misto,Pulverizacao,Tarde,0
2045,2026-05-05 06:52:00,EQ-015,Sorriso,52.7,0.0,21.7,4.0,448.0,8.0,216,5.3,107,Misto,Colheita,Manha,0
5802,2026-07-09 16:27:00,EQ-020,Sorriso,28.1,0.0,24.3,5.6,597.0,1.7,46,10.5,90,Misto,Colheita,Tarde,0
2650,2026-05-24 08:10:00,EQ-017,Lucas do Rio Verde,16.9,0.0,27.0,14.9,1535.0,2.0,199,13.2,91,Arenoso,Colheita,Manha,0
3044,2026-06-05 17:40:00,EQ-013,Barreiras,19.5,0.0,33.2,6.8,281.0,9.4,132,7.5,105,Arenoso,Colheita,Tarde,0
1338,2026-04-11 20:50:00,EQ-003,Lucas do Rio Verde,88.1,11.3,22.4,7.2,160.0,8.4,0,3.4,85,Encharcado,Pulverizacao,Noite,0
1624,2026-04-20 19:13:00,EQ-015,Sorriso,74.5,0.0,27.1,3.2,811.0,8.0,160,3.2,78,Argiloso,Transporte,Noite,1
4656,2026-07-26 19:42:00,EQ-014,Sorriso,36.9,0.0,28.0,8.8,478.0,8.3,21,6.3,61,Arenoso,Pulverizacao,Noite,0
1473,2026-04-16 09:02:00,EQ-008,Barreiras,83.7,0.0,25.8,2.1,640.0,9.3,459,11.5,104,Misto,Colheita,Manha,0
3261,2026-06-12 10:52:00,EQ-025,Barreiras,41.2,7.6,22.0,11.8,314.0,8.1,258,6.9,87,Argiloso,Colheita,Manha,0
4460,2026-07-20 06:56:00,EQ-030,Lucas do Rio Verde,29.0,14.1,26.2,8.0,505.0,12.7,208,6.3,92,Argiloso,Colheita,Manha,1
4061,2026-07-06 23:47:00,EQ-024,Cascavel,75.6,0.0,13.7,6.3,1401.0,8.0,252,9.2,71,Misto,Pulverizacao,Noite,0
3573,2026-06-22 07:28:00,EQ-003,Lucas do Rio Verde,27.3,0.0,24.7,9.2,1490.0,8.6,298,13.0,62,Argiloso,Pulverizacao,Manha,0
4962,2026-08-05 15:35:00,EQ-013,Barreiras,24.8,0.0,25.6,6.0,485.0,9.5,385,15.6,120,Arenoso,Transporte,Tarde,0
5003,2026-08-06 22:42:00,EQ-030,Não-Me-Toque,94.8,3.0,12.6,13.0,78.0,12.7,294,14.0,87,Misto,Colheita,Noite,1
1665,2026-04-22 06:59:00,EQ-038,Rio Verde,83.3,14.6,25.3,12.9,672.0,3.1,253,3.4,72,Arenoso,Colheita,Manha,1
1667,2026-04-22 07:10:00,EQ-007,Cascavel,67.8,0.0,24.8,4.5,214.0,7.6,390,9.3,83,Misto,Colheita,Manha,1
282,2026-03-10 17:18:00,EQ-040,Não-Me-Toque,93.9,32.1,20.4,7.7,212.0,13.1,344,10.0,99,Encharcado,Colheita,Tarde,1
1531,2026-04-17 23:09:00,EQ-006,Sorriso,75.7,7.4,34.1,7.5,1962.0,12.0,247,9.7,92,Misto,Pulverizacao,Noite,0
991,2026-03-31 22:39:00,EQ-004,Cascavel,91.5,147.3,22.3,42.8,256.0,5.5,31,5.8,100,Encharcado,Colheita,Noite,1
3892,2026-07-01 22:40:00,EQ-009,Não-Me-Toque,73.1,8.0,13.8,13.8,390.0,5.0,17,12.1,82,Misto,Colheita,Noite,1
869,2026-03-28 14:48:00,EQ-040,Não-Me-Toque,44.7,0.0,30.1,5.4,292.0,13.1,64,10.4,101,Arenoso,Colheita,Tarde,0
5110,2026-08-09 22:42:00,EQ-030,Cascavel,87.8,29.0,16.4,17.0,716.0,12.7,308,12.1,84,Arenoso,Colheita,Noite,0
4066,2026-07-07 07:43:00,EQ-036,Rio Verde,18.6,0.0,22.4,8.6,308.0,6.6,189,15.7,95,Misto,Transporte,Manha,0
860,2026-03-28 10:05:00,EQ-018,Rio Verde,89.7,0.0,24.2,8.3,508.0,9.0,255,7.0,93,Arenoso,Colheita,Manha,0
2755,2026-05-27 09:54:00,EQ-003,Lucas do Rio Verde,47.0,20.9,22.4,5.1,1076.0,8.5,183,6.9,71,Argiloso,Pulverizacao,Manha,0
1176,2026-04-06 22:35:00,EQ-001,Barreiras,86.3,30.7,23.5,1.9,2037.0,11.2,86,8.9,85,Arenoso,Colheita,Noite,0
1956,2026-05-01 23:37:00,EQ-029,Cascavel,64.6,0.0,26.5,14.9,148.0,1.0,173,10.0,78,Argiloso,Colheita,Noite,1
4396,2026-07-17 23:45:00,EQ-025,Barreiras,25.7,0.5,30.2,1.5,284.0,8.2,121,11.8,72,Arenoso,Colheita,Noite,0
887,2026-03-28 22:46:00,EQ-014,Cascavel,47.7,0.0,27.4,5.1,262.0,8.0,270,9.5,73,Misto,Pulverizacao,Noite,0
2337,2026-05-14 06:48:00,EQ-008,Barreiras,61.2,8.1,27.1,4.2,1093.0,9.4,592,5.7,87,Misto,Colheita,Manha,0
2666,2026-05-24 16:32:00,EQ-020,Barreiras,36.0,0.0,29.3,12.6,241.0,1.6,206,12.3,74,Misto,Colheita,Tarde,0
5416,2026-08-19 09:32:00,EQ-036,Rio Verde,15.6,0.0,28.6,4.9,340.0,6.7,91,5.5,98,Argiloso,Colheita,Manha,0
2733,2026-05-26 16:28:00,EQ-034,Cascavel,82.9,20.1,17.2,2.0,520.0,8.6,158,7.8,90,Misto,Colheita,Tarde,1
5405,2026-08-18 22:17:00,EQ-011,Barreiras,28.3,0.0,33.2,3.4,431.0,9.3,180,1.0,82,Arenoso,Transporte,Noite,0
1581,2026-04-19 09:20:00,EQ-032,Barreiras,79.6,4.1,33.6,4.3,604.0,5.8,79,11.2,90,Argiloso,Pulverizacao,Manha,1
3897,2026-07-02 06:45:00,EQ-025,Barreiras,33.2,0.0,18.6,6.0,276.0,8.2,45,7.3,80,Arenoso,Colheita,Manha,0
5162,2026-08-11 14:09:00,EQ-029,Rio Verde,30.3,0.0,30.1,6.9,600.0,1.3,223,10.2,88,Misto,Transporte,Tarde,0
3499,2026-06-19 17:16:00,EQ-004,Cascavel,94.3,0.0,15.4,24.6,453.0,5.8,85,8.7,79,Misto,Colheita,Tarde,1
240,2026-03-09 10:07:00,EQ-015,Sorriso,93.6,9.1,26.8,8.0,483.0,7.9,193,9.8,116,Misto,Plantio,Manha,1
3439,2026-06-17 19:20:00,EQ-003,Lucas do Rio Verde,20.1,0.0,24.6,4.2,373.0,8.5,279,9.6,93,Arenoso,Pulverizacao,Noite,0
4098,2026-07-08 10:36:00,EQ-028,Sorriso,24.1,0.0,21.2,5.1,646.0,7.0,359,13.4,86,Misto,Transporte,Manha,0
902,2026-03-29 13:52:00,EQ-038,Rio Verde,92.3,0.0,29.2,17.8,892.0,3.0,191,5.9,61,Argiloso,Transporte,Tarde,1
2639,2026-05-23 16:43:00,EQ-035,Lucas do Rio Verde,34.3,0.0,22.8,2.0,247.0,3.0,160,6.1,78,Arenoso,Transporte,Tarde,0
2576,2026-05-21 10:51:00,EQ-005,Sorriso,53.5,6.0,19.0,7.7,284.0,7.8,245,7.7,87,Argiloso,Transporte,Manha,1
1213,2026-04-08 08:08:00,EQ-028,Sorriso,89.8,7.5,29.6,4.4,374.0,6.8,606,6.1,64,Encharcado,Plantio,Manha,1
2652,2026-05-24 10:07:00,EQ-002,Rio Verde,29.2,0.0,24.0,8.0,250.0,7.5,95,4.5,87,Argiloso,Transporte,Manha,1
1550,2026-04-18 13:22:00,EQ-034,Rio Verde,71.8,12.6,31.1,15.0,88.0,8.5,398,8.6,75,Argiloso,Plantio,Tarde,0
3250,2026-06-12 07:51:00,EQ-019,Sorriso,,0.0,24.7,7.9,,4.4,278,7.2,86,Misto,Pulverizacao,Manha,0
2039,2026-05-04 17:59:00,EQ-030,Sorriso,53.2,0.0,29.4,3.6,1630.0,12.5,493,7.8,95,Misto,Transporte,Tarde,0
1896,2026-04-29 13:31:00,EQ-021,Cascavel,53.3,0.0,24.8,37.8,575.0,13.0,107,10.1,87,Argiloso,Colheita,Tarde,0
4654,2026-07-26 16:53:00,EQ-035,Lucas do Rio Verde,39.0,0.0,22.8,11.7,698.0,3.1,63,8.8,85,Misto,Transporte,Tarde,0
1435,2026-04-14 15:37:00,EQ-011,Barreiras,88.5,22.4,28.2,1.6,615.0,9.0,59,7.9,92,Encharcado,Transporte,Tarde,1
932,2026-03-30 08:59:00,EQ-034,Rio Verde,76.0,0.0,25.5,6.8,941.0,8.5,317,9.4,75,Argiloso,Colheita,Manha,0
847,2026-03-27 16:16:00,EQ-023,Lucas do Rio Verde,94.5,23.1,35.9,8.2,1187.0,6.6,74,10.0,89,Misto,Pulverizacao,Tarde,0
2281,2026-05-12 13:37:00,EQ-008,Barreiras,66.6,4.8,23.9,,359.0,9.4,579,8.2,94,Misto,Colheita,Tarde,1
4885,2026-08-03 09:57:00,EQ-040,Não-Me-Toque,91.8,19.3,14.3,0.6,2500.0,13.5,275,14.7,100,Arenoso,Colheita,Manha,0
5199,2026-08-12 17:58:00,EQ-037,Sorriso,13.4,0.0,22.6,7.5,182.0,20.9,580,8.0,115,Argiloso,Colheita,Tarde,1
4216,2026-07-11 17:22:00,EQ-018,Rio Verde,19.1,0.0,23.0,6.9,1243.0,9.3,88,8.3,105,Argiloso,Colheita,Tarde,0
3440,2026-06-17 19:35:00,EQ-024,Cascavel,100.0,30.6,24.4,6.9,915.0,7.9,147,10.2,60,Encharcado,Pulverizacao,Noite,1
2390,2026-05-15 17:03:00,EQ-020,Barreiras,58.3,13.1,25.9,2.6,656.0,1.6,190,13.2,78,Misto,Colheita,Tarde,0
5656,2026-08-27 07:02:00,EQ-020,Barreiras,16.2,0.0,31.2,4.9,158.0,1.9,265,9.5,71,Misto,Colheita,Manha,0
5774,2026-08-31 09:20:00,EQ-038,Rio Verde,19.2,0.0,27.9,10.3,572.0,3.4,164,8.5,62,Misto,Transporte,Manha,0
2403,2026-05-16 10:03:00,EQ-014,Sorriso,72.0,0.0,23.3,5.6,600.0,8.1,145,5.8,69,Misto,Pulverizacao,Manha,0
2910,2026-06-01 10:49:00,EQ-014,Sorriso,33.1,0.0,32.0,2.9,918.0,8.2,194,8.2,69,Argiloso,Pulverizacao,Manha,0
1321,2026-04-11 09:58:00,EQ-019,Sorriso,74.1,20.3,27.9,5.8,1028.0,4.2,408,6.3,66,Argiloso,Pulverizacao,Manha,1
3964,2026-07-04 07:24:00,EQ-035,Lucas do Rio Verde,19.7,0.0,28.4,6.1,624.0,3.1,4,6.6,54,Misto,Plantio,Manha,0
2052,2026-05-05 09:47:00,EQ-033,Lucas do Rio Verde,59.2,18.3,31.3,11.6,616.0,24.2,227,4.6,90,Arenoso,Transporte,Manha,0
3635,2026-06-23 22:17:00,EQ-025,Cascavel,97.7,25.9,18.7,23.6,236.0,8.2,9,12.7,83,Argiloso,Colheita,Noite,1
3500,2026-06-19 20:50:00,EQ-012,Lucas do Rio Verde,17.9,0.0,28.6,1.3,198.0,3.4,664,8.2,70,Arenoso,Pulverizacao,Noite,0
447,2026-03-15 19:41:00,EQ-026,Sorriso,85.3,0.0,29.4,1.7,880.0,2.4,212,5.8,102,Arenoso,Plantio,Noite,0
5417,2026-08-19 10:01:00,EQ-029,Sorriso,26.7,0.0,29.8,4.7,1664.0,1.3,276,3.8,120,Argiloso,Transporte,Manha,0
4508,2026-07-21 10:13:00,EQ-001,Barreiras,13.4,0.0,31.0,8.9,1028.0,11.5,246,7.0,89,Arenoso,Colheita,Manha,0
3786,2026-06-28 15:10:00,EQ-014,Sorriso,20.2,0.0,26.0,3.9,2438.0,8.3,305,10.4,69,Argiloso,Pulverizacao,Tarde,0
1961,2026-05-02 07:20:00,EQ-007,Cascavel,68.4,19.9,26.3,5.0,1244.0,7.6,50,2.1,95,Misto,Colheita,Manha,0
3594,2026-06-22 19:57:00,EQ-036,Rio Verde,22.0,0.0,31.1,18.2,623.0,6.6,138,4.8,84,Argiloso,Colheita,Noite,0
1458,2026-04-15 13:58:00,EQ-030,Rio Verde,67.2,13.7,26.6,8.7,641.0,12.4,421,6.6,76,Misto,Colheita,Tarde,0
2692,2026-05-25 13:17:00,EQ-021,Cascavel,65.7,0.0,23.8,6.1,615.0,13.0,234,4.2,63,Misto,Colheita,Tarde,0
916,2026-03-29 20:30:00,EQ-011,Barreiras,91.1,0.0,31.2,8.9,287.0,9.0,416,7.7,112,Arenoso,Transporte,Noite,1
4198,2026-07-11 08:53:00,EQ-012,Lucas do Rio Verde,22.7,0.0,23.2,8.5,476.0,3.5,775,9.2,62,Arenoso,Pulverizacao,Manha,0
275,2026-03-10 16:00:00,EQ-031,Rio Verde,87.9,5.4,30.0,9.5,153.0,5.3,411,11.2,93,Arenoso,Colheita,Tarde,1
5537,2026-08-23 09:16:00,EQ-039,Sorriso,53.1,11.7,23.3,5.8,32.0,2.5,470,7.6,99,Argiloso,Transporte,Manha,1
5787,2026-08-31 15:55:00,EQ-018,Rio Verde,36.0,0.0,25.3,4.1,128.0,9.5,19,9.1,65,Arenoso,Colheita,Tarde,1
32,2026-03-02 06:45:00,EQ-040,Não-Me-Toque,54.6,16.0,25.3,2.3,183.0,13.0,292,8.9,85,Misto,Transporte,Manha,0
1409,2026-04-14 06:19:00,EQ-020,Barreiras,94.1,22.4,27.2,2.9,1526.0,1.5,64,5.3,96,Encharcado,Colheita,Manha,0
580,2026-03-20 06:32:00,EQ-039,Sorriso,78.8,33.8,25.8,4.6,1383.0,2.0,450,10.8,79,Misto,Transporte,Manha,0
4679,2026-07-27 16:03:00,EQ-020,Barreiras,21.1,0.0,24.4,3.0,519.0,1.8,128,8.7,71,Arenoso,Transporte,Tarde,0
3225,2026-06-10 23:56:00,EQ-025,Barreiras,35.2,9.3,27.8,9.1,936.0,8.1,249,8.4,113,Misto,Colheita,Noite,0
2889,2026-05-31 19:47:00,EQ-003,Lucas do Rio Verde,59.4,0.0,25.0,2.0,888.0,8.5,198,5.1,85,Misto,Pulverizacao,Noite,0
3931,2026-07-03 06:47:00,EQ-015,Sorriso,28.4,0.0,22.9,6.6,689.0,8.2,235,6.9,92,Arenoso,Transporte,Manha,0
5436,2026-08-19 23:04:00,EQ-015,Sorriso,19.7,0.0,22.4,1.0,688.0,8.3,154,12.3,80,Misto,Transporte,Noite,0
4241,2026-07-12 15:50:00,EQ-017,Lucas do Rio Verde,14.9,0.0,22.8,1.0,517.0,2.1,154,10.8,86,Misto,Colheita,Tarde,0
5017,2026-08-07 08:56:00,EQ-002,Rio Verde,35.0,0.0,29.1,4.5,66.0,7.7,103,10.7,88,Arenoso,Transporte,Manha,0
365,2026-03-13 14:04:00,EQ-008,Barreiras,89.0,41.5,24.4,5.0,291.0,9.3,337,13.0,81,Encharcado,Colheita,Tarde,1
647,2026-03-22 06:20:00,EQ-018,Rio Verde,87.5,0.0,26.9,1.2,729.0,9.0,227,7.5,72,Argiloso,Transporte,Manha,0
4476,2026-07-20 13:45:00,EQ-007,Cascavel,88.4,0.6,18.0,12.5,687.0,7.8,393,10.0,104,Argiloso,Colheita,Tarde,0
3451,2026-06-18 09:19:00,EQ-023,Lucas do Rio Verde,33.0,0.0,28.6,11.6,508.0,6.8,459,7.7,78,Misto,Pulverizacao,Manha,0
1579,2026-04-19 09:12:00,EQ-029,Rio Verde,93.2,43.9,28.8,3.5,1681.0,1.0,116,5.8,95,Encharcado,Plantio,Manha,1
1709,2026-04-23 15:09:00,EQ-037,Sorriso,63.9,0.0,28.4,3.5,1247.0,20.6,55,8.4,55,Misto,Plantio,Tarde,0
1988,2026-05-02 22:50:00,EQ-024,Cascavel,65.1,19.9,25.2,13.6,138.0,7.8,371,6.8,93,Misto,Pulverizacao,Noite,1
4246,2026-07-12 19:06:00,EQ-012,Lucas do Rio Verde,18.5,0.0,22.6,8.3,686.0,3.5,784,10.0,85,Misto,Pulverizacao,Noite,0
4173,2026-07-10 13:09:00,EQ-018,Rio Verde,25.2,0.0,24.4,3.9,833.0,9.3,80,8.1,103,Misto,Transporte,Tarde,0
2458,2026-05-17 21:24:00,EQ-007,Cascavel,55.8,20.6,20.1,8.7,891.0,7.7,96,7.3,85,Argiloso,Transporte,Noite,0
3726,2026-06-26 16:44:00,EQ-022,Rio Verde,9.3,0.0,24.1,1.9,764.0,3.8,212,4.3,97,Misto,Colheita,Tarde,0
3612,2026-06-23 13:04:00,EQ-007,Cascavel,89.1,25.9,18.7,1.0,1648.0,7.8,278,9.5,69,Encharcado,Colheita,Tarde,1
3401,2026-06-16 17:14:00,EQ-035,Lucas do Rio Verde,29.4,0.0,24.9,12.4,1409.0,3.0,249,5.4,113,Arenoso,Colheita,Tarde,0
545,2026-03-18 16:00:00,EQ-039,Lucas do Rio Verde,76.9,17.0,27.4,13.3,1139.0,2.0,433,5.5,84,Argiloso,Plantio,Tarde,0
3181,2026-06-09 17:56:00,EQ-017,Não-Me-Toque,72.3,15.3,15.6,8.4,284.0,2.0,11,8.2,90,Argiloso,Transporte,Tarde,1
2170,2026-05-09 08:43:00,EQ-034,Rio Verde,60.5,2.6,28.0,10.1,809.0,8.6,86,10.9,71,Misto,Transporte,Manha,0
3839,2026-06-29 23:11:00,EQ-001,Barreiras,26.9,0.0,25.4,7.3,956.0,11.4,114,8.0,73,Arenoso,Colheita,Noite,0
1437,2026-04-14 15:53:00,EQ-037,Sorriso,86.5,0.0,31.3,3.6,303.0,20.5,7,11.6,74,Misto,plantio ,Tarde,1
289,2026-03-11 06:02:00,EQ-031,Rio Verde,85.0,23.5,34.0,23.5,669.0,5.3,0,4.3,113,Arenoso,Transporte,Manha,0
567,2026-03-19 14:18:00,EQ-013,Barreiras,76.7,0.0,32.5,2.6,513.0,9.1,642,11.4,72,Arenoso,Colheita,Tarde,1
5671,2026-08-27 15:31:00,EQ-033,Lucas do Rio Verde,34.0,0.0,26.0,1.7,577.0,24.5,307,6.5,93,Arenoso,Colheita,Tarde,0
2334,2026-05-14 06:23:00,EQ-003,Lucas do Rio Verde,43.5,0.0,24.2,4.6,438.0,8.4,136,7.1,80,Arenoso,Pulverizacao,Manha,0
3415,2026-06-17 07:21:00,EQ-027,Barreiras,29.6,0.0,21.5,5.3,649.0,17.1,420,7.1,110,arenoso,Transporte,Manha,0
973,2026-03-31 10:26:00,EQ-031,Rio Verde,68.9,0.0,27.8,6.6,201.0,5.3,82,6.7,71,Argiloso,Colheita,Manha,0
704,2026-03-23 13:05:00,EQ-029,Rio Verde,100.0,133.7,19.9,13.3,419.0,0.9,15,9.5,66,Argiloso,Plantio,Tarde,1
3776,2026-06-28 08:18:00,EQ-016,Não-Me-Toque,66.0,0.0,14.4,11.1,388.0,4.4,232,10.1,81,Misto,Transporte,Manha,1
3386,2026-06-16 10:16:00,EQ-030,Não-Me-Toque,82.3,37.5,21.6,10.8,870.0,12.6,51,12.3,101,Arenoso,Colheita,Manha,0
1440,2026-04-14 16:20:00,EQ-020,Barreiras,87.1,22.4,25.2,2.2,508.0,1.5,67,10.9,115,Encharcado,Colheita,Tarde,1
2498,2026-05-18 22:17:00,EQ-028,Sorriso,57.1,0.0,24.4,29.5,724.0,6.9,113,5.7,9999.0,Misto,Transporte,Noite,1
1955,2026-05-01 22:53:00,EQ-016,Cascavel,54.3,0.0,22.8,8.5,155.0,4.2,296,31.0,55,Misto,Colheita,Noite,1
1305,2026-04-10 22:05:00,EQ-011,Barreiras,72.1,10.9,24.0,7.8,1173.0,9.0,44,10.4,61,Argiloso,Plantio,Noite,0
867,2026-03-28 14:04:00,EQ-011,Barreiras,92.9,43.7,35.7,0.5,678.0,9.0,404,3.4,96,Arenoso,Colheita,Tarde,1
3779,2026-06-28 08:40:00,EQ-038,Rio Verde,21.4,0.0,28.2,2.2,765.0,3.3,239,6.7,95,Arenoso,Transporte,Manha,0
4274,2026-07-14 06:56:00,EQ-030,Não-Me-Toque,73.2,0.0,14.1,13.1,962.0,12.7,187,5.2,111,Argiloso,Colheita,Manha,1
67,2026-03-03 10:55:00,EQ-022,Rio Verde,91.1,46.4,24.7,5.5,494.0,3.4,218,5.6,120,Argiloso,Transporte,Manha,1
2351,2026-05-14 14:12:00,EQ-008,Barreiras,55.4,8.1,25.0,5.6,1206.0,9.4,589,6.0,87,Arenoso,Colheita,Tarde,0
3086,2026-06-07 06:50:00,EQ-039,Sorriso,30.5,0.0,19.2,24.5,109.0,2.2,138,10.4,100,Argiloso,Transporte,Manha,0
4019,2026-07-05 15:13:00,EQ-031,Rio Verde,26.0,0.0,21.7,6.7,1029.0,5.6,9,9.3,75,Misto,Colheita,Tarde,0
879,2026-03-28 17:39:00,EQ-001,Barreiras,94.5,43.7,30.6,20.0,327.0,11.2,37,6.0,82,Encharcado,Colheita,Tarde,1
3990,2026-07-04 19:26:00,EQ-027,Barreiras,19.7,0.0,25.2,5.6,979.0,17.1,492,8.4,87,Arenoso,Transporte,Noite,0
1558,2026-04-18 16:09:00,EQ-016,Cascavel,67.5,12.5,26.9,29.9,1032.0,4.2,260,9.7,56,Argiloso,Plantio,Tarde,0
1989,2026-05-03 06:02:00,EQ-040,Não-Me-Toque,68.7,17.1,24.9,5.3,538.0,13.2,220,12.0,102,Argiloso,Colheita,Manha,1
5514,2026-08-22 13:25:00,EQ-032,Sorriso,38.8,34.2,28.5,10.6,529.0,6.2,217,12.0,69,Misto,Pulverizacao,Tarde,0
3999,2026-07-05 07:00:00,EQ-013,Barreiras,27.5,0.0,24.7,5.1,1237.0,9.4,271,9.9,106,Argiloso,Colheita,Manha,0
2830,2026-05-29 20:43:00,EQ-024,Lucas do Rio Verde,62.1,18.0,25.6,4.6,718.0,7.8,57,12.4,46,Arenoso,Pulverizacao,Noite,1
1640,2026-04-21 13:14:00,EQ-032,Sorriso,62.0,5.2,33.0,6.8,771.0,5.8,98,7.3,93,Arenoso,Pulverizacao,Tarde,0
134,2026-03-05 15:54:00,EQ-032,Sorriso,100.0,90.4,23.2,3.4,162.0,5.7,146,7.4,65,Argiloso,Pulverizacao,Tarde,1
820,2026-03-27 07:05:00,EQ-036,Rio Verde,100.0,22.6,27.0,9.6,1330.0,6.3,15,10.4,82,Argiloso,Colheita,Manha,0
5561,2026-08-24 10:21:00,EQ-012,Lucas do Rio Verde,20.1,0.0,29.3,4.0,974.0,3.6,179,7.2,71,Misto,Pulverizacao,Manha,0
2657,2026-05-24 10:43:00,EQ-031,Rio Verde,30.5,0.0,28.4,1.7,590.0,5.5,307,3.7,55,Argiloso,Colheita,Manha,0
4002,2026-07-05 07:18:00,EQ-029,Rio Verde,15.6,0.0,20.9,10.9,582.0,1.2,59,10.1,86,arenoso,Transporte,Manha,0
389,2026-03-14 10:59:00,EQ-006,Sorriso,80.0,14.5,20.8,25.2,1501.0,11.9,98,1.7,92,Misto,Pulverizacao,Manha,0
4937,2026-08-04 17:33:00,EQ-040,Não-Me-Toque,100.0,36.8,16.5,10.7,451.0,13.5,289,8.2,81,Argiloso,Colheita,Tarde,1
3610,2026-06-23 10:25:00,EQ-034,Rio Verde,23.6,0.8,25.7,2.8,1308.0,8.7,246,12.7,56,Argiloso,Plantio,Manha,0
3833,2026-06-29 21:10:00,EQ-008,Barreiras,28.4,0.0,22.5,9.6,1376.0,9.6,214,5.9,92,Arenoso,Transporte,Noite,0
4055,2026-07-06 17:17:00,EQ-013,Não-Me-Toque,52.0,0.0,9.1,29.5,1163.0,9.4,282,9.3,92,Misto,Colheita,Tarde,0
5432,2026-08-19 19:57:00,EQ-037,Sorriso,24.2,0.0,30.6,10.3,833.0,20.9,605,8.9,111,Argiloso,Transporte,Noite,1
1052,2026-04-02 22:41:00,EQ-040,Não-Me-Toque,54.8,0.0,23.2,11.6,1059.0,13.1,100,6.1,72,Argiloso,Colheita,Noite,0
5228,2026-08-13 17:23:00,EQ-013,Barreiras,31.0,0.0,24.0,3.2,1162.0,9.5,448,13.4,82,Argiloso,Colheita,Tarde,0
4503,2026-07-21 08:29:00,EQ-028,Sorriso,19.0,1.5,17.7,2.5,290.0,7.1,405,8.0,97,Argiloso,Transporte,Manha,0
3146,2026-06-08 15:32:00,EQ-019,Sorriso,22.5,0.0,22.1,5.2,598.0,4.4,251,9.4,77,Arenoso,Pulverizacao,Tarde,0
4014,2026-07-05 10:55:00,EQ-011,Rio Verde,22.6,0.0,31.0,6.1,650.0,9.2,44,9.7,98,Misto,Transporte,Manha,1
1021,2026-04-02 06:02:00,EQ-040,Não-Me-Toque,49.7,0.0,25.9,8.5,901.0,13.1,96,8.5,71,Argiloso,Colheita,Manha,0
1933,2026-04-30 22:49:00,EQ-036,Rio Verde,64.1,12.3,27.9,1.2,306.0,6.4,178,5.5,120,Arenoso,Transporte,Noite,1
30,2026-03-01 23:00:00,EQ-040,Não-Me-Toque,57.3,0.0,28.5,3.4,636.0,13.0,285,9.2,77,Argiloso,Colheita,Noite,0
3834,2026-06-29 21:57:00,EQ-038,Rio Verde,29.7,0.0,22.4,14.5,310.0,3.3,242,6.3,69,Misto,Transporte,Noite,0
3107,2026-06-07 15:24:00,EQ-010,Sorriso,23.4,0.0,18.8,13.1,573.0,5.1,172,5.6,88,Argiloso,Transporte,Tarde,0
5139,2026-08-10 17:43:00,EQ-004,Não-Me-Toque,77.2,5.1,13.8,19.6,684.0,5.9,263,10.5,71,Argiloso,Colheita,Tarde,1
1399,2026-04-13 17:11:00,EQ-009,Lucas do Rio Verde,92.4,67.2,29.3,10.3,568.0,4.8,472,6.8,76,Argiloso,Plantio,Tarde,1
4789,2026-07-30 23:36:00,EQ-017,Lucas do Rio Verde,24.7,0.0,26.7,3.5,870.0,2.2,237,9.9,96,Misto,Colheita,Noite,0
3588,2026-06-22 15:38:00,EQ-027,Barreiras,23.7,0.0,20.7,3.5,1414.0,17.1,470,8.8,81,Argiloso,Colheita,Tarde,0
5640,2026-08-26 16:33:00,EQ-039,Sorriso,44.1,0.0,27.9,8.3,319.0,2.5,492,6.9,74,Arenoso,Transporte,Tarde,0
2581,2026-05-21 15:51:00,EQ-037,Sorriso,47.7,6.0,28.0,4.6,765.0,20.6,161,8.2,79,Misto,Transporte,Tarde,0
3835,2026-06-29 22:00:00,EQ-036,Rio Verde,25.4,0.0,19.9,12.1,946.0,6.6,154,8.5,63,Argiloso,Plantio,Noite,0
4093,2026-07-08 08:05:00,EQ-004,Cascavel,89.6,24.1,16.1,12.8,570.0,5.8,158,7.4,81,Encharcado,Colheita,Manha,0
2798,2026-05-28 17:30:00,EQ-011,Barreiras,36.1,0.0,27.0,1.3,682.0,9.1,265,9.5,77,Misto,Plantio,Tarde,0
5267,2026-08-14 23:16:00,EQ-032,Sorriso,28.1,0.0,27.4,2.5,989.0,6.1,152,12.6,77,Arenoso,Pulverizacao,Noite,0
989,2026-03-31 21:55:00,EQ-028,Lucas do Rio Verde,89.6,3.4,36.2,10.8,822.0,6.8,583,5.9,86,Encharcado,Transporte,Noite,1
4433,2026-07-19 09:46:00,EQ-029,Rio Verde,,4.4,29.3,5.3,1169.0,1.2,112,6.3,102,Misto,Transporte,Manha,0
1036,2026-04-02 13:30:00,EQ-002,Rio Verde,59.2,0.0,33.6,11.7,437.0,7.4,173,12.3,75,Arenoso,Transporte,Tarde,0
3647,2026-06-24 08:44:00,EQ-016,Cascavel,92.5,79.8,17.3,19.8,552.0,4.4,206,8.7,90,Encharcado,Colheita,Manha,1
1602,2026-04-20 06:38:00,EQ-017,Lucas do Rio Verde,82.3,34.4,31.2,8.4,343.0,1.9,81,5.3,79,Misto,Colheita,Manha,1
3311,2026-06-13 15:52:00,EQ-029,Rio Verde,16.5,0.7,25.9,4.1,524.0,1.1,337,7.9,72,Argiloso,Transporte,Tarde,0
3806,2026-06-29 07:40:00,EQ-036,Rio Verde,19.7,0.0,30.4,19.6,651.0,6.6,150,7.1,89,Argiloso,Transporte,Manha,0
976,2026-03-31 13:02:00,EQ-017,Lucas do Rio Verde,96.8,3.4,21.9,1.3,380.0,1.9,4,3.9,89,Misto,Colheita,Tarde,0
5184,2026-08-12 08:54:00,EQ-020,Barreiras,22.8,1.6,28.5,18.8,1156.0,1.8,194,2.4,84,Arenoso,Colheita,Manha,0
4026,2026-07-05 16:18:00,EQ-015,Sorriso,21.1,0.0,29.2,,,8.2,245,11.1,72,Argiloso,Plantio,Tarde,0
2619,2026-05-22 20:27:00,EQ-036,Rio Verde,41.3,0.0,21.4,3.8,358.0,6.5,267,9.3,102,Arenoso,Colheita,Noite,0
4485,2026-07-20 17:25:00,EQ-024,Cascavel,85.3,0.6,19.8,28.8,1678.0,8.0,330,9.3,68,Encharcado,Pulverizacao,Tarde,0
5800,2026-07-03 13:50:00,EQ-017,Lucas do Rio Verde,21.6,0.0,19.3,18.8,526.0,2.1,102,12.6,118,Argiloso,Colheita,Tarde,0
5262,2026-08-14 20:37:00,EQ-029,Rio Verde,36.5,0.0,35.0,15.2,402.0,1.3,237,7.1,66,Argiloso,Colheita,Noite,1
3769,2026-06-27 23:38:00,EQ-029,Rio Verde,25.3,0.0,22.5,13.5,1245.0,1.2,31,13.8,77,Arenoso,Colheita,Noite,1
2256,2026-05-11 23:48:00,EQ-040,Não-Me-Toque,59.5,0.0,27.1,24.8,538.0,13.2,259,9.6,102,Misto,Colheita,Noite,1
5595,2026-08-25 10:55:00,EQ-028,Sorriso,37.1,0.0,27.3,2.2,668.0,7.2,572,11.3,40,Arenoso,Plantio,Manha,1
1507,2026-04-17 09:58:00,EQ-032,Sorriso,85.5,7.4,26.3,10.2,447.0,5.8,70,5.1,77,Encharcado,Pulverizacao,Manha,1
3498,2026-06-19 16:19:00,EQ-014,Sorriso,37.5,0.0,24.1,10.1,602.0,8.2,253,10.6,52,Argiloso,Pulverizacao,Tarde,1
1810,2026-04-26 20:43:00,EQ-040,Não-Me-Toque,59.7,0.0,21.9,7.1,114.0,13.2,196,7.2,89,Misto,Colheita,Noite,0
4383,2026-07-17 14:49:00,EQ-024,Cascavel,90.3,0.0,11.8,7.3,1244.0,8.0,315,9.1,71,Misto,Pulverizacao,Tarde,0
2215,2026-05-10 15:21:00,EQ-015,Sorriso,97.5,114.3,27.1,7.3,608.0,8.1,250,5.5,97,Encharcado,Transporte,Tarde,1
315,2026-03-12 06:05:00,EQ-035,Rio Verde,73.0,0.0,27.8,11.9,469.0,2.8,182,7.0,55,Misto,Plantio,Manha,0
4684,2026-07-27 19:32:00,EQ-999,Cascavel,92.0,48.2,12.7,3.5,642.0,5.9,215,6.4,96,Encharcado,Colheita,Noite,0
1594,2026-04-19 17:36:00,EQ-023,Lucas do Rio Verde,91.8,40.8,24.1,4.7,133.0,6.7,174,7.2,72,Misto,Pulverizacao,Tarde,1
4870,2026-08-02 16:37:00,EQ-019,Sorriso,35.7,2.0,22.9,3.1,610.0,4.6,29,6.9,69,Argiloso,Pulverizacao,Tarde,0
861,2026-03-28 10:08:00,EQ-028,Sorriso,87.7,22.5,20.5,1.2,676.0,6.8,576,5.3,84,Encharcado,Plantio,Manha,0
3862,2026-06-30 21:56:00,EQ-020,Barreiras,18.5,0.0,21.4,0.9,96.0,1.7,361,4.6,86,Arenoso,Colheita,Noite,1
3927,2026-07-02 21:49:00,EQ-032,Sorriso,26.1,0.0,29.0,3.2,2466.0,6.0,226,9.4,63,Argiloso,Pulverizacao,Noite,0
1110,2026-04-04 21:29:00,EQ-010,Barreiras,91.8,4.8,36.7,6.5,541.0,4.9,138,6.0,86,Arenoso,Transporte,Noite,1
1974,2026-05-02 13:52:00,EQ-021,Cascavel,67.7,19.9,18.1,9.1,408.0,13.0,130,8.5,77,Argiloso,Colheita,Tarde,1
5368,2026-08-17 20:44:00,EQ-015,Sorriso,36.7,0.0,21.3,4.3,998.0,8.3,138,8.9,80,Arenoso,Transporte,Noite,0
944,2026-03-30 13:43:00,EQ-034,Rio Verde,83.6,0.0,30.6,12.6,145.0,8.5,313,8.9,88,Arenoso,Plantio,tarde,1
4948,2026-08-05 10:43:00,EQ-006,Sorriso,38.0,0.0,30.2,3.8,838.0,12.3,111,9.9,78,Misto,Pulverizacao,Manha,0
3663,2026-06-24 17:14:00,EQ-032,Sorriso,35.9,0.0,22.0,3.4,488.0,6.0,176,6.9,52,Misto,Pulverizacao,Tarde,0
3585,2026-06-22 14:32:00,EQ-003,Lucas do Rio Verde,25.1,0.0,26.6,3.1,487.0,8.6,293,10.1,120,Misto,Pulverizacao,Tarde,0
3449,2026-06-18 08:43:00,EQ-025,Barreiras,38.4,0.0,23.3,1.1,1037.0,8.2,269,8.3,86,Arenoso,Colheita,Manha,0
4951,2026-08-05 13:23:00,EQ-015,Não-Me-Toque,100.0,12.3,19.0,2.2,673.0,8.3,65,8.9,40,Encharcado,Plantio,Tarde,0
5687,2026-08-28 08:58:00,EQ-022,Rio Verde,19.5,0.0,22.5,17.5,851.0,3.9,59,8.4,69,Arenoso,Plantio,Manha,0
1149,2026-04-06 07:23:00,EQ-012,Lucas do Rio Verde,78.6,16.6,30.9,10.8,443.0,3.2,353,6.7,88,Misto,Pulverizacao,Manha,0
1177,2026-04-06 22:52:00,EQ-026,Lucas do Rio Verde,87.0,16.6,25.6,4.9,230.0,2.4,295,11.4,96,Encharcado,Colheita,Noite,1
5147,2026-08-11 08:10:00,EQ-022,Rio Verde,21.4,0.0,25.5,8.4,433.0,3.9,16,11.7,97,Misto,Colheita,Manha,0
3168,2026-06-09 10:18:00,EQ-008,Barreiras,33.8,7.6,27.5,2.3,80.0,9.5,110,8.5,89,Arenoso,Colheita,Manha,0
4300,2026-07-14 20:21:00,EQ-038,Rio Verde,21.3,0.9,18.5,1.7,44.0,3.3,19,10.8,69,Misto,Colheita,Noite,0
5295,2026-08-15 15:36:00,EQ-001,Barreiras,27.1,0.0,30.5,0.7,337.0,11.5,13,9.5,95,Misto,Colheita,Tarde,0
761,2026-03-24 23:56:00,EQ-039,Sorriso,89.3,28.3,28.5,5.0,608.0,2.0,482,8.6,47,Arenoso,Plantio,Noite,0
1343,2026-04-12 06:12:00,EQ-002,Rio Verde,84.3,12.7,30.6,8.0,1024.0,7.4,218,11.2,84,Misto,Transporte,Manha,0
3016,2026-06-04 22:50:00,EQ-007,Cascavel,83.9,20.1,12.1,16.9,1394.0,7.7,175,8.9,99,Argiloso,Colheita,Noite,1
4205,2026-07-11 10:27:00,EQ-018,Rio Verde,27.6,0.0,24.5,8.3,2500.0,9.3,92,9.1,87,Argiloso,Colheita,Manha,0
4555,2026-07-22 22:33:00,EQ-036,Rio Verde,35.8,11.4,24.0,4.5,1167.0,6.7,270,6.7,56,Misto,Plantio,Noite,0
5651,2026-08-26 23:48:00,EQ-018,Rio Verde,22.3,0.0,29.5,8.2,525.0,9.5,283,9.5,92,Arenoso,Transporte,Noite,1
1562,2026-04-18 17:03:00,EQ-028,Sorriso,75.0,6.9,28.1,16.7,830.0,6.8,648,8.0,80,Misto,Plantio,Tarde,0
4820,2026-07-31 23:28:00,EQ-024,Barreiras,16.6,0.0,26.8,2.6,590.0,8.0,362,4.1,60,Arenoso,Pulverizacao,Noite,0
1873,2026-04-28 17:58:00,EQ-010,Sorriso,63.5,16.0,26.2,3.5,770.0,5.0,262,5.6,58,Argiloso,Transporte,Tarde,0
4144,2026-07-09 16:27:00,EQ-020,Sorriso,28.1,0.0,24.3,5.6,597.0,1.7,46,10.5,90,Misto,Colheita,Tarde,0
1450,2026-04-15 06:11:00,EQ-029,Rio Verde,68.3,13.7,32.8,12.5,1166.0,1.0,96,8.9,77,ARGILOSO,Plantio,Manha,0
2056,2026-05-05 13:21:00,EQ-025,Barreiras,78.8,11.5,29.9,10.8,822.0,8.0,82,12.5,66,Arenoso,Colheita,Tarde,1
5407,2026-08-18 23:10:00,EQ-006,Sorriso,24.3,0.6,31.8,1.3,468.0,12.3,182,5.4,61,Arenoso,Pulverizacao,Noite,0
2054,2026-05-05 10:47:00,EQ-026,Não-Me-Toque,59.9,8.7,26.6,5.6,101.0,2.5,411,9.0,74,Argiloso,Transporte,Manha,1
529,2026-03-18 08:03:00,EQ-019,Sorriso,64.3,0.0,29.1,2.5,138.0,4.2,300,5.3,72,Misto,Pulverizacao,Manha,1
849,2026-03-27 16:52:00,EQ-028,Sorriso,87.8,46.3,33.1,0.8,761.0,6.8,567,11.8,102,Arenoso,Transporte,Tarde,0
2912,2026-06-01 13:19:00,EQ-032,Sorriso,19.7,0.0,26.8,5.9,1741.0,5.9,49,7.6,40,Misto,Pulverizacao,Tarde,0
4380,2026-07-17 13:50:00,EQ-022,Rio Verde,29.9,22.8,29.5,19.6,618.0,3.8,305,4.0,81,Arenoso,Transporte,Tarde,0
656,2026-03-22 08:43:00,EQ-027,Barreiras,89.4,43.7,32.8,0.7,114.0,16.8,48,8.6,64,Encharcado,Plantio,Manha,1
4831,2026-08-01 09:40:00,EQ-003,Lucas do Rio Verde,32.2,0.0,26.0,9.9,2229.0,8.7,51,5.9,67,Misto,Pulverizacao,Manha,0
3782,2026-06-28 09:12:00,EQ-017,Lucas do Rio Verde,25.1,0.0,24.1,9.8,558.0,2.1,77,9.9,83,Pedregoso,Colheita,Manha,0
4237,2026-07-12 15:03:00,EQ-027,Barreiras,33.7,0.0,20.5,5.7,844.0,17.1,516,13.6,105,Arenoso,Transporte,Tarde,1
4141,2026-07-09 15:28:00,EQ-037,Sorriso,16.4,0.0,26.8,7.5,865.0,20.8,400,7.2,87,Misto,Colheita,Tarde,1
1617,2026-04-20 15:42:00,EQ-027,Não-Me-Toque,56.5,0.5,24.7,4.7,944.0,16.9,210,9.8,101,Argiloso,Transporte,Tarde,0
3237,2026-06-11 13:05:00,EQ-001,Barreiras,49.0,22.2,20.5,8.3,636.0,11.4,62,11.1,102,Arenoso,Colheita,Tarde,0
4852,2026-08-02 07:57:00,EQ-023,Lucas do Rio Verde,27.7,0.0,28.1,21.2,717.0,6.9,49,9.4,78,Misto,Pulverizacao,Manha,0
162,2026-03-06 14:24:00,EQ-026,Sorriso,91.4,24.6,26.2,0.9,330.0,2.3,171,8.1,94,Encharcado,Colheita,Tarde,1
5183,2026-08-12 08:33:00,EQ-005,Lucas do Rio Verde,17.0,0.0,22.4,6.5,1408.0,8.0,268,4.8,83,Misto,Colheita,Manha,0
1632,2026-04-21 07:03:00,EQ-021,Cascavel,79.7,13.9,26.4,37.7,1995.0,12.9,72,5.7,103,Argiloso,Colheita,Manha,1
2375,2026-05-15 08:55:00,EQ-004,Cascavel,54.2,0.0,18.5,4.6,180.0,5.7,201,10.6,73,Argiloso,Colheita,Manha,0
4524,2026-07-22 08:18:00,EQ-038,Rio Verde,42.0,11.4,19.8,3.7,656.0,3.3,44,8.7,89,Argiloso,Plantio,Manha,0
5040,2026-08-08 06:31:00,EQ-028,Sorriso,30.5,0.0,27.8,7.2,322.0,7.1,502,12.0,69,Arenoso,Colheita,Manha,1
20,2026-03-01 15:52:00,EQ-037,Sorriso,73.6,3.8,24.4,9.6,1133.0,20.4,612,5.3,96,Arenoso,Colheita,Tarde,1
2658,2026-05-24 10:54:00,EQ-023,Barreiras,35.2,0.0,29.6,26.4,367.0,6.7,343,8.2,78,Misto,Pulverizacao,Manha,1
1220,2026-04-08 13:17:00,EQ-040,Não-Me-Toque,71.5,37.9,22.3,0.7,534.0,13.1,112,7.2,67,Argiloso,Colheita,Tarde,0
5024,2026-08-07 14:35:00,EQ-028,Sorriso,23.2,0.0,29.5,1.4,190.0,7.1,493,5.7,81,Misto,Transporte,Tarde,0
5261,2026-08-14 19:52:00,EQ-011,Barreiras,24.4,0.0,37.2,9.1,1181.0,9.3,161,11.4,85,Argiloso,Colheita,Noite,0
2878,2026-05-31 14:42:00,EQ-034,Rio Verde,14.0,0.0,22.2,13.5,426.0,8.6,170,6.9,91,Argiloso,Transporte,Tarde,0
4480,2026-07-20 15:26:00,EQ-031,Barreiras,21.9,0.0,21.3,2.3,422.0,5.6,102,9.1,102,Arenoso,Colheita,Tarde,0
5527,2026-08-22 21:23:00,EQ-025,Barreiras,19.2,0.0,23.5,4.1,982.0,8.3,18,9.2,101,Arenoso,Colheita,Noite,0
3827,2026-06-29 16:07:00,EQ-008,Barreiras,24.8,0.0,26.3,5.4,754.0,9.6,208,12.5,96,Arenoso,Colheita,Tarde,0
2173,2026-05-09 09:29:00,EQ-024,Cascavel,62.3,0.0,22.7,2.6,453.0,7.8,421,6.9,58,Misto,Pulverizacao,Manha,1
963,2026-03-31 07:03:00,EQ-034,Rio Verde,71.0,0.0,30.2,6.2,427.0,8.5,322,7.5,96,Arenoso,Colheita,Manha,1
5113,2026-08-09 23:35:00,EQ-011,Sorriso,25.2,0.0,33.0,2.9,173.0,9.3,147,8.9,87,Misto,Transporte,Noite,1
4058,2026-07-06 22:53:00,EQ-029,Rio Verde,24.8,0.0,25.9,2.6,471.0,1.2,64,11.2,92,Arenoso,Plantio,Noite,
3349,2026-06-15 06:29:00,EQ-002,Rio Verde,21.0,0.0,23.9,11.6,702.0,7.6,182,9.4,94,Argiloso,Colheita,Manha,0
5696,2026-08-28 13:49:00,EQ-017,Lucas do Rio Verde,32.9,0.0,30.1,3.5,1222.0,2.3,127,10.3,73,Argiloso,Transporte,Tarde,0
631,2026-03-21 13:18:00,EQ-001,Barreiras,99.7,82.3,31.5,4.1,196.0,11.1,0,6.3,78,Encharcado,Colheita,Tarde,1
5771,2026-08-31 08:44:00,EQ-018,Rio Verde,13.2,0.0,25.3,2.0,1588.0,9.5,23,9.9,54,Arenoso,Colheita,Manha,0
4909,2026-08-04 07:10:00,EQ-019,Sorriso,39.1,0.0,26.1,1.6,1317.0,4.6,33,10.7,76,Argiloso,Pulverizacao,Manha,0
5687,2026-08-28 08:58:00,EQ-022,Rio Verde,19.5,0.0,22.5,17.5,851.0,3.9,59,8.4,69,Arenoso,Plantio,Manha,0
2590,2026-05-21 22:14:00,EQ-004,Cascavel,73.5,5.6,21.7,1.8,488.0,5.7,237,11.5,86,Argiloso,Colheita,Noite,1
4359,2026-07-16 19:39:00,EQ-007,Cascavel,99.9,14.8,16.4,22.2,872.0,7.8,387,6.4,70,Encharcado,Colheita,Noite,1
5745,2026-08-30 08:27:00,EQ-028,Sorriso,32.9,0.0,30.5,19.5,349.0,7.2,583,9.3,71,Misto,Plantio,Manha,0
2163,2026-05-08 23:30:00,EQ-024,Cascavel,54.7,0.0,16.6,22.9,314.0,7.8,416,5.9,70,Arenoso,Pulverizacao,Noite,0
5381,2026-08-18 08:48:00,EQ-039,Sorriso,20.6,0.6,20.8,15.4,107.0,2.4,441,13.0,82,Argiloso,Plantio,Manha,0
1750,2026-04-24 20:35:00,EQ-008,Barreiras,66.3,0.0,27.3,15.6,1076.0,9.4,,11.0,87,Arenoso,Colheita,Noite,1
4881,2026-08-03 07:51:00,EQ-026,Sorriso,39.3,0.0,21.6,4.2,227.0,2.7,51,14.2,110,Misto,Transporte,Manha,0
1142,2026-04-05 20:41:00,EQ-031,Rio Verde,85.5,29.7,29.9,7.9,541.0,5.3,93,6.5,105,Encharcado,Transporte,Noite,1
1980,2026-05-02 16:48:00,EQ-015,Sorriso,67.9,0.0,23.0,4.1,553.0,8.0,206,7.2,88,Misto,Colheita,Tarde,0
5541,2026-08-23 10:46:00,EQ-013,Barreiras,22.9,0.0,30.1,1.9,620.0,9.6,516,4.6,72,Argiloso,Colheita,Manha,0
3015,2026-06-04 22:26:00,EQ-035,Lucas do Rio Verde,37.6,0.0,27.2,15.1,610.0,3.0,218,7.9,81,Misto,Plantio,Noite,0
1398,2026-04-13 16:55:00,EQ-031,Rio Verde,88.6,6.2,28.7,11.9,645.0,5.3,123,8.8,80,Encharcado,Colheita,Tarde,0
2901,2026-06-01 07:36:00,EQ-001,Barreiras,36.3,0.0,29.8,3.8,730.0,11.3,25,3.7,92,Argiloso,Transporte,Manha,0
4332,2026-07-15 17:45:00,EQ-013,Barreiras,21.6,0.0,32.3,6.5,741.0,9.5,339,10.1,108,Arenoso,Colheita,Tarde,0
229,2026-03-08 19:39:00,EQ-025,Barreiras,88.3,29.0,28.0,4.5,629.0,7.9,98,5.9,105,Encharcado,Colheita,Noite,1
4129,2026-07-09 10:00:00,EQ-019,Sorriso,32.2,0.0,28.7,0.6,309.0,4.5,386,8.1,58,Argiloso,Pulverizacao,Manha,0
1732,2026-04-24 09:10:00,EQ-018,Rio Verde,67.5,8.1,28.4,20.3,345.0,9.1,81,11.4,81,Arenoso,Colheita,Manha,0
3719,2026-06-26 13:29:00,EQ-018,Rio Verde,23.8,0.0,20.8,12.0,19.0,9.3,31,4.9,94,Misto,Colheita,Tarde,0
373,2026-03-13 21:36:00,EQ-018,Rio Verde,72.1,0.0,24.1,13.6,2070.0,9.0,178,11.6,81,Argiloso,Colheita,Noite,0
4853,2026-08-02 08:22:00,EQ-009,Não-Me-Toque,95.7,65.4,17.7,22.6,95.0,5.1,177,6.6,92,Encharcado,Colheita,Manha,1
5054,2026-08-08 13:15:00,EQ-022,Rio Verde,19.8,0.0,26.7,7.2,1074.0,3.9,0,9.4,79,Argiloso,Colheita,Tarde,0
2491,2026-05-18 17:25:00,EQ-027,Barreiras,56.9,0.2,22.5,5.1,1322.0,17.0,298,8.4,102,Arenoso,Colheita,Tarde,1
4632,2026-07-25 21:33:00,EQ-029,Rio Verde,32.1,0.0,26.8,19.0,1158.0,1.2,140,12.3,78,Misto,Transporte,Noite,0
444,2026-03-15 17:43:00,EQ-014,Não-Me-Toque,77.8,1.6,21.6,8.3,586.0,8.0,202,9.5,66,Argiloso,Pulverizacao,Tarde,1
5227,2026-08-13 17:01:00,EQ-006,Barreiras,24.0,0.0,29.3,2.5,89.0,12.3,153,5.7,58,Misto,Pulverizacao,Tarde,1
1471,2026-04-16 08:10:00,EQ-010,Sorriso,100.0,0.0,30.7,1.8,612.0,5.0,199,6.3,43,Argiloso,Plantio,Manha,1
5675,2026-08-27 16:51:00,EQ-034,Rio Verde,23.8,0.0,26.3,0.2,1296.0,8.9,174,9.4,45,Misto,Plantio,Tarde,0
1574,2026-04-19 07:00:00,EQ-026,Sorriso,75.2,13.3,25.3,1.6,149.0,2.5,349,10.9,110,Argiloso,Transporte,Manha,1
3639,2026-06-24 06:39:00,EQ-005,Sorriso,12.1,0.0,25.7,0.5,342.0,7.9,83,10.7,120,Arenoso,Transporte,Manha,0
3675,2026-06-25 06:35:00,EQ-002,Rio Verde,25.1,0.0,24.0,15.9,863.0,7.6,218,12.2,114,Argiloso,Colheita,Manha,0
5526,2026-08-22 19:46:00,EQ-039,Sorriso,35.6,34.2,26.4,0.5,937.0,2.4,462,12.5,79,Misto,Transporte,Noite,0
4766,2026-07-30 08:03:00,EQ-033,Lucas do Rio Verde,25.9,0.0,30.3,25.6,293.0,24.4,170,8.3,82,Argiloso,Transporte,Manha,0
1771,2026-04-25 16:01:00,EQ-037,Lucas do Rio Verde,84.6,13.8,31.0,2.9,164.0,20.6,60,7.0,80,Arenoso,Colheita,Tarde,0
4643,2026-07-26 13:06:00,EQ-025,Barreiras,16.4,0.0,20.0,11.1,1240.0,8.3,170,10.1,85,Misto,Colheita,Tarde,0
1328,2026-04-11 15:34:00,EQ-032,Sorriso,83.0,20.3,31.0,4.5,1141.0,5.8,42,9.6,60,Argiloso,Pulverizacao,Tarde,0
1788,2026-04-26 08:34:00,EQ-021,Cascavel,66.9,0.0,19.4,10.4,530.0,13.0,91,7.8,81,Argiloso,Colheita,Manha,1
4160,2026-07-10 07:25:00,EQ-034,Rio Verde,17.3,0.0,24.2,26.7,375.0,8.8,324,3.9,96,Arenoso,Transporte,Manha,1
537,2026-03-18 10:43:00,EQ-024,Cascavel,59.4,4.6,21.8,21.5,846.0,7.6,195,6.5,67,Arenoso,Pulverizacao,Manha,0
3270,2026-06-12 17:00:00,EQ-028,Sorriso,26.8,0.0,23.8,10.6,225.0,7.0,234,13.1,81,Argiloso,Transporte,tarde,1
3664,2026-06-24 19:10:00,EQ-003,Lucas do Rio Verde,8.1,0.0,23.6,2.2,421.0,8.6,305,10.6,64,Arenoso,Pulverizacao,Noite,0
2233,2026-05-11 08:04:00,EQ-022,Rio Verde,45.2,0.0,24.0,5.2,664.0,3.6,419,3.6,40,Argiloso,Plantio,Manha,0
3736,2026-06-27 06:06:00,EQ-012,Lucas do Rio Verde,28.2,0.0,27.5,3.7,223.0,3.4,715,8.9,54,Argiloso,Pulverizacao,manha,0
2487,2026-05-18 15:19:00,EQ-007,Cascavel,72.6,8.8,22.7,24.1,2232.0,7.7,104,7.2,91,Argiloso,Colheita,Tarde,0
143,2026-03-05 22:06:00,EQ-033,Lucas do Rio Verde,93.4,49.3,25.8,10.8,440.0,24.0,327,9.4,67,Encharcado,Plantio,Noite,1
4966,2026-08-05 16:44:00,EQ-017,Lucas do Rio Verde,18.8,0.0,27.9,18.2,167.0,2.2,11,9.3,101,Argiloso,Colheita,Tarde,1
2206,2026-05-10 10:40:00,EQ-017,Lucas do Rio Verde,65.1,0.0,24.0,11.6,789.0,2.0,154,1.4,68,Misto,Colheita,Manha,0
3396,2026-06-16 15:15:00,EQ-006,Sorriso,17.3,0.0,24.5,9.1,65.0,12.2,,11.2,75,Arenoso,Pulverizacao,Tarde,0
1145,2026-04-06 06:05:00,EQ-017,Lucas do Rio Verde,96.6,16.6,30.8,6.7,566.0,1.9,22,8.3,63,Encharcado,Colheita,Manha,1
2829,2026-05-29 19:51:00,EQ-028,Sorriso,44.6,0.0,22.9,15.8,1718.0,6.9,159,9.0,89,Argiloso,Plantio,Noite,0
3522,2026-06-20 13:33:00,EQ-016,Cascavel,100.0,17.8,18.3,1.5,753.0,4.3,191,9.7,97,Encharcado,Colheita,Tarde,0
2571,2026-05-21 09:05:00,EQ-004,Cascavel,60.8,5.6,22.1,22.7,152.0,5.7,243,11.9,,Argiloso,Colheita,Manha,1
1099,2026-04-04 14:11:00,EQ-023,Lucas do Rio Verde,84.3,17.2,32.5,5.5,272.0,6.6,110,8.5,66,Misto,Pulverizacao,Tarde,1
5370,2026-08-17 21:48:00,EQ-005,Cascavel,100.0,11.0,17.6,6.0,256.0,8.0,271,9.1,73,Arenoso,Colheita,Noite,1
42,2026-03-02 13:31:00,EQ-001,Sorriso,73.3,15.8,30.9,5.6,332.0,11.1,246,7.6,73,Misto,Transporte,Tarde,1
2871,2026-05-31 09:53:00,EQ-025,Barreiras,21.9,0.0,20.4,6.5,2500.0,8.1,,8.0,89,Arenoso,Colheita,Manha,0
3625,2026-06-23 15:10:00,EQ-027,Barreiras,27.5,0.0,21.7,5.9,789.0,17.1,475,3.8,69,Misto,Plantio,Tarde,0
5387,2026-08-18 09:59:00,EQ-024,Sorriso,18.5,0.6,29.0,13.2,733.0,8.1,30,8.8,69,Misto,Pulverizacao,Manha,0
2835,2026-05-30 06:37:00,EQ-032,Sorriso,34.6,0.0,21.3,1.7,386.0,5.9,32,10.3,75,Misto,Pulverizacao,Manha,0
233,2026-03-09 07:11:00,EQ-025,Barreiras,89.6,15.2,25.5,12.0,827.0,7.9,104,5.2,90,Arenoso,Colheita,Manha,0
2399,2026-05-16 07:30:00,EQ-003,Lucas do Rio Verde,53.0,0.0,29.4,3.9,176.0,8.5,139,6.8,69,Misto,Pulverizacao,Manha,0
4804,2026-07-31 10:52:00,EQ-034,Rio Verde,26.7,0.0,22.5,3.8,934.0,8.8,34,12.1,65,Argiloso,Transporte,Manha,0
4018,2026-07-05 14:57:00,EQ-035,Lucas do Rio Verde,32.7,0.0,23.3,9.3,352.0,3.1,7,8.5,83,Argiloso,Transporte,tarde,0
4195,2026-07-11 08:22:00,EQ-003,Lucas do Rio Verde,25.2,0.0,24.8,6.6,985.0,8.6,365,10.0,82,Misto,Pulverizacao,Manha,0
3928,2026-07-02 21:57:00,EQ-007,Cascavel,79.7,0.0,14.4,4.2,1944.0,7.8,323,9.9,104,Arenoso,Transporte,Noite,0
4998,2026-08-06 17:47:00,EQ-021,Cascavel,91.2,7.8,11.6,22.8,279.0,13.2,269,3.6,86,Encharcado,Transporte,Tarde,1
244,2026-03-09 10:59:00,EQ-010,Sorriso,92.7,9.1,27.9,13.1,1657.0,4.9,13,9.7,62,Encharcado,Plantio,Manha,0
1783,2026-04-26 06:55:00,EQ-008,Barreiras,67.0,20.2,19.9,5.2,1031.0,9.4,498,12.3,99,Arenoso,Colheita,Manha,1
2875,2026-05-31 13:40:00,EQ-003,Lucas do Rio Verde,60.1,0.0,24.7,3.8,1656.0,8.5,201,11.5,85,Arenoso,Pulverizacao,Tarde,0
2661,2026-05-24 14:05:00,EQ-027,Barreiras,43.3,0.0,26.4,2.1,1291.0,17.0,308,7.8,87,Misto,Colheita,Tarde,0
4352,2026-07-16 15:39:00,EQ-020,Barreiras,24.8,0.0,24.8,1.8,1822.0,1.8,88,6.6,76,Arenoso,Colheita,Tarde,0
4118,2026-07-08 23:54:00,EQ-009,Lucas do Rio Verde,28.9,0.0,27.1,8.1,2013.0,5.0,60,6.4,92,Argiloso,Colheita,Noite,0
4305,2026-07-15 06:40:00,EQ-031,Rio Verde,23.2,0.0,26.6,11.8,131.0,5.6,77,6.1,58,Misto,Transporte,Manha,0
1010,2026-04-01 16:13:00,EQ-015,Sorriso,97.6,28.7,28.5,3.1,696.0,7.9,,3.6,97,Encharcado,Transporte,Tarde,1
4145,2026-07-09 17:02:00,EQ-002,Rio Verde,14.3,0.0,26.0,6.7,737.0,7.7,291,6.1,70,Misto,Colheita,Tarde,0
2265,2026-05-12 07:31:00,EQ-010,Cascavel,70.6,33.5,17.3,12.2,92.0,5.0,61,8.0,64,Argiloso,Transporte,Manha,1
1391,2026-04-13 13:51:00,EQ-025,Barreiras,"84,0",42.1,25.9,7.0,166.0,8.0,257,8.1,112,Misto,Colheita,Tarde,0
4430,2026-07-19 08:18:00,EQ-031,Rio Verde,35.2,4.4,24.4,3.5,184.0,5.6,96,6.2,85,Argiloso,Transporte,Manha,0
736,2026-03-24 10:43:00,EQ-008,Barreiras,100.0,95.7,24.9,5.2,692.0,9.3,376,5.5,112,Arenoso,Transporte,Manha,1
2655,2026-05-24 10:37:00,EQ-009,Lucas do Rio Verde,30.3,0.0,25.3,2.1,1818.0,4.9,627,7.8,114,Pedregoso,Colheita,Manha,0
206,2026-03-08 07:46:00,EQ-002,Rio Verde,93.9,12.7,17.5,11.1,161.0,7.3,32,7.9,80,Misto,Plantio,Manha,1
3541,2026-06-21 08:26:00,EQ-008,Barreiras,38.1,0.0,20.8,7.3,1062.0,9.5,162,7.8,45,Arenoso,Colheita,Manha,0
5543,2026-08-23 13:20:00,EQ-006,Não-Me-Toque,98.4,19.4,16.9,5.7,551.0,12.4,195,14.4,71,Encharcado,Pulverizacao,Tarde,1
2374,2026-05-15 08:22:00,EQ-026,Sorriso,69.5,0.0,24.2,9.1,2033.0,2.5,471,6.7,59,Misto,Plantio,Manha,0
4025,2026-07-05 16:16:00,EQ-017,Lucas do Rio Verde,24.7,0.0,18.5,6.5,611.0,2.1,112,8.4,91,Arenoso,Colheita,Tarde,0
3948,2026-07-03 16:48:00,EQ-025,Barreiras,25.7,0.0,24.8,1.3,57.0,8.2,53,8.7,94,Misto,Colheita,Tarde,0
2504,2026-05-19 06:10:00,EQ-026,Sorriso,47.5,0.0,28.7,15.0,1880.0,2.5,487,10.7,71,Arenoso,Plantio,Manha,0
2943,2026-06-02 14:51:00,EQ-032,Sorriso,33.7,0.0,25.9,15.3,1153.0,5.9,57,8.6,74,Arenoso,Pulverizacao,Tarde,0
564,2026-03-19 13:04:00,EQ-014,Sorriso,53.0,0.0,33.4,11.9,1851.0,8.0,236,3.8,94,Misto,Pulverizacao,Tarde,0
534,2026-03-18 09:48:00,EQ-036,Rio Verde,77.3,6.7,29.1,16.8,548.0,6.3,278,10.1,87,Arenoso,Plantio,Manha,0
5240,2026-08-14 07:17:00,EQ-015,Sorriso,"27,8",0.0,24.5,3.3,1492.0,8.3,111,3.3,67,Argiloso,Colheita,Manha,0
357,2026-03-13 09:19:00,EQ-039,Sorriso,88.5,0.0,29.6,21.4,506.0,2.0,413,7.3,43,Argiloso,Plantio,Manha,1
1483,2026-04-16 15:19:00,EQ-037,Sorriso,88.8,0.0,29.8,5.5,1444.0,20.5,24,7.6,65,Arenoso,Plantio,Tarde,0
4786,2026-07-30 21:35:00,EQ-035,Lucas do Rio Verde,27.6,0.0,33.0,8.9,253.0,3.1,80,11.0,108,Arenoso,Transporte,Noite,0
3287,2026-06-12 23:23:00,EQ-038,Sorriso,19.9,0.0,28.5,1.1,533.0,3.2,190,10.6,102,Argiloso,Transporte,Noite,0
1696,2026-04-23 07:20:00,EQ-019,Sorriso,56.2,0.0,28.7,3.7,470.0,4.3,50,12.4,86,Arenoso,Pulverizacao,Manha,0
2234,2026-05-11 08:27:00,EQ-008,Barreiras,67.5,17.4,31.7,7.2,1221.0,9.4,576,5.5,97,Arenoso,Colheita,Manha,0
1570,2026-04-18 20:39:00,EQ-010,Sorriso,83.1,6.9,24.8,4.8,1798.0,5.0,214,7.6,61,Misto,Plantio,Noite,0
2131,2026-05-08 08:28:00,EQ-034,Rio Verde,64.0,0.6,32.5,13.3,1109.0,8.6,76,11.7,97,Misto,Colheita,Manha,0
4094,2026-07-08 08:59:00,EQ-023,Lucas do Rio Verde,24.7,0.0,25.7,1.6,221.0,6.9,567,5.2,120,Argiloso,Pulverizacao,Manha,1
5533,2026-08-23 06:26:00,EQ-010,Sorriso,52.6,11.7,33.1,6.7,77.0,5.3,171,13.7,90,Arenoso,Colheita,Manha,0
3470,2026-06-18 17:30:00,EQ-018,Rio Verde,20.2,0.0,29.2,11.8,645.0,9.3,0,7.6,91,Argiloso, colheita,Tarde,0
3504,2026-06-19 23:21:00,EQ-011,Barreiras,24.9,0.0,24.8,3.9,311.0,9.2,384,2.4,83,Misto,Transporte,Noite,0
801,2026-03-26 08:14:00,EQ-007,Cascavel,49.5,0.0,20.4,1.7,1045.0,7.5,277,9.5,83,Argiloso,Colheita,Manha,0
639,2026-03-21 16:58:00,EQ-023,Lucas do Rio Verde,87.0,104.1,34.5,5.1,844.0,6.6,45,4.5,60,Encharcado,Pulverizacao,Tarde,1
332,2026-03-12 14:32:00,EQ-014,Sorriso,98.3,83.1,25.3,5.7,1145.0,8.0,184,9.4,51,Encharcado,Pulverizacao,Tarde,1
2011,2026-05-03 16:00:00,EQ-034,Sorriso,60.6,0.0,22.4,9.0,1124.0,8.6,54,11.8,72,Argiloso,Colheita,Tarde,0
2074,2026-05-06 08:49:00,EQ-017,Lucas do Rio Verde,59.2,4.7,29.4,3.5,197.0,1.9,125,10.7,65,Argiloso,Colheita,Manha,0
4265,2026-07-13 16:58:00,EQ-012,Barreiras,23.5,0.0,27.5,1.5,243.0,3.5,794,9.9,82,Argiloso,Pulverizacao,Tarde,0
1063,2026-04-03 07:45:00,EQ-027,Barreiras,87.2,32.9,23.6,11.8,14.0,16.9,129,10.1,80,Arenoso,Colheita,Manha,1
5546,2026-08-23 15:55:00,EQ-029,Rio Verde,20.4,0.0,26.4,10.0,1214.0,1.3,288,9.2,69,Misto,Plantio,Tarde,0
2490,2026-05-18 16:30:00,EQ-002,Rio Verde,34.1,0.0,27.3,9.7,1583.0,7.5,67,10.3,94,Argiloso,Colheita,Tarde,0
3596,2026-06-22 20:03:00,EQ-002,Rio Verde,30.5,0.0,21.2,8.6,272.0,7.6,207,6.3,68,Argiloso,Plantio,Noite,0
4253,2026-07-13 07:17:00,EQ-010,Rio Verde,25.2,0.0,22.1,4.8,149.0,5.2,28,9.9,101,Misto,Transporte,Manha,0
3128,2026-06-08 08:47:00,EQ-016,Cascavel,98.8,40.8,19.5,4.7,1038.0,4.3,141,2.1,68,Encharcado,Plantio,Manha,1
2241,2026-05-11 14:06:00,EQ-025,Barreiras,75.3,17.4,26.1,12.8,163.0,8.1,105,9.1,87,Arenoso,Transporte,Tarde,1
5239,2026-08-14 06:46:00,EQ-031,Não-Me-Toque,68.7,9.6,19.4,19.5,208.0,5.7,250,6.3,84,Misto,Colheita,Manha,1
1650,2026-04-21 16:07:00,EQ-028,Sorriso,61.8,5.2,22.0,8.8,419.0,6.8,662,8.3,71,Arenoso,Transporte,Tarde,1
2160,2026-05-08 21:38:00,EQ-032,Sorriso,56.6,34.7,27.6,3.0,1318.0,5.9,178,10.1,84,Misto,Pulverizacao,Noite,0
1543,2026-04-18 09:21:00,EQ-012,Lucas do Rio Verde,91.4,22.3,31.3,6.2,404.0,3.2,402,8.8,92,Encharcado,Pulverizacao,Manha,0
4772,2026-07-30 10:39:00,EQ-035,Lucas do Rio Verde,34.7,0.0,23.9,16.6,933.0,3.1,76,6.5,106,Misto,Colheita,Manha,0
3175,2026-06-09 15:21:00,EQ-033,Lucas do Rio Verde,29.2,0.0,24.7,5.7,773.0,24.3,379,8.6,53,Misto,Transporte,Tarde,0
1522,2026-04-17 17:26:00,EQ-032,Sorriso,81.6,7.4,25.5,12.3,1062.0,5.8,65,10.4,68,Arenoso,Pulverizacao,Tarde,0
5476,2026-08-21 06:52:00,EQ-009,Rio Verde,28.5,0.0,25.1,12.7,884.0,5.1,238,8.7,116,Argiloso,Transporte,Manha,0
2366,2026-05-14 22:07:00,EQ-040,Não-Me-Toque,55.0,4.1,26.3,13.4,1368.0,13.2,279,1.0,108,Argiloso,Colheita,Noite,0
2707,2026-05-25 19:11:00,EQ-040,Não-Me-Toque,90.7,37.2,18.3,11.0,1141.0,13.3,312,5.3,82,Misto,Colheita,Noite,0
492,2026-03-17 09:38:00,EQ-032,Rio Verde,67.3,11.2,27.0,2.0,834.0,5.7,196,4.8,64,Arenoso,Pulverizacao,Manha,0
3427,2026-06-17 15:52:00,EQ-028,Sorriso,34.1,0.0,24.3,5.5,1377.0,7.0,276,9.0,98,Argiloso,Transporte,Tarde,0
4159,2026-07-10 07:23:00,EQ-029,Rio Verde,19.6,0.0,22.8,12.4,938.0,1.2,74,9.6,83,Misto,Plantio,Manha,0
5331,2026-08-16 16:54:00,EQ-017,Lucas do Rio Verde,19.2,0.0,30.8,6.1,164.0,2.2,62,8.7,101,Misto,Colheita,Tarde,0
1941,2026-05-01 09:02:00,EQ-005,Sorriso,66.1,0.0,31.1,2.9,584.0,7.7,150,4.0,85,Arenoso,Transporte,Manha,1
2010,2026-05-03 15:57:00,EQ-023,Lucas do Rio Verde,55.5,0.0,27.4,6.8,1226.0,6.7,230,6.5,63,Misto,Pulverizacao,Tarde,0
3145,2026-06-08 14:52:00,EQ-001,Barreiras,28.4,0.0,21.7,9.3,1336.0,11.3,55,7.0,81,Arenoso,Colheita,Tarde,0
3129,2026-06-08 09:09:00,EQ-026,Sorriso,22.2,0.0,22.4,18.5,782.0,2.6,587,8.1,67,Misto,Transporte,Manha,0
15,2026-03-01 10:57:00,EQ-027,Barreiras,77.7,12.3,32.5,17.5,555.0,16.8,662,8.5,74,Arenoso,Colheita,Manha,1
3735,2026-06-26 23:38:00,EQ-003,Lucas do Rio Verde,30.1,0.0,26.6,3.0,308.0,8.6,316,7.9,92,Misto,Pulverizacao,Noite,0
1637,2026-04-21 09:54:00,EQ-011,Barreiras,61.6,0.0,27.4,4.8,1239.0,9.0,76,4.9,104,Misto,Transporte,Manha,0
360,2026-03-13 10:19:00,EQ-014,Sorriso,92.0,0.0,27.7,7.0,1168.0,8.0,188,3.5,72,Misto,Pulverizacao,Manha,0
1341,2026-04-11 23:06:00,EQ-007,Cascavel,71.5,4.6,26.0,29.2,171.0,7.6,333,10.0,85,Argiloso,Colheita,Noite,1
3902,2026-07-02 08:32:00,EQ-002,Rio Verde,16.3,0.0,24.3,7.8,89.0,7.6,260,5.4,97,Arenoso,Transporte,Manha,0
1050,2026-04-02 22:34:00,EQ-037,Lucas do Rio Verde,81.2,10.6,24.8,6.1,515.0,20.5,696,7.8,100,Misto,Transporte,Noite,1
1928,2026-04-30 17:33:00,EQ-015,Sorriso,72.1,20.3,27.5,3.2,289.0,8.0,198,8.9,91,Arenoso,Transporte,Tarde,1
330,2026-03-12 13:40:00,EQ-039,Sorriso,94.6,83.1,29.3,5.7,805.0,2.0,409,2.6,84,Argiloso,Plantio,Tarde,1
3778,2026-06-28 08:36:00,EQ-011,Barreiras,18.7,0.0,26.4,12.3,441.0,9.2,0,8.5,71,Arenoso,Colheita,Manha,0
2803,2026-05-28 21:58:00,EQ-029,Rio Verde,38.8,1.6,30.0,4.7,1006.0,1.1,273,6.6,90,Misto,Transporte,Noite,0
5647,2026-08-26 19:19:00,EQ-027,Barreiras,14.9,0.0,23.5,13.8,1026.0,17.3,74,9.0,81,Misto,Colheita,Noite,0
4176,2026-07-10 14:11:00,EQ-030,Não-Me-Toque,61.0,3.2,15.7,6.3,963.0,12.7,163,6.1,98,Argiloso,Colheita,Tarde,0
4634,2026-07-26 06:21:00,EQ-012,Lucas do Rio Verde,32.4,0.0,22.9,27.9,215.0,3.5,57,9.5,100,Argiloso,Pulverizacao,Manha,0
87,2026-03-04 06:15:00,EQ-013,Barreiras,86.3,45.8,28.7,7.1,102.0,9.1,583,7.4,91,Arenoso,Colheita,Manha,1
2207,2026-05-10 13:02:00,EQ-018,Rio Verde,53.6,1.0,25.2,6.2,900.0,9.2,154,6.1,78,Arenoso,Transporte,Tarde,0
2575,2026-05-21 10:44:00,EQ-037,Sorriso,45.0,6.0,27.8,1.0,773.0,20.6,165,5.4,107,Argiloso,Transporte,MANHÃ,1
3236,2026-06-11 13:02:00,EQ-008,Barreiras,38.7,22.2,30.9,8.4,1894.0,9.5,127,11.2,69,Arenoso,Colheita,Tarde,0
38,2026-03-02 09:22:00,EQ-022,Rio Verde,71.1,12.9,27.5,0.8,522.0,3.4,211,7.1,100,Arenoso,Plantio,Manha,0
508,2026-03-17 14:02:00,EQ-020,Barreiras,99.1,81.8,26.6,12.1,181.0,1.4,323,8.4,91,Arenoso,Colheita,Tarde,1
5312,2026-08-16 07:54:00,EQ-017,Lucas do Rio Verde,20.2,0.0,30.2,4.6,1222.0,2.2,66,6.0,108,Misto,Colheita,Manha,0
5174,2026-08-11 22:47:00,EQ-022,Rio Verde,21.3,0.0,29.6,16.3,147.0,3.9,22,9.4,96,Arenoso,Plantio,Noite,0
4276,2026-07-14 07:21:00,EQ-011,Barreiras,35.3,0.5,23.9,9.2,830.0,9.3,70,8.4,82,Arenoso,Transporte,Manha,0
291,2026-03-11 06:33:00,EQ-011,Barreiras,82.6,12.7,25.9,,1517.0,8.9,333,12.0,73,Misto,Plantio,Manha,0
3809,2026-06-29 07:56:00,EQ-013,Barreiras,30.7,0.0,32.3,17.3,530.0,9.4,250,8.6,83,Arenoso,Colheita,Manha,0
5697,2026-08-28 14:19:00,EQ-008,Barreiras,17.6,0.0,35.8,4.8,1069.0,9.7,454,6.3,112,Argiloso,Colheita,Tarde,0
627,2026-03-21 13:01:00,EQ-010,Sorriso,78.4,0.0,32.1,2.3,882.0,4.9,68,8.9,100,Argiloso,Transporte,Tarde,0
2408,2026-05-16 13:20:00,EQ-021,Cascavel,57.5,0.0,25.1,4.9,889.0,13.0,199,5.9,92,Arenoso,Colheita,Tarde,0
3105,2026-06-07 15:10:00,EQ-032,Sorriso,33.3,0.0,27.6,10.5,265.0,5.9,84,9.9,77,Arenoso,Pulverizacao,Tarde,1
806,2026-03-26 13:53:00,EQ-029,Rio Verde,88.3,29.6,27.6,9.0,842.0,0.9,30,7.9,62,Argiloso,Plantio,Tarde,0
4942,2026-08-05 07:28:00,EQ-037,Sorriso,14.5,0.0,25.5,3.4,1001.0,20.8,546,8.3,92,Argiloso,Colheita,Manha,0
4462,2026-07-20 07:13:00,EQ-006,Sorriso,21.7,1.9,21.4,10.3,104.0,12.3,43,7.9,59,Argiloso,Pulverizacao,Manha,0
787,2026-03-25 16:53:00,EQ-039,Sorriso,80.9,0.0,28.2,1.6,169.0,2.0,487,8.0,93,Misto,Plantio,Tarde,0
247,2026-03-09 14:35:00,EQ-003,Lucas do Rio Verde,100.0,45.7,35.2,2.2,277.0,8.3,242,2.5,50,Misto,Pulverizacao,Tarde,1
3247,2026-06-11 21:57:00,EQ-036,Rio Verde,28.1,0.0,24.7,3.5,598.0,6.5,72,6.4,89,Argiloso,Transporte,Noite,0
2167,2026-05-09 06:57:00,EQ-016,Cascavel,51.1,0.0,23.9,9.6,1310.0,4.2,26,7.9,102,Arenoso,Colheita,Manha,1
4079,2026-07-07 17:40:00,EQ-030,Não-Me-Toque,65.1,13.3,19.9,6.0,1095.0,12.7,160,6.6,63,Misto,Colheita,Tarde,0
4093,2026-07-08 08:05:00,EQ-004,Cascavel,89.6,24.1,16.1,12.8,570.0,5.8,158,7.4,81,Encharcado,Colheita,Manha,0
5408,2026-08-19 06:10:00,EQ-027,Barreiras,23.0,0.0,30.8,4.5,1122.0,17.2,22,9.2,87,Misto,Colheita,Manha,0
662,2026-03-22 10:10:00,EQ-015,Sorriso,68.5,29.9,31.2,15.3,1359.0,7.9,264,7.6,57,Argiloso,Plantio,Manha,0
4843,2026-08-01 17:01:00,EQ-003,Lucas do Rio Verde,21.0,0.0,25.3,2.4,322.0,8.7,54,5.8,58,Misto,Pulverizacao,Tarde,0
2787,2026-05-28 13:27:00,EQ-001,Barreiras,23.6,0.0,28.8,8.0,295.0,11.3,6,6.7,66,Misto,Transporte,Tarde,0
1633,2026-04-21 07:07:00,EQ-009,Lucas do Rio Verde,89.5,43.3,26.6,2.9,1038.0,4.8,492,4.6,73,Argiloso,Plantio,Manha,
2231,2026-05-11 06:22:00,EQ-034,Rio Verde,51.8,0.0,27.7,12.7,810.0,8.6,91,10.2,90,Misto,Transporte,Manha,0
4708,2026-07-28 10:48:00,EQ-009,Rio Verde,26.9,0.0,29.4,3.5,1382.0,5.1,137,9.1,88,Misto,Colheita,Manha,0
4356,2026-07-16 16:32:00,EQ-012,Lucas do Rio Verde,24.6,0.0,30.9,6.0,438.0,3.5,4,10.3,79,Arenoso,Pulverizacao,Tarde,0
2335,2026-05-14 06:33:00,EQ-035,Lucas do Rio Verde,43.4,0.0,23.0,3.7,216.0,2.9,113,6.4,85,Misto,Colheita,Manha,0
1310,2026-04-11 06:39:00,EQ-018,Sorriso,74.6,20.3,30.8,4.1,534.0,9.1,25,6.5,58,Argiloso,Plantio,Manha,0
5067,2026-08-08 17:52:00,EQ-005,Sorriso,21.5,0.0,30.1,1.1,463.0,8.0,242,10.2,72,Argiloso,Colheita,Tarde,0
1937,2026-05-01 08:31:00,EQ-029,Cascavel,53.6,0.0,22.7,0.8,1193.0,1.0,178,10.7,78,Arenoso,Transporte,Manha,0
2069,2026-05-06 07:06:00,EQ-012,Lucas do Rio Verde,58.1,4.7,31.0,9.6,970.0,3.3,464,6.0,64,Misto,Pulverizacao,Manha,0
1555,2026-04-18 15:48:00,EQ-037,Sorriso,87.4,6.9,25.9,4.1,273.0,20.5,35,9.3,90,Encharcado,Plantio,Tarde,1
4810,2026-07-31 14:31:00,EQ-014,Sorriso,38.4,0.0,26.4,12.0,1188.0,8.3,48,8.2,85,Argiloso,Pulverizacao,Tarde,0
5642,2026-08-26 16:53:00,EQ-008,Barreiras,20.0,0.0,27.8,3.5,2016.0,9.7,443,9.1,83,Arenoso,Colheita,Tarde,0
3790,2026-06-28 16:29:00,EQ-008,Barreiras,24.7,0.0,31.2,4.5,436.0,9.5,199,8.6,78,Arenoso,Colheita,Tarde,0
180,2026-03-07 08:07:00,EQ-038,Rio Verde,94.8,9.9,26.1,9.9,375.0,3.0,70,5.1,76,Arenoso,Transporte,Manha,1
1224,2026-04-08 13:52:00,EQ-014,Sorriso,94.8,7.5,25.7,0.3,1301.0,8.0,311,5.3,77,Encharcado,Pulverizacao,Tarde,0
643,2026-03-21 21:19:00,EQ-017,Lucas do Rio Verde,84.4,104.1,29.8,5.5,2107.0,1.8,210,10.8,104,Arenoso,Colheita,Noite,0
3063,2026-06-06 13:00:00,EQ-037,Sorriso,45.4,0.0,27.5,10.2,341.0,20.7,239,13.7,77,Misto,Transporte,Tarde,1
954,2026-03-30 19:29:00,EQ-033,Lucas do Rio Verde,100.0,9.8,31.6,4.8,283.0,24.1,31,7.7,82,Encharcado,plantio ,Noite,1
5575,2026-08-24 17:48:00,EQ-029,Rio Verde,24.2,0.0,28.4,7.9,311.0,1.3,302,5.2,95,Misto,Transporte,Tarde,0
2514,2026-05-19 08:42:00,EQ-037,Sorriso,52.3,0.0,25.1,11.0,227.0,20.6,151,2.9,95,Arenoso,Transporte,Manha,0
2174,2026-05-09 09:54:00,EQ-039,Sorriso,100.0,113.3,29.8,2.1,504.0,2.2,21,10.5,89,Misto,Transporte,Manha,1
4369,2026-07-16 23:44:00,EQ-018,Cascavel,93.0,14.8,15.0,13.1,2118.0,9.3,106,11.5,72,Argiloso,Plantio,Noite,0
1814,2026-04-27 06:09:00,EQ-028,Cascavel,76.4,21.8,24.0,21.4,424.0,6.9,26,3.6,100,Misto,Transporte,Manha,1
4800,2026-07-31 09:39:00,EQ-029,Rio Verde,31.2,0.0,21.4,4.6,163.0,1.3,169,6.5,85,Argiloso,Plantio,Manha,0
1387,2026-04-13 10:35:00,EQ-002,Rio Verde,77.5,6.2,27.2,4.3,1911.0,7.4,229,2.7,69,Misto,Plantio,Manha,0
2395,2026-05-15 21:36:00,EQ-006,Sorriso,82.6,0.0,30.3,1.4,811.0,12.1,34,9.7,45,Argiloso,Pulverizacao,Noite,1
2360,2026-05-14 17:40:00,EQ-035,Lucas do Rio Verde,54.4,0.0,29.2,8.6,616.0,2.9,116,8.3,97,Misto,Transporte,Tarde,0
474,2026-03-16 17:15:00,EQ-020,Barreiras,91.9,0.0,25.3,3.5,1729.0,1.4,314,8.1,85,Arenoso,Colheita,Tarde,0
2339,2026-05-14 08:10:00,EQ-010,Sorriso,75.0,0.0,26.7,12.6,1150.0,5.0,69,11.7,72,ARGILOSO,Transporte,Manha,0
1619,2026-04-20 16:26:00,EQ-035,Lucas do Rio Verde,97.6,34.4,28.8,4.8,144.0,2.9,23,7.3,102,Misto,Colheita,Tarde,1
12,2026-03-01 09:44:00,EQ-040,Não-Me-Toque,61.2,0.0,25.2,7.3,672.0,13.0,290,5.2,109,Argiloso,Colheita,Manha,1
802,2026-03-26 08:45:00,EQ-013,Barreiras,77.5,6.8,28.6,11.1,1272.0,9.2,672,8.6,87,Argiloso,Colheita,Manha,1
2338,2026-05-14 07:23:00,EQ-002,Rio Verde,39.8,0.0,25.6,7.2,377.0,7.5,64,5.3,73,Misto,Plantio,Manha,0
3515,2026-06-20 09:58:00,EQ-010,Sorriso,16.6,0.0,23.6,10.8,2500.0,5.1,262,11.8,91,Argiloso,Transporte,Manha,1
2757,2026-05-27 10:18:00,EQ-038,Rio Verde,32.8,0.0,27.5,7.6,1979.0,3.2,119,11.2,81,Argiloso,Plantio,Manha,0
1909,2026-04-30 07:00:00,EQ-037,Sorriso,72.9,20.3,26.7,1.1,1042.0,20.6,67,2.7,86,Misto,Colheita,Manha,0
2662,2026-05-24 14:28:00,EQ-040,Não-Me-Toque,76.1,9.0,29.1,41.4,57.0,13.3,308,4.7,95,Argiloso,Transporte,Tarde,1
3335,2026-06-14 13:58:00,EQ-022,Rio Verde,16.2,0.0,19.9,10.8,879.0,3.7,136,6.1,120,Misto,Transporte,Tarde,0
4498,2026-07-21 06:48:00,EQ-022,Rio Verde,37.1,0.0,27.4,9.5,622.0,3.8,336,10.7,79,Misto,Plantio,Manha,0
4251,2026-07-13 06:06:00,EQ-009,Lucas do Rio Verde,24.9,0.0,30.9,4.9,717.0,5.0,76,9.6,90,Arenoso,Transporte,Manha,0
2450,2026-05-17 17:32:00,EQ-031,Rio Verde,50.0,0.0,28.8,6.4,478.0,5.4,262,9.0,90,Arenoso,Colheita,Tarde,1
1327,2026-04-11 15:33:00,EQ-021,Cascavel,84.1,4.6,22.4,2.3,635.0,12.9,8,7.5,79,Argiloso,Colheita,Tarde,1
4294,2026-07-14 15:40:00,EQ-006,Sorriso,28.5,0.0,34.9,13.2,283.0,12.3,26,10.3,84,Argiloso,Pulverizacao,Tarde,0
4295,2026-07-14 16:05:00,EQ-004,Cascavel,94.2,10.2,11.8,8.2,535.0,5.8,187,8.2,92,Arenoso,Colheita,Tarde,0
1952,2026-05-01 17:15:00,EQ-032,Sorriso,64.2,0.0,38.0,0.3,921.0,5.8,161,8.9,55,Misto,Pulverizacao,Tarde,0
1996,2026-05-03 07:46:00,EQ-003,Lucas do Rio Verde,59.8,0.0,27.6,4.4,2427.0,8.4,103,10.1,64,Arenoso,Pulverizacao,Manha,0
355,2026-03-13 09:16:00,EQ-024,Cascavel,55.5,0.0,23.6,20.8,494.0,7.6,176,7.8,101,Misto,Pulverizacao,Manha,0
458,2026-03-16 09:04:00,EQ-036,Rio Verde,80.6,13.7,28.7,5.2,1113.0,6.3,266,8.6,80,Misto,Plantio,Manha,0
3363,2026-06-15 14:09:00,EQ-022,Rio Verde,19.8,0.0,26.5,7.1,999.0,3.7,145,8.9,92,Arenoso,Colheita,Tarde,0
2955,2026-06-02 21:28:00,EQ-021,Cascavel,93.1,26.5,19.2,7.5,2247.0,13.1,17,12.1,102,Encharcado,Colheita,Noite,0
3047,2026-06-05 21:18:00,EQ-036,Rio Verde,20.6,0.0,27.8,3.4,372.0,6.5,28,7.1,93,Arenoso,Transporte,Noite,0
3550,2026-06-21 14:04:00,EQ-032,Sorriso,20.9,0.0,27.4,4.3,793.0,6.0,155,11.3,64,Misto,Pulverizacao,Tarde,0
117,2026-03-04 23:01:00,EQ-033,Lucas do Rio Verde,100.0,68.4,33.4,2.2,97.0,24.0,312,8.6,78,Encharcado,Plantio,Noite,1
5236,2026-08-14 06:02:00,EQ-035,Lucas do Rio Verde,23.0,0.0,31.7,5.4,637.0,3.2,137,4.7,98,Arenoso,Colheita,Manha,0
4083,2026-07-07 19:52:00,EQ-031,Rio Verde,24.5,0.0,25.1,5.2,392.0,5.6,23,5.5,95,Argiloso,Transporte,Noite,0
3570,2026-06-22 06:02:00,EQ-040,Não-Me-Toque,83.2,0.0,18.5,4.8,796.0,13.3,101,7.2,86,Misto,Colheita,Manha,0
4532,2026-07-22 09:44:00,EQ-036,Rio Verde,37.3,11.4,26.0,9.5,827.0,6.7,267,5.8,95,Misto,Transporte,Manha,0
1850,2026-04-27 21:01:00,EQ-021,Cascavel,67.2,21.8,25.6,12.1,819.0,13.0,99,6.9,84,Misto,Colheita,Noite,0
2388,2026-05-15 16:33:00,EQ-031,Rio Verde,49.4,0.0,23.3,22.7,1453.0,5.4,252,4.5,88,Argiloso,Colheita,Tarde,0
2384,2026-05-15 15:47:00,EQ-012,Lucas do Rio Verde,52.1,0.0,27.3,7.4,375.0,3.3,514,8.5,79,Misto,Pulverizacao,Tarde,0
4463,2026-07-20 07:27:00,EQ-020,Barreiras,20.2,0.0,26.0,10.5,1407.0,1.8,105,11.8,71,Arenoso,Colheita,Manha,0
783,2026-03-25 14:29:00,EQ-010,Sorriso,85.7,0.0,32.3,3.5,1248.0,4.9,93,5.2,61,Encharcado,Plantio,Tarde,0
1042,2026-04-02 16:27:00,EQ-031,Rio Verde,54.1,0.0,27.1,3.0,838.0,5.3,90,5.2,88,Misto,Colheita,Tarde,0
2636,2026-05-23 14:42:00,EQ-001,Barreiras,34.5,0.0,26.9,5.7,2077.0,11.3,296,8.2,88,Misto,Colheita,Tarde,0
2520,2026-05-19 10:48:00,EQ-008,Barreiras,43.6,0.0,26.9,1.9,1713.0,9.4,620,3.8,86,Arenoso,Colheita,Manha,0
4050,2026-07-06 13:18:00,EQ-039,Sorriso,5.5,0.0,18.5,19.7,515.0,2.3,303,4.8,91,Arenoso,Transporte,Tarde,0
4464,2026-07-20 07:43:00,EQ-039,Sorriso,21.5,1.9,26.1,9.6,726.0,2.4,352,9.4,112,Misto,Colheita,Manha,0
912,2026-03-29 17:37:00,EQ-033,Lucas do Rio Verde,99.2,43.9,25.3,11.3,1079.0,24.1,20,6.9,54,Encharcado,Plantio,Tarde,1
668,2026-03-22 13:38:00,EQ-036,Rio Verde,87.7,0.0,21.8,14.3,1277.0,6.3,0,4.0,57,Misto,Plantio,Tarde,0
4043,2026-07-06 08:09:00,EQ-020,Barreiras,25.8,0.0,26.4,12.8,324.0,1.7,26,9.5,81,Argiloso,Colheita,Manha,0
2753,2026-05-27 08:35:00,EQ-028,Sorriso,39.8,0.0,27.6,4.7,478.0,6.9,148,6.6,79,Arenoso,Transporte,Manha,0
3957,2026-07-03 20:13:00,EQ-009,Lucas do Rio Verde,26.5,0.0,30.7,11.9,1000.0,5.0,23,5.4,101,Misto,Transporte,Noite,0
5816,2026-08-05 08:23:00,EQ-003,Lucas do Rio Verde,27.3,0.0,26.4,16.5,1004.0,8.7,84,5.4,44,Misto,Pulverizacao,Manha,0
3732,2026-06-26 20:11:00,EQ-005,Sorriso,21.1,0.0,25.9,0.7,101.0,7.9,93,8.1,57,Misto,Transporte,Noite,0
569,2026-03-19 15:30:00,EQ-039,Sorriso,71.3,0.0,26.2,1.1,93.0,2.0,441,10.6,62,Misto,Transporte,Tarde,1
4496,2026-07-21 06:36:00,EQ-027,Barreiras,26.6,0.0,24.6,3.0,392.0,17.2,563,8.9,110,Arenoso,Colheita,Manha,1
1858,2026-04-28 08:32:00,EQ-001,Barreiras,71.8,0.5,26.9,0.8,1102.0,11.2,176,10.4,86,Misto,Transporte,Manha,0
4364,2026-07-16 21:12:00,EQ-040,Não-Me-Toque,60.0,0.0,8.4,0.4,339.0,13.4,208,5.0,69,Misto,Colheita,Noite,0
590,2026-03-20 09:44:00,EQ-025,Barreiras,74.0,0.0,28.1,2.0,1005.0,7.9,150,8.1,111,Misto,Colheita,Manha,0
441,2026-03-15 17:03:00,EQ-035,Lucas do Rio Verde,71.4,0.0,19.6,5.1,479.0,2.8,208,8.2,120,Argiloso,Colheita,Tarde,1
5506,2026-08-22 07:10:00,EQ-038,Rio Verde,20.9,0.0,27.2,15.3,190.0,3.4,126,9.7,59,Argiloso,Transporte,Manha,0
5762,2026-08-30 16:40:00,EQ-035,Lucas do Rio Verde,38.1,1.9,33.2,2.9,1798.0,3.2,214,9.2,118,Argiloso,Transporte,Tarde,0
3725,2026-06-26 16:29:00,EQ-024,Cascavel,95.2,27.8,10.9,8.4,644.0,7.9,201,12.3,80,Encharcado,Pulverizacao,Tarde,0
3195,2026-06-10 07:32:00,EQ-010,Sorriso,22.2,0.0,22.2,3.3,308.0,5.1,200,5.3,112,Argiloso,Transporte,Manha,0
2717,2026-05-26 08:20:00,EQ-017,Lucas do Rio Verde,38.3,14.7,26.2,12.4,643.0,2.0,221,6.2,93,Argiloso,Colheita,Manha,0
5221,2026-08-13 14:42:00,EQ-014,Sorriso,16.1,0.0,31.4,2.2,392.0,8.4,100,6.4,68,Misto,Pulverizacao,Tarde,0
3351,2026-06-15 07:15:00,EQ-024,Cascavel,87.3,7.8,18.4,5.2,169.0,7.9,137,3.2,97,Encharcado,Pulverizacao,Manha,1
1097,2026-04-04 10:09:00,EQ-030,Não-Me-Toque,61.4,22.7,25.7,5.1,599.0,12.4,377,8.8,89,Misto,Colheita,Manha,1
1608,2026-04-20 09:00:00,EQ-005,Sorriso,76.2,0.0,27.0,6.5,929.0,7.7,86,6.4,67,Misto,Transporte,Manha,0
5730,2026-08-29 21:03:00,EQ-004,Barreiras,21.6,0.0,33.9,6.0,1107.0,5.9,311,14.2,103,Arenoso,Transporte,Noite,0
4990,2026-08-06 15:40:00,EQ-018,Rio Verde,25.4,0.0,18.2,4.6,842.0,9.4,204,5.8,85,Misto,Plantio,Tarde,1
2165,2026-05-09 06:47:00,EQ-023,Lucas do Rio Verde,65.1,34.7,26.3,2.6,225.0,6.7,282,6.0,82,Misto,Pulverizacao,Manha,0
3523,2026-06-20 13:47:00,EQ-003,Lucas do Rio Verde,20.8,0.0,33.6,15.0,1087.0,8.5,284,9.7,73,Misto,Pulverizacao,Tarde,0
316,2026-03-12 06:06:00,EQ-014,Sorriso,100.0,83.1,25.4,11.9,775.0,8.0,180,7.8,68,Encharcado,Pulverizacao,Manha,1
4695,2026-07-28 07:39:00,EQ-020,Barreiras,23.2,0.0,19.4,6.3,1531.0,1.8,135,9.0,92,Arenoso,Colheita,Manha,0
4739,2026-07-29 08:31:00,EQ-020,Barreiras,24.7,0.0,25.3,3.1,1197.0,1.8,145,7.5,50,Arenoso,Colheita,Manha,0
6,2026-03-01 08:37:00,EQ-005,Sorriso,67.6,3.8,29.5,1.9,1339.0,7.6,131,5.7,87,Arenoso,Colheita,Manha,0
876,2026-03-28 17:04:00,EQ-028,Sorriso,92.5,22.5,28.8,2.5,761.0,6.8,573,7.4,74,Encharcado,Plantio,Tarde,0
3306,2026-06-13 13:58:00,EQ-004,Cascavel,99.5,8.9,21.2,9.7,268.0,5.7,29,8.1,88,Encharcado,COLHEITA,Tarde,1
2724,2026-05-26 13:15:00,EQ-031,Rio Verde,37.2,0.0,31.6,13.9,1175.0,5.5,320,10.4,82,Misto,Transporte,Tarde,0
3781,2026-06-28 08:58:00,EQ-021,Cascavel,95.5,6.3,15.7,10.5,452.0,13.1,109,7.3,77,Encharcado,Colheita,Manha,0
4425,2026-07-19 06:30:00,EQ-015,Sorriso,28.5,0.0,18.8,12.3,1152.0,8.2,5,7.5,67,Misto,Plantio,Manha,0
3325,2026-06-14 07:32:00,EQ-030,Não-Me-Toque,74.0,16.1,23.1,9.5,1505.0,12.6,40,5.6,75,Argiloso,Colheita,Manha,1
1957,2026-05-01 23:38:00,EQ-039,Sorriso,63.8,0.0,26.6,9.6,369.0,2.1,3,7.5,79,Argiloso,Plantio,Noite,1
5242,2026-08-14 07:32:00,EQ-014,Sorriso,30.6,0.0,30.7,3.4,2046.0,8.4,107,12.0,103,Arenoso,Pulverizacao,Manha,0
3815,2026-06-29 08:54:00,EQ-039,Sorriso,35.9,0.0,22.8,13.5,669.0,2.3,268,9.3,56,Argiloso,Plantio,Manha,0
4931,2026-08-04 15:26:00,EQ-005,Sorriso,25.8,0.0,31.7,15.5,2296.0,8.0,229,8.8,76,Arenoso,Colheita,Tarde,0
4138,2026-07-09 15:00:00,EQ-003,Lucas do Rio Verde,17.1,0.0,28.3,3.7,185.0,8.6,347,6.4,68,Misto,Pulverizacao,Tarde,0
4886,2026-08-03 10:06:00,EQ-016,Cascavel,82.1,0.0,19.5,9.4,681.0,4.5,49,9.0,59,Argiloso,Colheita,Manha,0
3551,2026-06-21 14:07:00,EQ-039,Sorriso,26.8,0.0,27.8,6.5,115.0,2.3,214,9.9,107,Misto,Transporte,Tarde,0
3555,2026-06-21 15:30:00,EQ-021,Cascavel,87.7,12.6,23.0,3.1,2368.0,13.1,101,8.2,91,Encharcado,Colheita,Tarde,1
5378,2026-08-18 08:06:00,EQ-009,Lucas do Rio Verde,23.2,0.0,23.1,12.8,583.0,5.1,229,10.8,104,Misto,Transporte,Manha,0
4912,2026-08-04 07:30:00,EQ-005,Sorriso,35.5,0.0,29.9,3.9,956.0,8.0,226,6.3,85,Misto,Transporte,Manha,0
943,2026-03-30 13:33:00,EQ-001,Barreiras,92.1,24.9,21.6,5.4,578.0,11.2,52,8.7,108,Encharcado,Colheita,Tarde,1
2008,2026-05-03 15:08:00,EQ-027,Barreiras,87.4,0.0,26.8,2.0,588.0,16.9,258,5.0,103,Misto,Transporte,Tarde,1
410,2026-03-14 22:51:00,EQ-012,Lucas do Rio Verde,84.8,19.1,24.0,6.7,2500.0,3.1,233,6.7,96,Argiloso,Pulverizacao,Noite,0
1361,2026-04-12 15:18:00,EQ-040,Lucas do Rio Verde,76.1,0.5,26.7,4.1,632.0,13.1,134,3.6,94,Misto,Transporte,Tarde,0
3939,2026-07-03 13:50:00,EQ-017,Lucas do Rio Verde,21.6,0.0,19.3,18.8,526.0,2.1,102,12.6,118,Argiloso,Colheita,Tarde,0
1938,2026-05-01 08:48:00,EQ-025,Barreiras,95.2,22.0,29.8,7.9,318.0,8.0,67,5.8,81,Arenoso,Transporte,Manha,1
1648,2026-04-21 16:01:00,EQ-025,Barreiras,66.7,0.0,19.0,6.8,181.0,8.0,21,1.0,104,Misto,Colheita,Tarde,0
4247,2026-07-12 19:11:00,EQ-008,Barreiras,18.4,0.0,27.4,5.8,2083.0,9.6,271,5.5,75,Misto,Colheita,Noite,0
3784,2026-06-28 10:52:00,EQ-032,Sorriso,14.8,0.0,27.2,1.7,879.0,6.0,206,6.7,58,Argiloso,Pulverizacao,Manha,0
4206,2026-07-11 10:42:00,EQ-033,Lucas do Rio Verde,17.1,0.0,24.0,9.3,60.0,24.4,78,8.2,77,Arenoso,Colheita,Manha,0
864,2026-03-28 10:58:00,EQ-005,Sorriso,97.7,22.5,25.4,5.3,89.0,7.6,264,8.4,64,Arenoso,Plantio,Manha,1
4126,2026-07-09 09:31:00,EQ-001,Barreiras,25.6,0.0,21.5,8.8,801.0,11.4,181,8.8,103,Misto,Colheita,Manha,0
4423,2026-07-19 06:14:00,EQ-028,Sorriso,17.6,0.0,27.8,1.7,883.0,7.1,392,7.6,86,Misto,Colheita,Manha,0
2155,2026-05-08 17:34:00,EQ-030,Não-Me-Toque,66.2,0.0,20.8,6.1,785.0,12.5,509,7.2,90,Argiloso,Transporte,Tarde,0
5276,2026-08-15 08:22:00,EQ-019,Sorriso,34.3,0.0,27.9,2.7,859.0,4.6,65,3.3,87,Argiloso,Pulverizacao,Manha,0
5742,2026-08-30 08:13:00,EQ-012,Lucas do Rio Verde,47.4,1.9,26.6,6.5,297.0,3.6,198,5.2,79,Pedregoso,Pulverizacao,Manha,0
1854,2026-04-28 06:06:00,EQ-003,Lucas do Rio Verde,85.3,24.8,31.7,4.0,206.0,8.4,93,6.8,86,Encharcado,Pulverizacao,Manha,0
1787,2026-04-26 07:52:00,EQ-015,Sorriso,82.4,4.3,32.0,13.2,596.0,8.0,180,8.0,89,Argiloso,Colheita,Manha,1
4770,2026-07-30 10:14:00,EQ-010,Sorriso,42.7,0.0,27.5,3.0,1125.0,5.3,77,8.7,112,Argiloso,Transporte,Manha,0
2837,2026-05-30 07:45:00,EQ-002,Rio Verde,38.4,0.0,31.5,2.6,950.0,7.6,115,14.0,91,Argiloso,Transporte,Manha,0
1714,2026-04-23 16:59:00,EQ-040,Não-Me-Toque,86.2,21.2,28.2,7.6,676.0,13.2,179,8.5,83,Argiloso,Colheita,Tarde,0
2536,2026-05-19 23:53:00,EQ-040,Não-Me-Toque,70.2,31.0,12.1,8.3,1523.0,13.2,301,7.4,85,Misto,Transporte,Noite,0
356,2026-03-13 09:18:00,EQ-018,Rio Verde,72.1,0.0,23.0,3.0,422.0,9.0,177,2.5,80,Misto,Colheita,Manha,1
2850,2026-05-30 16:28:00,EQ-026,Sorriso,32.1,0.0,23.3,3.9,646.0,2.6,545,10.0,93,Misto,Colheita,Tarde,0
254,2026-03-09 23:38:00,EQ-023,Lucas do Rio Verde,94.8,45.7,27.7,3.9,557.0,6.5,13,6.7,78,Arenoso,Pulverizacao,Noite,1
2947,2026-06-02 16:29:00,EQ-024,Cascavel,79.4,26.5,22.7,5.3,184.0,7.9,82,7.7,58,Argiloso,Pulverizacao,Tarde,1
5182,2026-08-12 08:26:00,EQ-031,Rio Verde,20.4,0.0,24.1,6.7,932.0,5.7,222,11.7,118,Misto,Colheita,Manha,1
4746,2026-07-29 10:22:00,EQ-034,Rio Verde,34.1,0.0,28.5,10.1,106.0,8.8,21,8.1,80,Argiloso,Transporte,Manha,0
2868,2026-05-31 09:04:00,EQ-022,Rio Verde,27.7,0.0,32.1,6.2,1295.0,3.7,76,3.6,56,Arenoso,Plantio,Manha,0
4363,2026-07-16 21:04:00,EQ-004,Cascavel,95.6,14.8,12.0,15.6,881.0,5.8,194,10.3,109,Encharcado,Colheita,Noite,0
2248,2026-05-11 17:33:00,EQ-001,Barreiras,,17.4,26.4,2.5,866.0,11.3,246,9.8,94,Arenoso,Colheita,Tarde,0
3676,2026-06-25 06:46:00,EQ-016,Cascavel,98.5,0.0,15.4,9.5,196.0,4.4,213,6.1,90,Misto,Colheita,Manha,1
4794,2026-07-31 07:44:00,EQ-021,Cascavel,87.9,0.0,21.5,7.1,1006.0,13.2,229,9.1,84,Argiloso,Colheita,Manha,1
2431,2026-05-17 09:25:00,EQ-023,Lucas do Rio Verde,43.0,0.0,30.1,2.3,412.0,6.7,304,1.1,66,Misto,Pulverizacao,Manha,0
4204,2026-07-11 10:19:00,EQ-037,Sorriso,15.6,0.0,28.5,0.2,1149.0,20.8,416,11.0,57,Argiloso,Colheita,Manha,1
4977,2026-08-06 07:42:00,EQ-026,Sorriso,21.2,0.0,25.0,1.7,1168.0,2.7,66,8.3,92,Argiloso,Plantio,Manha,0
4447,2026-07-19 15:16:00,EQ-040,Não-Me-Toque,84.8,56.5,24.4,9.8,1046.0,13.4,224,10.6,116,Argiloso,Transporte,Tarde,1
95,2026-03-04 08:59:00,EQ-040,Não-Me-Toque,54.9,0.0,26.0,9.8,850.0,13.0,307,8.0,91,Argiloso,Colheita,Manha,0
3599,2026-06-22 23:37:00,EQ-032,Sorriso,21.3,0.0,19.9,6.6,723.0,6.0,166,10.4,68,Misto,Pulverizacao,Noite,0
4334,2026-07-15 17:55:00,EQ-008,Barreiras,21.1,0.0,-99.0,0.9,629.0,9.6,280,9.6,100,Arenoso,Colheita,Tarde,0
651,2026-03-22 07:32:00,EQ-014,Sorriso,74.2,29.9,24.3,10.7,835.0,8.0,240,8.1,90,Argiloso,Pulverizacao,Manha,1
3233,2026-06-11 10:45:00,EQ-023,Lucas do Rio Verde,30.6,0.0,30.6,7.3,595.0,6.8,429,8.1,61,Argiloso,Pulverizacao,Manha,1
2020,2026-05-03 21:56:00,EQ-037,Sorriso,54.7,0.0,29.6,3.4,796.0,20.6,72,6.5,103,Misto,Colheita,Noite,0
3024,2026-06-05 08:10:00,EQ-005,Sorriso,32.1,0.0,28.0,4.0,393.0,7.8,286,10.6,107,Arenoso,Colheita,Manha,0
2342,2026-05-14 09:03:00,EQ-014,Sorriso,64.5,0.0,29.4,10.5,130.0,8.1,141,7.9,70,Misto,Pulverizacao,Manha,1
1086,2026-04-03 23:46:00,EQ-036,Rio Verde,76.0,50.3,29.7,5.5,719.0,6.4,45,8.3,66,Misto,Transporte,Noite,0
2642,2026-05-23 17:34:00,EQ-034,Cascavel,69.8,21.4,22.0,2.6,569.0,8.6,135,7.0,,Misto,Transporte,Tarde,1
3224,2026-06-10 22:11:00,EQ-021,Cascavel,100.0,23.3,11.7,19.8,862.0,13.1,49,9.6,111,Argiloso,Colheita,Noite,
4774,2026-07-30 14:18:00,EQ-039,Sorriso,40.8,0.0,29.8,3.7,668.0,2.4,391,10.0,91,Misto,Colheita,Tarde,0
2729,2026-05-26 15:53:00,EQ-026,Sorriso,54.8,0.0,24.4,3.9,416.0,2.6,512,5.8,90,Argiloso,Colheita,Tarde,0
137,2026-03-05 16:59:00,EQ-039,Sorriso,100.0,90.4,28.1,9.3,647.0,2.0,396,5.5,89,Arenoso,Colheita,Tarde,0
1196,2026-04-07 15:10:00,EQ-037,Sorriso,98.5,61.8,23.9,13.4,344.0,20.5,718,,99,Argiloso,Plantio,Tarde,1
2031,2026-05-04 13:20:00,EQ-014,Sorriso,56.5,0.0,30.2,2.6,91.0,8.1,88,7.9,80,Arenoso,Pulverizacao,Tarde,0
2129,2026-05-08 07:56:00,EQ-007,Sorriso,65.2,34.7,28.5,5.1,680.0,7.6,69,8.7,84,Misto,Colheita,Manha,0
1326,2026-04-11 14:57:00,EQ-017,Lucas do Rio Verde,84.7,11.3,28.5,5.3,464.0,1.9,47,6.4,76,Argiloso,Colheita,Tarde,1
324,2026-03-12 10:04:00,EQ-029,Rio Verde,71.5,0.0,32.8,4.7,1392.0,0.9,313,8.0,66,Arenoso,Plantio,Manha,0
2380,2026-05-15 10:45:00,EQ-011,Sorriso,71.2,0.0,26.0,11.6,898.0,9.1,189,8.1,85,Misto,Transporte,MANHÃ,0
2893,2026-06-01 06:02:00,EQ-026,Sorriso,32.9,0.0,26.3,3.4,318.0,2.6,550,6.6,69,Misto,Colheita,Manha,0
2303,2026-05-13 08:24:00,EQ-003,Lucas do Rio Verde,58.2,5.3,29.3,4.2,1078.0,8.4,132,1.5,69,Misto,Pulverizacao,Manha,0
391,2026-03-14 13:37:00,EQ-037,Sorriso,74.1,14.5,23.7,15.9,2058.0,20.4,637,7.2,90,Arenoso,Plantio,Tarde,1
4322,2026-07-15 14:48:00,EQ-024,Cascavel,99.8,29.0,18.3,6.1,546.0,8.0,298,8.5,52,Encharcado,Pulverizacao,Tarde,1
5256,2026-08-14 17:08:00,EQ-015,Sorriso,12.8,0.0,23.3,3.3,396.0,8.3,112,8.1,113,Argiloso,Transporte,Tarde,0
5216,2026-08-13 13:41:00,EQ-003,Lucas do Rio Verde,23.4,0.0,30.8,9.8,1249.0,8.7,109,10.1,74,Arenoso,Pulverizacao,Tarde,0
1860,2026-04-28 09:16:00,EQ-038,Rio Verde,62.3,0.0,22.7,14.3,1340.0,3.1,274,8.0,81,Argiloso,Colheita,Manha,1
160,2026-03-06 13:31:00,EQ-033,Lucas do Rio Verde,91.3,9.2,27.3,10.5,1246.0,24.0,331,7.5,97,Arenoso,Transporte,Tarde,0
4028,2026-07-05 17:14:00,EQ-029,Rio Verde,25.6,0.0,28.6,4.5,569.0,1.2,54,10.4,62,Misto,Transporte,Tarde,0
3205,2026-06-10 10:54:00,EQ-009,Lucas do Rio Verde,29.2,0.0,23.7,11.5,946.0,4.9,722,10.3,57,Misto,Plantio,Manha,0
4149,2026-07-09 17:38:00,EQ-013,Não-Me-Toque,63.5,0.0,18.3,10.9,776.0,9.4,306,9.1,100,Argiloso,Colheita,Tarde,1
4105,2026-07-08 14:55:00,EQ-019,Sorriso,18.4,0.0,20.4,2.5,942.0,4.5,371,9.2,63,Misto,Pulverizacao,Tarde,0
1528,2026-04-17 19:57:00,EQ-033,Lucas do Rio Verde,84.9,29.4,25.8,1.0,1019.0,24.1,107,6.8,66,Misto,Plantio,Noite,0
4950,2026-08-05 13:18:00,EQ-024,Cascavel,70.2,9.4,15.0,6.9,705.0,8.0,380,6.8,77,Arenoso,Pulverizacao,Tarde,1
1466,2026-04-16 06:04:00,EQ-023,Lucas do Rio Verde,84.6,0.0,27.4,6.9,663.0,6.6,154,8.8,113,Arenoso,Pulverizacao,Manha,0
5517,2026-08-22 15:11:00,EQ-030,Não-Me-Toque,98.1,32.7,23.2,6.3,916.0,12.8,372,8.1,87,Encharcado,Colheita,Tarde,1
4100,2026-07-08 10:56:00,EQ-022,Rio Verde,16.4,0.0,27.4,9.8,440.0,3.8,275,6.7,93,Misto,Colheita,Manha,0
3434,2026-06-17 17:32:00,EQ-023,Lucas do Rio Verde,33.6,0.0,20.6,7.2,507.0,6.8,452,6.4,67,Argiloso,Pulverizacao,Tarde,0
2382,2026-05-15 14:50:00,EQ-004,Cascavel,42.7,0.0,21.6,6.0,187.0,5.7,195,11.6,86,Misto,Colheita,Tarde,0
3769,2026-06-27 23:38:00,EQ-029,Rio Verde,25.3,0.0,22.5,13.5,1245.0,1.2,31,13.8,77,Arenoso,Colheita,Noite,1
1940,2026-05-01 08:56:00,EQ-001,Barreiras,100.0,22.0,28.2,0.0,1003.0,11.2,199,8.8,95,Arenoso,Colheita,Manha,0
525,2026-03-18 06:39:00,EQ-039,Lucas do Rio Verde,71.7,17.0,35.8,6.8,526.0,2.0,436,10.3,85,Argiloso,Colheita,Manha,1
3038,2026-06-05 16:03:00,EQ-029,Rio Verde,6.1,0.0,22.5,11.9,819.0,1.1,315,5.4,110,Argiloso,Transporte,Tarde,0
3388,2026-06-16 10:34:00,EQ-020,Barreiras,44.5,0.0,21.3,2.4,388.0,1.7,314,10.0,90,Misto,Colheita,Manha,0
1491,2026-04-16 19:03:00,EQ-019,Sorriso,96.5,0.0,28.2,3.2,413.0,4.3,15,5.1,77,Arenoso,Pulverizacao,Noite,1
5557,2026-08-24 09:02:00,EQ-013,Barreiras,23.3,0.0,30.5,2.3,552.0,9.6,520,4.6,93,Misto,Colheita,Manha,0
49,2026-03-02 14:53:00,EQ-006,Sorriso,66.9,15.8,24.6,7.2,303.0,11.9,81,3.5,40,Misto,Pulverizacao,Tarde,0
2085,2026-05-06 16:36:00,EQ-028,Sorriso,51.4,0.0,28.6,2.7,654.0,6.9,55,8.5,74,Arenoso,Transporte,Tarde,1
3456,2026-06-18 10:48:00,EQ-028,Sorriso,23.3,0.0,21.5,15.0,462.0,7.0,290,5.9,63,Misto,Colheita,Manha,0
4803,2026-07-31 10:16:00,EQ-009,Lucas do Rio Verde,41.0,0.0,27.1,10.5,820.0,5.1,161,13.3,109,Misto,Colheita,Manha,0
4267,2026-07-13 21:12:00,EQ-019,Sorriso,27.7,0.9,26.5,2.6,816.0,4.5,402,5.5,87,Arenoso,Pulverizacao,Noite,0
1474,2026-04-16 09:40:00,EQ-033,Lucas do Rio Verde,90.1,0.0,31.8,8.2,2089.0,24.1,103,6.5,78,Encharcado,Plantio,Manha,0
2443,2026-05-17 16:37:00,EQ-033,Lucas do Rio Verde,48.8,0.0,29.6,1.5,1050.0,24.2,270,1.9,87,Arenoso,Transporte,Tarde,0
1070,2026-04-03 13:56:00,EQ-027,Barreiras,100.0,32.9,25.6,8.0,262.0,16.9,124,8.8,86,Arenoso,Plantio,Tarde,1
800,2026-03-26 07:30:00,EQ-003,Lucas do Rio Verde,91.3,19.0,29.4,5.1,1338.0,8.3,316,9.1,81,Arenoso,Pulverizacao,Manha,0
1719,2026-04-23 17:59:00,EQ-029,Rio Verde,77.8,0.0,32.3,23.2,551.0,1.0,129,9.2,76,Misto,Transporte,Tarde,1
5545,2026-08-23 15:28:00,EQ-021,Cascavel,85.9,0.0,20.5,42.7,999.0,13.3,40,6.1,95,Arenoso,Colheita,Tarde,1
2620,2026-05-23 06:09:00,EQ-006,Sorriso,46.5,4.9,33.0,4.8,1411.0,12.1,53,4.7,91,Misto,Pulverizacao,Manha,0
5637,2026-08-26 14:01:00,EQ-034,Rio Verde,23.9,0.0,23.8,7.0,161.0,8.9,163,8.4,92,Misto,Transporte,Tarde,0
3093,2026-06-07 09:15:00,EQ-027,Barreiras,21.2,7.8,18.1,1.3,319.0,17.0,369,5.8,72,Arenoso,Transporte,Manha,0
765,2026-03-25 07:11:00,EQ-003,Lucas do Rio Verde,89.1,0.0,30.3,2.3,883.0,8.3,313,5.6,81,Arenoso,Pulverizacao,Manha,0
2202,2026-05-10 09:14:00,EQ-014,Sorriso,100.0,114.3,28.5,8.8,169.0,8.1,116,8.7,68,Arenoso,Pulverizacao,Manha,1
947,2026-03-30 15:15:00,EQ-039,Sorriso,93.7,3.5,27.8,3.8,1452.0,2.1,515,13.1,67,Encharcado,Plantio,Tarde,0
4661,2026-07-27 06:03:00,EQ-033,Lucas do Rio Verde,29.0,0.0,32.4,8.3,318.0,24.4,162,6.1,57,Arenoso,Transporte,Manha,0
4221,2026-07-11 21:43:00,EQ-030,Não-Me-Toque,83.2,49.6,19.5,4.8,421.0,12.7,169,9.0,84,Argiloso,TRANSPORTE,Noite,1
5180,2026-08-12 07:29:00,EQ-013,Barreiras,23.8,1.6,26.3,7.0,399.0,9.5,442,5.9,68,Argiloso,Colheita,Manha,0
1271,2026-04-10 06:01:00,EQ-003,Lucas do Rio Verde,75.8,0.0,27.5,0.8,395.0,8.4,377,9.3,82,Misto,Pulverizacao,Manha,1
4567,2026-07-23 13:07:00,EQ-008,Barreiras,27.2,0.0,32.0,4.6,1551.0,9.6,309,9.5,80,Misto,Colheita,Tarde,0
5645,2026-08-26 17:50:00,EQ-015,Sorriso,47.2,0.0,30.1,3.3,1380.0,8.3,199,3.2,56,Misto,Colheita,Tarde,0
4245,2026-07-12 17:18:00,EQ-015,Sorriso,26.5,0.0,27.2,12.2,161.0,8.2,268,6.8,62,Argiloso,Transporte,Tarde,0
1631,2026-04-21 06:57:00,EQ-039,Sorriso,57.3,5.2,22.0,13.7,522.0,2.1,601,7.2,92,Arenoso,Transporte,Manha,1
193,2026-03-07 15:57:00,EQ-031,Rio Verde,100.0,,33.7,5.5,439.0,5.2,407,7.9,88,Arenoso,Colheita,Tarde,1
2488,2026-05-18 15:58:00,EQ-012,Lucas do Rio Verde,47.0,0.0,26.8,9.7,82.0,3.3,536,6.7,74,Argiloso,Pulverizacao,Tarde,1
2804,2026-05-28 22:02:00,EQ-006,Sorriso,40.6,0.0,21.8,2.9,1347.0,12.1,85,9.0,79,Misto,Pulverizacao,Noite,0
5654,2026-08-27 06:18:00,EQ-027,Barreiras,9.1,0.0,23.4,2.9,283.0,17.3,83,6.4,92,Misto,Transporte,Manha,0
3314,2026-06-13 16:33:00,EQ-030,Não-Me-Toque,55.9,0.0,20.8,4.8,2265.0,12.6,35,9.7,83,Argiloso,Colheita,Tarde,0
2526,2026-05-19 17:09:00,EQ-021,Cascavel,68.9,35.4,30.6,12.6,934.0,13.0,210,3.7,54,Argiloso,Colheita,Tarde,0
4527,2026-07-22 08:49:00,EQ-039,Sorriso,32.5,18.5,24.4,5.6,604.0,2.4,367,10.7,51,Argiloso,Plantio,Manha,0
290,2026-03-11 06:13:00,EQ-002,Rio Verde,87.5,23.5,26.9,11.1,1082.0,7.3,50,9.0,63,Encharcado,Plantio,Manha,0
4676,2026-07-27 14:42:00,EQ-009,Lucas do Rio Verde,31.2,0.0,22.2,12.7,1483.0,5.1,127,7.9,112,Misto,Transporte,Tarde,0
3574,2026-06-22 07:30:00,EQ-027,Barreiras,33.1,0.0,22.4,12.1,435.0,17.1,466,9.0,74,Misto,Transporte,Manha,0
562,2026-03-19 10:41:00,EQ-003,Rio Verde,98.3,61.3,27.5,2.0,1829.0,8.3,269,10.1,49,Argiloso,Pulverizacao,Manha,1
4297,2026-07-14 17:10:00,EQ-024,Cascavel,91.3,10.2,17.3,28.6,829.0,8.0,293,4.7,74,Encharcado,Pulverizacao,Tarde,0
1469,2026-04-16 06:56:00,EQ-027,Barreiras,81.1,0.0,28.2,2.9,493.0,16.9,192,10.1,66,Arenoso,Plantio,Manha,1
2382,2026-05-15 14:50:00,EQ-004,Cascavel,42.7,0.0,21.6,6.0,187.0,5.7,195,11.6,86,Misto,Colheita,Tarde,0
3059,2026-06-06 10:30:00,EQ-005,Lucas do Rio Verde,23.1,0.0,16.6,4.6,709.0,7.8,295,4.8,94,Misto,Transporte,Manha,0
3235,2026-06-11 10:57:00,EQ-019,Sorriso,36.3,0.0,28.6,4.2,353.0,4.4,270,9.1,53,Arenoso,Pulverizacao,Manha,0
4781,2026-07-30 16:04:00,EQ-014,Sorriso,"38,2",0.0,20.7,11.4,454.0,8.3,41,7.0,61,Misto,Pulverizacao,Tarde,0
2298,2026-05-13 06:00:00,EQ-026,Sorriso,83.2,0.0,26.8,13.1,1786.0,2.5,460,11.2,89,Argiloso,Transporte,Manha,1
2527,2026-05-19 17:35:00,EQ-011,Barreiras,57.6,0.0,26.9,3.8,968.0,9.1,211,6.0,100,Arenoso,Transporte,Tarde,0
5415,2026-08-19 09:15:00,EQ-031,Rio Verde,30.3,0.0,28.2,16.2,513.0,5.7,268,7.3,91,Misto,Colheita,Manha,0
3506,2026-06-20 06:18:00,EQ-040,Não-Me-Toque,74.2,0.0,22.7,1.7,910.0,13.3,95,5.3,80,Arenoso,Colheita,Manha,0
5164,2026-08-11 14:44:00,EQ-006,Sorriso,25.4,0.0,29.1,11.8,253.0,12.3,144,9.0,91,Argiloso,Pulverizacao,Tarde,0
2296,2026-05-12 22:38:00,EQ-018,Rio Verde,35.2,0.0,28.7,6.0,817.0,9.2,157,8.7,78,Misto,Transporte,Noite,1
885,2026-03-28 21:59:00,EQ-010,Sorriso,100.0,22.5,26.7,5.9,398.0,4.9,108,8.3,69,Encharcado,Colheita,Noite,1
5702,2026-08-28 15:55:00,EQ-034,Rio Verde,18.9,0.0,24.6,3.5,746.0,8.9,179,8.2,72,Argiloso,Plantio,Tarde,0
4821,2026-08-01 06:08:00,EQ-031,Rio Verde,25.4,0.0,30.4,2.0,203.0,5.7,166,5.3,101,Misto,Colheita,Manha,0
1588,2026-04-19 13:36:00,EQ-033,Lucas do Rio Verde,95.2,40.8,31.0,3.4,997.0,24.1,124,13.6,55,Argiloso,Plantio,Tarde,0
4731,2026-07-28 20:55:00,EQ-003,Lucas do Rio Verde,27.8,0.0,25.7,1.2,140.0,8.7,48,4.7,47,Argiloso,Pulverizacao,Noite,0
2293,2026-05-12 19:02:00,EQ-029,Barreiras,60.7,4.8,26.8,3.2,1373.0,1.0,213,9.5,78,Argiloso,Transporte,Noite,0
4575,2026-07-23 17:04:00,EQ-033,Lucas do Rio Verde,40.1,0.0,27.8,9.8,610.0,24.4,132,6.2,89,Misto,Transporte,tarde,0
245,2026-03-09 10:59:00,EQ-016,Cascavel,73.1,12.2,21.1,21.7,1000.0,4.1,60,8.5,81,Misto,Colheita,Manha,0
4217,2026-07-11 17:36:00,EQ-024,Cascavel,91.9,11.5,11.5,8.0,1383.0,8.0,278,11.9,84,Encharcado,Pulverizacao,Tarde,0
3756,2026-06-27 16:17:00,EQ-035,Lucas do Rio Verde,25.5,0.0,22.9,18.8,647.0,3.1,286,8.9,88,Misto,Transporte,Tarde,0
2397,2026-05-15 23:40:00,EQ-013,Barreiras,58.8,13.1,27.1,6.9,404.0,9.3,73,10.0,75,Arenoso,Transporte,Noite,0
2983,2026-06-04 06:21:00,EQ-017,Cascavel,90.7,20.1,15.9,26.3,900.0,2.0,260,7.4,84,Encharcado,Colheita,Manha,0
2089,2026-05-06 17:38:00,EQ-012,Lucas do Rio Verde,60.7,4.7,28.2,4.3,1166.0,3.3,460,8.0,62,Arenoso,Pulverizacao,Tarde,0
3934,2026-07-03 07:40:00,EQ-005,Sorriso,21.6,0.0,26.3,13.7,482.0,7.9,117,8.3,69,Arenoso,Plantio,Manha,0
177,2026-03-06 23:24:00,EQ-025,Barreiras,67.9,0.0,26.6,3.9,652.0,7.9,85,5.9,82,Arenoso,Colheita,Noite,0
2018,2026-05-03 20:14:00,EQ-023,Lucas do Rio Verde,64.8,0.0,31.0,4.8,60.0,6.7,233,6.5,72,Argiloso,Pulverizacao,Noite,0
3800,2026-06-28 20:43:00,EQ-029,Rio Verde,13.3,0.0,23.6,11.3,1122.0,1.2,43,9.2,67,Arenoso,Plantio,Noite,0
5548,2026-08-23 16:15:00,EQ-011,Barreiras,22.4,0.0,23.8,5.1,142.0,9.4,204,3.8,79,Argiloso,Transporte,Tarde,0
421,2026-03-15 08:08:00,EQ-014,Não-Me-Toque,81.2,1.6,27.6,3.2,181.0,8.0,200,3.0,54,Misto,Pulverizacao,manha,1
2673,2026-05-24 22:13:00,EQ-022,Rio Verde,28.7,0.0,29.6,12.2,664.0,3.7,37,7.0,81,Arenoso,Transporte,Noite,0
1521,2026-04-17 17:19:00,EQ-013,Barreiras,79.1,23.3,35.2,0.9,340.0,9.2,763,7.4,86,Arenoso,Colheita,Tarde,0
794,2026-03-25 22:17:00,EQ-009,Lucas do Rio Verde,86.7,0.0,25.5,4.9,531.0,4.7,389,10.2,81,Encharcado,Plantio,Noite,1
980,2026-03-31 14:37:00,EQ-005,Sorriso,89.6,11.9,25.9,5.3,567.0,7.6,282,8.2,74,Argiloso,Plantio,Tarde,1
512,2026-03-17 15:00:00,EQ-038,Rio Verde,61.1,11.2,32.2,3.9,148.0,3.0,149,6.9,61,Arenoso,Plantio,Tarde,0
5111,2026-08-09 22:57:00,EQ-012,Lucas do Rio Verde,31.2,0.0,27.7,4.0,797.0,3.5,126,4.6,83,Argiloso,Pulverizacao,Noite,0
2756,2026-05-27 10:18:00,EQ-004,Cascavel,69.6,0.0,16.7,3.1,529.0,5.7,276,12.5,90,Argiloso,Colheita,Manha,1
4734,2026-07-29 06:16:00,EQ-001,Barreiras,21.1,0.0,31.3,7.9,591.0,11.5,277,8.7,112,Misto,Colheita,Manha,0
1580,2026-04-19 09:16:00,EQ-013,Barreiras,75.1,4.1,32.1,16.2,1327.0,9.2,778,12.3,65,Misto,Colheita,Manha,0
913,2026-03-29 19:01:00,EQ-038,Rio Verde,83.4,0.0,28.4,3.3,477.0,3.0,194,6.4,64,Misto,Plantio,Noite,1
2274,2026-05-12 10:11:00,EQ-028,Sorriso,95.4,0.0,27.2,7.6,927.0,6.9,82,8.8,73,Argiloso,Colheita,Manha,0
3272,2026-06-12 17:13:00,EQ-020,Barreiras,51.6,7.6,24.3,17.6,534.0,1.7,290,10.0,9999.0,Arenoso,Colheita,Tarde,1
1364,2026-04-12 17:04:00,EQ-034,Rio Verde,84.9,12.7,27.8,12.1,312.0,8.5,370,6.7,80,Argiloso,Colheita,Tarde,1
2553,2026-05-20 15:45:00,EQ-009,Lucas do Rio Verde,33.3,0.0,29.3,9.6,978.0,4.9,618,8.9,59,Misto,Colheita,Tarde,0
874,2026-03-28 16:37:00,EQ-025,Barreiras,100.0,43.7,26.6,5.1,801.0,7.9,193,4.3,102,Misto,Colheita,Tarde,1
1285,2026-04-10 10:18:00,EQ-002,Rio Verde,93.5,14.7,28.0,5.2,1113.0,7.4,210,8.1,95,Arenoso,Plantio,Manha,
2404,2026-05-16 10:13:00,EQ-031,Rio Verde,38.9,0.0,27.2,9.1,1404.0,5.4,254,7.9,102,Misto,Colheita,Manha,0
5369,2026-08-17 21:38:00,EQ-001,Barreiras,29.7,0.0,28.7,5.5,1518.0,11.5,30,7.9,120,Arenoso,Transporte,Noite,0
2033,2026-05-04 13:41:00,EQ-019,Sorriso,60.1,0.0,24.1,3.7,417.0,4.3,103,3.7,98,Arenoso,Pulverizacao,Tarde,1
4850,2026-08-02 06:52:00,EQ-036,Rio Verde,33.4,0.0,27.2,15.4,1457.0,6.7,11,6.3,116,Argiloso,Colheita,Manha,0
5502,2026-08-22 06:46:00,EQ-020,Barreiras,22.2,0.0,24.8,1.8,259.0,1.9,248,6.6,77,Misto,Transporte,Manha,0
5764,2026-08-30 20:25:00,EQ-035,Lucas do Rio Verde,52.6,1.9,30.7,6.0,663.0,3.2,219,2.9,82,Misto,Transporte,Noite,0
3826,2026-06-29 15:42:00,EQ-012,Lucas do Rio Verde,15.6,0.0,23.7,7.0,516.0,3.4,727,6.4,69,Arenoso,Pulverizacao,Tarde,0
3914,2026-07-02 15:30:00,EQ-003,Lucas do Rio Verde,23.5,0.0,26.7,6.8,1866.0,8.6,331,5.3,78,Misto,Pulverizacao,Tarde,0
2398,2026-05-16 06:06:00,EQ-022,Rio Verde,34.4,0.0,28.3,2.5,167.0,3.6,15,8.6,92,Argiloso,Transporte,Manha,0
3475,2026-06-18 20:25:00,EQ-007,Cascavel,100.0,15.2,20.8,9.1,785.0,7.7,257,7.3,70,Misto,Transporte,Noite,1
1004,2026-04-01 13:40:00,EQ-005,Sorriso,100.0,28.7,24.9,10.4,294.0,7.6,291,6.4,97,Encharcado,Transporte,Tarde,1
4736,2026-07-29 07:12:00,EQ-037,Sorriso,26.8,0.0,26.0,5.1,2500.0,20.8,492,8.0,88,Misto,Transporte,Manha,0
2232,2026-05-11 07:14:00,EQ-038,Rio Verde,56.7,0.0,28.6,3.5,195.0,3.1,46,1.2,84,Misto,Transporte,Manha,0
4037,2026-07-05 23:41:00,EQ-037,Lucas do Rio Verde,9.2,0.0,24.8,6.0,546.0,20.8,378,4.7,92,Arenoso,Transporte,Noite,0
1385,2026-04-13 10:04:00,EQ-009,Lucas do Rio Verde,94.7,67.2,28.4,4.9,754.0,4.8,475,9.5,84,Encharcado,Transporte,Manha,1
1748,2026-04-24 17:30:00,EQ-031,Rio Verde,70.8,8.1,31.7,9.7,449.0,5.4,175,6.6,106,Misto,Colheita,Tarde,1
4389,2026-07-17 16:45:00,EQ-015,Sorriso,20.7,0.0,22.5,1.1,781.0,8.2,4,2.8,91,Arenoso,Transporte,Tarde,0
2355,2026-05-14 16:01:00,EQ-012,Lucas do Rio Verde,44.3,0.0,29.1,7.2,359.0,3.3,510,8.6,49,Misto,Pulverizacao,Tarde,1
822,2026-03-27 07:29:00,EQ-029,Rio Verde,97.3,22.6,26.4,3.4,862.0,0.9,34,10.6,77,Arenoso,Plantio,Manha,0
689,2026-03-22 22:45:00,EQ-011,Barreiras,98.8,43.7,27.8,2.2,794.0,8.9,364,9.8,91,Encharcado,Plantio,Noite,1
5724,2026-08-29 15:11:00,EQ-020,Barreiras,20.8,0.0,30.8,6.8,709.0,1.9,287,7.6,71,Arenoso,Colheita,Tarde,0
5440,2026-08-20 06:51:00,EQ-012,Lucas do Rio Verde,17.6,0.0,24.1,9.9,,3.6,172,4.7,61,Arenoso,Pulverizacao,Manha,0
5478,2026-08-21 07:06:00,EQ-032,Sorriso,28.1,13.9,29.6,3.7,2500.0,6.1,213,7.8,90,Misto,Pulverizacao,Manha,0
5196,2026-08-12 15:20:00,EQ-030,Não-Me-Toque,67.4,0.0,20.8,2.6,1034.0,12.8,330,9.7,106,Misto,Transporte,Tarde,0
5087,2026-08-09 13:11:00,EQ-005,Barreiras,27.3,0.0,24.8,11.7,606.0,8.0,,7.2,97,Arenoso,Transporte,Tarde,0
5523,2026-08-22 17:22:00,EQ-016,Cascavel,83.5,0.0,16.5,11.9,1258.0,4.5,135,6.9,62,Argiloso,Colheita,Tarde,0
2853,2026-05-30 19:06:00,EQ-040,Não-Me-Toque,78.6,0.0,21.2,20.7,375.0,13.3,20,6.1,85,Misto,Colheita,Noite,1
2836,2026-05-30 07:24:00,EQ-022,Rio Verde,26.9,0.0,25.1,6.2,408.0,3.7,65,10.9,106,Arenoso,Colheita,Manha,0
1523,2026-04-17 17:43:00,EQ-016,Cascavel,75.8,12.3,19.9,6.1,1597.0,4.2,247,10.8,97,Argiloso,Colheita,Tarde,1
4553,2026-07-22 21:33:00,EQ-012,Lucas do Rio Verde,45.2,0.0,26.6,8.3,605.0,3.5,45,4.9,47,Argiloso,Pulverizacao,Noite,0
2900,2026-06-01 07:26:00,EQ-039,Sorriso,23.7,0.0,31.9,4.3,2054.0,2.2,130,7.6,93,Argiloso,Transporte,Manha,0
3110,2026-06-07 16:00:00,EQ-009,Lucas do Rio Verde,43.5,0.0,23.9,10.9,1067.0,4.9,719,6.3,82,Misto,Transporte,Tarde,0
2848,2026-05-30 15:26:00,EQ-030,Não-Me-Toque,85.9,0.0,21.8,16.4,1131.0,12.6,622,5.8,94,Encharcado,Transporte,Tarde,1
3312,2026-06-13 16:19:00,EQ-032,Cascavel,86.9,8.9,18.3,18.2,2057.0,6.0,119,9.3,75,Encharcado,Pulverizacao,Tarde,0
1233,2026-04-08 21:17:00,EQ-029,Rio Verde,89.9,0.0,27.9,8.6,573.0,0.9,82,2.9,102,Encharcado,Colheita,Noite,1
1569,2026-04-18 20:35:00,EQ-012,Lucas do Rio Verde,93.8,22.3,32.7,10.9,2262.0,3.2,407,5.8,73,Misto,Pulverizacao,Noite,0
1088,2026-04-04 07:23:00,EQ-005,Sorriso,100.0,18.1,29.3,3.1,472.0,7.6,307,8.1,42,Argiloso,Plantio,Manha,1
628,2026-03-21 13:03:00,EQ-016,Cascavel,45.2,0.2,25.0,16.3,801.0,4.1,121,11.7,83,Argiloso,Plantio,Tarde,1
375,2026-03-14 06:27:00,EQ-002,Rio Verde,88.6,23.6,25.5,6.0,708.0,7.3,73,7.3,90,Argiloso,Plantio,Manha,0
3278,2026-06-12 19:12:00,EQ-033,Lucas do Rio Verde,34.7,0.0,31.1,6.0,1076.0,24.3,386,7.4,85,Misto,Transporte,Noite,1
3530,2026-06-20 16:35:00,EQ-014,Sorriso,19.9,0.0,33.3,9.1,309.0,8.2,263,3.1,62,Misto,Pulverizacao,Tarde,0
4569,2026-07-23 13:27:00,EQ-030,Não-Me-Toque,86.5,2.2,8.7,8.5,978.0,12.7,234,7.9,69,Encharcado,Transporte,Tarde,0
2071,2026-05-06 08:30:00,EQ-036,Barreiras,"66,7",0.0,23.0,2.0,465.0,6.4,189,13.5,82,Arenoso,Plantio,Manha,0
2846,2026-05-30 14:32:00,EQ-036,Rio Verde,32.4,0.0,28.4,5.9,2087.0,6.5,0,2.9,105,Argiloso,Colheita,Tarde,0
2738,2026-05-26 19:51:00,EQ-017,Lucas do Rio Verde,40.2,14.7,31.7,10.2,118.0,2.0,225,8.8,91,Misto,Colheita,Noite,0
2899,2026-06-01 07:25:00,EQ-040,Não-Me-Toque,85.5,21.8,18.0,7.8,218.0,13.3,31,9.1,83,Argiloso,Colheita,Manha,1
682,2026-03-22 17:02:00,EQ-006,Sorriso,70.6,29.9,35.2,5.0,605.0,11.9,121,6.7,68,Argiloso,Pulverizacao,Tarde,0
5486,2026-08-21 13:14:00,EQ-027,Barreiras,22.4,0.0,24.0,15.0,318.0,17.2,38,12.8,80,Arenoso,Transporte,Tarde,1
4507,2026-07-21 10:01:00,EQ-003,Lucas do Rio Verde,35.4,30.0,27.3,5.5,654.0,8.6,8,7.7,59,Argiloso,Pulverizacao,Manha,0
1138,2026-04-05 16:30:00,EQ-008,Barreiras,77.7,0.0,27.8,7.3,1191.0,9.3,432,6.1,80,Misto,Colheita,Tarde,0
4502,2026-07-21 08:17:00,EQ-017,Lucas do Rio Verde,"38,5",30.0,28.2,17.3,583.0,2.2,211,8.5,82,Argiloso,Colheita,Manha,1
2918,2026-06-01 14:39:00,EQ-040,Não-Me-Toque,77.4,21.8,22.4,7.8,725.0,13.3,35,8.8,87,Misto,Colheita,Tarde,0
4242,2026-07-12 16:02:00,EQ-012,Lucas do Rio Verde,37.3,0.0,25.5,4.0,128.0,3.5,789,11.1,61,Arenoso,Pulverizacao,Tarde,1
5018,2026-08-07 09:23:00,EQ-022,Rio Verde,18.9,0.0,25.1,1.2,294.0,3.9,416,7.7,85,Misto,Transporte,Manha,0
4845,2026-08-01 17:31:00,EQ-027,Barreiras,12.7,0.0,28.5,1.9,583.0,17.2,623,5.4,94,Arenoso,Transporte,Tarde,0
821,2026-03-27 07:25:00,EQ-003,Lucas do Rio Verde,90.1,23.1,29.7,1.8,558.0,8.3,325,7.2,71,Arenoso,Pulverizacao,Manha,1
1923,2026-04-30 15:08:00,EQ-030,Barreiras,88.7,41.1,26.8,3.8,923.0,12.5,469,8.9,114,Misto,Colheita,Tarde,0
4509,2026-07-21 10:15:00,EQ-037,Sorriso,25.9,1.5,21.5,6.6,1278.0,20.8,457,8.5,82,Misto,Transporte,Manha,0
1575,2026-04-19 07:02:00,EQ-039,Sorriso,90.0,13.3,25.5,7.2,491.0,2.1,589,9.3,98,Encharcado,Colheita,Manha,0
4143,2026-07-09 15:52:00,EQ-016,Cascavel,95.1,15.4,21.6,3.1,1816.0,4.4,296,8.0,65,Encharcado,Plantio,Tarde,0
751,2026-03-24 15:54:00,EQ-001,Barreiras,100.0,95.7,27.9,1.2,563.0,11.1,13,7.6,86,Encharcado,Colheita,Tarde,1
3411,2026-06-17 06:56:00,EQ-003,Lucas do Rio Verde,26.9,0.0,21.3,8.3,26.0,8.5,276,5.2,73,Arenoso,Pulverizacao,Manha,0
1023,2026-04-02 06:47:00,EQ-011,Barreiras,89.5,7.9,27.3,9.2,44.0,9.0,5,8.5,90,Arenoso,Plantio,Manha,1
3547,2026-06-21 10:14:00,EQ-026,Sorriso,35.2,0.0,22.3,12.9,160.0,2.6,632,12.6,67,Misto,Transporte,Manha,0
3527,2026-06-20 15:39:00,EQ-018,Rio Verde,19.2,0.0,22.1,2.1,294.0,9.3,11,12.0,97,Argiloso,Colheita,Tarde,0
2860,2026-05-31 06:56:00,EQ-004,Não-Me-Toque,78.3,0.0,23.0,8.5,912.0,5.7,291,10.3,69,Misto,Colheita,Manha,0
2670,2026-05-24 20:42:00,EQ-029,Rio Verde,34.2,0.0,23.5,6.3,830.0,1.1,260,8.5,93,Misto,Colheita,Noite,0
2866,2026-05-31 08:41:00,EQ-018,Barreiras,23.0,0.0,21.5,4.9,1887.0,9.2,207,7.0,88,Arenoso,Plantio,Manha,0
29,2026-03-01 21:35:00,EQ-032,Sorriso,63.3,3.8,32.8,7.8,1737.0,5.7,116,5.3,71,Misto,Pulverizacao,Noite,0
1506,2026-04-17 09:46:00,EQ-001,Barreiras,79.8,23.3,27.7,11.7,761.0,11.2,143,6.8,110,Arenoso,Colheita,Manha,0
2324,2026-05-13 17:23:00,EQ-004,Rio Verde,32.7,0.0,28.0,18.4,241.0,5.7,186,8.7,103,Misto,Colheita,Tarde,0
589,2026-03-20 09:39:00,EQ-010,Sorriso,66.9,33.8,29.8,15.0,1142.0,4.9,60,6.7,71,Arenoso,Plantio,Manha,0
2594,2026-05-22 06:49:00,EQ-027,Lucas do Rio Verde,39.4,0.0,27.7,1.0,813.0,17.0,307,1.0,90, misto ,Transporte,Manha,0
3184,2026-06-09 19:09:00,EQ-012,Lucas do Rio Verde,48.4,0.0,21.4,2.7,1255.0,3.4,619,8.9,86,Arenoso,Pulverizacao,Noite,0
1260,2026-04-09 15:47:00,EQ-021,Cascavel,94.8,6.5,24.1,15.6,139.0,12.9,248,8.5,85,Arenoso,Colheita,Tarde,0
3687,2026-06-25 13:59:00,EQ-008,Barreiras,31.7,0.0,25.3,12.4,598.0,9.5,182,8.7,106,Argiloso,Colheita,Tarde,0
896,2026-03-29 08:59:00,EQ-040,Não-Me-Toque,61.1,0.0,24.6,23.2,766.0,13.1,70,6.1,89,Misto,Colheita,Manha,0
3217,2026-06-10 16:47:00,EQ-028,Sorriso,29.6,0.0,28.1,5.5,495.0,7.0,213,7.0,102,Misto,Colheita,Tarde,0
4716,2026-07-28 14:52:00,EQ-025,Barreiras,23.0,0.0,22.8,10.3,551.0,8.3,185,7.2,80,Arenoso,Colheita,Tarde,0
5109,2026-08-09 21:46:00,EQ-026,Sorriso,24.5,,22.5,0.8,1190.0,2.8,87,10.1,75,Argiloso,Transporte,Noite,0
2604,2026-05-22 13:24:00,EQ-024,Cascavel,69.0,10.5,15.3,1.9,1097.0,7.8,24,8.3,68,Misto,Pulverizacao,Tarde,0
4307,2026-07-15 07:19:00,EQ-020,Barreiras,10.6,0.0,18.4,4.2,630.0,1.8,78,10.6,105,Arenoso,Colheita,Manha,0
1636,2026-04-21 09:15:00,EQ-019,Sorriso,71.7,5.2,34.0,9.9,2257.0,4.3,37,12.9,66,Arenoso,Pulverizacao,Manha,0
5470,2026-08-20 20:17:00,EQ-011,Barreiras,35.6,0.0,25.2,3.0,89.0,9.4,181,13.3,65,Misto,Transporte,Noite,0
779,2026-03-25 13:20:00,EQ-029,Rio Verde,100.0,136.9,22.2,6.5,148.0,0.9,19,8.3,65,Encharcado,Plantio,Tarde,1
3993,2026-07-04 23:14:00,EQ-001,Lucas do Rio Verde,27.4,0.0,28.8,7.4,587.0,11.4,137,10.6,120,Argiloso,Colheita,Noite,0
2574,2026-05-21 09:53:00,EQ-019,Sorriso,46.0,6.0,20.2,5.3,445.0,4.4,173,7.3,69,Misto,Pulverizacao,Manha,0
3701,2026-06-25 23:27:00,EQ-032,Sorriso,21.6,0.0,24.0,9.3,978.0,6.0,180,9.0,81,Argiloso,Pulverizacao,Noite,0
1907,2026-04-30 06:53:00,EQ-014,Sorriso,75.4,20.3,32.0,9.3,355.0,8.1,66,8.3,62,Argiloso,Pulverizacao,Manha,1
3336,2026-06-14 14:04:00,EQ-020,Lucas do Rio Verde,35.9,0.0,27.5,6.6,1047.0,1.7,295,9.4,103,Misto,Colheita,Tarde,0
3219,2026-06-10 19:20:00,EQ-004,Cascavel,100.0,23.3,16.2,33.6,816.0,5.7,8,9.8,83,Argiloso,Colheita,Noite,1
1711,2026-04-23 16:41:00,EQ-010,Sorriso,64.8,0.0,24.2,4.5,201.0,5.0,235,7.5,80,Arenoso,Transporte,Tarde,1
5360,2026-08-17 15:47:00,EQ-020,Barreiras,10.4,0.0,29.5,3.5,1089.0,1.9,208,7.1,85,Arenoso,Colheita,Tarde,0
2289,2026-05-12 15:11:00,EQ-020,Barreiras,62.7,4.8,29.2,9.6,287.0,1.6,174,6.0,101,Misto,Colheita,Tarde,1
5020,2026-08-07 13:09:00,EQ-029,Rio Verde,28.6,0.0,27.9,14.3,607.0,1.3,203,10.1,86,Argiloso,Transporte,Tarde,0
1694,2026-04-23 06:27:00,EQ-021,Cascavel,74.6,0.0,23.6,6.3,1580.0,13.0,75,8.0,86,Argiloso,Colheita,Manha,0
3514,2026-06-20 09:49:00,EQ-037,Sorriso,16.2,0.0,24.2,4.6,1214.0,20.7,314,7.6,81,Argiloso,Transporte,Manha,0
2251,2026-05-11 20:24:00,EQ-009,Lucas do Rio Verde,62.2,0.0,29.5,9.8,339.0,4.9,576,3.7,57,Argiloso,Plantio,Noite,0
156,2026-03-06 10:06:00,EQ-037,Não-Me-Toque,49.0,0.0,21.6,6.5,1510.0,20.4,621,11.0,56,Misto,Plantio,Manha,1
2320,2026-05-13 16:50:00,EQ-021,Cascavel,55.6,0.0,21.9,9.0,525.0,13.0,172,10.3,86,Misto,Colheita,Tarde,1
1642,2026-04-21 14:06:00,EQ-034,Rio Verde,"71,7",0.0,25.5,12.7,716.0,8.5,14,6.2,71,Misto,Transporte,Tarde,0
416,2026-03-15 06:29:00,EQ-033,Lucas do Rio Verde,82.1,0.0,29.1,9.3,934.0,24.0,354,5.4,89,Misto,Colheita,Manha,1
841,2026-03-27 15:13:00,EQ-017,Cascavel,60.8,0.0,24.3,4.5,321.0,1.8,249,9.9,75,Argiloso,Colheita,Tarde,1
4560,2026-07-23 09:01:00,EQ-003,Lucas do Rio Verde,34.8,0.0,25.4,3.3,560.0,8.6,26,5.2,74,Arenoso,Pulverizacao,Manha,0
135,2026-03-05 15:55:00,EQ-012,Lucas do Rio Verde,89.1,49.3,31.1,0.8,1170.0,3.1,169,11.9,60,Arenoso,Pulverizacao,Tarde,0
3798,2026-06-28 19:44:00,EQ-023,Lucas do Rio Verde,24.4,0.0,21.3,5.1,1385.0,6.8,498,9.0,85,Misto,Pulverizacao,Noite,0
2141,2026-05-08 14:04:00,EQ-015,Sorriso,71.5,34.7,25.9,7.2,266.0,8.0,231,3.8,83,Arenoso,Transporte,Tarde,0
4969,2026-08-05 21:00:00,EQ-020,Rio Verde,22.9,0.0,30.9,4.0,293.0,1.8,164,5.4,99,Argiloso,Colheita,Noite,1
4328,2026-07-15 16:33:00,EQ-016,Cascavel,100.0,29.0,15.8,18.8,172.0,4.4,322,6.2,120,Misto,Transporte,Tarde,1
1987,2026-05-02 22:30:00,EQ-035,Lucas do Rio Verde,65.3,2.4,27.6,11.3,1159.0,2.9,57,8.2,97,Misto,Colheita,Noite,0
1253,2026-04-09 13:04:00,EQ-034,Rio Verde,80.0,14.4,26.6,10.8,760.0,8.5,354,9.8,44,Misto,Plantio,Tarde,0
970,2026-03-31 09:29:00,EQ-005,Sorriso,85.3,11.9,26.3,10.3,680.0,7.6,286,10.7,65,Encharcado,Plantio,Manha,1
4457,2026-07-19 22:21:00,EQ-025,Barreiras,22.2,0.0,28.2,4.8,380.0,8.2,138,4.9,72,Argiloso,Colheita,Noite,0
1092,2026-04-04 08:45:00,EQ-013,Barreiras,90.0,4.8,29.3,5.0,102.0,9.2,700,11.7,85,Encharcado,Colheita,Manha,1
3070,2026-06-06 13:59:00,EQ-026,Sorriso,30.8,0.0,23.1,4.6,698.0,2.6,573,5.7,99,Misto,Plantio,Tarde,0
4903,2026-08-03 20:59:00,EQ-026,Sorriso,30.3,0.0,30.8,2.3,983.0,2.7,58,9.8,60,Arenoso,Plantio,Noite,0
1864,2026-04-28 14:19:00,EQ-008,Cascavel,55.3,0.0,27.0,6.2,240.0,9.4,515,11.0,102,Arenoso,Colheita,Tarde,0
1950,2026-05-01 16:40:00,EQ-016,Cascavel,61.0,0.0,19.9,11.7,587.0,4.2,301,3.5,109,Misto,Colheita,Tarde,0
5351,2026-08-17 09:54:00,EQ-032,Sorriso,23.0,0.0,31.4,12.1,397.0,6.1,178,8.4,61,Argiloso,Pulverizacao,Manha,0
4031,2026-07-05 19:28:00,EQ-025,Barreiras,28.8,0.0,25.1,1.9,1032.0,8.2,60,4.7,75,Arenoso,Colheita,Noite,0
3426,2026-06-17 15:44:00,EQ-012,Lucas do Rio Verde,30.9,0.0,21.1,4.8,1281.0,3.4,654,6.0,89,Misto,Pulverizacao,Tarde,0
2562,2026-05-20 23:09:00,EQ-014,Sorriso,58.6,0.0,24.6,1.9,1906.0,8.1,168,7.1,66,Misto,Pulverizacao,Noite,0
3577,2026-06-22 09:02:00,EQ-024,Cascavel,77.9,0.0,17.7,4.8,368.0,7.9,175,6.7,69,Misto,Pulverizacao,Manha,0
175,2026-03-06 21:06:00,EQ-031,Rio Verde,100.0,37.7,28.3,8.0,1162.0,5.2,399,5.5,72,Arenoso,Colheita,Noite,0
384,2026-03-14 08:41:00,EQ-015,Sorriso,79.5,14.5,30.3,1.0,226.0,7.9,222,5.0,62,Misto,Colheita,Manha,1
437,2026-03-15 15:28:00,EQ-002,Rio Verde,77.6,18.4,27.0,1.8,906.0,7.3,76,10.5,84,Misto,Transporte,Tarde,0
1278,2026-04-10 08:08:00,EQ-012,Lucas do Rio Verde,89.6,0.0,29.5,3.6,270.0,3.2,359,5.4,83,Misto,Pulverizacao,Manha,1
4428,2026-07-19 07:13:00,EQ-038,Rio Verde,35.1,4.4,27.4,6.9,102.0,3.3,38,6.4,97,Misto,Colheita,Manha,0
281,2026-03-10 16:39:00,EQ-019,Sorriso,83.2,1.2,27.3,4.4,936.0,4.2,257,10.0,78,Misto,Pulverizacao,Tarde,0
1455,2026-04-15 10:17:00,EQ-030,Rio Verde,74.2,13.7,27.6,1.0,511.0,12.4,417,7.0,120,Misto,Colheita,Manha,1
3091,2026-06-07 08:11:00,EQ-002,Rio Verde,22.8,0.0,29.5,10.9,926.0,7.6,147,9.4,76,Arenoso,Plantio,Manha,0
4753,2026-07-29 15:08:00,EQ-002,Barreiras,20.1,0.0,30.9,0.4,567.0,7.7,66,4.7,94,Arenoso,Transporte,Tarde,0
285,2026-03-10 19:20:00,EQ-004,Cascavel,61.4,0.0,23.2,15.3,392.0,5.5,275,13.1,79,Misto,Colheita,Noite,1
2598,2026-05-22 08:38:00,EQ-039,Sorriso,46.0,4.4,27.3,0.9,163.0,2.2,97,8.4,92,Arenoso,Transporte,Manha,0
113,2026-03-04 19:13:00,EQ-035,Lucas do Rio Verde,,68.4,28.6,,369.0,2.7,136,9.8,89,Arenoso,Plantio,Noite,1
5522,2026-08-22 17:13:00,EQ-020,Barreiras,21.8,0.0,28.7,11.0,1606.0,1.9,245,5.6,40,Misto,Colheita,Tarde,0
5801,2026-07-02 09:36:00,EQ-999,Não-Me-Toque,67.4,0.0,10.6,15.6,770.0,12.6,134,11.0,119,Argiloso,Colheita,Manha,1
4917,2026-08-04 08:26:00,EQ-031,Rio Verde,26.0,0.0,25.6,6.2,226.0,5.7,185,3.3,105,Arenoso,Colheita,Manha,0
1904,2026-04-29 17:03:00,EQ-007,Lucas do Rio Verde,74.3,0.0,26.2,1.8,1068.0,7.6,33,11.1,98,Argiloso,Colheita,Tarde,0
3831,2026-06-29 17:32:00,EQ-003,Lucas do Rio Verde,17.0,0.0,27.1,11.3,312.0,8.6,324,6.6,72,Misto,Pulverizacao,Tarde,0
1916,2026-04-30 09:50:00,EQ-028,Sorriso,69.5,20.3,26.6,5.4,227.0,6.9,35,8.3,84,Misto,Colheita,MANHÃ,1
256,2026-03-10 06:08:00,EQ-001,Barreiras,73.6,12.7,30.3,1.1,125.0,11.1,274,6.4,97,Argiloso,Colheita,Manha,1
3402,2026-06-16 17:58:00,EQ-008,Barreiras,30.2,0.0,22.5,8.7,389.0,9.5,138,5.5,97,Arenoso,Colheita,Tarde,0
222,2026-03-08 15:54:00,EQ-035,Lucas do Rio Verde,100.0,49.4,28.4,2.4,1323.0,2.7,153,12.5,62,Arenoso,Plantio,Tarde,0
577,2026-03-19 22:13:00,EQ-032,Sorriso,56.8,0.0,29.3,1.8,459.0,5.7,202,7.3,52,Argiloso,Pulverizacao,Noite,0
5602,2026-08-25 13:29:00,EQ-023,Lucas do Rio Verde,44.3,37.8,31.4,7.2,891.0,7.0,168,10.9,61,Argiloso,Pulverizacao,Tarde,0
27,2026-03-01 21:19:00,EQ-001,Barreiras,73.1,12.3,24.7,12.3,205.0,11.1,243,3.3,62,Arenoso,Colheita,Noite,1
4062,2026-07-07 06:24:00,EQ-034,Rio Verde,21.0,0.0,34.1,26.7,1251.0,8.7,301,7.8,67,Argiloso,Plantio,Manha,0
2076,2026-05-06 09:59:00,EQ-001,Barreiras,67.5,0.0,27.5,2.6,524.0,11.3,225,8.0,76,Argiloso,Colheita,Manha,1
1921,2026-04-30 13:05:00,EQ-039,Sorriso,69.3,20.3,26.6,3.6,1371.0,2.1,655,8.3,84,Arenoso,Transporte,Tarde,0
1430,2026-04-14 14:09:00,EQ-035,Lucas do Rio Verde,96.9,21.6,29.7,,,2.9,22,2.5,102,Encharcado,Colheita,Tarde,1
745,2026-03-24 14:17:00,EQ-005,Sorriso,85.8,28.3,28.8,7.9,508.0,7.6,255,9.8,94,Encharcado,Transporte,Tarde,1
2735,2026-05-26 17:36:00,EQ-022,Rio Verde,32.2,0.0,31.8,23.3,1127.0,3.7,51,6.4,97,Argiloso,Transporte,Tarde,0
2860,2026-05-31 06:56:00,EQ-004,Não-Me-Toque,78.3,0.0,23.0,8.5,912.0,5.7,291,10.3,69,Misto,Colheita,Manha,0
5053,2026-08-08 10:56:00,EQ-036,Rio Verde,20.7,0.0,28.5,6.1,1386.0,6.7,42,9.0,77,Misto,Colheita,Manha,0
2840,2026-05-30 09:53:00,EQ-007,Cascavel,74.0,3.4,21.5,12.6,421.0,7.7,159,9.8,92,Misto,Transporte,Manha,0
4401,2026-07-18 06:46:00,EQ-005,Sorriso,10.8,0.0,22.3,7.4,344.0,7.9,187,5.4,96,Misto,Transporte,Manha,0
3020,2026-06-05 06:30:00,EQ-037,Sorriso,19.3,0.0,29.4,2.6,738.0,20.7,232,9.7,112,Arenoso,Transporte,Manha,0
1016,2026-04-01 19:10:00,EQ-003,Lucas do Rio Verde,88.2,11.9,28.5,4.2,223.0,8.3,347,9.0,93,Encharcado,Pulverizacao,Noite,1
5734,2026-08-29 23:41:00,EQ-015,Sorriso,28.0,0.0,25.0,5.3,943.0,8.4,214,7.8,109,Argiloso,Colheita,Noite,0
1332,2026-04-11 17:02:00,EQ-016,Cascavel,80.0,4.6,27.5,18.8,257.0,4.2,212,9.7,81,Argiloso,Colheita,Tarde,1
3073,2026-06-06 16:00:00,EQ-015,Sorriso,19.0,0.0,27.8,13.9,892.0,8.1,89,8.9,76,Misto,Plantio,Tarde,0
2007,2026-05-03 14:59:00,EQ-019,Sorriso,58.8,0.0,34.8,1.4,385.0,4.3,96,6.5,91,Misto,Pulverizacao,Tarde,0
4585,2026-07-24 07:17:00,EQ-034,Rio Verde,42.9,0.0,25.0,6.0,942.0,8.8,379,8.8,81,Argiloso,Transporte,Manha,0
1966,2026-05-02 09:14:00,EQ-024,Cascavel,60.6,19.9,16.7,2.2,612.0,7.8,366,10.6,71,Argiloso,Pulverizacao,Manha,0
3002,2026-06-04 15:28:00,EQ-018,Rio Verde,28.1,0.0,30.3,3.1,460.0,9.2,235,6.6,92,Misto,Colheita,Tarde,0
4346,2026-07-16 09:04:00,EQ-031,Cascavel,"92,7",14.8,11.9,14.0,326.0,5.6,87,7.7,85,Argiloso,Colheita,Manha,0
3510,2026-06-20 08:27:00,EQ-016,Cascavel,79.6,17.8,14.7,23.5,917.0,4.3,196,6.6,91,Misto,Transporte,Manha,0
228,2026-03-08 19:03:00,EQ-001,Barreiras,85.5,29.0,23.5,6.7,803.0,11.1,267,5.4,71,Arenoso,Colheita,Noite,0
1442,2026-04-14 16:29:00,EQ-033,Lucas do Rio Verde,100.0,21.6,26.9,9.9,392.0,24.1,94,5.2,88,Encharcado,Colheita,Tarde,1
2748,2026-05-27 06:34:00,EQ-021,Cascavel,69.3,0.0,13.9,3.7,489.0,13.0,238,11.6,86,Misto,Colheita,Manha,1
490,2026-03-17 08:57:00,EQ-035,Lucas do Rio Verde,62.6,0.0,33.4,4.2,1754.0,2.8,216,7.9,97,Misto,Transporte,Manha,0
764,2026-03-25 06:52:00,EQ-033,Lucas do Rio Verde,98.9,0.0,30.3,4.8,1045.0,24.1,0,11.4,92,Encharcado,Plantio,Manha,0
1490,2026-04-16 17:43:00,EQ-006,Sorriso,90.8,0.0,22.9,14.3,540.0,12.0,236,9.5,66,Argiloso,Pulverizacao,Tarde,1
2649,2026-05-24 07:40:00,EQ-037,Sorriso,56.0,0.0,28.8,6.4,268.0,20.6,178,8.4,85,Arenoso,Transporte,Manha,0
1124,2026-04-05 09:14:00,EQ-037,Sorriso,98.9,25.9,24.8,7.7,1258.0,20.5,700,8.1,80,Arenoso,Plantio,Manha,0
4262,2026-07-13 15:21:00,EQ-033,Lucas do Rio Verde,14.9,0.0,25.3,9.5,171.0,24.4,98,10.1,99,Misto,Colheita,Tarde,0
4680,2026-07-27 16:48:00,EQ-034,Rio Verde,41.6,0.0,31.6,4.0,115.0,8.8,10,6.6,67,Arenoso,Plantio,Tarde,0
5662,2026-08-27 08:35:00,EQ-031,Rio Verde,21.3,0.0,32.1,16.9,851.0,5.7,296,5.7,67,Misto,Colheita,Manha,0
4521,2026-07-21 21:32:00,EQ-022,Rio Verde,37.2,0.0,24.9,8.6,1151.0,3.8,341,7.0,80,Misto,Colheita,Noite,0
2411,2026-05-16 14:23:00,EQ-001,Barreiras,72.3,0.0,23.9,10.3,1788.0,11.3,271,12.0,93,Arenoso,Colheita,Tarde,0
3710,2026-06-26 08:25:00,EQ-024,Cascavel,100.0,27.8,10.3,6.9,974.0,7.9,196,10.0,67,Argiloso,Pulverizacao,Manha,0
1046,2026-04-02 20:19:00,EQ-032,Sorriso,100.0,29.2,28.1,3.6,356.0,5.8,272,12.6,69,Misto,Pulverizacao,Noite,0
4849,2026-08-01 23:19:00,EQ-029,Rio Verde,26.2,0.0,26.2,2.6,2500.0,1.3,176,1.6,108,Arenoso,Transporte,Noite,0
4573,2026-07-23 15:26:00,EQ-027,Barreiras,11.5,0.0,30.1,2.9,1869.0,17.2,581,8.5,80,Arenoso,Transporte,Tarde,0
3422,2026-06-17 13:49:00,EQ-015,Sorriso,16.2,0.0,21.7,14.5,207.0,8.2,129,12.3,65,Misto,Plantio,Tarde,0
4243,2026-07-12 16:51:00,EQ-036,Rio Verde,16.8,0.0,27.0,8.5,357.0,6.6,213,7.1,115,Arenoso,Colheita,Tarde,0
2162,ontem,EQ-010,Sorriso,52.3,34.7,32.5,0.7,1335.0,5.0,48,10.3,71,Misto,Plantio,Noite,0
2790,2026-05-28 14:09:00,EQ-024,Cascavel,78.1,20.9,19.8,37.0,1909.0,7.8,50,9.1,60,Misto,Pulverizacao,Tarde,0
919,2026-03-29 22:49:00,EQ-040,Não-Me-Toque,54.3,0.0,25.2,19.7,510.0,13.1,73,11.0,64,Argiloso,Colheita,Noite,1
3226,2026-06-11 06:07:00,EQ-010,Sorriso,30.5,0.0,30.6,2.3,430.0,5.1,203,9.1,73,Misto,Plantio,Manha,0
4505,2026-07-21 09:21:00,EQ-036,Lucas do Rio Verde,24.2,30.0,22.8,8.5,1535.0,6.7,265,3.3,87,Arenoso,Transporte,Manha,0
268,2026-03-10 13:04:00,EQ-017,Lucas do Rio Verde,89.9,0.0,26.3,14.1,636.0,,158,9.2,72,Encharcado,Transporte,Tarde,1
5794,2026-08-31 21:55:00,EQ-008,Barreiras,28.2,0.0,25.5,10.7,396.0,9.7,460,8.3,101,Argiloso,Colheita,Noite,0
2524,2026-05-19 16:29:00,EQ-023,Lucas do Rio Verde,36.7,0.0,30.3,5.0,1007.0,6.7,315,6.7,68,Arenoso,Pulverizacao,Tarde,0
2419,2026-05-16 17:39:00,EQ-018,Sorriso,67.0,0.0,22.6,1.1,189.0,9.2,169,3.9,61,Arenoso,Colheita,Tarde,1
3472,2026-06-18 17:57:00,EQ-032,Sorriso,11.8,0.0,20.5,8.0,1119.0,6.0,137,7.7,56,Argiloso,Pulverizacao,Tarde,0
893,2026-03-29 06:58:00,EQ-001,Barreiras,91.4,0.0,27.2,2.1,327.0,11.2,48,7.8,84,Arenoso,Colheita,Manha,1
4194,2026-07-11 08:10:00,EQ-032,Sorriso,17.5,0.0,26.6,1.8,133.0,6.0,266,8.7,51,Argiloso,Pulverizacao,Manha,0
326,2026-03-12 10:26:00,EQ-023,Lucas do Rio Verde,94.5,0.0,24.7,5.9,365.0,6.5,16,5.8,53,Arenoso,Pulverizacao,Manha,1
7,2026-03-01 08:44:00,EQ-003,Não-Me-Toque,42.2,0.0,18.1,3.7,357.0,8.2,217,7.3,70,Argiloso,Pulverizacao,Manha,0
1265,2026-04-09 17:17:00,EQ-032,Sorriso,,0.0,20.0,5.4,,5.8,25,8.7,76,Encharcado,Pulverizacao,Tarde,1
5453,2026-08-20 13:10:00,EQ-002,Rio Verde,17.0,0.0,26.2,27.1,782.0,7.8,130,9.7,104,Misto,Transporte,Tarde,1
5674,2026-08-27 16:35:00,EQ-036,Barreiras,18.8,0.0,27.4,19.3,368.0,6.8,109,6.2,101,Arenoso,Transporte,Tarde,0
1844,2026-04-27 17:24:00,EQ-017,Lucas do Rio Verde,75.5,2.3,27.9,0.3,963.0,1.9,105,5.2,104,Argiloso,Transporte,Tarde,0
1478,2026-04-16 10:28:00,EQ-006,Sorriso,88.7,0.0,25.6,7.0,811.0,12.0,232,7.8,83,Arenoso,Pulverizacao,Manha,0
2970,2026-06-03 09:19:00,EQ-002,Rio Verde,23.4,0.0,31.4,10.7,681.0,7.6,131,7.0,79,Misto,Transporte,Manha,0
3536,2026-06-20 22:50:00,EQ-013,Barreiras,24.6,0.0,22.9,6.3,650.0,9.4,185,9.8,83,Misto,Colheita,Noite,0
1384,2026-04-13 10:03:00,EQ-018,Rio Verde,79.2,6.2,28.9,4.9,194.0,9.1,39,10.1,85,Argiloso,plantio ,Manha,1
174,2026-03-06 19:50:00,EQ-012,Lucas do Rio Verde,84.6,9.2,29.2,9.2,336.0,3.1,184,6.2,68,Argiloso,Pulverizacao,Noite,1
4518,2026-07-21 17:11:00,EQ-030,Não-Me-Toque,87.2,46.8,16.8,5.7,856.0,12.7,211,7.4,90,Argiloso,Colheita,Tarde,0
1520,2026-04-17 17:01:00,EQ-007,Cascavel,69.7,-3.0,23.8,13.3,559.0,7.6,367,5.1,100,Argiloso,Colheita,Tarde,1
5395,2026-08-18 15:52:00,EQ-017,Lucas do Rio Verde,17.5,0.0,27.2,10.4,825.0,2.2,81,8.5,106,Misto,Colheita,Tarde,0
697,2026-03-23 08:31:00,EQ-015,Sorriso,86.7,35.7,31.6,3.6,948.0,7.9,268,6.3,86,Arenoso,Transporte,Manha,1
2555,2026-05-20 16:20:00,EQ-011,Barreiras,52.7,0.0,32.0,14.9,840.0,9.1,217,9.6,120,Arenoso,Colheita,Tarde,0
5137,2026-08-10 17:39:00,EQ-018,Rio Verde,28.3,0.0,27.0,2.0,947.0,9.4,214,6.9,87,Misto,Colheita,Tarde,0
827,2026-03-27 08:37:00,EQ-022,Rio Verde,100.0,22.6,25.0,20.5,665.0,3.5,268,7.1,67,Arenoso,Plantio,Manha,0
2966,2026-06-03 08:38:00,EQ-015,Sorriso,32.4,0.0,25.0,6.7,577.0,8.1,62,9.0,78,Misto,Plantio,Manha,0
1208,2026-04-08 06:54:00,EQ-011,Barreiras,83.5,1.6,28.1,8.8,454.0,9.0,32,11.4,72,Arenoso,Transporte,Manha,1
2797,2026-05-28 16:56:00,EQ-031,Rio Verde,25.9,1.6,31.0,2.4,961.0,5.5,331,6.8,94,Misto,Colheita,Tarde,0
5392,2026-08-18 14:41:00,EQ-037,Sorriso,22.5,0.6,23.7,7.8,1599.0,20.9,594,12.9,99,Argiloso,Transporte,Tarde,0
2205,2026-05-10 09:51:00,EQ-039,Sorriso,95.6,114.3,26.3,0.7,192.0,2.2,33,11.2,104,Arenoso,Transporte,Manha,1
2483,2026-05-18 14:34:00,EQ-019,Sorriso,58.5,0.0,28.1,9.4,898.0,4.3,169,6.6,71,Argiloso,Pulverizacao,Tarde,0
1977,2026-05-02 14:20:00,EQ-016,Cascavel,63.4,19.9,22.6,8.0,880.0,4.2,303,11.5,91,Argiloso,Transporte,Tarde,0
3262,2026-06-12 13:51:00,EQ-015,Sorriso,22.7,0.0,31.2,3.4,386.0,8.1,120,9.3,91,Misto,Colheita,Tarde,0
4750,2026-07-29 14:43:00,EQ-017,Lucas do Rio Verde,28.7,0.0,25.0,2.0,1478.0,2.2,233,4.7,112,Arenoso,Colheita,Tarde,0
828,2026-03-27 08:51:00,EQ-002,Rio Verde,100.0,22.6,32.3,8.0,1949.0,7.4,152,11.2,96,Encharcado,Colheita,Manha,0
3797,2026-06-28 19:29:00,EQ-014,Sorriso,13.9,0.0,31.3,8.8,546.0,8.3,311,5.0,95,Argiloso,Pulverizacao,Noite,0
5310,2026-08-16 07:46:00,EQ-018,Lucas do Rio Verde,14.9,0.0,29.4,12.6,2500.0,9.4,245,8.1,72,Arenoso,Plantio,Manha,0
1514,2026-04-17 15:55:00,EQ-014,Sorriso,81.9,7.4,22.6,6.1,704.0,8.1,6,10.2,81,Arenoso,Pulverizacao,Tarde,0
1463,2026-04-15 16:52:00,EQ-034,Rio Verde,77.8,13.7,26.1,5.3,301.0,8.5,374,10.1,90,Misto,Plantio,Tarde,1
2083,2026-05-06 16:20:00,EQ-035,Lucas do Rio Verde,53.1,4.7,28.0,1.1,1674.0,2.9,71,7.6,83,Argiloso,Transporte,tarde,0
2317,2026-05-13 16:09:00,EQ-015,Sorriso,76.9,0.0,26.0,1.7,1187.0,8.1,265,11.5,64,Misto,Transporte,Tarde,0
2521,2026-05-19 13:11:00,EQ-039,Sorriso,44.3,0.0,26.0,2.3,728.0,2.2,82,6.1,111,Misto,Colheita,Tarde,0
236,2026-03-09 08:32:00,EQ-022,Rio Verde,79.6,0.0,26.0,14.7,725.0,3.5,229,8.6,73,Misto,Plantio,Manha,0
2949,2026-06-02 16:56:00,EQ-028,Rio Verde,16.6,0.0,23.6,4.8,1500.0,6.9,179,9.7,87,Argiloso,Colheita,Tarde,0
5743,2026-08-30 08:13:00,EQ-029,Rio Verde,22.4,0.0,27.5,12.8,1577.0,1.3,324,7.0,66,Arenoso,Transporte,Manha,0
5552,2026-08-24 06:46:00,EQ-014,Sorriso,41.5,0.0,27.1,4.2,668.0,8.4,174,8.8,79,Misto,Pulverizacao,Manha,0
4920,2026-08-04 09:38:00,EQ-036,Rio Verde,28.1,0.0,30.7,6.3,642.0,6.7,30,8.1,99,Argiloso,Transporte,Manha,0
5600,2026-08-25 13:21:00,EQ-011,Barreiras,23.6,0.0,24.9,0.9,560.0,9.4,206,6.4,65,Arenoso,Transporte,Tarde,0
554,2026-03-19 06:17:00,EQ-028,Sorriso,65.6,0.0,27.7,11.9,457.0,6.7,524,8.7,74,Misto,Transporte,Manha,1
4156,2026-07-10 07:04:00,EQ-007,Lucas do Rio Verde,20.7,0.0,25.5,5.6,531.0,7.8,372,8.7,68,Arenoso,Colheita,Manha,0
85,2026-03-03 22:03:00,EQ-037,Sorriso,88.2,29.7,33.5,4.4,279.0,20.4,615,2.9,102,Encharcado,Plantio,Noite,1
251,2026-03-09 15:48:00,EQ-009,Barreiras,74.2,15.2,27.7,3.4,156.0,4.7,329,8.0,69,Misto,Plantio,Tarde,1
3901,2026-07-02 08:31:00,EQ-026,Sorriso,14.6,0.0,16.1,1.0,1470.0,2.7,683,12.5,82,Argiloso,Colheita,Manha,0
3202,2026-06-10 09:57:00,EQ-007,Cascavel,94.0,23.3,28.9,2.7,246.0,7.7,212,10.7,85,Encharcado,Colheita,Manha,1
369,2026-03-13 16:42:00,EQ-032,Sorriso,83.2,0.0,25.0,2.5,383.0,5.7,165,8.6,93,Misto,Pulverizacao,Tarde,1
2939,2026-06-02 09:56:00,EQ-019,Sorriso,27.7,0.0,26.3,5.0,266.0,4.4,221,7.7,101,Misto,Pulverizacao,Manha,0
363,2026-03-13 13:00:00,EQ-005,Sorriso,93.8,0.0,22.4,5.5,478.0,7.6,186,3.5,84,Arenoso,Transporte,Tarde,1
1931,2026-04-30 22:25:00,EQ-029,Sorriso,58.6,20.3,24.7,1.3,278.0,1.0,170,7.1,95,Misto,Transporte,Noite,0
5445,2026-08-20 09:14:00,EQ-018,Rio Verde,26.8,0.0,28.2,15.5,1172.0,9.4,266,3.8,97,Arenoso,Transporte,Manha,0
4945,2026-08-05 08:23:00,EQ-018,Rio Verde,30.1,0.0,27.2,11.9,215.0,9.4,194,4.8,91,Misto,Transporte,Manha,0
2791,2026-05-28 14:43:00,EQ-038,Rio Verde,"36,4",1.6,21.6,5.5,868.0,3.2,129,7.9,79,Misto,Transporte,Tarde,
5737,2026-08-30 06:33:00,EQ-006,Sorriso,24.0,0.0,28.0,10.9,661.0,12.4,234,9.6,78,Misto,Pulverizacao,Manha,0
1093,2026-04-04 08:57:00,EQ-014,Sorriso,100.0,18.1,28.7,1.9,537.0,8.0,298,8.3,56,Encharcado,Pulverizacao,Manha,1
1152,2026-04-06 07:44:00,EQ-036,Rio Verde,93.6,33.7,31.1,9.3,770.0,6.4,65,8.6,78,Encharcado,Plantio,Manha,1
756,2026-03-24 19:13:00,EQ-017,Lucas do Rio Verde,100.0,25.2,33.4,1.6,265.0,1.8,239,9.0,80,Arenoso,Transporte,Noite,1
5095,2026-08-09 14:59:00,EQ-011,Sorriso,27.0,0.0,33.3,5.7,1334.0,9.3,152,4.9,119,Argiloso,Transporte,Tarde,0
5176,2026-08-12 06:26:00,EQ-029,Rio Verde,13.6,0.0,21.7,6.1,384.0,1.3,228,9.6,87,Misto,Colheita,Manha,0
4290,2026-07-14 14:19:00,EQ-038,Rio Verde,26.1,0.9,23.5,5.2,336.0,3.3,24,8.5,79,Argiloso,Colheita,Tarde,0
2452,2026-05-17 17:59:00,EQ-034,Rio Verde,26.4,0.0,19.2,19.7,466.0,8.6,112,4.6,77,Arenoso,Plantio,Tarde,0
2315,2026-05-13 14:42:00,EQ-017,Lucas do Rio Verde,64.7,5.3,26.1,10.0,1617.0,2.0,161,9.5,81,Arenoso,Transporte,Tarde,0
1170,2026-04-06 17:47:00,EQ-025,Não-Me-Toque,51.8,0.0,25.4,6.4,495.0,8.0,221,7.0,87,Misto,Colheita,Tarde,0
483,2026-03-17 07:16:00,EQ-009,Lucas do Rio Verde,79.2,0.0,31.6,7.6,794.0,4.7,356,6.5,89, misto ,Colheita,Manha,0
1919,2026-04-30 10:50:00,EQ-001,Barreiras,92.2,41.1,25.0,9.9,352.0,11.2,198,1.3,90,Encharcado,Transporte,Manha,1
1006,2026-04-01 14:44:00,EQ-020,Barreiras,90.3,0.0,33.7,8.0,194.0,1.5,24,6.1,107,Arenoso,Transporte,Tarde,0
2680,2026-05-25 07:05:00,EQ-031,Rio Verde,36.2,0.0,20.5,4.0,844.0,5.5,311,9.5,86,Arenoso,Colheita,Manha,0
3913,2026-07-02 15:12:00,EQ-999,Sorriso,16.4,0.0,23.3,13.9,686.0,8.2,229,3.1,73,Arenoso,Transporte,Tarde,0
3413,2026-06-17 06:57:00,EQ-022,Rio Verde,19.6,0.0,23.4,2.0,367.0,3.7,163,6.1,70,Argiloso,Plantio,Manha,0
799,2026-03-26 07:00:00,EQ-023,Lucas do Rio Verde,86.9,19.0,26.4,10.4,694.0,6.6,63,10.5,79,Arenoso,Pulverizacao,Manha,0
1087,2026-04-04 06:54:00,EQ-010,Barreiras,90.0,4.8,25.8,4.8,2278.0,4.9,133,8.8,65,Encharcado,Plantio,Manha,0
5707,2026-08-28 21:34:00,EQ-025,Barreiras,17.2,0.0,23.6,2.9,532.0,8.4,38,5.3,,Arenoso, colheita,Noite,0
443,2026-03-15 17:22:00,EQ-038,Rio Verde,76.6,18.4,24.3,8.2,1701.0,3.0,132,7.1,77,Arenoso,Transporte,Tarde,0
2451,2026-05-17 17:44:00,EQ-016,Cascavel,73.2,20.6,30.8,15.3,920.0,4.2,82,8.5,81,Misto,Transporte,Tarde,0
1593,2026-04-19 17:23:00,EQ-005,Sorriso,72.7,13.3,24.2,10.1,208.0,7.7,71,10.1,78,Misto,Plantio,Tarde,0
3152,2026-06-08 19:41:00,EQ-016,Cascavel,"93,1",40.8,19.1,5.4,881.0,4.3,143,11.3,80,Argiloso,Colheita,Noite,1
4701,2026-07-28 09:16:00,EQ-028,Sorriso,37.8,0.0,21.1,8.9,651.0,7.1,439,9.6,55,Argiloso,Plantio,Manha,0
1673,2026-04-22 08:21:00,EQ-026,Sorriso,62.8,0.0,25.3,6.2,1618.0,2.5,367,11.7,89,Misto,Transporte,Manha,0
2460,2026-05-17 22:47:00,EQ-016,Cascavel,55.8,20.6,20.7,9.8,1174.0,4.2,86,1.2,91,Argiloso,Colheita,Noite,0
1573,2026-04-19 06:58:00,EQ-023,Lucas do Rio Verde,93.7,40.8,21.3,,1028.0,6.7,177,8.5,61,Misto,Pulverizacao,Manha,0
2036,2026-05-04 15:51:00,EQ-001,Barreiras,81.9,0.0,28.4,1.9,222.0,11.3,212,7.9,86,Misto,Colheita,Tarde,1
1675,2026-04-22 09:59:00,EQ-010,Sorriso,68.0,0.0,31.1,16.6,604.0,5.0,226,8.2,99,Misto,Transporte,Manha,0
71,2026-03-03 15:11:00,EQ-033,Lucas do Rio Verde,100.0,51.2,22.9,4.2,801.0,24.0,307,5.3,74,Misto,Plantio,Tarde,0
4590,2026-07-24 09:21:00,EQ-040,Não-Me-Toque,91.9,4.4,11.4,4.0,1364.0,13.4,242,12.4,85,Encharcado,Colheita,Manha,0
183,2026-03-07 08:48:00,EQ-006,Sorriso,90.3,9.0,-99.0,2.1,776.0,11.9,87,7.7,85,Misto,Pulverizacao,Manha,0
4285,2026-07-14 10:57:00,EQ-017,Lucas do Rio Verde,17.0,0.0,28.6,4.9,469.0,2.1,165,7.0,49,Misto,Colheita,Manha,0
5623,2026-08-26 06:43:00,EQ-019,Sorriso,35.0,0.0,32.4,1.2,1014.0,4.6,117,10.3,93,Misto,Pulverizacao,Manha,0
5663,2026-08-27 08:41:00,EQ-035,Lucas do Rio Verde,45.3,0.0,24.2,5.8,901.0,3.2,191,8.5,77,Misto,Transporte,Manha,1
825,2026-03-27 07:52:00,EQ-033,Lucas do Rio Verde,95.2,23.1,31.2,21.5,352.0,24.1,14,11.0,57,Encharcado,Plantio,Manha,1
2611,2026-05-22 16:20:00,EQ-030,Não-Me-Toque,83.9,13.2,19.3,9.7,588.0,12.5,581,10.4,117,Misto,Colheita,Tarde,1
4854,2026-08-02 08:31:00,EQ-003,Lucas do Rio Verde,19.7,0.0,24.9,2.8,887.0,8.7,56,9.3,60,Argiloso,Pulverizacao,Manha,0
2844,2026-05-30 14:15:00,EQ-040,Não-Me-Toque,89.6,0.0,21.3,19.5,238.0,13.3,16,8.0,120,Encharcado,Transporte,Tarde,
5288,2026-08-15 13:11:00,EQ-025,Barreiras,20.5,0.0,21.1,6.1,620.0,8.3,256,5.8,91,Misto,Colheita,Tarde,0
1467,2026-04-16 06:19:00,EQ-013,Barreiras,84.2,0.0,29.9,21.2,202.0,9.2,761,4.3,89,Arenoso,Colheita,Manha,0
4918,2026-08-04 08:31:00,EQ-026,Sorriso,28.3,0.0,30.4,4.1,281.0,2.7,63,2.8,93,Misto,Transporte,Manha,0
3121,2026-06-08 06:03:00,EQ-007,Cascavel,85.6,40.8,21.0,8.9,427.0,7.7,192,9.3,112,Misto,Transporte,Manha,1
513,2026-03-17 16:00:00,EQ-028,Sorriso,60.5,0.0,31.2,2.3,391.0,6.7,500,10.0,46,Argiloso,Plantio,Tarde,1
1325,2026-04-11 14:44:00,EQ-015,Sorriso,81.8,20.3,18.3,9.3,2010.0,8.0,97,10.1,65,Arenoso,Plantio,Tarde,0
4871,2026-08-02 16:42:00,EQ-034,Rio Verde,44.7,0.0,29.8,1.4,557.0,8.8,42,6.9,101,Misto,Transporte,Tarde,0
3677,2026-06-25 06:49:00,EQ-024,Cascavel,"91,0",0.0,18.1,8.6,830.0,7.9,193,6.3,94,Misto,Pulverizacao,Manha,0
1030,2026-04-02 09:12:00,EQ-014,Sorriso,94.9,29.2,26.3,1.6,1591.0,8.0,286,7.5,89,Argiloso,Pulverizacao,Manha,0
4597,2026-07-24 14:16:00,EQ-025,Barreiras,26.7,0.0,28.4,3.4,352.0,8.3,151,8.7,80,Arenoso,Colheita,Tarde,0
5544,2026-08-23 15:21:00,EQ-014,Sorriso,44.0,11.7,29.4,3.5,343.0,8.4,170,4.5,78,Misto,Pulverizacao,Tarde,0
5549,2026-08-23 17:39:00,EQ-025,Barreiras,23.2,0.0,34.2,13.3,1467.0,8.3,27,6.4,99,Arenoso,Colheita,Tarde,0
1695,2026-04-23 07:03:00,EQ-040,Não-Me-Toque,62.7,21.2,22.2,14.4,149.0,13.2,183,10.5,87,Argiloso,Transporte,Manha,1
1887,2026-04-29 07:48:00,EQ-033,Não-Me-Toque,66.4,0.0,24.3,11.9,1053.0,24.2,198,8.1,82,Argiloso,Transporte,Manha,0
778,2026-03-25 13:03:00,EQ-019,Cascavel,53.1,0.0,23.7,17.4,382.0,4.2,352,7.4,67,Argiloso,Pulverizacao,Tarde,0
3621,2026-06-23 14:21:00,EQ-034,Rio Verde,21.8,0.8,20.5,3.7,1130.0,8.7,252,6.3,87,Arenoso,Transporte,Tarde,0
1834,2026-04-27 13:09:00,EQ-022,Rio Verde,68.9,27.8,27.0,2.3,1017.0,3.6,376,4.6,91,Argiloso,Transporte,Tarde,0
1538,2026-04-18 07:52:00,EQ-026,Sorriso,78.6,6.9,27.8,1.1,2130.0,2.4,345,3.4,57,Misto,Plantio,Manha,0
2764,2026-05-27 14:15:00,EQ-018,Rio Verde,43.8,0.0,26.7,4.2,1272.0,9.2,196,10.9,75,Misto,Colheita,Tarde,0
5773,2026-08-31 09:15:00,EQ-039,Sorriso,28.4,0.0,33.8,6.4,241.0,2.5,525,10.7,71,Misto,Plantio,Manhã,0
3878,2026-07-01 13:19:00,EQ-014,Sorriso,35.1,0.0,18.9,2.9,806.0,8.3,317,10.5,77,Misto,Pulverizacao,Tarde,0
1535,2026-04-18 06:59:00,EQ-015,Sorriso,78.7,6.9,27.5,3.3,404.0,8.0,150,10.3,109,Arenoso,Colheita,Manha,1
1583,2026-04-19 10:20:00,EQ-011,Barreiras,76.5,4.1,26.4,1.5,1646.0,9.0,67,7.6,100,Arenoso,Colheita,Manha,0
5185,2026-08-12 08:59:00,EQ-007,Cascavel,78.4,17.8,16.4,8.9,1830.0,7.9,50,12.4,98,Misto,Colheita,Manha,0
425,2026-03-15 09:38:00,EQ-039,Sorriso,77.2,0.0,29.8,22.9,1220.0,2.0,416,8.0,53,Arenoso,Colheita,Manha,0
1529,2026-04-17 22:27:00,EQ-028,Sorriso,83.2,7.4,28.3,5.3,327.0,6.8,642,5.6,59,Misto,Plantio,Noite,0
5114,2026-08-10 06:33:00,EQ-020,Barreiras,16.9,0.0,33.5,3.2,96.0,1.8,190,4.5,77,Misto,Colheita,Manha,0
4612,2026-07-25 08:37:00,EQ-018,Rio Verde,42.5,0.0,25.1,6.1,403.0,9.4,163,6.3,109,Misto,Transporte,Manha,0
5249,2026-08-14 13:17:00,EQ-008,Barreiras,21.8,0.0,27.5,19.2,1958.0,9.7,395,3.7,94,Arenoso,Colheita,Tarde,0
4277,2026-07-14 07:27:00,EQ-013,Barreiras,15.0,0.5,24.9,5.3,777.0,9.5,323,9.9,94,Arenoso,Colheita,Manha,0
4745,2026-07-29 09:51:00,EQ-026,Sorriso,22.5,0.0,36.5,6.9,819.0,2.7,15,9.2,98,Misto,Transporte,Manha,0
1246,2026-04-09 08:41:00,EQ-037,Sorriso,81.3,0.0,25.8,22.8,272.0,20.5,731,10.6,87,Misto,Plantio,Manha,1
4979,2026-08-06 09:17:00,EQ-023,Lucas do Rio Verde,26.4,0.0,27.5,8.6,1135.0,7.0,63,5.2,50,Misto,Pulverizacao,Manha,0
5782,2026-08-31 14:19:00,EQ-020,Barreiras,16.1,0.0,28.5,5.1,314.0,1.9,291,9.1,64,Arenoso,Colheita,Tarde,0
735,2026-03-24 10:38:00,EQ-019,Sorriso,86.2,28.3,24.2,5.5,343.0,4.2,341,7.2,43,Encharcado,Pulverizacao,Manha,1
680,2026-03-22 16:45:00,EQ-028,Sorriso,,29.9,35.0,8.7,1558.0,6.8,544,7.8,75,Misto,Colheita,Tarde,0
5115,2026-08-10 06:51:00,EQ-024,Cascavel,85.3,1.8,15.9,1.3,519.0,8.0,395,5.6,75,Encharcado,Pulverizacao,Manha,0
3082,2026-06-06 23:36:00,EQ-011,Barreiras,29.1,0.0,29.7,9.3,2500.0,9.1,315,7.9,106,Arenoso,Transporte,Noite,0
4133,2026-07-09 10:52:00,EQ-013,Não-Me-Toque,48.9,0.0,15.2,11.4,131.0,9.4,300,12.4,104,Argiloso,Colheita,Manha,1
2473,2026-05-18 10:22:00,EQ-010,Sorriso,59.2,0.0,23.7,3.7,2500.0,5.1,84,11.4,94,Misto,Colheita,Manha,0
5604,2026-08-25 13:47:00,EQ-010,Sorriso,43.8,0.0,27.0,5.4,314.0,5.3,192,9.0,77,Argiloso,Transporte,Tarde,0
4161,2026-07-10 07:42:00,EQ-031,Rio Verde,20.3,0.0,17.3,18.9,1091.0,5.6,54,10.7,103,Argiloso,Colheita,Manha,0
1405,2026-04-13 21:09:00,EQ-032,Sorriso,85.7,6.6,20.8,5.8,1112.0,5.8,50,7.1,77,Encharcado,Pulverizacao,Noite,0
3670,2026-06-24 22:00:00,EQ-018,Rio Verde,17.0,0.0,19.5,2.2,1162.0,9.3,17,5.2,93,Arenoso,Transporte,Noite,0
445,2026-03-15 17:49:00,EQ-022,Não-Me-Toque,94.1,1.6,22.8,29.1,1455.0,3.5,238,13.2,74,Argiloso,Plantio,Tarde,0
5334,2026-08-16 21:12:00,EQ-040,Não-Me-Toque,75.1,13.1,17.1,24.3,419.0,13.5,327,7.1,80,Argiloso,Colheita,Noite,0
2373,2026-05-15 07:52:00,EQ-018,Rio Verde,47.1,0.0,25.0,12.5,498.0,9.2,164,4.8,96,Argiloso,Transporte,Manha,0
5103,2026-08-09 19:23:00,EQ-024,Cascavel,86.9,29.0,20.1,8.5,726.0,8.0,393,3.8,74,Argiloso,Pulverizacao,Noite,1
4631,2026-07-25 21:27:00,EQ-033,Lucas do Rio Verde,35.7,0.0,27.3,9.2,516.0,24.4,149,7.1,76,Arenoso,Colheita,Noite,1
2502,2026-05-18 23:39:00,EQ-004,Cascavel,51.8,8.8,14.7,6.8,1930.0,5.7,206,10.5,99,Misto,Colheita,Noite,0
5173,2026-08-11 20:16:00,EQ-035,Lucas do Rio Verde,31.1,0.0,24.7,2.2,397.0,3.2,132,4.4,87,Misto,Transporte,Noite,0
1374,2026-04-12 21:24:00,EQ-017,Lucas do Rio Verde,81.4,0.5,24.8,8.1,429.0,1.9,54,12.1,87,Argiloso,Colheita,NOITE,1
3216,2026-06-10 16:43:00,EQ-038,Rio Verde,31.9,0.0,27.6,10.6,528.0,3.2,179,5.1,90,Arenoso,Transporte,Tarde,1
5632,2026-08-26 09:17:00,EQ-015,Sorriso,25.8,0.0,30.7,29.2,208.0,8.3,200,10.6,54,Arenoso,Plantio,Manha,0
4779,2026-07-30 15:35:00,EQ-007,Cascavel,87.5,40.2,22.5,4.4,701.0,7.9,422,10.3,89,Argiloso,Colheita,Tarde,0
3297,2026-06-13 08:55:00,EQ-018,Rio Verde,24.4,0.7,27.1,14.6,1072.0,9.3,271,10.6,93,Misto,Colheita,Manha,0
681,2026-03-22 16:59:00,EQ-031,Rio Verde,82.5,0.0,32.9,23.2,2025.0,5.3,59,10.4,53,Arenoso,Colheita,Tarde,0
1412,2026-04-14 06:30:00,EQ-030,Rio Verde,71.2,0.0,23.1,3.9,202.0,12.4,411,13.7,80,Misto,Colheita,Manha,1
1091,2026-04-04 08:04:00,EQ-007,Cascavel,92.5,0.0,24.4,12.9,587.0,7.5,319,6.4,90,Argiloso,Colheita,Manha,1
2568,2026-05-21 07:47:00,EQ-040,Não-Me-Toque,81.1,22.3,19.0,8.5,508.0,13.3,306,2.9,78,Misto,Colheita,Manha,0
1627,2026-04-21 06:05:00,EQ-012,Rio Verde,69.9,0.0,24.8,10.7,1170.0,3.2,429,7.6,97,Arenoso,Pulverizacao,Manha,0
4484,2026-07-20 17:18:00,EQ-028,Sorriso,23.1,1.9,24.9,5.2,77.0,7.1,400,4.8,64,Argiloso,Transporte,Tarde,0
5036,2026-08-07 20:45:00,EQ-001,Barreiras,20.3,0.0,27.9,9.1,2092.0,11.5,299,6.7,93,Arenoso,Colheita,Noite,0
5299,2026-08-15 17:15:00,EQ-017,Lucas do Rio Verde,20.4,0.0,27.3,7.9,946.0,2.2,49,12.9,96,Arenoso,Colheita,Tarde,0
3961,2026-07-04 06:36:00,EQ-009,Lucas do Rio Verde,24.7,0.0,27.9,12.0,281.0,5.0,28,4.5,57,Arenoso,Transporte,Manha,0
4946,2026-08-05 10:10:00,EQ-008,Barreiras,27.0,0.0,24.4,2.1,313.0,9.7,326,11.8,95,Arenoso,Colheita,Manha,1
4963,2026-08-05 15:40:00,EQ-034,Rio Verde,25.0,0.0,26.3,4.3,151.0,8.8,71,5.6,52,Argiloso,Plantio,Tarde,0
2347,2026-05-14 13:10:00,EQ-040,Não-Me-Toque,64.3,4.1,23.4,29.5,1574.0,13.2,279,10.0,91,Arenoso,Colheita,Tarde,1
5098,2026-08-09 15:47:00,EQ-035,Lucas do Rio Verde,19.3,0.0,25.7,26.8,119.0,3.2,113,6.8,83,Argiloso,Transporte,Tarde,0
4419,2026-07-18 19:05:00,EQ-040,Não-Me-Toque,63.3,19.7,22.3,5.5,1222.0,13.4,218,6.0,86,Argiloso,Colheita,Noite,0
139,2026-03-05 17:21:00,EQ-038,Rio Verde,94.8,7.9,31.8,7.5,82.0,3.0,60,9.7,83,Arenoso,TRANSPORTE,Tarde,1
262,2026-03-10 09:02:00,EQ-026,Sorriso,84.4,1.2,27.4,1.7,579.0,2.3,190,6.4,88,Argiloso,Colheita,Manha,1
1779,2026-04-25 20:49:00,EQ-006,Sorriso,85.5,10.0,26.3,5.0,1612.0,12.0,265,8.6,77,Encharcado,Pulverizacao,Noite,0
3852,2026-06-30 15:42:00,EQ-039,Sorriso,17.9,0.0,23.2,5.0,133.0,2.3,278,7.7,84,Argiloso,Transporte,Tarde,0
2332,2026-05-13 23:47:00,EQ-021,Cascavel,70.6,0.0,25.6,1.9,1032.0,13.0,177,10.0,119,Argiloso,Colheita,Noite,1
1174,2026-04-06 21:14:00,EQ-010,Sorriso,93.0,9.7,24.0,9.7,155.0,4.9,149,5.2,68,Arenoso,Plantio,Noite,1
1908,2026-04-30 06:56:00,EQ-036,Rio Verde,66.6,12.3,25.7,1.2,237.0,6.4,174,8.1,106,Misto,Colheita,Manha,1
2260,2026-05-12 06:23:00,EQ-036,Rio Verde,51.1,0.0,30.1,5.1,82.0,6.5,234,8.2,85,Misto,Transporte,Manha,0
1155,2026-04-06 09:21:00,EQ-018,Rio Verde,98.1,33.7,27.7,9.9,200.0,9.1,4,12.9,85,Encharcado,Transporte,Manha,1
5469,2026-08-20 19:23:00,EQ-036,Rio Verde,14.8,0.0,30.1,1.2,1229.0,6.7,97,7.4,94,Arenoso,Transporte,Noite,0
1827,2026-04-27 09:21:00,EQ-020,Barreiras,80.2,47.4,22.6,7.9,1328.0,1.5,140,7.3,92,Arenoso,Colheita,Manha,0
4279,2026-07-14 07:30:00,EQ-028,Sorriso,12.0,0.0,33.9,17.0,171.0,7.1,384,8.7,85,Misto,Transporte,Manha,0
5307,2026-08-15 23:38:00,EQ-015,Sorriso,23.8,0.0,24.7,14.3,874.0,8.3,116,9.3,92,Misto,Colheita,Noite,0
2628,2026-05-23 09:24:00,EQ-017,Lucas do Rio Verde,27.4,0.0,23.1,5.5,604.0,2.0,193,12.1,105,Argiloso,Transporte,Manha,0
2379,2026-05-15 10:12:00,EQ-040,Sorriso,76.9,0.0,33.8,13.7,378.0,13.2,291,9.1,118,Misto,Colheita,Manha,1
5755,2026-08-30 13:50:00,EQ-018,Rio Verde,28.1,0.0,31.4,14.7,298.0,9.5,14,9.4,102,Arenoso,Transporte,Tarde,0
1182,2026-04-07 06:42:00,EQ-014,Sorriso,100.0,61.8,22.3,0.9,1647.0,8.0,306,10.8,68,Encharcado,Pulverizacao,Manha,1
1707,2026-04-23 14:05:00,EQ-002,Rio Verde,79.0,0.0,29.3,4.1,918.0,7.5,269,7.6,108,Argiloso,Colheita,Tarde,0
5718,2026-08-29 10:09:00,EQ-001,Barreiras,18.2,0.0,27.7,4.8,1742.0,11.6,87,10.9,83,Misto,Transporte,Manha,0
1187,2026-04-07 08:30:00,EQ-039,Sorriso,95.7,61.8,27.4,3.4,240.0,2.1,547,7.4,88,Encharcado,Plantio,Manha,1
1606,2026-04-20 08:31:00,EQ-034,Rio Verde,93.0,0.0,27.6,5.5,954.0,8.5,8,6.8,95,Encharcado,Transporte,Manha,1
2792,2026-05-28 15:05:00,EQ-029,Rio Verde,30.1,1.6,27.3,7.3,821.0,1.1,269,8.6,102,Argiloso,Transporte,Tarde,0
1878,2026-04-28 22:35:00,EQ-005,Sorriso,67.4,16.0,29.2,4.1,530.0,7.7,129,12.7,118,Misto,Transporte,Noite,1
323,2026-03-12 09:21:00,EQ-012,Lucas do Rio Verde,92.4,0.0,34.9,3.2,759.0,3.1,215,9.2,55,Encharcado,Pulverizacao,Manha,0
755,2026-03-24 17:32:00,EQ-038,Rio Verde,100.0,133.6,35.7,2.0,2409.0,3.0,173,3.4,54,Encharcado,Plantio,Tarde,1
2021,2026-05-04 06:22:00,EQ-033,Lucas do Rio Verde,64.3,12.4,20.2,5.4,1209.0,24.2,217,9.7,102,Argiloso,Transporte,Manha,0
2046,2026-05-05 07:00:00,EQ-010,Sorriso,53.1,0.0,28.9,7.0,625.0,5.0,30,12.6,70,Misto,Transporte,Manha,0
269,2026-03-10 13:29:00,EQ-030,Não-Me-Toque,88.5,32.1,27.3,10.2,646.0,12.3,290,3.5,102,Arenoso,Colheita,Tarde,0
2096,2026-05-07 06:20:00,EQ-026,Sorriso,48.1,11.2,30.4,10.6,255.0,2.5,428,7.6,81,Misto,Transporte,Manha,0
3369,2026-06-15 17:39:00,EQ-038,Rio Verde,29.1,0.0,25.4,13.8,599.0,3.2,202,3.3,70,Misto,Transporte,Tarde,0
77,2026-03-03 16:17:00,EQ-040,Lucas do Rio Verde,89.5,51.2,32.8,4.0,665.0,13.0,300,7.0,77,Argiloso,Colheita,Tarde,1
515,2026-03-17 16:06:00,EQ-023,Lucas do Rio Verde,74.6,0.0,19.5,7.7,459.0,6.6,42,6.5,78,Misto,Pulverizacao,Tarde,1
763,2026-03-25 06:47:00,EQ-014,Sorriso,75.0,0.0,36.5,1.4,252.0,8.0,254,10.7,87,Argiloso,Pulverizacao,Manha,1
4600,2026-07-24 15:47:00,EQ-010,Sorriso,,25.7,24.3,,390.0,5.2,68,4.1,101,Arenoso,Transporte,Tarde,0
5298,2026-08-15 17:08:00,EQ-010,Sorriso,23.1,0.0,31.5,4.5,2439.0,5.3,144,10.9,81,Arenoso,Transporte,Tarde,0
2659,2026-05-24 13:25:00,EQ-030,Não-Me-Toque,93.6,9.0,25.5,11.8,1101.0,12.5,599,5.8,99,Arenoso,Colheita,Tarde,0
1019,2026-04-01 23:04:00,EQ-016,Cascavel,96.8,64.1,28.8,3.9,2500.0,4.1,156,11.1,73,Argiloso,Transporte,Noite,1
2697,2026-05-25 14:03:00,EQ-020,Rio Verde,42.0,0.0,26.0,2.5,1680.0,1.6,212,8.7,90,Arenoso,Colheita,Tarde,0
3866,2026-07-01 06:40:00,EQ-011,Barreiras,31.4,0.0,24.4,1.7,406.0,9.2,21,10.5,87,Misto,Transporte,Manha,0
5225,2026-08-13 16:15:00,EQ-040,Não-Me-Toque,71.9,20.4,19.9,20.8,1100.0,13.5,321,6.3,89,Argiloso,Transporte,Tarde,0
1481,2026-04-16 14:32:00,EQ-008,Barreiras,86.4,0.0,24.1,2.0,555.0,9.3,456,5.8,96,Arenoso,Colheita,Tarde,1
1146,2026-04-06 06:16:00,EQ-009,Lucas do Rio Verde,90.3,16.6,26.3,8.7,450.0,4.8,438,10.7,88,Misto,Colheita,Manha,1
3548,2026-06-21 10:23:00,EQ-039,Sorriso,25.2,0.0,25.2,5.5,1229.0,2.3,208,12.7,88,Arenoso,Transporte,Manha,0
952,2026-03-30 17:35:00,EQ-033,Lucas do Rio Verde,,9.8,24.6,,1065.0,24.1,27,8.6,49,Encharcado,Plantio,Tarde,1
153,2026-03-06 09:02:00,EQ-032,Sorriso,96.0,24.6,31.4,11.9,215.0,5.7,152,9.1,76,Encharcado,Pulverizacao,Manha,1
2282,2026-05-12 13:48:00,EQ-024,Cascavel,58.3,33.5,28.6,19.7,627.0,7.8,446,8.5,85,Argiloso,Pulverizacao,Tarde,1
2005,2026-05-03 13:06:00,EQ-008,Barreiras,80.2,-3.0,27.9,2.7,1039.0,9.4,525,10.5,101,Arenoso,Colheita,Tarde,0
2353,2026-05-14 15:39:00,EQ-005,Sorriso,82.1,0.0,20.9,9.3,1037.0,7.8,205,7.3,80,Misto,Plantio,Tarde,0
5711,2026-08-29 07:23:00,EQ-013,Barreiras,29.6,0.0,29.0,2.9,328.0,9.6,548,9.8,74,Misto,Colheita,Manha,0
1051,2026-04-02 22:39:00,EQ-024,Cascavel,92.6,24.6,27.3,13.9,1488.0,7.7,252,6.1,100,Misto,Pulverizacao,Noite,0
3557,2026-06-21 16:18:00,EQ-006,Sorriso,30.5,0.0,25.9,3.8,269.0,12.2,225,7.0,70,Argiloso,Pulverizacao,Tarde,0
5776,2026-08-31 10:34:00,EQ-023,Lucas do Rio Verde,36.8,0.0,27.0,15.0,652.0,7.0,183,7.0,94,Argiloso,Pulverizacao,Manha,0
1031,2026-04-02 09:43:00,EQ-002,Rio Verde,58.9,0.0,32.0,3.6,2040.0,7.4,169,7.5,98,Arenoso,Colheita,Manha,0
3747,2026-06-27 10:04:00,EQ-039,Sorriso,8.6,0.0,21.9,2.7,86.0,2.3,251,7.2,96,Misto,Transporte,Manha,0
230,2026-03-08 19:43:00,EQ-036,Rio Verde,89.5,12.7,26.2,9.3,107.0,6.3,232,8.8,90,Encharcado,Colheita,Noite,1
377,2026-03-14 06:39:00,EQ-018,Rio Verde,82.5,23.6,24.9,24.3,464.0,9.0,184,6.6,105,Arenoso,Colheita,Manha,1
124,2026-03-05 08:40:00,EQ-016,Cascavel,68.3,4.4,20.9,5.4,399.0,4.0,41,3.7,78,Arenoso,Plantio,Manha,1
2953,2026-06-02 19:56:00,EQ-026,Sorriso,33.6,0.0,29.8,9.3,1070.0,2.6,557,8.3,115,Argiloso,Transporte,Noite,0
4042,2026-07-06 08:08:00,EQ-033,Rio Verde,14.9,0.0,27.3,8.0,450.0,24.3,55,7.8,80,Misto,Colheita,Manha,0
4199,2026-07-11 08:58:00,EQ-024,Cascavel,70.0,11.5,11.7,8.8,869.0,8.0,275,4.5,75,Argiloso,Pulverizacao,Manha,0
3871,2026-07-01 09:11:00,EQ-010,Sorriso,17.9,0.0,28.9,14.6,803.0,5.2,7,9.3,92,Argiloso,Transporte,Manha,0
810,2026-03-26 14:57:00,EQ-013,Barreiras,85.0,6.8,32.9,2.3,963.0,9.2,676,5.3,77,Arenoso,Colheita,tarde,0
517,2026-03-17 17:00:00,EQ-005,Sorriso,66.4,0.0,31.2,15.8,684.0,7.6,213,9.9,47,Argiloso,Plantio,Tarde,0
1193,2026-04-07 13:45:00,EQ-035,Lucas do Rio Verde,80.6,0.0,21.9,1.5,475.0,2.8,300,8.6,71,Argiloso,Colheita,Tarde,1
5397,2026-08-18 17:09:00,EQ-009,Lucas do Rio Verde,25.5,0.0,30.7,6.2,1089.0,5.1,235,6.2,95,Misto,Transporte,Tarde,0
3787,2026-06-28 15:16:00,EQ-034,Rio Verde,21.0,0.0,27.4,7.7,589.0,8.7,273,9.6,86,Argiloso,Colheita,Tarde,0
3061,2026-06-06 10:56:00,EQ-025,Barreiras,28.2,0.0,26.9,10.3,1058.0,,228,8.5,75,Arenoso,Colheita,Manha,0
1747,2026-04-24 17:26:00,EQ-009,Lucas do Rio Verde,100.0,57.8,27.0,0.9,336.0,4.8,514,6.9,91,Encharcado,Transporte,Tarde,1
3127,2026-06-08 08:34:00,EQ-008,Barreiras,26.9,0.0,26.5,4.6,304.0,9.5,108,4.5,83,Arenoso,Colheita,Manha,1
1778,2026-04-25 17:41:00,EQ-016,Barreiras,53.6,13.6,26.5,8.7,523.0,4.2,293,5.8,89,Arenoso,Transporte,Tarde,0
2119,2026-05-07 17:13:00,EQ-007,Cascavel,62.6,18.9,24.0,6.5,69.0,7.6,61,7.7,107,Argiloso,Colheita,Tarde,1
1303,2026-04-10 20:36:00,EQ-017,Lucas do Rio Verde,96.5,0.0,30.0,15.1,767.0,1.9,39,8.1,81,Encharcado,Colheita,Noite,1
3389,2026-06-16 13:01:00,EQ-018,Barreiras,35.4,0.0,27.6,3.9,1347.0,9.3,289,3.6,116,Arenoso,Transporte,Tarde,0
2499,2026-05-18 22:28:00,EQ-018,Barreiras,48.9,0.2,22.1,4.4,1369.0,9.2,178,9.4,83,Misto,Transporte,Noite,0
5448,2026-08-20 10:14:00,EQ-019,Sorriso,24.6,0.0,30.0,5.1,289.0,4.6,91,9.6,88,Arenoso,Pulverizacao,Manha,0
4422,2026-07-18 22:30:00,EQ-025,Barreiras,22.8,0.1,29.1,12.3,130.0,8.2,127,7.8,81,Misto,Colheita,Noite,0
4784,2026-07-30 17:21:00,EQ-017,Lucas do Rio Verde,23.2,0.0,24.9,9.1,138.0,2.2,242,10.1,96,Argiloso,Colheita,Tarde,0
2316,2026-05-13 15:28:00,EQ-034,Rio Verde,37.5,0.0,25.0,8.1,285.0,8.6,102,10.6,85,Arenoso,Colheita,Tarde,0
4132,2026-07-09 10:50:00,EQ-017,Lucas do Rio Verde,23.8,0.0,20.1,4.1,178.0,2.1,135,4.7,108,Misto,Colheita,Manha,0
5181,2026-08-12 07:32:00,EQ-011,Barreiras,21.6,1.6,28.0,9.7,1355.0,9.3,154,6.5,88,Misto,Colheita,Manha,0
4068,2026-07-07 08:05:00,EQ-011,Barreiras,18.9,0.0,24.2,1.0,919.0,9.2,55,6.3,89,Misto,Transporte,Manha,0
5065,2026-08-08 17:11:00,EQ-039,Não-Me-Toque,80.1,0.0,15.8,25.1,1250.0,2.4,421,4.8,83,Argiloso,Colheita,Tarde,0
4627,2026-07-25 16:55:00,EQ-030,Não-Me-Toque,84.6,16.1,13.8,20.7,570.0,12.7,238,11.9,74,Argiloso,Colheita,Tarde,1
600,2026-03-20 16:39:00,EQ-032,Cascavel,43.6,8.9,24.0,45.0,1599.0,5.7,209,10.0,66,Argiloso,Pulverizacao,Tarde,0
2896,2026-06-01 07:11:00,EQ-024,Cascavel,82.9,19.8,19.4,10.1,1797.0,7.9,76,7.2,62,Misto,Pulverizacao,Manha,0
863,2026-03-28 10:52:00,EQ-031,Rio Verde,88.6,0.0,31.2,3.2,173.0,5.3,67,9.4,57,Argiloso,Colheita,Manha,0
4754,2026-07-29 15:23:00,EQ-014,Sorriso,42.7,0.0,31.4,2.6,615.0,8.3,33,8.0,85,Argiloso,Pulverizacao,Tarde,0
1166,2026-04-06 15:54:00,EQ-012,Lucas do Rio Verde,71.3,16.6,27.7,5.7,711.0,3.2,356,6.7,71,Misto,Pulverização,Tarde,0
2538,2026-05-20 07:02:00,EQ-032,Sorriso,58.9,0.0,25.1,3.1,1367.0,5.9,244,9.9,75,Misto,Pulverizacao,Manha,0
2245,2026-05-11 15:07:00,EQ-039,Sorriso,98.8,109.7,23.0,10.1,272.0,2.2,38,4.1,67,Arenoso,Plantio,Tarde,1
2495,2026-05-18 21:20:00,EQ-007,Cascavel,71.9,8.8,17.1,2.7,1529.0,7.7,108,8.5,114,Misto,Colheita,Noite,1
1658,2026-04-21 22:23:00,EQ-015,Sorriso,66.2,5.2,28.4,2.1,992.0,8.0,165,6.0,52,Arenoso,Colheita,Noite,0
5296,2026-08-15 15:37:00,EQ-032,Barreiras,20.9,0.0,27.0,3.4,511.0,6.1,168,6.1,55,Arenoso,Pulverizacao,Tarde,0
1316,2026-04-11 08:35:00,EQ-015,Sorriso,76.6,20.3,32.9,1.6,1133.0,8.0,102,7.3,85,Misto,Colheita,MANHÃ,0
2121,2026-05-07 20:39:00,EQ-017,Lucas do Rio Verde,45.1,0.0,31.4,9.1,203.0,2.0,139,5.0,87,Misto,Colheita,Noite,0
4169,2026-07-10 09:57:00,EQ-003,Lucas do Rio Verde,22.1,0.0,20.3,21.3,1499.0,8.6,356,10.2,89,Misto,Pulverizacao,Manha,0
2547,2026-05-20 10:42:00,EQ-022,Rio Verde,41.1,16.0,27.8,5.2,844.0,3.7,28,8.8,101,Misto,Colheita,Manha,1
2485,2026-05-18 14:37:00,EQ-011,Barreiras,59.0,0.2,29.5,3.6,1592.0,9.1,205,6.3,101,Arenoso,Transporte,Tarde,0
5733,2026-08-29 22:47:00,EQ-033,Lucas do Rio Verde,46.5,0.0,29.7,5.1,510.0,24.5,317,5.5,94,Misto,Transporte,Noite,0
2820,2026-05-29 14:20:00,EQ-028,Sorriso,41.2,0.0,29.3,6.1,794.0,6.9,154,9.8,90,Arenoso,Transporte,Tarde,0
4273,2026-07-14 06:04:00,EQ-008,Barreiras,31.6,0.5,32.3,1.4,867.0,9.6,273,6.4,52,Argiloso,Colheita,Manha,0
5046,2026-08-08 07:40:00,EQ-009,Lucas do Rio Verde,26.4,0.0,26.4,12.3,1237.0,5.1,203,12.1,101,Argiloso,Transporte,Manha,0
4038,2026-07-06 06:19:00,EQ-039,Sorriso,29.0,0.0,28.7,17.4,1651.0,2.3,306,11.9,90,Misto,Transporte,Manha,0
1932,2026-04-30 22:41:00,EQ-023,Lucas do Rio Verde,70.0,0.0,24.5,7.9,639.0,6.7,218,6.1,65,Arenoso,Pulverizacao,Noite,0
3944,2026-07-03 16:29:00,EQ-038,Rio Verde,21.9,0.0,28.9,4.7,253.0,3.3,266,6.1,59,Misto,Plantio,Tarde,0
93,2026-03-04 08:35:00,EQ-012,Lucas do Rio Verde,99.2,68.4,25.3,3.6,463.0,3.1,165,9.2,62,Argiloso,Pulverizacao,Manha,1
5634,2026-08-26 09:59:00,EQ-030,Cascavel,92.9,55.9,-99.0,12.2,1817.0,12.8,392,10.7,87,Misto,Colheita,Manha,1
4148,2026-07-09 17:30:00,EQ-019,Sorriso,31.2,0.0,24.0,5.9,334.0,4.5,380,11.5,63,Argiloso,Pulverizacao,Tarde,0
1273,2026-04-10 06:14:00,EQ-018,Rio Verde,95.1,14.7,-99.0,9.7,982.0,9.1,17,7.5,75,Arenoso,Plantio,Manha,0
2125,2026-05-08 06:02:00,EQ-013,Barreiras,84.6,0.0,28.8,8.0,596.0,9.3,34,7.0,92,Arenoso,Colheita,Manha,1
1125,2026-04-05 10:25:00,EQ-009,Lucas do Rio Verde,76.7,11.5,31.2,9.3,913.0,4.8,431,7.0,100,Misto,Colheita,Manha,0
4411,2026-07-18 14:35:00,EQ-036,Rio Verde,26.7,7.9,25.2,35.1,778.0,6.6,250,7.4,91,Argiloso,Transporte,Tarde,0
1225,2026-04-08 14:11:00,EQ-999,Lucas do Rio Verde,80.4,26.5,32.5,3.4,486.0,2.8,312,8.2,80,Misto,Plantio,Tarde,0
3749,2026-06-27 13:10:00,EQ-028,Sorriso,26.9,0.0,21.5,4.5,1535.0,7.0,325,6.3,80,Argiloso,Plantio,Tarde,0
5337,2026-08-16 22:38:00,EQ-008,Barreiras,21.7,0.0,29.9,2.8,1074.0,9.7,407,7.2,113,Arenoso,Colheita,Noite,0
996,2026-04-01 07:24:00,EQ-007,Cascavel,100.0,64.1,17.9,9.1,248.0,7.5,299,8.0,86,Encharcado,Colheita,Manha,1
350,2026-03-13 08:28:00,EQ-009,Lucas do Rio Verde,72.4,3.7,31.4,7.2,219.0,4.7,352,7.1,107,Argiloso,Colheita,Manha,1
5292,2026-08-15 14:58:00,EQ-024,Cascavel,100.0,50.3,24.5,21.5,893.0,8.1,8,5.1,71,Misto,Pulverizacao,Tarde,1
4889,2026-08-03 10:27:00,EQ-018,Rio Verde,28.6,0.0,23.2,8.0,563.0,9.4,187,5.9,83,Arenoso,Transporte,Manha,0
2772,2026-05-27 21:23:00,EQ-003,Lucas do Rio Verde,43.2,20.9,29.2,0.9,116.0,8.5,186,5.2,75,Misto,Pulverizacao,Noite,0
2124,2026-05-07 23:35:00,EQ-022,Rio Verde,68.9,0.0,26.1,4.1,411.0,3.6,406,8.6,44,Arenoso,Plantio,Noite,1
353,2026-03-13 09:15:00,EQ-005,Sorriso,"87,9",0.0,28.9,7.1,2500.0,7.6,188,8.0,75,Argiloso,Transporte,Manha,0
1111,2026-04-04 22:52:00,EQ-029,Rio Verde,87.9,32.2,28.9,11.6,1296.0,0.9,71,10.8,89,Arenoso,Colheita,Noite,0
3482,2026-06-19 08:56:00,EQ-032,Sorriso,31.9,0.0,20.7,2.6,1307.0,6.0,150,10.2,71,Arenoso,Pulverizacao,Manha,0
936,2026-03-30 09:50:00,EQ-014,Sorriso,81.8,3.5,26.7,14.9,656.0,8.0,278,7.9,50,Arenoso,Pulverizacao,Manha,1
5715,2026-08-29 08:35:00,EQ-007,Cascavel,95.4,0.0,26.7,17.7,78.0,7.9,103,7.5,81,Arenoso,Transporte,Manha,1
2992,2026-06-04 10:08:00,EQ-029,Rio Verde,23.8,0.0,25.8,8.5,251.0,1.1,309,6.1,91,Argiloso,Transporte,Manha,1
4213,2026-07-11 16:45:00,EQ-013,Barreiras,32.9,0.0,31.3,6.9,622.0,9.5,319,4.4,101,Arenoso,Colheita,Tarde,0
4833,2026-08-01 09:53:00,EQ-023,Lucas do Rio Verde,29.2,0.0,22.7,0.9,1503.0,6.9,39,12.4,78,Argiloso,Pulverizacao,Manha,0
2988,2026-06-04 08:58:00,EQ-025,Barreiras,24.4,0.0,24.8,4.3,370.0,8.1,211,15.4,99,Arenoso,Colheita,Manha,0
2578,2026-05-21 14:11:00,EQ-039,Sorriso,50.6,6.0,32.7,5.8,1543.0,2.2,88,8.1,75,Arenoso,Transporte,Tarde,0
3068,2026-06-06 13:51:00,EQ-024,Cascavel,92.6,49.5,20.3,34.2,212.0,7.9,113,7.6,44,Misto,Pulverizacao,Tarde,1
2223,2026-05-10 17:42:00,EQ-026,Sorriso,95.5,114.3,26.4,2.3,642.0,2.5,449,7.3,73,Encharcado,Plantio,Tarde,1
3435,2026-06-17 17:36:00,EQ-007,Cascavel,95.0,30.6,19.7,19.3,1699.0,7.7,250,6.4,98,Encharcado,Colheita,Tarde,0
5143,2026-08-10 23:26:00,EQ-037,Sorriso,18.7,0.0,26.4,6.6,1076.0,20.9,568,7.9,98,Arenoso,Transporte,Noite,0
4077,2026-07-07 16:33:00,EQ-026,Sorriso,34.4,0.0,26.4,9.2,345.0,2.7,713,7.5,68,Argiloso,Plantio,Tarde,0
3469,2026-06-18 17:16:00,EQ-028,Sorriso,32.4,0.0,22.5,17.8,84.0,7.0,284,11.3,54, misto ,Plantio,Tarde,0
409,2026-03-14 22:19:00,EQ-025,Barreiras,100.0,27.4,29.8,9.8,460.0,7.9,119,1.0,88,Encharcado,Colheita,Noite,1
455,2026-03-16 07:20:00,EQ-025,Barreiras,95.4,0.0,34.8,27.3,1150.0,7.9,119,5.7,95,Arenoso,Colheita,Manha,1
727,2026-03-24 07:53:00,EQ-024,Cascavel,42.1,0.0,27.3,8.3,1083.0,7.7,228,6.8,79,Arenoso,Pulverizacao,Manha,0
5807,2026-04-02 09:52:00,EQ-013,Barreiras,83.7,7.9,29.6,10.8,122.0,9.2,696,3.8,69,Arenoso,Colheita,Manha,1
5719,2026-08-29 10:22:00,EQ-035,Lucas do Rio Verde,42.0,0.0,28.3,4.1,940.0,3.2,207,31.0,56,Argiloso,Transporte,Manha,0
5244,2026-08-14 10:13:00,EQ-018,Rio Verde,26.5,0.0,25.5,4.4,873.0,9.4,226,10.5,96,Arenoso,Colheita,Manha,0
2000,2026-05-03 10:24:00,EQ-026,Sorriso,56.3,0.0,28.6,19.8,1224.0,2.5,407,7.7,78,Arenoso,Plantio,Manha,0
5304,2026-08-15 21:52:00,EQ-031,Rio Verde,23.1,0.0,27.5,5.4,146.0,5.7,258,5.1,71,Arenoso,Colheita,Noite,0
1344,2026-04-12 06:37:00,EQ-016,Cascavel,79.0,7.3,23.3,14.4,2186.0,4.2,225,9.6,77,Argiloso,Plantio,Manha,0
570,2026-03-19 15:38:00,EQ-036,Rio Verde,95.7,61.3,22.7,15.7,266.0,6.3,283,10.0,59,Encharcado,Plantio,Tarde,1
5559,2026-08-24 09:42:00,EQ-002,Rio Verde,21.7,0.0,29.2,1.7,995.0,7.8,140,10.3,96,Misto,Colheita,Manha,0
212,2026-03-08 09:59:00,EQ-035,Lucas do Rio Verde,100.0,49.4,24.2,12.2,878.0,2.7,160,12.6,57,Misto,Plantio,Manha,1
1903,2026-04-29 17:00:00,EQ-022,Rio Verde,71.5,6.7,31.1,9.8,325.0,3.6,378,11.7,86,Argiloso,Colheita,Tarde,1
3650,2026-06-24 09:58:00,EQ-023,Lucas do Rio Verde,17.0,0.0,19.8,2.8,699.0,6.8,481,6.6,99,Misto,Pulverizacao,Manha,0
2364,2026-05-14 20:57:00,EQ-028,Sorriso,67.6,0.0,30.0,21.0,828.0,6.9,108,10.6,117,Arenoso,Transporte,Noite,0
5342,2026-08-17 06:28:00,EQ-039,Sorriso,24.1,0.0,26.1,2.8,1459.0,2.4,433,7.3,103,Arenoso,Transporte,Manha,0
5266,2026-08-14 22:54:00,EQ-019,Sorriso,25.0,0.0,26.5,10.2,1715.0,4.6,60,9.9,87,Argiloso,Pulverizacao,Noite,1
22,2026-03-01 17:15:00,EQ-021,Cascavel,67.5,34.3,10.7,5.4,1314.0,12.8,94,5.6,86,ARGILOSO,Colheita,Tarde,0
1921,2026-04-30 13:05:00,EQ-039,Sorriso,69.3,20.3,26.6,3.6,1371.0,2.1,655,8.3,84,Arenoso,Transporte,Tarde,0
5781,2026-08-31 14:18:00,EQ-035,Lucas do Rio Verde,24.9,0.0,27.1,4.9,1150.0,3.2,220,8.5,106,Arenoso,Transporte,Tarde,0
1898,2026-04-29 14:55:00,EQ-026,Sorriso,63.3,0.0,23.3,25.3,420.0,2.5,398,11.5,85,Argiloso,Transporte,Tarde,1
3174,2026-06-09 14:47:00,EQ-028,Sorriso,17.1,0.0,28.0,2.5,476.0,7.0,209,9.0,85,Argiloso,Transporte,Tarde,0
2086,2026-05-06 16:51:00,EQ-036,Barreiras,61.0,0.0,29.6,12.2,264.0,6.4,196,5.7,89,Arenoso,Transporte,Tarde,1
5140,2026-08-10 19:24:00,EQ-012,Lucas do Rio Verde,27.5,0.0,26.2,6.9,113.0,3.5,138,5.9,81,Arenoso,Pulverizacao,Noite,0
219,2026-03-08 14:47:00,EQ-019,Sorriso,100.0,20.9,25.9,18.4,831.0,4.2,250,10.9,88,Encharcado,Pulverizacao,Tarde,1
1664,2026-04-22 06:58:00,EQ-032,Sorriso,65.0,0.0,28.1,3.7,544.0,5.8,106,7.5,79,Argiloso,Pulverizacao,Manha,1
522,2026-03-17 20:31:00,EQ-005,Sorriso,66.6,0.0,28.6,6.9,865.0,7.6,208,9.6,72,Misto,Plantio,Noite,0
3255,2026-06-12 09:05:00,EQ-022,Rio Verde,20.6,0.0,26.0,1.6,564.0,3.7,127,10.4,70,Misto,Plantio,Manha,0
5628,2026-08-26 08:43:00,EQ-003,Rio Verde,22.0,0.0,34.4,8.5,735.0,8.7,191,8.7,63,Arenoso,Pulverizacao,Manha,0
3543,2026-06-21 08:38:00,EQ-010,Sorriso,30.1,0.0,28.2,12.1,1285.0,5.1,273,7.6,48,Argiloso,Plantio,Manha,0
396,2026-03-14 14:59:00,EQ-019,Sorriso,87.3,14.5,27.3,8.9,279.0,4.2,273,7.7,72,Encharcado,Pulverizacao,Tarde,1
2350,2026-05-14 13:49:00,EQ-030,Não-Me-Toque,56.8,4.1,27.8,15.4,372.0,12.5,543,5.0,96,Argiloso,Colheita,Tarde,1
100,2026-03-04 10:21:00,EQ-001,Sorriso,86.9,28.8,21.4,2.0,453.0,11.1,265,4.6,89,Arenoso,Colheita,Manha,0
3754,2026-06-27 15:09:00,EQ-034,Rio Verde,30.7,0.0,25.2,2.8,848.0,8.7,263,6.7,99,Argiloso,Transporte,Tarde,0
5565,2026-08-24 13:01:00,EQ-010,Sorriso,52.2,0.0,23.9,0.7,1131.0,5.3,184,8.8,89,Argiloso,Transporte,Tarde,0
4474,2026-07-20 10:36:00,EQ-999,Barreiras,18.5,0.0,25.2,3.2,822.0,11.5,240,6.2,55,Arenoso,Colheita,Manha,0
2116,2026-05-07 15:29:00,EQ-027,Barreiras,77.6,16.4,24.4,5.5,405.0,17.0,263,11.4,79,Misto,Transporte,Tarde,1
2291,2026-05-12 16:30:00,EQ-022,Rio Verde,44.0,0.0,24.5,1.0,2122.0,3.6,430,8.8,70,Misto,Colheita,Tarde,0
653,2026-03-22 07:47:00,EQ-023,Lucas do Rio Verde,97.7,19.0,32.2,8.2,701.0,6.6,50,8.5,56,Argiloso,Pulverizacao,Manha,0
728,2026-03-24 07:56:00,EQ-005,Sorriso,91.3,28.3,28.7,3.8,319.0,7.6,260,8.3,66,Arenoso,Plantio,Manha,0
805,2026-03-26 13:04:00,EQ-024,Cascavel,38.7,0.0,18.8,8.5,130.0,7.7,237,3.4,90,Misto,Pulverizacao,Tarde,0
3461,2026-06-18 14:18:00,EQ-025,Barreiras,29.1,0.0,24.8,9.1,1092.0,8.2,265,8.2,113,Arenoso,Colheita,Tarde,0
1183,2026-04-07 06:54:00,EQ-036,Rio Verde,92.1,8.5,29.2,7.2,477.0,6.4,74,9.5,63,Encharcado,Colheita,Manha,1
3792,2026-06-28 16:57:00,EQ-038,Rio Verde,25.1,0.0,29.6,6.6,280.0,3.3,236,5.8,90,Argiloso,Transporte,Tarde,0
4175,2026-07-10 13:58:00,EQ-009,Lucas do Rio Verde,30.5,0.0,24.2,6.9,2500.0,5.0,68,8.0,42,Arenoso,Plantio,Tarde,0
1519,2026-04-17 16:58:00,EQ-001,Barreiras,95.9,23.3,24.9,11.5,831.0,11.2,146,9.9,86,Arenoso,Colheita,Tarde,0
4374,2026-07-17 09:00:00,EQ-019,Sorriso,25.8,0.0,27.4,8.5,1063.0,4.5,413,4.6,70,Misto,Pulverizacao,Manha,0
1872,2026-04-28 17:56:00,EQ-007,Cascavel,70.9,0.0,28.9,10.5,2500.0,,22,11.1,107,Misto,Colheita,Tarde,0
3064,2026-06-06 13:02:00,EQ-018,Sorriso,35.7,0.0,31.3,8.8,592.0,9.2,239,8.2,74,Misto,Plantio,Tarde,0
5454,2026-08-20 13:12:00,EQ-003,Lucas do Rio Verde,22.4,0.0,29.7,5.7,770.0,8.7,163,6.7,92,Arenoso,Pulverizacao,Tarde,0
4486,2026-07-20 17:26:00,EQ-032,Sorriso,20.3,1.9,22.4,18.4,563.0,6.1,33,6.2,78,Argiloso,Pulverizacao,Tarde,0
5280,2026-08-15 09:49:00,EQ-023,Lucas do Rio Verde,22.0,0.0,25.5,3.6,398.0,7.0,126,8.1,63,Misto,Pulverizacao,Manha,0
125,2026-03-05 09:01:00,EQ-029,Rio Verde,91.2,7.9,25.2,10.1,731.0,0.8,299,5.4,89,Arenoso,Colheita,Manha,0
766,2026-03-25 07:27:00,EQ-009,Lucas do Rio Verde,91.7,0.0,31.7,4.1,1222.0,4.7,386,6.3,82,Encharcado,Plantio,Manha,0
1324,2026-04-11 14:36:00,EQ-040,Não-Me-Toque,64.0,7.9,19.7,2.7,932.0,13.1,127,14.3,101,Misto,Transporte,Tarde,0
866,2026-03-28 13:39:00,EQ-012,Lucas do Rio Verde,99.7,0.0,31.1,5.5,227.0,3.2,306,10.3,93,Argiloso,Pulverizacao,Tarde,1
5116,2026-08-10 07:18:00,EQ-029,Rio Verde,30.0,0.0,23.2,1.2,858.0,1.3,216,6.0,113,Argiloso,Transporte,Manha,0
1479,2026-04-16 13:08:00,EQ-019,Sorriso,91.7,0.0,30.9,1.9,451.0,4.3,18,8.7,66,Encharcado,Pulverizacao,Tarde,1
1697,2026-04-23 07:31:00,EQ-007,Cascavel,62.7,0.0,31.7,2.7,59.0,7.6,404,6.3,70,Argiloso,Colheita,Manha,1
3416,2026-06-17 09:07:00,EQ-018,Não-Me-Toque,85.6,20.1,16.7,29.8,487.0,9.3,292,9.8,63,Arenoso,Plantio,MANHÃ,1
2266,2026-05-12 07:52:00,EQ-039,Sorriso,87.4,0.0,21.7,8.0,872.0,2.2,42,8.7,85,Arenoso,Colheita,Manha,0
1947,2026-05-01 14:56:00,EQ-002,Rio Verde,73.5,31.9,28.5,3.8,221.0,7.5,26,11.7,66,Misto,Plantio,Tarde,1
3341,2026-06-14 16:34:00,EQ-013,Barreiras,30.6,0.0,21.8,7.8,479.0,9.4,,8.4,80,Argiloso,Colheita,Tarde,0
1759,2026-04-25 09:22:00,EQ-019,Sorriso,77.6,10.0,31.3,3.4,356.0,4.3,68,7.8,66,Argiloso,Pulverizacao,Manha,0
2880,2026-05-31 15:36:00,EQ-001,Barreiras,31.8,0.0,27.1,18.4,1102.0,11.3,22,2.8,88,Argiloso,Transporte,Tarde,0
309,2026-03-11 16:59:00,EQ-019,Sorriso,78.8,0.0,29.0,12.1,515.0,4.2,267,2.8,67,Argiloso,Pulverizacao,Tarde,0
3822,2026-06-29 14:57:00,EQ-039,Sorriso,26.0,0.0,29.5,7.8,474.0,2.3,273,10.0,113,Misto,Transporte,Tarde,0
9,2026-03-01 09:06:00,EQ-034,Rio Verde,72.2,13.3,27.0,10.0,206.0,8.4,204,7.2,89,Arenoso,Plantio,Manha,0
2368,2026-05-15 06:20:00,EQ-021,Cascavel,47.9,0.0,21.1,32.8,704.0,13.0,189,11.2,90,Argiloso,Colheita,Manha,1
642,2026-03-21 20:29:00,EQ-016,Cascavel,53.4,0.2,20.0,4.3,930.0,4.1,127,5.3,68,Argiloso,Transporte,Noite,0
4550,2026-07-22 19:15:00,EQ-032,Cascavel,100.0,17.9,12.7,11.8,507.0,6.1,50,9.2,86,Argiloso,Pulverizacao,Noite,1
5700,2026-08-28 15:32:00,EQ-022,Rio Verde,25.2,0.0,25.0,6.0,135.0,3.9,63,9.1,78,Arenoso,Colheita,Tarde,0
1536,2026-04-18 07:22:00,EQ-038,Rio Verde,79.5,12.6,26.9,0.8,329.0,3.1,230,8.0,69,Misto,Transporte,Manha,1
2894,2026-06-01 06:48:00,EQ-035,Lucas do Rio Verde,45.6,0.0,28.5,1.8,772.0,3.0,196,2.6,88,Misto,Transporte,Manha,0
4301,2026-07-14 21:34:00,EQ-017,Lucas do Rio Verde,10.6,0.0,25.7,1.2,1676.0,2.1,169,6.6,100,Arenoso,Colheita,Noite,0
4104,2026-07-08 14:10:00,EQ-037,Sorriso,19.3,0.0,26.0,8.8,332.0,20.8,391,7.8,97,Misto,Transporte,Tarde,1
5082,2026-08-09 08:34:00,EQ-012,Lucas do Rio Verde,30.4,0.0,29.6,5.3,1349.0,3.5,128,10.7,86,Misto,Pulverizacao,Manha,0
2024,2026-05-04 07:12:00,EQ-028,Sorriso,62.7,0.0,24.3,4.7,674.0,6.9,49,7.3,75,Arenoso,Colheita,Manha,0
3293,2026-06-13 07:34:00,EQ-011,Barreiras,35.0,0.0,24.9,5.1,878.0,9.2,349,3.2,71,Arenoso,Plantio,Manha,1
3526,2026-06-20 15:01:00,EQ-036,Rio Verde,23.1,0.0,30.7,0.9,1073.0,6.6,125,7.8,86,Misto,Plantio,Tarde,0
2501,2026-05-18 23:34:00,EQ-038,Rio Verde,25.8,0.0,27.8,3.8,443.0,3.2,79,2.9,79,Misto,Transporte,Noite,0
4201,2026-07-11 09:52:00,EQ-015,Sorriso,28.6,0.0,29.1,5.9,450.0,8.2,258,7.5,66,Misto,Colheita,Manha,0
2971,2026-06-03 09:22:00,EQ-028,Sorriso,26.2,0.0,25.8,2.5,833.0,7.0,194,9.4,100,Argiloso,Colheita,Manha,0
5692,2026-08-28 09:28:00,EQ-011,Barreiras,17.3,0.0,27.0,5.1,280.0,9.4,230,6.4,64,Misto,Plantio,Manha,0
2796,2026-05-28 15:53:00,EQ-017,Lucas do Rio Verde,38.1,15.1,26.2,1.7,1224.0,2.0,231,7.8,88,Misto,Colheita,Tarde,0
2428,2026-05-17 08:12:00,EQ-011,Barreiras,54.1,0.0,23.9,12.4,2470.0,9.1,197,8.5,61,Misto,Transporte,Manha,0
1784,2026-04-26 07:05:00,EQ-001,Barreiras,68.9,20.2,29.8,5.0,2500.0,11.2,160,10.7,102,Misto,Colheita,Manha,1
1845,2026-04-27 17:36:00,EQ-039,Sorriso,58.2,0.0,34.4,5.7,264.0,2.1,627,5.9,94,Misto,Colheita,Tarde,1
5206,2026-08-13 07:38:00,EQ-023,Lucas do Rio Verde,23.4,0.0,31.3,9.3,694.0,7.0,121,9.8,74,Misto,Pulverizacao,Manha,0
265,2026-03-10 10:07:00,EQ-012,Lucas do Rio Verde,83.3,0.0,28.3,7.5,1268.0,3.1,195,10.6,58,Misto,Pulverizacao,Manha,0
2674,2026-05-24 22:25:00,EQ-021,Cascavel,63.4,7.0,20.2,21.9,549.0,13.0,225,9.3,67,Argiloso,Colheita,Noite,0
2537,2026-05-20 06:58:00,EQ-016,Cascavel,71.5,0.2,22.4,15.4,516.0,4.3,97,9.6,78,Argiloso,Transporte,Manha,0
383,2026-03-14 08:28:00,EQ-021,Cascavel,52.6,0.0,17.3,26.0,716.0,12.8,133,9.8,117,Argiloso,Colheita,Manha,0
4357,2026-07-16 16:43:00,EQ-001,Barreiras,16.6,0.0,27.8,9.4,558.0,11.5,226,9.4,106,Misto,Colheita,Tarde,0
2212,2026-05-10 14:05:00,EQ-008,Barreiras,76.9,0.0,20.8,2.6,343.0,9.4,568,8.6,87,Arenoso,Transporte,Tarde,1
3165,2026-06-09 08:54:00,EQ-003,Lucas do Rio Verde,22.7,0.0,24.8,7.6,805.0,8.5,254,10.5,,Misto,Pulverizacao,Manha,0
1821,2026-04-27 07:45:00,EQ-006,Sorriso,75.0,0.0,26.4,7.9,584.0,12.0,278,8.5,68,Argiloso,Pulverizacao,Manha,1
4402,2026-07-18 07:09:00,EQ-021,Barreiras,21.4,0.1,26.6,8.2,2439.0,13.2,167,3.7,95,Arenoso,Colheita,Manha,0
4818,2026-07-31 22:06:00,EQ-034,Rio Verde,26.6,0.0,15.5,4.4,953.0,8.8,40,4.7,77,Arenoso,Plantio,Noite,0
1377,2026-04-12 23:02:00,EQ-007,Cascavel,85.7,7.3,25.4,14.5,924.0,7.6,343,12.3,88,Argiloso,Colheita,Noite,0
24,2026-03-01 19:01:00,EQ-028,Sorriso,,3.8,28.4,9.6,452.0,6.7,454,4.6,83,Misto,Plantio,Noite,1
3130,2026-06-08 09:19:00,EQ-013,Barreiras,32.8,0.0,22.6,10.1,999.0,9.4,146,7.4,75,Misto,Colheita,Manha,0
3821,2026-06-29 14:18:00,EQ-030,Não-Me-Toque,69.0,7.3,17.4,11.9,272.0,12.6,122,15.2,80, misto ,Transporte,Tarde,1
3342,2026-06-14 16:38:00,EQ-026,Sorriso,15.3,0.0,26.4,4.4,1063.0,2.6,616,6.5,80,Misto,Colheita,Tarde,0
4666,2026-07-27 08:04:00,EQ-036,Rio Verde,32.8,0.0,25.6,13.5,998.0,6.7,296,9.6,97,Misto,Transporte,Manha,0
5791,2026-08-31 19:32:00,EQ-027,Barreiras,24.3,0.0,28.8,6.7,871.0,17.3,120,8.7,98,Misto,Transporte,Noite,0
428,2026-03-15 10:21:00,EQ-037,Sorriso,,0.0,26.6,4.3,2101.0,20.4,649,2.9,91,Argiloso,Transporte,Manha,1
4385,2026-07-17 15:06:00,EQ-032,Rio Verde,40.2,22.8,30.6,8.2,820.0,6.1,24,6.8,80,Argiloso,Pulverizacao,Tarde,0
4596,2026-07-24 13:58:00,EQ-023,Lucas do Rio Verde,37.9,0.0,33.6,5.5,455.0,6.9,0,9.2,84,Arenoso,Pulverizacao,Tarde,0
2519,2026-05-19 10:05:00,EQ-005,Sorriso,48.6,0.0,21.5,13.0,186.0,7.8,232,6.5,55,Misto,Transporte,Manha,1
1240,2026-04-09 06:39:00,EQ-016,Cascavel,86.8,6.5,28.6,7.4,115.0,4.1,199,12.9,70,Encharcado,Plantio,Manha,1
4329,2026-07-15 16:49:00,EQ-037,Sorriso,29.3,0.0,25.0,0.5,643.0,20.8,427,7.1,87,Argiloso,Plantio,Tarde,1
3065,2026-06-06 13:24:00,EQ-022,Rio Verde,21.1,0.0,24.8,3.8,1045.0,3.7,106,7.3,77,Arenoso,Transporte,Tarde,0
2964,2026-06-03 07:28:00,EQ-040,Não-Me-Toque,75.6,0.0,23.8,8.3,434.0,13.3,40,6.3,87,Argiloso,Colheita,Manha,1
1476,2026-04-16 09:49:00,EQ-036,Não-Me-Toque,58.6,28.1,22.2,19.8,870.0,6.4,109,9.9,58,Misto,Plantio,Manha,0
3888,2026-07-01 17:48:00,EQ-038,Rio Verde,20.7,0.0,28.5,8.9,784.0,,254,2.6,87,Arenoso,Transporte,Tarde,0
1235,2026-04-08 21:55:00,EQ-016,Cascavel,76.9,23.3,23.8,3.1,498.0,4.1,186,10.6,91,Misto,Plantio,Noite,1
1126,2026-04-05 10:43:00,EQ-027,Barreiras,86.1,0.0,29.6,20.8,1128.0,16.9,147,5.2,61,Arenoso,Colheita,Manha,1
487,2026-03-17 07:40:00,EQ-022,Rio Verde,77.1,11.2,28.8,14.3,1768.0,3.5,248,6.0,96,Arenoso,Colheita,Manha,0
5538,2026-08-23 09:33:00,EQ-011,Barreiras,23.5,0.0,28.2,2.6,248.0,9.4,202,3.3,80,Arenoso,Transporte,Manha,0
2579,2026-05-21 14:58:00,EQ-016,Cascavel,70.3,5.6,23.0,19.7,597.0,4.3,106,5.6,115,Argiloso,Colheita,Tarde,1
4410,2026-07-18 10:03:00,EQ-036,Rio Verde,29.5,7.9,21.0,12.8,199.0,6.6,254,8.7,62,Argiloso,Plantio,Manha,0
2218,2026-05-10 15:55:00,EQ-036,Rio Verde,51.4,1.0,23.8,4.1,486.0,6.5,218,,80,Argiloso,Colheita,Tarde,0
4010,2026-07-05 09:32:00,EQ-020,Barreiras,23.1,0.0,22.7,7.0,2462.0,,16,10.2,92,Arenoso,Colheita,Manha,0
2252,2026-05-11 20:43:00,EQ-015,Sorriso,88.6,109.7,21.8,7.2,543.0,8.1,256,4.3,99,Encharcado,Transporte,Noite,1
1015,2026-04-01 17:43:00,EQ-006,Sorriso,100.0,28.7,31.7,9.5,613.0,12.0,164,7.4,58,Misto,Pulverizacao,Tarde,0
3301,2026-06-13 10:06:00,EQ-028,Sorriso,28.1,0.0,23.5,6.0,2500.0,7.0,247,9.8,108,Arenoso,Colheita,Manha,0
4437,2026-07-19 13:31:00,EQ-018,Rio Verde,34.0,4.4,25.5,2.4,1014.0,9.4,122,8.1,93,Misto,Colheita,Tarde,0
3390,2026-06-16 13:24:00,EQ-024,Cascavel,93.9,0.0,18.1,32.9,,7.9,143,4.2,67,Encharcado,Pulverizacao,Tarde,1
754,2026-03-24 17:15:00,EQ-039,Sorriso,96.2,28.3,31.2,2.1,731.0,2.0,478,8.8,99,Argiloso,Transporte,Tarde,1
5406,2026-08-18 22:22:00,EQ-003,Lucas do Rio Verde,22.0,0.0,25.0,1.0,1412.0,8.7,155,8.1,88,Argiloso,Pulverizacao,Noite,0
3004,2026-06-04 16:08:00,EQ-015,Sorriso,23.9,0.0,26.4,4.3,407.0,8.1,71,11.8,65,Arenoso,Plantio,Tarde,0
5377,2026-08-18 07:55:00,EQ-029,Rio Verde,25.8,0.0,28.9,1.3,1144.0,1.3,272,3.6,96,Argiloso,Transporte,Manha,0
442,2026-03-15 17:12:00,EQ-024,Cascavel,"54,4",4.3,24.4,30.0,137.0,7.6,188,7.0,68,Misto,Pulverizacao,Tarde,0
58,2026-03-02 23:32:00,EQ-021,Cascavel,74.1,-3.0,25.1,16.5,740.0,12.8,100,7.3,97,Argiloso,Colheita,Noite,1
543,2026-03-18 15:57:00,EQ-037,Sorriso,59.7,0.0,19.5,2.8,422.0,20.5,657,8.6,66,Argiloso,Colheita,Tarde,1
5710,2026-08-29 06:08:00,EQ-022,Rio Verde,7.1,0.0,31.2,7.7,1149.0,3.9,71,9.4,76,Misto,Plantio,Manha,0
3915,2026-07-02 15:46:00,EQ-030,Não-Me-Toque,62.2,0.0,15.3,13.4,36.0,12.6,129,9.6,93,Misto,Colheita,Tarde,1
5624,2026-08-26 06:57:00,EQ-038,Rio Verde,26.4,0.0,24.8,7.8,1436.0,3.4,145,9.9,90,Arenoso,Plantio,Manha,0
937,2026-03-30 09:58:00,EQ-008,Barreiras,92.9,24.9,24.1,4.1,528.0,9.3,388,9.0,67,Misto,Colheita,Manha,1
3126,2026-06-08 08:25:00,EQ-015,Sorriso,28.6,0.0,23.1,8.4,162.0,8.1,98,9.3,66,Argiloso,Plantio,Manha,0
5348,2026-08-17 08:26:00,EQ-006,Sorriso,7.2,0.0,23.3,5.4,1100.0,12.3,168,9.6,73,Argiloso,Pulverizacao,Manha,0
4506,2026-07-21 09:56:00,EQ-025,Barreiras,22.0,0.0,29.4,1.3,1510.0,8.2,141,7.7,107,Arenoso,Colheita,Manha,0
4212,2026-07-11 16:22:00,EQ-002,Rio Verde,21.5,0.0,25.4,12.9,486.0,7.7,298,8.5,104,Argiloso,Transporte,Tarde,0
5402,2026-08-18 20:29:00,EQ-021,Cascavel,99.3,8.4,18.3,6.7,1095.0,13.3,22,2.6,77,Encharcado,Colheita,Noite,0
4238,2026-07-12 15:17:00,EQ-034,Rio Verde,20.5,0.0,26.4,12.0,213.0,8.8,332,9.3,103,Argiloso,Transporte,Tarde,0
1368,2026-04-12 17:41:00,EQ-033,Lucas do Rio Verde,82.6,0.5,28.2,8.3,523.0,24.1,88,4.6,93,Misto,Transporte,Tarde,1
2264,2026-05-12 07:15:00,EQ-015,Sorriso,88.9,0.0,24.7,8.4,432.0,8.1,258,6.6,101,Encharcado,Colheita,Manha,1
1371,2026-04-12 20:11:00,EQ-033,Lucas do Rio Verde,80.5,0.5,26.3,8.0,416.0,24.1,90,6.6,96,Misto,Transporte,Noite,1
5358,2026-08-17 15:11:00,EQ-034,Rio Verde,27.5,0.0,30.1,19.9,1016.0,8.9,141,5.0,70,Misto,Colheita,Tarde,0
2168,2026-05-09 07:31:00,EQ-012,Lucas do Rio Verde,72.1,34.7,26.9,8.7,543.0,3.3,475,6.7,81,Argiloso,Pulverizacao,Manha,1
1085,2026-04-03 23:45:00,EQ-038,Rio Verde,82.9,50.3,23.6,2.6,137.0,3.0,215,2.8,87,Argiloso,Plantio,Noite,1
3266,2026-06-12 15:16:00,EQ-038,Sorriso,25.2,0.0,28.9,5.0,989.0,3.2,186,8.4,60,Argiloso,Plantio,Tarde,0
3039,2026-06-05 16:58:00,EQ-037,Sorriso,31.9,0.0,25.3,9.3,308.0,20.7,237,5.2,93,Argiloso,Transporte,Tarde,0
4492,2026-07-20 22:16:00,EQ-027,Barreiras,21.4,0.0,26.1,8.5,815.0,17.2,559,7.9,86,Misto,Colheita,Noite,0
1867,2026-04-28 15:29:00,EQ-034,Rio Verde,76.4,0.0,26.2,12.5,590.0,8.6,26,9.0,94,Misto,Transporte,Tarde,1
1532,2026-04-17 23:19:00,EQ-008,Barreiras,96.7,23.3,32.3,12.8,387.0,9.4,468,3.0,96,Arenoso,Colheita,Noite,1
3407,2026-06-17 06:02:00,EQ-002,Lucas do Rio Verde,23.4,0.0,27.5,6.2,814.0,7.6,196,11.5,86,Argiloso,Transporte,Manha,0
2002,2026-05-03 10:41:00,EQ-005,Sorriso,53.3,0.0,24.6,12.6,424.0,7.7,156,13.8,76,Misto,Colheita,Manha,0
439,2026-03-15 16:21:00,EQ-037,Sorriso,77.3,0.0,27.4,6.3,283.0,20.4,644,8.8,101,Arenoso,Transporte,Tarde,1
4220,2026-07-11 21:25:00,EQ-004,Cascavel,81.4,11.5,19.8,14.5,198.0,5.8,172,4.6,99,Misto,Colheita,Noite,1
5699,2026-08-28 14:59:00,EQ-039,Sorriso,35.2,0.0,24.8,6.3,1422.0,2.5,495,9.7,74,Misto,Transporte,Tarde,0
5318,2026-08-16 09:11:00,EQ-030,Não-Me-Toque,84.8,13.1,10.7,5.4,777.0,12.8,343,9.5,91,Misto,Colheita,Manha,1
1503,2026-04-17 08:49:00,EQ-018,Rio Verde,80.0,15.0,25.5,7.0,951.0,9.1,57,6.9,82,Misto,Colheita,Manha,0
1826,2026-04-27 09:18:00,EQ-022,Rio Verde,71.1,27.8,24.7,2.2,532.0,3.6,371,10.5,97,Misto,Transporte,Manha,1
1487,2026-04-16 17:04:00,EQ-999,Sorriso,87.5,0.0,32.9,5.0,651.0,2.4,329,5.7,94,Misto,Transporte,Tarde,0
3481,2026-06-19 08:54:00,EQ-004,Cascavel,96.2,0.0,7.1,45.0,817.0,5.8,81,7.2,92,Encharcado,Colheita,Manha,1
1228,2026-04-08 15:22:00,EQ-010,Cascavel,76.7,23.3,21.6,7.5,1572.0,4.9,162,12.0,76,Argiloso,Colheita,Tarde,0
5232,2026-08-13 21:26:00,EQ-039,Sorriso,31.1,0.0,24.9,0.5,1549.0,2.4,427,6.0,64,Misto,Plantio,Noite,0
1147,2026-04-06 06:24:00,EQ-006,Sorriso,95.2,9.7,24.3,6.0,1906.0,12.0,183,4.0,82,Encharcado,Pulverizacao,Manha,0
2454,2026-05-17 19:29:00,EQ-024,Cascavel,62.4,20.6,20.6,6.4,913.0,7.8,5,11.9,80,Arenoso,Pulverizacao,Noite,1
1287,2026-04-10 13:39:00,EQ-026,Sorriso,77.7,0.0,23.8,5.1,1541.0,2.4,314,7.1,60,Misto,Plantio,Tarde,0
2801,2026-05-28 21:23:00,EQ-031,Rio Verde,32.2,1.6,24.1,6.2,593.0,5.5,334,9.7,91,Misto,Colheita,Noite,1
4394,2026-07-17 22:07:00,EQ-015,Sorriso,20.1,0.0,28.0,8.3,482.0,8.2,0,8.2,64,Misto,Plantio,Noite,0
3339,2026-06-14 15:44:00,EQ-031,Rio Verde,20.0,0.0,24.3,12.2,1088.0,5.5,385,7.4,88,Argiloso,Transporte,Tarde,0
2412,2026-05-16 14:28:00,EQ-017,Lucas do Rio Verde,46.7,0.0,24.7,16.3,2500.0,2.0,169,13.0,88,Misto,Colheita,Tarde,0
1252,2026-04-09 10:27:00,EQ-024,Cascavel,82.1,6.5,18.6,31.9,1608.0,7.7,265,6.4,66,Misto,Pulverizacao,Manha,0
3445,2026-06-17 23:56:00,EQ-018,Não-Me-Toque,86.9,20.1,19.1,9.7,1001.0,9.3,297,8.1,60,Argiloso,Plantio,Noite,0
5427,2026-08-19 16:23:00,EQ-029,Sorriso,22.1,0.0,30.4,11.9,708.0,1.3,277,7.4,90,Misto,Transporte,Tarde,0
2099,2026-05-07 07:24:00,EQ-021,Cascavel,57.0,18.9,25.4,6.8,119.0,13.0,144,8.0,92,Misto,Colheita,Manha,1
4514,2026-07-21 14:48:00,EQ-013,Barreiras,24.1,0.0,24.8,9.4,1562.0,9.5,353,8.0,83,Misto,Colheita,Tarde,0
2300,2026-05-13 06:37:00,EQ-022,Rio Verde,48.8,0.0,24.5,4.0,574.0,3.6,4,5.0,99,Misto,Plantio,Manha,0
4070,2026-07-07 08:40:00,EQ-033,Lucas do Rio Verde,21.9,0.0,28.4,4.9,880.0,24.4,62,7.1,100,Arenoso,Colheita,Manha,0
2559,2026-05-20 19:14:00,EQ-012,Lucas do Rio Verde,46.4,0.0,27.8,8.5,1183.0,3.3,546,7.1,91,Argiloso,Pulverizacao,Noite,1
2055,2026-05-05 13:06:00,EQ-038,Rio Verde,60.8,0.0,24.6,4.0,778.0,3.1,26,8.0,106,Misto,Transporte,Tarde,0
2103,2026-05-07 09:46:00,EQ-027,Barreiras,69.3,16.4,-99.0,5.8,669.0,17.0,269,6.1,55,Arenoso,Plantio,Manha,0
3300,2026-06-13 09:40:00,EQ-023,Lucas do Rio Verde,31.2,0.0,29.1,5.0,330.0,6.8,437,6.7,45,Arenoso,Pulverizacao,Manha,0
3936,2026-07-03 10:47:00,EQ-033,Barreiras,21.5,0.0,22.2,1.4,1158.0,24.3,36,7.2,119,Misto,Transporte,Manha,0
2061,2026-05-05 17:01:00,EQ-017,Lucas do Rio Verde,59.4,18.3,23.1,4.2,1247.0,1.9,116,8.9,87,Arenoso,Colheita,Tarde,0
5034,2026-08-07 20:23:00,EQ-029,Rio Verde,17.9,0.0,19.8,17.9,815.0,1.3,208,4.6,110,Misto,Transporte,Noite,0
3590,2026-06-22 17:02:00,EQ-013,Barreiras,34.7,0.0,24.3,4.2,144.0,9.4,203,9.8,45,Arenoso,Colheita,Tarde,0
3992,2026-07-04 21:22:00,EQ-039,Sorriso,8.0,0.0,28.8,6.4,458.0,2.3,294,8.8,77,Argiloso,Plantio,Noite,0
5635,2026-08-26 13:52:00,EQ-010,Sorriso,34.6,0.0,28.6,2.3,349.0,5.3,199,8.5,81,Arenoso,Transporte,Tarde,0
398,2026-03-14 15:12:00,EQ-024,Cascavel,56.4,0.0,26.9,21.1,381.0,7.6,184,4.7,79,Argiloso,Pulverizacao,Tarde,0
2933,2026-06-02 06:56:00,EQ-006,Sorriso,24.4,0.0,26.8,10.6,133.0,12.1,99,15.1,92,Argiloso,Pulverizacao,Manha,1
4439,2026-07-19 13:59:00,EQ-009,Lucas do Rio Verde,26.3,0.0,24.8,19.4,1451.0,5.0,92,7.2,71,Argiloso,Plantio,Tarde,0
5080,2026-08-09 08:31:00,EQ-036,Rio Verde,17.9,2.5,27.5,5.6,454.0,6.7,47,7.9,89,Arenoso,Colheita,Manha,0
4270,2026-07-13 22:45:00,EQ-005,Rio Verde,28.4,0.0,24.8,5.0,318.0,7.9,180,6.3,91,Arenoso,Colheita,Noite,1
5464,2026-08-20 16:29:00,EQ-012,Lucas do Rio Verde,25.3,0.0,31.3,11.3,927.0,3.6,168,8.5,63,Argiloso,Pulverizacao,Tarde,0
283,2026-03-10 17:40:00,EQ-016,Cascavel,67.8,0.0,29.1,7.4,572.0,4.1,68,7.4,97,Misto,Transporte,Tarde,0
2422,2026-05-16 21:09:00,EQ-009,Lucas do Rio Verde,32.7,0.0,31.1,5.1,2211.0,4.9,594,8.9,99,Argiloso,Transporte,Noite,0
3877,2026-07-01 13:08:00,EQ-017,Lucas do Rio Verde,29.6,0.0,26.3,4.6,1273.0,2.1,98,4.5,78,Misto,Transporte,Tarde,0
3875,2026-07-01 10:32:00,EQ-020,Barreiras,"32,0",0.0,19.5,18.2,666.0,1.7,0,8.8,67,Arenoso,Colheita,Manha,0
4470,2026-07-20 09:12:00,EQ-018,Rio Verde,42.1,14.2,29.4,10.4,922.0,9.4,130,6.1,84,Misto,Colheita,Manhã,1
322,2026-03-12 07:41:00,EQ-011,Barreiras,90.1,39.8,27.5,0.6,374.0,8.9,343,5.6,58,Encharcado,Plantio,Manha,1
2810,2026-05-29 07:20:00,EQ-012,Lucas do Rio Verde,56.4,18.0,26.6,5.8,775.0,3.3,567,7.5,75,Misto,Pulverizacao,Manha,0
2421,2026-05-16 20:32:00,EQ-031,Rio Verde,30.1,0.0,28.0,6.9,1206.0,5.4,258,6.3,79,Misto,Colheita,Noite,0
3078,2026-06-06 20:49:00,EQ-038,Rio Verde,32.9,0.0,25.3,16.5,742.0,3.2,160,10.6,81,Argiloso,Plantio,Noite,0
4436,2026-07-19 13:06:00,EQ-011,Barreiras,25.9,0.0,28.8,9.5,438.0,9.3,96,11.8,86,Misto,Colheita,Tarde,0
594,2026-03-20 14:04:00,EQ-026,Sorriso,61.2,33.8,23.3,6.3,271.0,2.4,226,5.3,100,Misto,Transporte,Tarde,1
3356,2026-06-15 09:16:00,EQ-009,Lucas do Rio Verde,38.1,0.0,23.7,14.3,146.0,5.0,733,7.0,84,Argiloso,Transporte,Manha,1
2551,2026-05-20 13:31:00,EQ-024,Cascavel,70.1,0.2,18.5,8.9,340.0,7.8,11,8.5,52,Argiloso,Pulverizacao,Tarde,0
2276,2026-05-12 10:37:00,EQ-024,Cascavel,62.5,33.5,27.6,11.6,666.0,7.8,439,12.2,91,Misto,Pulverizacao,Manha,0
4500,2026-07-21 06:50:00,EQ-999,Sorriso,20.1,1.5,26.0,4.9,589.0,2.4,357,9.6,87,Arenoso,Transporte,Manha,0
2954,2026-06-02 20:18:00,EQ-033,Lucas do Rio Verde,43.2,0.0,21.8,4.0,214.0,24.3,347,9.1,63,Arenoso,Plantio,Noite,0
1192,2026-04-07 13:26:00,EQ-008,Barreiras,72.9,9.7,23.6,6.1,721.0,9.3,441,6.8,109,Misto,Transporte,Tarde,0
4578,2026-07-23 17:34:00,EQ-031,Rio Verde,38.5,4.7,28.0,5.8,260.0,5.6,129,12.4,96,Arenoso,Colheita,Tarde,0
4644,2026-07-26 14:24:00,EQ-034,Rio Verde,41.8,0.0,23.6,2.0,943.0,8.8,0,10.4,76,Misto,Transporte,Tarde,0
2758,2026-05-27 10:34:00,EQ-014,Sorriso,32.0,0.0,16.2,17.8,1020.0,8.2,185,6.5,56,Misto,Pulverizacao,Manha,0
480,2026-03-17 06:01:00,EQ-027,Não-Me-Toque,75.1,6.8,24.9,6.5,719.0,16.8,32,5.3,119,Arenoso,Transporte,Manha,0
4140,2026-07-09 15:26:00,EQ-006,Sorriso,22.0,0.0,30.4,2.4,763.0,12.2,0,6.3,56,Argiloso,Pulverizacao,Tarde,0
122,2026-03-05 06:59:00,EQ-010,Sorriso,99.1,90.4,23.4,20.7,963.0,4.9,259,7.8,89,Encharcado,Plantio,Manha,1
4562,2026-07-23 09:14:00,EQ-006,Sorriso,32.3,24.1,26.4,2.7,373.0,12.3,51,8.6,52,Arenoso,Pulverizacao,Manha,0
2996,2026-06-04 10:31:00,EQ-004,Rio Verde,38.5,0.0,29.9,4.6,235.0,5.7,310,9.8,80,Argiloso,Colheita,Manha,0
4076,2026-07-07 16:06:00,EQ-018,Rio Verde,26.4,0.0,23.8,13.1,524.0,9.3,61,8.9,88,Argiloso,Transporte,Tarde,0
707,2026-03-23 13:53:00,EQ-019,Sorriso,77.7,35.7,28.3,5.3,297.0,4.2,337,4.0,78,Arenoso,Pulverizacao,Tarde,0
5243,2026-08-14 07:54:00,EQ-026,Sorriso,24.4,0.0,29.8,4.1,1124.0,2.8,116,6.0,80,Misto,Transporte,Manha,0
4959,2026-08-05 15:09:00,EQ-022,Rio Verde,31.7,0.0,24.1,24.7,373.0,3.9,404,7.8,107,Argiloso,Transporte,Tarde,1
3276,2026-06-12 17:32:00,EQ-035,Lucas do Rio Verde,27.4,0.0,21.1,9.2,132.0,3.0,235,5.2,95,Argiloso,Transporte,Tarde,0
3830,2026-06-29 17:28:00,EQ-017,Lucas do Rio Verde,28.9,0.0,27.6,3.4,794.0,2.1,88,10.8,85,Argiloso,Colheita, TARDE ,0
3166,2026-06-09 09:07:00,EQ-032,Sorriso,22.9,0.0,31.6,5.7,809.0,5.9,105,6.0,81,Argiloso,Pulverizacao,Manha,0
5294,2026-08-15 15:25:00,EQ-021,Cascavel,94.9,50.3,22.6,14.5,862.0,13.3,17,5.1,95,Misto,Colheita,Tarde,0
4862,2026-08-02 13:35:00,EQ-014,Sorriso,35.0,2.0,26.7,2.1,2127.0,8.4,66,11.1,68,Misto,Pulverizacao,Tarde,0
3101,2026-06-07 14:23:00,EQ-037,Sorriso,25.9,0.0,27.5,5.1,650.0,20.7,253,8.0,89,Argiloso,Transporte,Tarde,1
5539,2026-08-23 10:00:00,EQ-027,Barreiras,6.0,0.0,33.2,0.3,1291.0,17.3,48,8.0,83,Arenoso,Colheita,Manha,0
3994,2026-07-04 23:48:00,EQ-033,Lucas do Rio Verde,20.8,0.0,26.2,0.8,1082.0,24.3,41,8.5,94,Argiloso,Colheita,Noite,0
4547,2026-07-22 17:23:00,EQ-031,Rio Verde,36.8,11.4,27.9,18.1,1189.0,5.6,122,6.8,87,Arenoso,Colheita,Tarde,0
723,2026-03-24 07:01:00,EQ-025,Barreiras,96.7,95.7,25.3,4.9,250.0,7.9,164,7.3,100,Argiloso,Colheita,Manha,1
5438,2026-08-20 06:04:00,EQ-021,Cascavel,89.1,0.0,21.5,4.9,2500.0,13.3,27,12.7,81,Encharcado,Colheita,Manha,0
5025,2026-08-07 15:15:00,EQ-002,Rio Verde,24.6,0.0,24.7,8.6,627.0,7.7,109,9.6,72,Arenoso,Transporte,Tarde,0
2586,2026-05-21 19:15:00,EQ-021,Cascavel,63.6,5.6,24.0,23.5,748.0,13.0,215,10.2,85,Arenoso,Colheita,Noite,1
4610,2026-07-25 08:11:00,EQ-023,Lucas do Rio Verde,47.2,0.0,25.4,3.2,1068.0,6.9,9,10.0,57,Arenoso,Pulverizacao,Manha,0
1852,2026-04-27 23:19:00,EQ-039,Sorriso,66.0,0.0,28.4,8.8,623.0,2.1,630,8.9,47,Arenoso,Plantio,Noite,0
3387,2026-06-16 10:17:00,EQ-021,Cascavel,93.1,0.0,15.7,18.4,338.0,13.1,72,8.6,97,Encharcado,Colheita,Manha,1
901,2026-03-29 13:45:00,EQ-005,Sorriso,98.0,51.3,23.7,14.1,80.0,7.6,270,5.4,80,Arenoso,Colheita,Tarde,1
5811,2026-06-12 08:55:00,EQ-032,Sorriso,9.7,0.0,27.7,13.6,1796.0,6.0,108,10.7,62,Misto,Pulverizacao,Manha,0
1197,2026-04-07 15:49:00,EQ-005,Sorriso,100.0,61.8,31.2,6.6,440.0,7.7,15,10.0,45,Misto,Plantio,Tarde,1
3748,2026-06-27 10:55:00,EQ-016,Cascavel,100.0,9.9,18.0,1.5,600.0,4.4,230,5.0,74,Arenoso,Transporte,Manha,0
592,2026-03-20 13:01:00,EQ-034,Rio Verde,99.2,17.5,29.8,13.6,520.0,8.4,276,9.2,66,Arenoso,Plantio,Tarde,0
1566,2026-04-18 19:16:00,EQ-031,Rio Verde,79.2,12.6,31.8,5.4,84.0,5.4,145,13.2,105,Arenoso,Colheita,Noite,1
4529,2026-07-22 09:05:00,EQ-019,Sorriso,25.5,18.5,29.4,8.1,1093.0,4.5,443,6.8,109,Misto,Pulverizacao,Manha,0
2308,2026-05-13 10:50:00,EQ-029,Rio Verde,44.7,0.0,22.7,14.9,1175.0,1.0,218,5.9,94,Misto,Transporte,Manha,0
4136,2026-07-09 13:12:00,EQ-018,Rio Verde,23.3,0.0,25.0,3.4,144.0,9.3,70,14.4,72,Arenoso,Transporte,Tarde,0
1897,2026-04-29 14:55:00,EQ-017,Lucas do Rio Verde,85.5,0.0,25.1,5.5,1189.0,1.9,108,8.1,76,Misto,Colheita,Tarde,0
4910,2026-08-04 07:14:00,EQ-007,Cascavel,88.8,0.0,22.5,25.2,305.0,7.9,24,7.6,97,Argiloso,Colheita,Manha,1
3794,2026-06-28 17:27:00,EQ-004,Cascavel,87.2,6.3,20.5,7.5,610.0,5.8,123,6.5,85,Encharcado,Colheita,Tarde,0
5505,2026-08-22 07:06:00,EQ-039,Sorriso,37.5,-3.0,30.3,3.3,577.0,2.4,468,3.6,75,Argiloso,Transporte,Manha,0
199,2026-03-07 20:43:00,EQ-024,Cascavel,78.4,11.8,21.9,15.1,1093.0,7.6,150,9.8,59,Argiloso,Pulverizacao,Noite,0
5434,2026-08-19 21:46:00,EQ-017,Lucas do Rio Verde,25.5,0.0,30.1,13.3,550.0,2.2,90,5.7,75,Misto,Colheita,Noite,0
1075,2026-04-03 14:36:00,EQ-026,Sorriso,87.2,14.9,28.6,5.8,943.0,2.4,276,8.4,104,Misto,Colheita,Tarde,0
4052,2026-07-06 14:57:00,EQ-020,Barreiras,26.1,0.0,20.4,21.3,2500.0,1.7,31,9.0,116,Misto,Colheita,Tarde,0
4302,2026-07-14 23:32:00,EQ-010,Sorriso,16.6,0.0,28.9,4.1,574.0,5.2,35,3.1,82,Misto,Transporte,Noite,0
2333,2026-05-14 06:00:00,EQ-021,Cascavel,58.2,0.0,25.0,2.6,370.0,13.0,182,6.3,78,Misto,Colheita,Manha,1
5648,2026-08-26 20:55:00,EQ-026,Sorriso,31.1,0.0,35.0,19.6,451.0,2.8,147,7.9,86,Misto,Transporte,Noite,0
4528,2026-07-22 08:55:00,EQ-002,Rio Verde,38.7,11.4,27.1,6.3,894.0,7.7,37,6.5,110,Misto,Transporte,Manha,0
150,2026-03-06 07:35:00,EQ-033,Lucas do Rio Verde,100.0,9.2,28.2,1.4,1940.0,24.0,335,6.1,96,Encharcado,Transporte,Manha,0
967,2026-03-31 08:48:00,EQ-017,Lucas do Rio Verde,94.6,3.4,30.7,2.9,1435.0,1.9,0,8.3,92,Misto,Transporte,Manha,0
960,2026-03-30 23:57:00,EQ-027,Barreiras,92.9,24.9,28.8,9.9,678.0,16.9,97,10.0,91,Misto,Colheita,Noite,1
3991,2026-07-04 21:17:00,EQ-007,Não-Me-Toque,67.2,5.7,13.7,12.0,1413.0,7.8,333,5.7,88,Argiloso,Colheita,Noite,0
3553,2026-06-21 14:17:00,EQ-014,Sorriso,25.7,0.0,24.9,8.8,484.0,8.2,270,7.9,64,Misto,Pulverizacao,Tarde,0
5480,2026-08-21 08:45:00,EQ-038,Rio Verde,21.5,0.0,25.0,2.8,239.0,3.4,118,6.9,57,Arenoso,Transporte,Manha,0
3630,2026-06-23 16:52:00,EQ-019,Sorriso,13.7,1.7,27.0,7.7,34.0,4.4,342,8.8,54,Argiloso,Pulverizacao,Tarde,0
3640,2026-06-24 07:02:00,EQ-008,Barreiras,26.3,0.0,28.0,5.1,1583.0,9.5,173,9.0,100,Argiloso,Transporte,Manha,0
2994,2026-06-04 10:15:00,EQ-020,Barreiras,22.4,0.0,33.9,3.0,401.0,1.6,243,8.8,108,Misto,Colheita,MANHÃ,0
4432,2026-07-19 09:20:00,EQ-008,Barreiras,38.8,0.0,22.4,4.3,949.0,9.6,304,9.3,114,Argiloso,Transporte,Manha,1
3201,2026-06-10 09:38:00,EQ-005,Sorriso,26.8,0.0,23.9,3.2,629.0,7.8,9,7.2,77,Misto,Transporte,Manha,0
1335,2026-04-11 17:55:00,EQ-035,Lucas do Rio Verde,90.3,11.3,27.1,3.8,1620.0,2.8,330,8.9,72,Misto,Plantio,Tarde,0
2049,2026-05-05 08:07:00,EQ-006,Barreiras,78.4,11.5,30.2,6.5,1211.0,12.1,292,4.3,66,Misto,Pulverizacao,Manha,1
1689,2026-04-22 19:29:00,EQ-022,Rio Verde,80.2,14.6,28.9,19.3,533.0,3.6,369,3.4,73,Arenoso,Transporte,Noite,1
2037,2026-05-04 17:56:00,EQ-009,Lucas do Rio Verde,69.2,12.4,24.0,18.2,1681.0,4.8,525,8.1,93,Argiloso,Plantio,Tarde,0
2305,2026-05-13 09:25:00,EQ-030,Não-Me-Toque,"59,9",0.0,20.7,14.2,673.0,12.5,535,8.1,105,Misto,Colheita,Manha,1
3158,2026-06-09 06:30:00,EQ-004,Cascavel,87.5,0.0,19.8,22.9,514.0,5.7,0,7.7,119,Misto,Colheita,Manha,1
4773,2026-07-30 13:48:00,EQ-032,Rio Verde,34.6,0.0,31.4,3.8,254.0,6.1,86,,67,Misto,Pulverizacao,Tarde,0
3242,2026-06-11 16:12:00,EQ-011,Rio Verde,21.5,0.0,20.1,1.7,1063.0,9.2,346,5.2,52,Arenoso,Plantio,Tarde,0
225,2026-03-08 17:01:00,EQ-011,Barreiras,78.1,29.0,24.4,9.0,352.0,8.9,320,3.8,93,Arenoso,Plantio,Tarde,1
2567,2026-05-21 07:34:00,EQ-024,Cascavel,70.6,5.6,22.9,12.0,1620.0,7.8,20,6.6,52,Misto,Pulverizacao,Manha,0
4513,2026-07-21 14:45:00,EQ-027,Barreiras,20.1,0.0,22.0,9.5,296.0,17.2,567,12.7,93,Argiloso,Transporte,Tarde,1
927,2026-03-30 07:32:00,EQ-035,Lucas do Rio Verde,86.5,9.8,25.8,5.1,309.0,2.8,271,11.0,76,Misto,Plantio,Manha,1
4377,2026-07-17 10:12:00,EQ-036,Rio Verde,36.7,22.8,22.7,10.6,2500.0,6.6,239,11.6,85,Misto,Colheita,Manha,0
5248,2026-08-14 13:11:00,EQ-026,Sorriso,23.6,0.0,25.5,5.8,698.0,2.8,114,5.1,72,Argiloso,Transporte,Tarde,0
5482,2026-08-21 09:03:00,EQ-025,Barreiras,12.1,0.0,26.8,6.9,1065.0,8.3,14,8.4,98,Misto,Colheita,Manha,0
2098,2026-05-07 07:09:00,EQ-007,Cascavel,54.9,18.9,19.7,19.9,784.0,7.6,65,7.9,101,Argiloso,Transporte,Manha,0
5704,2026-08-28 16:40:00,EQ-030,Não-Me-Toque,89.0,34.6,20.1,8.9,296.0,12.8,402,9.5,57,Encharcado,Colheita,Tarde,1
4125,2026-07-09 08:36:00,EQ-039,Sorriso,27.5,0.0,24.3,9.0,755.0,2.3,312,6.3,89,Argiloso,Transporte,Manha,0
3943,2026-07-03 16:04:00,EQ-022,Rio Verde,21.7,0.0,23.3,8.9,809.0,3.8,258,4.0,95,Argiloso,Transporte,Tarde,0
1165,2026-04-06 14:15:00,EQ-015,Sorriso,96.3,9.7,28.5,12.5,215.0,8.0,64,8.2,62,Misto,Plantio,Tarde,0
5574,2026-08-24 17:39:00,EQ-037,Sorriso,51.2,0.0,35.2,2.2,2124.0,20.9,614,5.0,71,Argiloso,Colheita,Tarde,1
1256,2026-04-09 14:09:00,EQ-001,Barreiras,73.3,0.0,31.8,2.7,638.0,11.2,97,12.2,82,Misto,Colheita,Tarde,0
958,2026-03-30 20:49:00,EQ-007,Sorriso,84.3,3.5,32.0,5.3,391.0,7.5,295,7.8,77,Misto,Colheita,Noite,1
4675,2026-07-27 14:34:00,EQ-021,Cascavel,86.2,48.2,11.9,2.2,1525.0,13.2,194,6.6,93,Encharcado,Colheita,Tarde,0
3186,2026-06-09 20:19:00,EQ-028,Sorriso,25.6,0.0,21.3,2.8,515.0,7.0,205,7.5,86,Misto,Transporte,Noite,1
2812,2026-05-29 07:58:00,EQ-019,Sorriso,35.9,0.0,29.9,3.5,1792.0,4.4,211,8.3,71,Arenoso,Pulverizacao,Manha,0
1160,2026-04-06 13:00:00,EQ-008,Barreiras,88.0,30.7,25.9,5.0,2500.0,9.3,435,5.8,70,Encharcado,Colheita,Tarde,0
4603,2026-07-24 19:22:00,EQ-002,Lucas do Rio Verde,42.3,0.0,24.6,9.7,212.0,7.7,50,9.7,88,Misto,Plantio,Noite,0
4628,2026-07-25 17:38:00,EQ-002,Rio Verde,30.5,0.0,30.4,4.8,355.0,7.7,59,8.0,82,Arenoso,Transporte,Tarde,0
279,2026-03-10 16:22:00,EQ-035,Lucas do Rio Verde,95.0,0.0,-99.0,3.5,53.0,2.8,166,8.4,95,Argiloso,Transporte,Tarde,1
1571,2026-04-18 22:20:00,EQ-018,Rio Verde,67.0,12.6,32.5,10.1,372.0,9.1,68,11.2,80,Argiloso,Colheita,Noite,1
2969,2026-06-03 09:12:00,EQ-010,Sorriso,28.4,0.0,29.9,4.7,1926.0,5.1,142,14.7,92,Arenoso,Transporte,Manha,0
129,2026-03-05 10:39:00,EQ-002,Rio Verde,83.6,7.9,31.0,3.4,2500.0,7.3,19,1.1,46,Argiloso,Plantio,Manha,0
3819,2026-06-29 10:30:00,EQ-012,Lucas do Rio Verde,11.9,0.0,31.7,6.6,911.0,3.4,731,8.2,70,Misto,Pulverizacao,Manha,0
561,2026-03-19 10:15:00,EQ-036,Rio Verde,100.0,61.3,24.1,19.0,333.0,6.3,288,3.2,76,Encharcado,Colheita,Manha,1
2548,2026-05-20 13:03:00,EQ-035,Barreiras,36.3,0.0,25.8,6.5,637.0,2.9,145,5.6,73,Arenoso,Plantio,Tarde,0
288,2026-03-10 21:33:00,EQ-020,Barreiras,75.8,12.7,-99.0,0.3,693.0,1.4,304,4.1,93,Arenoso,Colheita,Noite,1
3040,2026-06-05 17:17:00,EQ-028,Sorriso,31.9,0.0,28.3,5.0,741.0,7.0,199,6.2,70,Arenoso,Plantio,Tarde,0
237,2026-03-09 09:14:00,EQ-011,Barreiras,85.6,15.2,29.1,5.2,788.0,8.9,324,9.5,104,Misto,Transporte,Manha,1
5779,2026-08-31 13:48:00,EQ-024,Cascavel,83.2,23.3,24.6,7.7,,8.1,81,1.3,55,Arenoso,Pulverizacao,Tarde,0
965,2026-03-31 08:23:00,EQ-008,Barreiras,100.0,63.3,27.1,10.1,74.0,9.3,393,12.3,109,Argiloso,Colheita,Manha,1
2745,2026-05-27 06:11:00,EQ-032,Sorriso,38.4,0.0,23.5,1.5,294.0,5.9,25,7.2,69,Arenoso,Pulverizacao,Manha,0
4618,2026-07-25 13:09:00,EQ-019,Sorriso,53.8,0.0,25.2,2.9,1644.0,4.5,2,5.9,87,Pedregoso,Pulverizacao,Tarde,0
3965,2026-07-04 08:42:00,EQ-012,Lucas do Rio Verde,22.5,0.0,19.8,3.0,1503.0,3.4,753,6.0,75,Misto,Pulverizacao,Manha,0
3088,2026-06-07 07:11:00,EQ-022,Rio Verde,39.3,0.0,19.5,15.0,326.0,3.7,114,7.8,69,Arenoso,Plantio,Manha,0
4373,2026-07-17 08:53:00,EQ-020,Barreiras,36.2,0.5,22.9,2.4,1387.0,1.8,96,9.0,92,Arenoso,Colheita,Manha,0
3956,2026-07-03 20:07:00,EQ-015,Sorriso,30.7,0.0,26.0,5.3,458.0,8.2,239,11.8,63,Argiloso,Transporte,Noite,0
3743,2026-06-27 08:23:00,EQ-033,Lucas do Rio Verde,33.4,0.0,29.9,10.6,927.0,24.3,27,5.7,65,Argiloso,Plantio,Manha,0
3653,2026-06-24 10:57:00,EQ-033,Lucas do Rio Verde,25.0,0.0,14.6,9.5,960.0,24.3,11,6.7,100,Misto,Transporte,Manha,0
2746,2026-05-27 06:14:00,EQ-008,Barreiras,31.9,2.6,23.3,5.2,430.0,9.5,24,6.2,81,Arenoso,Transporte,Manha,0
3517,2026-06-20 10:08:00,EQ-039,Sorriso,18.1,0.0,23.4,8.1,332.0,2.3,198,10.0,103,Argiloso,Transporte,Manha,0
625,2026-03-21 09:46:00,EQ-028,Sorriso,70.8,0.0,28.8,3.7,528.0,6.7,541,5.3,49,Argiloso,Plantio,Manha,1
1274,2026-04-10 06:20:00,EQ-033,Lucas do Rio Verde,95.0,0.0,30.6,3.6,567.0,24.1,67,9.0,90,Encharcado,Plantio,Manha,1
5005,2026-08-07 06:20:00,EQ-020,Barreiras,13.0,0.0,20.6,3.4,760.0,1.8,175,12.9,82,Misto,Colheita,Manha,0
2500,2026-05-18 22:29:00,EQ-025,Barreiras,52.7,0.2,28.6,9.3,769.0,8.1,135,4.3,77,Misto,Colheita,Noite,0
2023,2026-05-04 06:57:00,EQ-008,Barreiras,81.9,0.0,35.0,3.0,581.0,9.4,535,6.9,69,Misto,Colheita,Manha,1
5591,2026-08-25 09:47:00,EQ-037,Sorriso,45.1,0.0,30.6,3.9,858.0,20.9,621,11.8,81,Misto,Transporte,Manha,1
3074,2026-06-06 16:34:00,EQ-029,Rio Verde,22.6,0.0,21.0,2.1,695.0,1.1,321,4.0,87,Misto,Transporte,Tarde,0
493,2026-03-17 10:09:00,EQ-008,Barreiras,94.9,81.8,29.3,0.9,172.0,9.3,344,6.3,91,Misto,Colheita,Manha,1
4403,2026-07-18 07:38:00,EQ-039,Sorriso,20.2,0.0,30.1,6.4,690.0,2.4,336,4.6,61,Arenoso,Plantio,Manha,0
1797,2026-04-26 13:07:00,EQ-012,Não-Me-Toque,52.3,0.0,21.8,25.6,540.0,3.2,437,7.4,83,ARGILOSO,Pulverizacao,Tarde,0
3119,2026-06-07 22:18:00,EQ-008,Barreiras,23.1,7.8,30.2,4.2,184.0,9.5,93,9.9,88,Misto,Colheita,Noite,0
4730,2026-07-28 20:29:00,EQ-008,Barreiras,21.1,0.0,34.1,2.3,830.0,9.6,323,3.0,92,Arenoso,Colheita,Noite,0
633,2026-03-21 13:55:00,EQ-021,Rio Verde,86.9,17.0,25.7,4.6,378.0,12.9,150,5.6,68,Encharcado,Colheita,Tarde,1
296,2026-03-11 08:00:00,EQ-017,Lucas do Rio Verde,90.0,32.4,29.9,16.8,2004.0,1.8,172,8.1,88,Arenoso,Colheita,Manha,0
2736,2026-05-26 17:37:00,EQ-002,Barreiras,33.9,0.0,34.3,1.0,524.0,7.5,99,9.6,82,Misto,Plantio,Tarde,0
414,2026-03-15 06:19:00,EQ-026,Sorriso,87.3,0.0,31.7,4.2,901.0,2.4,215,7.2,68,Encharcado,Plantio,Manha,0
2921,2026-06-01 15:32:00,EQ-036,Rio Verde,20.7,0.0,22.4,1.7,484.0,6.5,10,6.3,102,Misto,Transporte,Tarde,0
140,2026-03-05 17:59:00,EQ-005,Sorriso,100.0,90.4,24.2,3.4,763.0,7.6,142,7.2,88,Encharcado,Colheita,Tarde,1
1132,2026-04-05 14:55:00,EQ-027,Barreiras,90.5,0.0,28.3,0.8,765.0,16.9,142,11.0,93,Encharcado,Colheita,Tarde,0
3404,2026-06-16 20:05:00,EQ-010,Sorriso,19.2,0.0,23.3,8.2,234.0,5.1,232,14.1,82,Argiloso,Transporte,Noite,0
2070,2026-05-06 08:02:00,EQ-023,Lucas do Rio Verde,61.2,4.7,22.7,31.4,157.0,6.7,259,9.2,72,Misto,Pulverizacao,Manha,1
3916,2026-07-02 15:57:00,EQ-012,Lucas do Rio Verde,17.5,0.0,24.5,3.2,164.0,3.4,735,8.4,60,Misto,Pulverização,Tarde,0
4073,2026-07-07 13:30:00,EQ-034,Rio Verde,13.0,0.0,25.9,5.2,472.0,8.7,305,15.1,100,Argiloso,Colheita,Tarde,0
559,2026-03-19 08:23:00,EQ-007,Não-Me-Toque,77.9,0.0,24.9,5.5,510.0,7.5,260,4.3,96,Arenoso,Colheita,Manha,0
3563,2026-06-21 19:38:00,EQ-022,Rio Verde,21.1,0.0,22.6,11.8,295.0,3.7,178,3.5,100,Misto,Transporte,Noite,0
5001,2026-08-06 21:06:00,EQ-033,Lucas do Rio Verde,20.2,0.0,27.7,3.9,578.0,24.4,205,5.0,105,Arenoso,Colheita,Noite,0
3634,2026-06-23 20:37:00,EQ-010,Sorriso,27.1,1.7,29.0,7.0,278.0,5.2,285,8.8,84,Misto,Transporte,Noite,1
5796,2026-03-31 14:05:00,EQ-039,Sorriso,90.9,11.9,28.9,4.4,138.0,2.1,529,12.1,70,Encharcado,Plantio,Tarde,1
3967,2026-07-04 09:15:00,EQ-037,Sorriso,29.6,0.0,30.4,2.8,2500.0,20.8,369,9.1,100,Arenoso,Transporte,Manha,0
2319,2026-05-13 16:41:00,EQ-039,Sorriso,94.6,0.0,23.7,9.9,1060.0,2.2,54,4.7,109,Arenoso,Transporte,Tarde,0
4456,2026-07-19 22:10:00,EQ-012,Lucas do Rio Verde,15.6,0.0,24.0,3.2,2208.0,3.5,25,10.7,79,Misto,Pulverizacao,Noite,0
2322,2026-05-13 17:03:00,EQ-005,Sorriso,88.6,0.0,28.9,7.8,364.0,7.8,201,9.9,89,Encharcado,Transporte,Tarde,1
3245,2026-06-11 20:29:00,EQ-019,Sorriso,35.2,0.0,30.5,12.8,415.0,4.4,263,12.3,82,Misto,Pulverização,Noite,0
4551,2026-07-22 19:42:00,EQ-021,Cascavel,96.3,17.9,10.7,34.4,1824.0,13.2,189,10.5,87,Encharcado,Colheita,Noite,1
2699,2026-05-25 14:48:00,EQ-032,Sorriso,43.6,0.0,23.8,4.5,896.0,5.9,0,13.1,81,Misto,Pulverizacao,Tarde,0
2475,2026-05-18 10:51:00,EQ-029,Barreiras,47.5,0.2,18.9,1.4,515.0,1.1,238,5.5,76,Arenoso,Transporte,Manha,0
968,2026-03-31 09:07:00,EQ-026,Sorriso,90.8,11.9,29.6,12.7,1373.0,2.4,252,10.9,72,Encharcado,Plantio,Manha,0
3244,2026-06-11 17:41:00,EQ-010,Sorriso,34.4,0.0,28.0,11.8,72.0,5.1,207,12.4,80,Misto,Transporte,Tarde,0
4645,2026-07-26 14:29:00,EQ-028,Sorriso,43.0,0.0,24.9,1.0,282.0,7.1,430,9.1,98,Misto,Colheita,Tarde,0
5213,2026-08-13 10:29:00,EQ-024,Cascavel,89.6,23.5,21.5,6.6,387.0,8.1,0,8.4,80,Encharcado,Pulverizacao,Manha,1
5815,2026-05-08 10:51:00,EQ-027,Barreiras,66.9,0.0,29.7,18.9,296.0,17.0,272,8.2,55,Misto,Plantio,Manha,1
313,2026-03-11 21:14:00,EQ-013,Barreiras,74.6,12.7,28.0,1.6,58.0,9.1,602,11.2,79,Arenoso,Colheita,Noite,0
3057,2026-06-06 10:03:00,EQ-001,Barreiras,26.5,0.0,27.6,6.0,120.0,11.3,51,7.4,78,Misto,Colheita,Manha,0
106,2026-03-04 14:05:00,EQ-001,Sorriso,82.4,28.8,28.3,0.4,2500.0,11.1,261,7.8,114,Misto,Colheita,Tarde,0
4375,2026-07-17 09:04:00,EQ-016,Cascavel,82.8,0.0,19.1,6.9,125.0,4.4,6,3.9,78,Argiloso,Colheita,Manha,1
910,2026-03-29 16:38:00,EQ-019,Sorriso,100.0,51.3,31.0,6.1,152.0,4.2,356,9.3,79,Argiloso,Pulverizacao,Tarde,1
2027,2026-05-04 07:21:00,EQ-005,Sorriso,65.8,0.0,22.6,12.2,2152.0,7.7,163,8.0,84,Arenoso,Transporte,Manha,0
5401,2026-08-18 20:02:00,EQ-039,Sorriso,26.5,0.6,30.6,5.7,836.0,2.4,447,3.3,65,Misto,Transporte,Noite,0
1461,2026-04-15 15:05:00,EQ-016,Cascavel,74.5,6.1,31.8,24.2,320.0,4.2,240,7.2,64,Misto,Plantio,Tarde,0
3715,2026-06-26 10:26:00,EQ-033,Lucas do Rio Verde,26.1,0.0,28.0,11.3,302.0,24.3,21,6.4,81,Misto,Transporte,Manha,0
4260,2026-07-13 13:33:00,EQ-004,Cascavel,92.5,43.2,13.9,45.0,198.0,5.8,174,7.7,66,Encharcado,Transporte,Tarde,1
5008,2026-08-07 07:06:00,EQ-015,Sorriso,33.2,0.0,29.7,3.4,136.0,8.3,84,5.2,88,Argiloso,Colheita,Manha,1
4783,2026-07-30 16:24:00,EQ-016,Cascavel,100.0,40.2,10.9,28.0,200.0,4.5,39,2.8,74,Encharcado,Plantio,Tarde,1
4537,2026-07-22 13:39:00,EQ-023,Lucas do Rio Verde,41.0,0.0,28.3,5.6,724.0,6.9,615,9.0,63,Arenoso,Pulverizacao,Tarde,0
3810,2026-06-29 08:05:00,EQ-001,Barreiras,26.0,0.0,23.3,2.2,120.0,11.4,118,6.5,92,Argiloso,Colheita,Manha,0
3733,2026-06-26 20:41:00,EQ-008,Barreiras,27.2,0.0,19.6,13.5,1552.0,9.5,193,11.2,93,Argiloso,Colheita,Noite,0
2326,2026-05-13 19:50:00,EQ-032,Sorriso,71.5,0.0,30.6,9.4,457.0,5.9,200,7.3,73,Argiloso,Pulverizacao,Noite,1
854,2026-03-27 20:57:00,EQ-015,Sorriso,99.1,46.3,26.3,3.0,266.0,7.9,11,5.2,93,Arenoso,Colheita,Noite,1
1846,2026-04-27 17:40:00,EQ-031,Rio Verde,68.6,27.8,26.2,1.6,328.0,5.4,188,10.3,88,Misto,Colheita,Tarde,1
797,2026-03-26 06:47:00,EQ-029,Rio Verde,100.0,29.6,25.8,16.4,581.0,0.9,28,5.0,103,Encharcado,Transporte,Manha,1
4530,2026-07-22 09:32:00,EQ-021,Cascavel,99.2,17.9,16.4,11.3,289.0,13.2,187,4.9,90,Argiloso, colheita,Manha,1
3373,2026-06-15 22:34:00,EQ-028,Sorriso,25.9,0.0,23.7,1.4,1516.0,7.0,271,5.8,70,Argiloso,Transporte,Noite,0
2675,2026-05-24 23:15:00,EQ-020,Barreiras,33.5,0.0,18.7,2.1,103.0,1.6,203,5.8,62,Arenoso,Colheita,Noite,0
2035,2026-05-04 15:38:00,EQ-035,Lucas do Rio Verde,58.6,12.4,28.5,1.8,379.0,2.9,66,5.5,82,Misto,Transporte,Tarde,1
1302,2026-04-10 17:59:00,EQ-020,Barreiras,83.5,10.9,28.1,7.2,634.0,1.5,45,8.3,71,Misto,Transporte,Tarde,0
759,2026-03-24 20:30:00,EQ-027,Barreiras,93.7,95.7,32.1,8.5,696.0,16.8,61,6.2,68,Arenoso,Plantio,Noite,0
2740,2026-05-26 21:27:00,EQ-031,Rio Verde,33.6,0.0,22.7,6.2,642.0,5.5,325,10.6,75,Arenoso,Colheita,Noite,0
2888,2026-05-31 17:40:00,EQ-028,Sorriso,35.1,0.0,30.2,5.8,2055.0,6.9,164,8.7,97,Argiloso, colheita,Tarde,0
2864,2026-05-31 08:10:00,EQ-020,Barreiras,23.4,0.0,23.7,4.8,1682.0,1.6,236,7.0,92,Arenoso,Colheita,Manha,0
4809,2026-07-31 14:29:00,EQ-033,Lucas do Rio Verde,21.9,0.0,25.2,6.7,268.0,24.4,182,8.5,111,Misto,Transporte,Tarde,1
250,2026-03-09 15:45:00,EQ-022,Rio Verde,80.0,0.0,33.7,5.6,1887.0,3.5,233,10.8,55,Argiloso,Plantio,Tarde,0
4816,2026-07-31 20:27:00,EQ-038,Sorriso,34.7,0.0,24.0,8.4,277.0,3.4,66,5.8,89,Misto,Transporte,Noite,0
2100,2026-05-07 07:56:00,EQ-014,Sorriso,50.4,11.2,26.0,4.6,290.0,8.1,98,7.1,77,Misto,Pulverizacao,Manha,0
3824,2026-06-29 15:28:00,EQ-022,Rio Verde,28.1,0.0,25.2,6.3,800.0,3.8,222,12.4,73,Misto,Transporte,Tarde,0
2516,2026-05-19 09:03:00,EQ-038,Rio Verde,39.7,7.8,26.1,7.9,782.0,3.2,81,5.7,57,Misto,Transporte,Manha,1
1712,2026-04-23 16:41:00,EQ-039,Sorriso,61.9,0.0,30.1,5.3,532.0,2.1,610,14.4,99,Misto,Colheita,Tarde,1
5011,2026-08-07 07:40:00,EQ-017,Lucas do Rio Verde,22.8,0.0,30.8,7.3,2237.0,2.2,21,9.3,101,Misto,Colheita,Manha,0
3090,2026-06-07 08:04:00,EQ-038,Rio Verde,26.3,0.0,25.4,15.2,413.0,3.2,165,6.2,86,Misto,Transporte,Manha,0
2771,2026-05-27 20:46:00,EQ-023,Lucas do Rio Verde,49.0,20.9,22.5,8.7,971.0,6.8,347,9.1,66,Argiloso,Pulverizacao,Noite,0
4996,2026-08-06 16:47:00,EQ-025,Barreiras,26.2,0.0,30.6,9.8,779.0,8.3,232,6.4,80,Misto,Colheita,Tarde,0
2884,2026-05-31 16:25:00,EQ-008,Barreiras,30.3,0.0,26.4,5.9,251.0,9.5,37,7.6,108,Arenoso,Transporte,Tarde,0
5085,2026-08-09 09:31:00,EQ-013,Barreiras,16.4,0.0,24.0,16.0,374.0,9.5,415,8.5,92,Misto,Colheita,Manha,0
5091,2026-08-09 14:32:00,EQ-032,Sorriso,51.7,0.0,23.1,7.7,616.0,6.1,141,2.4,88,Argiloso,Pulverizacao,Tarde,0
1853,2026-04-27 23:29:00,EQ-001,Rio Verde,66.3,,25.3,3.2,170.0,11.2,170,7.2,75,Arenoso,Transporte,Noite,1
4732,2026-07-28 22:24:00,EQ-037,Sorriso,"46,9",0.0,26.6,1.6,1205.0,20.8,487,9.2,40,Misto,Plantio,Noite,0
4602,2026-07-24 17:11:00,EQ-017,Lucas do Rio Verde,31.4,0.0,33.9,0.4,256.0,2.2,219,7.6,84,Arenoso,Transporte,Tarde,0
2613,2026-05-22 16:47:00,EQ-038,Rio Verde,47.4,0.0,26.7,14.9,1502.0,3.2,94,13.0,102,Arenoso,Colheita,Tarde,1
4229,2026-07-12 10:19:00,EQ-015,Sorriso,13.8,0.0,25.7,12.6,198.0,8.2,265,5.2,70,Misto,Transporte,Manha,0
319,2026-03-12 07:04:00,EQ-010,Sorriso,96.4,83.1,26.4,4.4,429.0,4.9,33,11.3,82,Misto,Colheita,Manha,1
3813,2026-06-29 08:40:00,EQ-016,Cascavel,88.0,15.9,11.0,7.0,310.0,4.4,242,11.4,92,Misto,Colheita,Manha,1
5423,2026-08-19 14:58:00,EQ-017,Lucas do Rio Verde,12.3,0.0,29.2,3.5,984.0,2.2,93,11.3,88,Misto,Transporte,Tarde,0
3432,2026-06-17 16:54:00,EQ-002,Lucas do Rio Verde,23.8,0.0,25.9,1.6,566.0,7.6,192,8.1,81,Misto,Plantio,Tarde,0
3273,2026-06-12 17:13:00,EQ-033,Lucas do Rio Verde,26.6,0.0,24.5,1.2,370.0,24.3,383,4.8,99,Argiloso,Transporte,Tarde,1
2961,2026-06-03 06:50:00,EQ-011,Cascavel,87.0,6.2,19.0,23.3,389.0,9.1,293,7.1,86,Arenoso,Colheita,Manha,1
4271,2026-07-13 22:55:00,EQ-014,Sorriso,19.4,0.9,24.3,1.8,1343.0,8.3,348,6.8,81,Argiloso,Pulverizacao,Noite,0
5031,2026-08-07 17:02:00,EQ-033,Sorriso,21.9,0.0,33.5,1.1,283.0,24.4,212,7.9,96,Misto,Transporte,Tarde,0
2759,2026-05-27 10:58:00,EQ-040,Não-Me-Toque,82.0,5.6,18.2,8.8,114.0,13.3,328,8.4,72,Misto,Transporte,Manha,1
1780,2026-04-25 20:57:00,EQ-036,Rio Verde,64.9,0.0,31.3,11.1,1149.0,6.4,141,8.6,68,Argiloso,Transporte,Noite,0
2115,2026-05-07 15:09:00,EQ-036,Rio Verde,44.8,0.0,19.0,2.0,341.0,6.5,202,8.3,81,Misto,Colheita,Tarde,0
2297,2026-05-12 23:10:00,EQ-030,Não-Me-Toque,66.6,5.1,20.6,19.1,711.0,12.5,527,8.0,99,Misto,Transporte,Noite,0
491,2026-03-17 09:31:00,EQ-006,Sorriso,60.6,0.0,24.1,6.9,1566.0,11.9,105,11.7,61,Argiloso,Pulverizacao,Manha,0
3258,2026-06-12 10:12:00,EQ-026,Sorriso,32.4,0.0,28.0,4.7,1207.0,2.6,609,6.0,84,Argiloso,Plantio,Manha,0
1524,2026-04-17 17:51:00,EQ-034,Rio Verde,75.8,15.0,27.0,1.9,1440.0,8.5,396,2.4,70,Argiloso,Plantio,Tarde,0
5355,2026-08-17 13:58:00,EQ-019,Sorriso,25.2,0.0,27.9,14.6,725.0,4.6,76,4.5,80,Argiloso,Pulverizacao,Tarde,0
3832,2026-06-29 21:02:00,EQ-004,Cascavel,90.2,15.9,18.8,18.6,792.0,5.8,129,8.2,68,Misto,Colheita,Noite,1
5069,2026-08-08 19:29:00,EQ-002,Rio Verde,31.9,0.0,27.0,9.7,545.0,7.7,119,5.2,57,Misto,Plantio,Noite,0
4914,2026-08-04 07:38:00,EQ-011,Barreiras,33.1,0.0,28.9,4.5,990.0,9.3,122,9.2,,Misto,Transporte,Manha,0
1944,2026-05-01 10:02:00,EQ-018,Rio Verde,84.3,31.9,30.3,4.4,503.0,9.1,119,11.4,71,Arenoso,Colheita,Manha,1
5740,2026-08-30 06:52:00,EQ-010,Lucas do Rio Verde,35.3,1.9,28.2,1.6,1309.0,5.3,216,3.6,89,Misto,Transporte,Manha,0
1833,2026-04-27 13:06:00,EQ-013,Lucas do Rio Verde,64.8,2.3,31.1,7.6,883.0,9.2,4,5.9,76,Argiloso,Transporte,Tarde,0
5245,2026-08-14 10:13:00,EQ-022,Rio Verde,23.7,0.0,21.7,3.8,337.0,3.9,33,4.4,75,Arenoso,Colheita,Manha,0
2359,2026-05-14 16:35:00,EQ-013,Barreiras,50.4,8.1,21.3,11.9,152.0,9.3,64,8.5,54,Arenoso,Transporte,Tarde,0
4465,2026-07-20 07:55:00,EQ-033,Lucas do Rio Verde,37.6,14.1,28.7,11.3,342.0,24.4,116,10.7,66,Misto,Plantio,Manha,0
2635,2026-05-23 14:30:00,EQ-017,Lucas do Rio Verde,33.4,0.0,21.2,6.5,401.0,2.0,191,3.6,109,Argiloso,Colheita,Tarde,0
1604,2026-04-20 07:25:00,EQ-032,Barreiras,75.9,0.0,30.4,7.4,529.0,5.8,89,9.4,86,Arenoso,Pulverizacao,Manha,0
1403,2026-04-13 20:16:00,EQ-036,Rio Verde,86.1,6.2,27.2,8.4,574.0,6.4,99,7.8,78,Misto,Plantio,Noite,1
774,2026-03-25 09:24:00,EQ-010,Sorriso,91.4,0.0,23.4,21.4,2364.0,4.9,90,5.4,91,Arenoso,Plantio,Manha,0
2849,2026-05-30 16:19:00,EQ-035,Lucas do Rio Verde,48.1,2.0,26.3,4.2,287.0,3.0,179,8.4,77,Misto,Transporte,Tarde,0
5076,2026-08-09 07:35:00,EQ-007,Cascavel,100.0,29.0,17.9,24.8,1016.0,7.9,42,6.9,60,Arenoso,Colheita,Manha,1
2585,2026-05-21 17:52:00,EQ-005,Sorriso,50.0,6.0,27.3,1.5,724.0,7.8,249,7.1,69,Misto,Plantio,Tarde,0
486,2026-03-17 07:37:00,EQ-012,Lucas do Rio Verde,90.5,0.0,27.4,3.9,402.0,3.1,252,8.5,80,Argiloso,Pulverizacao,Manha,0
5078,2026-08-09 08:13:00,EQ-014,Sorriso,30.4,0.0,30.7,15.0,688.0,8.4,88,8.1,82,Argiloso,Pulverizacao,Manha,0
1692,2026-04-22 20:46:00,EQ-014,Sorriso,71.0,0.0,27.1,4.8,309.0,8.1,23,9.4,62,Arenoso,Pulverizacao,Noite,0
3213,2026-06-10 15:21:00,EQ-004,Cascavel,96.6,23.3,13.5,8.3,907.0,5.7,13,6.0,89,Encharcado,Colheita,Tarde,0
4594,2026-07-24 13:48:00,EQ-012,Lucas do Rio Verde,31.0,0.0,27.9,8.5,1304.0,3.5,50,6.8,65,Misto,Pulverizacao,Tarde,0
1610,2026-04-20 09:49:00,EQ-004,Cascavel,85.1,13.4,26.8,16.0,1140.0,5.6,100,7.1,86,Encharcado,Colheita,Manha,1
5250,2026-08-14 14:02:00,EQ-010,Cascavel,88.5,7.8,19.6,21.9,164.0,5.3,141,5.8,75,Misto,Plantio,Tarde,1
261,2026-03-10 07:44:00,EQ-024,Cascavel,72.6,0.0,21.3,9.1,1340.0,7.6,167,9.0,89,Misto,Pulverizacao,Manha,0
3705,2026-06-26 07:30:00,EQ-039,Sorriso,28.2,0.0,,0.4,184.0,2.3,249,4.0,90,Argiloso,Transporte,Manha,1
2917,2026-06-01 14:32:00,EQ-002,Rio Verde,34.8,0.0,21.3,3.4,537.0,7.6,126,5.4,79,Misto,Plantio,Tarde,0
5504,2026-08-22 07:02:00,EQ-011,Barreiras,21.5,0.0,23.2,5.3,694.0,9.4,194,7.9,105,Arenoso,Transporte,Manha,0
1223,2026-04-08 13:46:00,EQ-039,Lucas do Rio Verde,85.6,26.5,25.1,6.0,640.0,2.1,551,6.7,89,Arenoso,Plantio,Tarde,1
5157,2026-08-11 13:05:00,EQ-026,Cascavel,97.1,21.3,20.1,12.9,1364.0,2.8,92,7.9,80,Encharcado,Plantio,Tarde,0
401,2026-03-14 17:33:00,EQ-013,Barreiras,94.4,27.4,22.7,2.0,229.0,9.1,617,10.4,78,Encharcado,Colheita,Tarde,1
4572,2026-07-23 15:14:00,EQ-026,Sorriso,40.6,24.1,20.2,7.0,655.0,2.7,766,10.7,94,Misto,Colheita,Tarde,0
3294,ontem,EQ-021,Cascavel,82.9,8.9,17.4,9.5,1234.0,13.1,63,10.2,96,Argiloso,Colheita,Manha,0
3924,2026-07-02 17:27:00,EQ-031,Rio Verde,21.7,0.0,26.4,9.3,506.0,5.6,0,9.6,120,Argiloso,Transporte,Tarde,0
780,2026-03-25 13:56:00,EQ-013,Barreiras,86.3,0.0,28.8,7.6,554.0,9.2,661,12.3,117,Misto,Colheita,Tarde,1
4741,2026-07-29 09:06:00,EQ-022,Rio Verde,35.9,0.0,26.5,1.7,34.0,3.8,363,9.3,94,Misto,Transporte,Manha,0
2705,2026-05-25 17:48:00,EQ-018,Rio Verde,28.8,0.0,29.9,3.7,546.0,9.2,192,3.7,74,Misto,Transporte,Tarde,0
161,2026-03-06 14:21:00,EQ-007,Lucas do Rio Verde,97.2,9.2,29.1,9.8,53.0,7.5,174,13.6,99,Arenoso,Colheita,Tarde,1
5751,2026-08-30 13:15:00,EQ-001,Rio Verde,21.0,0.0,33.7,10.3,659.0,11.6,98,8.1,96,Argiloso,Transporte,Tarde,0
4589,2026-07-24 09:12:00,EQ-004,Cascavel,91.3,0.0,17.2,0.7,1584.0,5.9,211,7.7,99,Encharcado,Colheita,Manha,0
4421,2026-07-18 21:28:00,EQ-005,Sorriso,11.1,0.0,29.7,18.9,1276.0,7.9,183,7.1,88,Argiloso,Transporte,Noite,0
3159,2026-06-09 06:31:00,EQ-027,Barreiras,30.3,7.6,25.8,1.8,363.0,17.0,392,8.2,55,Arenoso,Transporte,Manha,0
2171,2026-05-09 09:05:00,EQ-015,Sorriso,100.0,113.3,32.5,6.6,205.0,8.0,236,9.8,80,Arenoso,Colheita,Manha,1
868,2026-03-28 14:12:00,EQ-021,Cascavel,44.4,0.0,23.8,15.6,490.0,12.9,181,6.8,60,Argiloso,Colheita,Tarde,0
3692,2026-06-25 17:11:00,EQ-022,Rio Verde,24.6,0.0,20.9,3.9,869.0,3.8,201,5.9,82,Misto,Transporte,Tarde,0
2435,2026-05-17 10:50:00,EQ-029,Rio Verde,35.8,0.0,28.7,3.3,620.0,1.0,233,1.0,82,Pedregoso,Transporte,Manha,0
1497,2026-04-16 23:21:00,EQ-026,Sorriso,85.3,0.0,28.2,7.2,449.0,2.4,331,7.2,85,Encharcado,Transporte,Noite,1
4111,2026-07-08 17:20:00,EQ-024,Cascavel,85.3,24.1,10.2,22.9,273.0,8.0,266,8.6,80,Encharcado,Pulverizacao,Tarde,1
1460,2026-04-15 14:49:00,EQ-014,Sorriso,"90,8",28.6,31.9,3.7,2500.0,8.1,364,8.9,75,Encharcado,Pulverizacao,Tarde,0
3428,2026-06-17 16:32:00,EQ-016,Cascavel,96.1,30.6,16.3,10.1,265.0,4.3,166,9.3,106,Misto,Transporte,Tarde,1
34,2026-03-02 08:25:00,EQ-010,Sorriso,72.0,15.8,30.0,4.6,748.0,4.8,256,6.6,59,Misto,Plantio,Manha,0
1454,2026-04-15 08:03:00,EQ-014,Sorriso,76.9,28.6,23.0,8.0,427.0,8.1,361,5.5,70,Misto,Pulverizacao,Manha,0
266,2026-03-10 10:09:00,EQ-032,Sorriso,88.5,1.2,31.0,1.7,877.0,5.7,156,1.2,59,Arenoso,Pulverizacao,Manha,0
5516,2026-08-22 13:59:00,EQ-018,Rio Verde,24.8,0.0,32.9,25.5,765.0,9.4,278,5.4,101,Argiloso,Colheita,Tarde,0
3607,2026-06-23 10:11:00,EQ-025,Cascavel,90.6,25.9,12.3,25.9,1566.0,8.2,5,9.3,99,Encharcado,Colheita,Manha,0
1058,2026-04-03 06:57:00,EQ-023,Barreiras,99.8,32.9,24.6,6.8,815.0,6.6,107,7.1,88,Encharcado,Pulverizacao,Manha,1
382,2026-03-14 08:20:00,EQ-017,Lucas do Rio Verde,92.4,19.1,20.3,7.7,611.0,1.8,189,10.3,119,Arenoso,Colheita,Manha,0
408,2026-03-14 22:08:00,EQ-035,Lucas do Rio Verde,84.7,19.1,23.6,1.9,1719.0,2.8,198,9.7,86,Argiloso,Transporte,Noite,1
132,2026-03-05 13:46:00,EQ-031,Barreiras,70.2,7.7,27.7,0.6,1071.0,5.2,388,8.6,70,Arenoso,Colheita,Tarde,0
4900,2026-08-03 16:57:00,EQ-036,Rio Verde,31.1,0.0,28.8,27.5,592.0,6.7,19,10.7,82,Arenoso,Transporte,Tarde,0
207,2026-03-08 08:18:00,EQ-016,Sorriso,87.8,20.9,27.9,10.0,63.0,4.1,53,5.9,73,Arenoso,Colheita,Manha,1
3708,2026-06-26 07:55:00,EQ-029,Rio Verde,21.9,0.0,25.0,3.7,519.0,,22,12.1,67,Misto,Transporte,Manha,0
5678,2026-08-27 21:12:00,EQ-003,Lucas do Rio Verde,40.4,0.0,29.9,1.8,177.0,8.7,199,9.4,72,Argiloso,Pulverizacao,Noite,0
5596,2026-08-25 10:58:00,EQ-021,Cascavel,75.0,0.0,21.2,12.7,683.0,13.3,46,5.9,103,Misto,Colheita,Manha,0
2019,2026-05-03 20:56:00,EQ-038,Rio Verde,70.3,0.0,28.7,10.4,704.0,3.1,20,5.5,96,Misto,Transporte,Noite,0
3712,2026-06-26 09:47:00,EQ-005,Sorriso,21.9,0.0,24.8,10.4,517.0,7.9,97,4.7,93,Argiloso,Transporte,Manha,0
2506,2026-05-19 06:24:00,EQ-028,Sorriso,60.6,0.0,31.2,21.4,2058.0,6.9,120,6.6,92,Misto,Transporte,Manha,0
3194,2026-06-10 07:23:00,EQ-008,Barreiras,26.8,9.3,29.4,15.9,476.0,,119,8.3,113,Arenoso,Transporte,Manha,0
5500,2026-08-21 20:11:00,EQ-013,Barreiras,24.6,0.0,28.3,5.3,457.0,9.6,501,10.2,105,Misto,Colheita,Noite,1
4490,2026-07-20 19:20:00,EQ-033,Lucas do Rio Verde,,14.1,24.4,,31.0,24.4,113,6.9,58,Misto,Transporte,Noite,1
5812,2026-08-28 21:34:00,EQ-025,Barreiras,17.2,0.0,23.6,2.9,532.0,8.4,38,5.3,,Arenoso, colheita,Noite,0
1618,2026-04-20 15:48:00,EQ-033,Lucas do Rio Verde,94.9,34.4,29.6,2.3,246.0,24.1,141,10.2,53,Encharcado,Colheita,Tarde,1
5354,2026-08-17 10:40:00,EQ-024,Cascavel,89.4,11.0,21.9,14.8,205.0,8.1,27,6.0,65,Encharcado,Pulverizacao,Manha,1
637,2026-03-21 16:13:00,EQ-008,Barreiras,99.0,82.3,32.6,5.8,1026.0,9.3,350,9.4,78,Encharcado,Colheita,Tarde,1
1557,2026-04-18 16:02:00,EQ-007,Cascavel,78.9,12.5,28.8,30.0,1208.0,7.6,373,11.8,85,Argiloso,Transporte,Tarde,1
2158,2026-05-08 21:23:00,EQ-021,Cascavel,54.0,0.0,21.8,15.7,1495.0,13.0,152,6.8,103,Misto,Transporte,Noite,0
4488,2026-07-20 17:41:00,EQ-006,Sorriso,22.4,1.9,20.3,1.2,620.0,12.3,47,7.7,89,Arenoso,Pulverizacao,Tarde,0
941,2026-03-30 13:08:00,EQ-008,Barreiras,88.6,24.9,34.7,8.3,473.0,9.3,384,8.2,95,Arenoso,Colheita,Tarde,1
470,2026-03-16 15:56:00,EQ-031,Rio Verde,"80,1",13.7,24.7,8.0,599.0,5.3,33,1.8,82,Argiloso,Colheita,Tarde,1
2647,2026-05-23 23:42:00,EQ-038,Rio Verde,25.8,0.0,31.1,5.5,2109.0,3.2,102,5.9,120,Arenoso,Colheita,Noite,0
5374,2026-08-18 07:28:00,EQ-015,Sorriso,22.6,0.6,23.3,11.1,817.0,8.3,143,6.0,63,Argiloso,Plantio,Manha,0
3617,2026-06-23 13:22:00,EQ-039,Sorriso,17.5,1.7,20.6,4.4,692.0,2.3,219,5.7,93,Argiloso,Transporte,Tarde,0
630,2026-03-21 13:09:00,EQ-024,Cascavel,62.0,0.2,20.8,17.0,455.0,7.7,209,6.3,82,Misto,Pulverizacao,Tarde,1
112,2026-03-04 17:32:00,EQ-025,Barreiras,68.8,45.8,27.0,7.6,142.0,7.9,78,8.3,105,Arenoso,Colheita,Tarde,0
2691,2026-05-25 13:08:00,EQ-009,Lucas do Rio Verde,26.5,0.0,26.7,5.2,318.0,4.9,633,8.8,73,Misto,Transporte,Tarde,0
5686,2026-08-28 08:10:00,EQ-015,Não-Me-Toque,85.7,34.6,19.2,4.9,84.0,8.4,206,8.3,87,Misto,Transporte,Manha,1
4721,2026-07-28 15:32:00,EQ-009,Rio Verde,26.8,0.0,28.0,8.9,231.0,5.1,142,9.1,81,Misto,Colheita,Tarde,1
3303,2026-06-13 10:17:00,EQ-040,Não-Me-Toque,63.9,0.0,20.2,13.2,490.0,13.3,72,6.1,107,Misto,Colheita,Manha,1
2479,2026-05-18 13:57:00,EQ-034,Rio Verde,29.5,0.0,26.3,4.0,607.0,8.6,120,9.8,86,Misto,Transporte,Tarde,0
2696,2026-05-25 13:56:00,EQ-039,Sorriso,38.8,0.0,26.5,0.3,942.0,2.2,113,2.3,43,Argiloso,Plantio,Tarde,0
5072,2026-08-08 23:16:00,EQ-005,Sorriso,23.8,0.0,27.9,9.2,1598.0,8.0,247,8.1,107,Misto,Transporte,Noite,1
2686,2026-05-25 09:14:00,EQ-040,Não-Me-Toque,100.0,37.2,28.7,19.6,1104.0,13.3,315,10.4,77,Argiloso,Transporte,Manha,1
1704,2026-04-23 09:34:00,EQ-010,Sorriso,58.4,0.0,25.3,0.8,1206.0,5.0,231,8.7,80,Misto,Plantio,Manha,0
852,2026-03-27 19:52:00,EQ-039,Sorriso,100.0,46.3,26.8,6.6,1139.0,2.0,505,5.1,65,Misto,Plantio,Noite,0
2214,2026-05-10 15:04:00,EQ-039,Sorriso,91.7,114.3,32.1,1.7,491.0,2.2,30,4.8,94,Argiloso,Plantio,Tarde,1
1990,2026-05-03 06:08:00,EQ-030,Não-Me-Toque,57.5,17.1,19.9,2.9,429.0,12.5,486,7.1,77,Argiloso,Colheita,Manha,1
3395,2026-06-16 13:58:00,EQ-036,Rio Verde,25.3,0.0,24.3,1.1,1134.0,6.6,97,11.6,109,Misto,Colheita,Tarde,0
2823,2026-05-29 16:12:00,EQ-026,Sorriso,29.7,0.0,31.4,3.9,1281.0,2.6,537,9.2,71,Arenoso,Transporte,Tarde,0
5120,2026-08-10 07:52:00,EQ-028,Sorriso,24.9,0.0,31.1,0.1,546.0,7.1,508,11.0,74,Argiloso,Transporte,Manha,0
1962,2026-05-02 07:23:00,EQ-038,Rio Verde,76.6,,26.5,11.6,681.0,3.1,12,8.0,83,Arenoso,Plantio,Manha,0
2783,2026-05-28 08:28:00,EQ-037,Sorriso,29.6,0.0,-99.0,0.5,1809.0,20.6,200,8.9,67,Argiloso,Transporte,Manha,0
5788,2026-08-31 16:37:00,EQ-016,Cascavel,89.7,23.3,18.3,7.8,527.0,4.5,168,9.5,63,Encharcado,Plantio,Tarde,1
5071,2026-08-08 20:30:00,EQ-015,Sorriso,"29,1",0.0,25.6,2.7,428.0,8.3,89,5.9,80,Misto,Transporte,Noite,1
1773,2026-04-25 16:16:00,EQ-027,Barreiras,66.6,13.6,31.5,4.4,557.0,16.9,226,4.5,100,Misto,Transporte,Tarde,0
4825,2026-08-01 07:01:00,EQ-015,Sorriso,27.6,0.0,29.5,2.0,1420.0,8.3,42,10.0,63,Argiloso,Plantio,Manha,0
2009,2026-05-03 15:27:00,EQ-025,Barreiras,87.9,0.0,27.5,1.4,421.0,8.0,77,10.9,77,Encharcado,Colheita,Tarde,1
2259,2026-05-12 06:11:00,EQ-026,Sorriso,92.5,0.0,28.3,23.5,1328.0,2.5,453,6.0,72,Arenoso,Plantio,Manha,
5088,2026-08-09 13:46:00,EQ-040,Não-Me-Toque,81.5,0.0,22.5,8.6,492.0,13.5,307,10.2,90,Argiloso,Colheita,Tarde,0
2572,2026-05-21 09:31:00,EQ-002,Rio Verde,40.5,0.0,28.8,4.6,1009.0,7.5,76,11.9,84,Arenoso,Colheita,Manha,0
2415,2026-05-16 16:11:00,EQ-023,Lucas do Rio Verde,53.7,0.0,22.0,4.2,496.0,6.7,300,1.4,96,Misto,Pulverizacao,Tarde,0
2093,2026-05-06 21:49:00,EQ-021,Cascavel,56.4,0.0,27.5,7.2,996.0,13.0,135,8.9,94,Argiloso,Colheita,Noite,0
5763,2026-08-30 19:13:00,EQ-026,Sorriso,23.1,0.0,32.6,5.8,298.0,2.8,166,13.1,68,Argiloso,Colheita,Noite,0
1382,2026-04-13 09:08:00,EQ-001,Barreiras,77.5,42.1,26.4,17.0,815.0,11.2,131,6.1,83,Arenoso,Colheita,Manha,0
1269,2026-04-09 23:43:00,EQ-016,Cascavel,89.3,6.5,20.0,14.2,204.0,4.1,197,5.4,97,Arenoso,Colheita,Noite,1
339,2026-03-12 17:52:00,EQ-032,Sorriso,100.0,83.1,30.4,1.8,668.0,5.7,160,9.1,74,Misto,Pulverizacao,Tarde,0
3144,2026-06-08 14:48:00,EQ-010,Sorriso,"29,5",0.0,25.8,7.9,522.0,5.1,178,10.1,91,Argiloso,Transporte,Tarde,0
317,2026-03-12 06:22:00,EQ-007,Cascavel,59.3,3.2,19.5,7.4,186.0,7.5,209,11.3,87,Misto,Colheita,Manha,0
3377,2026-06-16 06:57:00,EQ-001,Barreiras,37.8,0.0,24.5,10.4,273.0,11.4,88,4.6,95,Arenoso,Colheita,Manha,0
4259,2026-07-13 13:01:00,EQ-040,Não-Me-Toque,61.2,2.6,11.3,5.0,712.0,13.4,193,9.7,103,Misto,Colheita,Tarde,0
4868,2026-08-02 16:11:00,EQ-023,Lucas do Rio Verde,26.2,0.0,26.6,6.5,1112.0,6.9,45,8.4,67,Argiloso,Pulverizacao,Tarde,0
2275,2026-05-12 10:11:00,EQ-037,Sorriso,90.6,0.0,34.0,5.6,1110.0,20.6,106,9.0,56,Encharcado,Plantio,Manha,1
3604,2026-06-23 07:41:00,EQ-019,Sorriso,12.2,1.7,22.4,4.0,617.0,4.4,340,3.4,53,Misto,Pulverizacao,Manha,0
4934,2026-08-04 17:05:00,EQ-001,Barreiras,32.6,0.0,-99.0,5.2,159.0,11.5,291,3.0,76,Argiloso,Transporte,Tarde,0
4629,2026-07-25 17:59:00,EQ-014,Sorriso,41.7,0.0,27.5,3.2,590.0,8.3,12,6.3,43,Argiloso,Pulverizacao,Tarde,0
2299,2026-05-13 06:36:00,EQ-039,Sorriso,83.1,0.0,18.3,6.1,725.0,2.2,51,6.0,73,Misto,Transporte,Manha,0
463,2026-03-16 10:21:00,EQ-004,Cascavel,57.8,0.0,23.1,8.2,1474.0,5.5,311,7.8,95,Argiloso,Colheita,Manha,0
4110,2026-07-08 17:12:00,EQ-009,Lucas do Rio Verde,26.3,0.0,23.4,8.3,1241.0,5.0,64,7.7,77,Arenoso,Transporte,Tarde,0
4545,2026-07-22 16:59:00,EQ-026,Sorriso,31.1,18.5,28.6,3.3,473.0,2.7,761,4.8,73,Argiloso,Transporte,Tarde,1
846,2026-03-27 16:06:00,EQ-010,Sorriso,100.0,46.3,27.0,1.7,187.0,4.9,95,7.5,79,Misto,Plantio,Tarde,0
2523,2026-05-19 16:18:00,EQ-018,Rio Verde,34.9,7.8,25.9,16.8,636.0,9.2,183,7.3,88,Misto,Transporte,Tarde,0
1499,2026-04-17 07:26:00,EQ-012,Lucas do Rio Verde,"90,0",29.4,29.6,2.4,934.0,3.2,394,8.2,101,Misto,Pulverizacao,Manha,0
4691,2026-07-28 06:32:00,EQ-035,Lucas do Rio Verde,39.8,0.0,23.2,1.8,570.0,3.1,74,4.9,83,Misto,Plantio,Manha,0
2706,2026-05-25 17:55:00,EQ-006,Sorriso,38.1,0.0,26.4,12.0,609.0,12.1,64,6.6,83,Misto,Pulverizacao,Tarde,0
3249,2026-06-12 06:54:00,EQ-014,Barreiras,34.5,7.6,29.2,10.1,725.0,8.2,231,7.0,79,Misto,Pulverizacao,Manha,0
5030,2026-08-07 16:40:00,EQ-011,Barreiras,28.9,0.0,31.0,2.3,427.0,9.3,134,13.4,95,Misto,Transporte,Tarde,0
1766,2026-04-25 13:55:00,EQ-029,Rio Verde,63.9,0.0,31.9,3.3,1039.0,1.0,138,11.5,91,Arenoso,Colheita,Tarde,0
5496,2026-08-21 19:14:00,EQ-020,Barreiras,24.1,0.0,24.7,7.2,1042.0,1.9,235,10.1,94,Argiloso,Colheita,Noite,0
1485,2026-04-16 16:15:00,EQ-034,Rio Verde,85.3,-3.0,33.2,13.7,596.0,8.5,387,12.4,80,Encharcado,Plantio,Tarde,0
1257,2026-04-09 14:24:00,EQ-037,Sorriso,86.3,0.0,27.6,2.7,304.0,20.5,737,9.9,85,Encharcado,Transporte,Tarde,1
1013,2026-04-01 17:18:00,EQ-030,Não-Me-Toque,55.8,7.4,22.3,4.3,528.0,12.4,369,7.9,81,Arenoso,Colheita,Tarde,0
2927,2026-06-01 21:57:00,EQ-015,Sorriso,34.5,0.0,24.3,11.5,106.0,8.1,55,6.3,89,Misto,Plantio,Noite,0
2225,2026-05-10 19:17:00,EQ-040,Não-Me-Toque,61.9,15.3,20.3,5.0,520.0,13.2,249,10.2,82,Arenoso,Transporte,Noite,0
2807,2026-05-29 06:02:00,EQ-014,Sorriso,45.3,0.0,28.3,5.2,241.0,8.2,188,5.4,77,Arenoso,Pulverizacao,Manha,0
5105,2026-08-09 19:37:00,EQ-025,Barreiras,31.5,0.0,23.1,1.3,428.0,8.3,238,7.0,84,Misto,Transporte,Noite,0
4953,2026-08-05 13:30:00,EQ-018,Rio Verde,30.6,0.0,23.8,12.3,2277.0,,197,9.7,83,Argiloso,Colheita,Tarde,0
2981,2026-06-03 22:34:00,EQ-033,Lucas do Rio Verde,37.8,0.0,14.4,4.8,539.0,24.3,357,12.1,90,Argiloso,Colheita,Noite,0
1596,2026-04-19 20:58:00,EQ-020,Sorriso,72.1,13.3,28.5,3.7,442.0,1.5,90,7.0,98,Arenoso,Colheita,Noite,0
5287,2026-08-15 10:59:00,EQ-027,Barreiras,17.9,0.0,26.4,7.6,179.0,17.2,672,11.7,97,Arenoso,Transporte,Manha,1
4184,2026-07-10 16:11:00,EQ-003,Lucas do Rio Verde,19.9,0.0,24.5,3.0,311.0,8.6,361,8.5,59,Argiloso,Pulverizacao,Tarde,0
3518,2026-06-20 10:17:00,EQ-005,Sorriso,27.9,0.0,28.1,10.4,625.0,7.9,61,8.6,85,Misto,Transporte,Manha,0
5593,2026-08-25 10:28:00,EQ-015,Sorriso,38.5,0.0,27.5,10.2,53.0,8.3,194,9.5,93,Arenoso,Transporte,Manha,0
3694,2026-06-25 19:59:00,EQ-029,Rio Verde,24.4,0.0,21.2,14.9,70.0,1.2,16,5.9,95,Misto,Transporte,Noite,0
3727,2026-06-26 16:49:00,EQ-039,Sorriso,25.8,0.0,26.0,8.3,420.0,2.3,244,9.3,92,Argiloso,Colheita,Tarde,0
4137,2026-07-09 14:00:00,EQ-032,Sorriso,13.6,0.0,22.5,1.5,50.0,6.0,255,8.3,80,Argiloso,Pulverizacao,Tarde,0
2993,2026-06-04 10:11:00,EQ-037,Sorriso,38.5,0.0,26.6,6.1,960.0,20.7,227,4.8,74,Misto,Transporte,Manha,0
1014,2026-04-01 17:37:00,EQ-040,Não-Me-Toque,46.2,7.4,20.8,9.8,760.0,13.1,92,8.8,107,Misto,Transporte,Tarde,0
5057,2026-08-08 14:30:00,EQ-004,Cascavel,87.5,14.8,19.4,2.1,1107.0,5.9,255,8.0,75,Arenoso,Colheita,Tarde,0
5166,2026-08-11 15:54:00,EQ-034,Rio Verde,22.3,0.0,30.1,3.7,174.0,8.8,103,10.5,76,Arenoso,Plantio,Tarde,0
4101,2026-07-08 13:09:00,EQ-031,Rio Verde,20.5,0.0,27.9,11.1,1215.0,5.6,29,9.5,78,Argiloso,Transporte,Tarde,1
417,2026-03-15 07:09:00,EQ-032,Sorriso,73.7,0.0,26.4,7.5,1896.0,5.7,179,11.4,66,Misto,Pulverizacao,Manha,0
5818,2026-06-28 06:59:00,EQ-015,Sorriso,28.5,0.0,25.0,1.7,670.0,8.2,215,8.3,75,Misto,Plantio,Manha,0
2814,2026-05-29 09:07:00,EQ-037,Sorriso,40.8,0.0,24.7,0.6,273.0,20.7,209,4.6,85,Argiloso,Plantio,Manha,0
2370,2026-05-15 06:45:00,EQ-031,Rio Verde,44.3,0.0,30.3,11.5,249.0,5.4,246,11.7,91,Argiloso,Colheita,Manha,0
5439,2026-08-20 06:41:00,EQ-032,Sorriso,22.7,0.0,29.6,0.3,1721.0,6.1,195,15.2,74,Misto,Pulverizacao,Manha,0
5611,2026-08-25 15:33:00,EQ-035,Lucas do Rio Verde,28.6,37.8,25.0,11.0,1731.0,3.2,171,11.0,77,Misto,Colheita,Tarde,0
3463,2026-06-18 16:02:00,EQ-040,Não-Me-Toque,76.8,0.0,15.3,2.5,275.0,13.3,87,6.7,73,Misto,Colheita,Tarde,1
3,2026-03-01 06:26:00,EQ-002,Rio Verde,65.6,13.3,30.0,6.6,800.0,7.3,2,11.4,75,Misto,Plantio,Manha,0
5263,2026-08-14 21:08:00,EQ-016,Cascavel,90.6,7.8,18.5,19.8,1177.0,4.5,109,8.1,110,Encharcado,Transporte,Noite,1
3760,2026-06-27 17:20:00,EQ-037,Sorriso,13.7,0.0,21.7,8.2,764.0,20.7,335,5.1,120,Argiloso,Transporte,Tarde,0
5661,2026-08-27 08:22:00,EQ-037,Sorriso,40.0,0.0,30.5,1.0,509.0,20.9,630,6.6,82,Argiloso,Transporte,Manha,1
4114,2026-07-08 22:55:00,EQ-001,Rio Verde,29.4,0.0,29.9,12.5,250.0,11.4,170,12.5,84,Misto,Colheita,Noite,0
3566,2026-06-21 21:28:00,EQ-027,Barreiras,18.1,0.0,24.9,7.1,512.0,17.1,461,10.3,61,Misto,Colheita,Noite,0
889,2026-03-28 23:08:00,EQ-040,Não-Me-Toque,46.0,0.0,22.4,20.0,681.0,13.1,69,3.0,90,Arenoso,Colheita,Noite,0
4392,2026-07-17 17:13:00,EQ-026,Sorriso,18.0,0.0,30.0,4.2,87.0,2.7,739,5.9,87,Misto,Transporte,Tarde,0
5536,2026-08-23 08:25:00,EQ-001,Barreiras,20.6,0.0,28.3,4.2,916.0,11.6,60,8.9,69,Misto,Colheita,Manha,0
743,2026-03-24 13:53:00,EQ-024,Cascavel,50.6,0.0,24.4,4.8,490.0,7.7,224,9.2,89,Misto,Pulverizacao,Tarde,0
4454,2026-07-19 20:46:00,EQ-011,Barreiras,23.5,0.0,23.5,7.1,2500.0,9.3,93,4.8,63,Misto,Transporte,Noite,0
2012,2026-05-03 16:06:00,EQ-004,Cascavel,63.6,0.0,22.8,8.9,1204.0,5.6,161,8.0,92,Argiloso,Colheita,Tarde,0
2774,2026-05-27 23:37:00,EQ-040,Não-Me-Toque,86.6,5.6,19.5,12.7,251.0,13.3,332,11.9,61,Arenoso,Colheita,Noite,1
4748,2026-07-29 13:53:00,EQ-012,Lucas do Rio Verde,32.4,0.0,25.3,13.8,524.0,3.5,78,11.9,67,Argiloso,Pulverizacao,Tarde,0
1389,2026-04-13 10:40:00,EQ-006,Sorriso,83.5,6.6,26.7,5.5,995.0,12.0,218,4.9,47,Argiloso,Pulverizacao,Manha,0
884,2026-03-28 20:29:00,EQ-035,Lucas do Rio Verde,84.9,0.0,24.8,6.9,769.0,2.8,264,7.1,94,Argiloso,Colheita,Noite,0
3150,2026-06-08 17:40:00,EQ-037,Sorriso,25.9,0.0,27.0,1.2,1477.0,20.7,260,1.2,78,Misto,Transporte,Tarde,0
4417,2026-07-18 16:55:00,EQ-008,Barreiras,21.2,0.1,22.5,5.7,843.0,9.6,288,9.3,95,Arenoso,Transporte,Tarde,0
2461,2026-05-17 23:43:00,EQ-003,Lucas do Rio Verde,40.0,0.0,22.0,1.7,57.0,8.5,153,9.1,72,Arenoso,Pulverizacao,Noite,0
1653,2026-04-21 17:26:00,EQ-030,Não-Me-Toque,70.2,23.6,26.8,7.6,1238.0,12.4,432,7.5,94,Argiloso,Colheita,Tarde,0
4669,2026-07-27 09:54:00,EQ-030,Não-Me-Toque,81.1,1.1,15.6,19.0,386.0,12.7,247,11.1,87,Argiloso,Colheita,Manha,0
2358,2026-05-14 16:26:00,EQ-010,Sorriso,78.5,0.0,31.5,4.3,939.0,5.0,75,6.7,75,Misto,Plantio,Tarde,1
2068,2026-05-06 06:24:00,EQ-031,Rio Verde,65.5,31.1,27.3,12.9,375.0,5.4,231,9.8,76,Misto,Colheita,Manha,1
3958,2026-07-03 20:35:00,EQ-039,Sorriso,24.6,0.0,20.2,14.8,320.0,2.3,288,10.4,106,Argiloso,Transporte,Noite,0
2153,2026-05-08 17:07:00,EQ-016,Cascavel,56.4,0.0,24.3,5.9,252.0,4.2,14,8.2,91,Argiloso,Colheita,Tarde,1
760,2026-03-24 21:20:00,EQ-014,Sorriso,90.4,28.3,32.3,3.2,491.0,8.0,251,6.8,72,Argiloso,Pulverizacao,Noite,1
1560,2026-04-18 16:19:00,EQ-002,Rio Verde,76.4,12.6,32.4,11.5,256.0,,258,3.6,82,Argiloso,Colheita,Tarde,1
1064,2026-04-03 07:52:00,EQ-009,Lucas do Rio Verde,76.6,11.7,19.0,6.7,942.0,4.8,417,2.7,81,Misto,Plantio,Manha,0
4838,2026-08-01 14:46:00,EQ-007,Cascavel,90.0,48.9,16.0,4.0,1170.0,7.9,0,8.7,92,Argiloso,Colheita,Tarde,0
1603,2026-04-20 07:05:00,EQ-025,Barreiras,68.4,0.0,26.4,11.8,449.0,8.0,14,4.0,112,Arenoso,Colheita,Manha,1
5769,2026-08-31 07:31:00,EQ-010,Sorriso,35.9,0.0,31.2,7.0,1573.0,5.3,220,5.4,68,Arenoso,Plantio,Manha,0
2596,2026-05-22 07:13:00,EQ-014,Sorriso,57.6,4.4,30.3,0.3,307.0,8.2,172,9.5,68,Misto,Pulverizacao,Manha,0
1498,2026-04-17 07:12:00,EQ-003,Lucas do Rio Verde,82.9,29.4,26.6,9.2,1073.0,8.4,22,6.8,88,Misto,Pulverizacao,Manha,0
2349,2026-05-14 13:29:00,EQ-003,Lucas do Rio Verde,55.2,0.0,28.0,9.6,621.0,8.4,133,4.6,75,Arenoso,Pulverizacao,Tarde,1
5335,2026-08-16 22:13:00,EQ-014,Sorriso,21.5,0.0,25.3,17.2,809.0,8.4,131,12.6,73,Arenoso,Pulverizacao,Noite,0
3370,2026-06-15 17:43:00,EQ-012,Lucas do Rio Verde,11.5,0.0,31.1,1.5,1610.0,3.4,637,6.1,41,Arenoso,Pulverizacao,Tarde,0
1417,2026-04-14 07:39:00,EQ-035,Lucas do Rio Verde,93.0,21.6,27.0,5.2,321.0,2.9,17,9.9,81,Arenoso,Plantio,Manha,1
3005,2026-06-04 16:23:00,EQ-006,Sorriso,29.3,0.0,24.7,9.4,1027.0,12.1,114,8.7,75,Argiloso,Pulverizacao,Tarde,0
4035,2026-07-05 22:15:00,EQ-031,Rio Verde,21.4,0.0,22.3,11.4,798.0,5.6,14,6.0,85,Misto,Colheita,Noite,0
645,2026-03-22 06:00:00,EQ-005,Cascavel,46.2,0.0,32.0,27.4,289.0,7.6,245,6.5,83,Argiloso,Plantio,Manha,1
2407,2026-05-16 13:08:00,EQ-016,Cascavel,52.0,0.0,21.4,6.2,,4.2,76,6.0,78,Misto,Transporte,Tarde,0
5722,2026-08-29 14:35:00,EQ-022,Rio Verde,27.8,0.0,26.5,9.9,143.0,3.9,68,6.8,87,Misto,Colheita,Tarde,0
1190,2026-04-07 10:31:00,EQ-038,Rio Verde,86.2,8.5,25.9,30.5,487.0,3.0,217,6.8,62,Encharcado,Plantio,Manha,1
5192,2026-08-12 13:28:00,EQ-028,Sorriso,21.7,0.0,28.7,5.7,31.0,7.1,518,6.6,73,Argiloso,Transporte,Tarde,1
328,2026-03-12 10:36:00,EQ-031,Rio Verde,79.4,0.0,33.2,15.2,919.0,5.3,11,10.4,86,Arenoso,Colheita,Manha,0
3448,2026-06-18 08:14:00,EQ-021,Cascavel,98.1,15.2,18.1,18.6,126.0,13.1,82,10.5,65,Encharcado,Colheita,Manha,1
4349,2026-07-16 13:31:00,EQ-029,Rio Verde,20.5,0.0,20.2,1.2,1290.0,1.2,95,6.8,84,Argiloso,Plantio,Tarde,0
2226,2026-05-10 20:04:00,EQ-033,Lucas do Rio Verde,71.0,0.0,24.3,4.9,1400.0,24.2,248,7.9,89,Argiloso,Transporte,Noite,0
4000,2026-07-05 07:02:00,EQ-032,Sorriso,20.5,0.0,27.5,2.5,90.0,6.0,242,5.1,50,Misto,Pulverizacao,Manha,0
5646,2026-08-26 17:53:00,EQ-006,Sorriso,41.7,0.0,29.4,4.5,159.0,12.4,215,9.6,76,Misto,Pulverizacao,Tarde,0
4957,2026-08-05 14:39:00,EQ-006,Sorriso,40.2,0.0,33.7,7.7,616.0,12.3,106,10.0,80,Misto,Pulverizacao,Tarde,0
464,2026-03-16 10:27:00,EQ-038,Rio Verde,90.9,13.7,30.6,8.2,425.0,3.0,138,7.8,85,Arenoso,Plantio,Manha,0
270,2026-03-10 13:32:00,EQ-013,Barreiras,83.1,12.7,22.2,7.9,1244.0,9.1,597,11.0,82,Argiloso,Colheita,Tarde,1
4605,2026-07-24 21:49:00,EQ-026,Sorriso,48.4,25.7,21.0,7.8,1774.0,2.7,774,7.3,72,Arenoso,Plantio,Noite,0
2294,2026-05-12 20:41:00,EQ-006,Sorriso,90.5,0.0,27.8,3.4,473.0,12.1,23,13.7,68,Arenoso,Pulverizacao,Noite,0
43,2026-03-02 13:34:00,EQ-032,Sorriso,77.2,15.8,27.6,9.1,320.0,5.7,119,10.4,73,Argiloso,pulverizacao,Tarde,1
5375,2026-08-18 07:29:00,EQ-013,Barreiras,11.6,0.0,27.5,4.2,1124.0,9.6,484,6.6,120,Arenoso,Colheita,Manha,0
107,2026-03-04 14:30:00,EQ-016,Não-Me-Toque,54.7,0.0,21.5,16.6,414.0,4.0,28,13.3,79,Argiloso,Colheita,Tarde,0
650,2026-03-22 06:52:00,EQ-028,Sorriso,75.9,29.9,29.0,5.8,1676.0,6.8,547,7.7,57,Argiloso,Plantio,Manha,1
4130,2026-07-09 10:14:00,EQ-038,Rio Verde,24.9,0.0,26.8,5.4,753.0,3.3,14,8.7,118,Misto,Colheita,Manha,0
3477,2026-06-19 07:09:00,EQ-024,Cascavel,89.0,0.0,25.0,4.1,2332.0,7.9,157,4.8,57,Argiloso,Pulverizacao,Manha,1
4991,2026-08-06 15:49:00,EQ-006,Sorriso,16.5,0.0,24.7,20.3,346.0,12.3,116,5.7,76,Arenoso,Pulverizacao,Tarde,0
2895,2026-06-01 07:01:00,EQ-021,Cascavel,81.7,19.8,18.3,33.5,750.0,13.1,7,7.3,80,Misto,Colheita,Manha,0
1993,2026-05-03 06:42:00,EQ-016,Cascavel,72.1,0.0,26.1,11.3,834.0,4.2,1,6.0,66,Arenoso,Plantio,Manha,0
3483,2026-06-19 09:54:00,EQ-037,Sorriso,20.1,0.0,30.2,7.1,2380.0,20.7,305,9.5,71,Argiloso,Colheita,Manha,0
3408,2026-06-17 06:08:00,EQ-029,Rio Verde,28.5,0.0,17.4,12.6,406.0,1.1,343,5.1,94,Argiloso,Plantio,Manha,0
1103,2026-04-04 17:01:00,EQ-015,Sorriso,100.0,18.1,27.5,9.0,142.0,8.0,53,11.2,66,Encharcado,Plantio,Tarde,1
4203,2026-07-11 10:10:00,EQ-023,Lucas do Rio Verde,7.9,0.0,35.5,9.8,712.0,6.9,586,11.5,66,Arenoso,Pulverizacao,Manha,0
2042,2026-05-05 06:12:00,EQ-024,Cascavel,57.0,3.7,25.1,10.6,1037.0,7.8,386,8.6,74,Misto,Pulverizacao,Manha,0
55,2026-03-02 17:56:00,EQ-021,Cascavel,75.7,9.7,22.7,25.3,360.0,12.8,103,7.7,60,Arenoso,Colheita,Tarde,1
3309,2026-06-13 15:45:00,EQ-018,Rio Verde,37.0,0.7,27.0,8.1,461.0,9.3,276,7.9,85,Misto,Transporte,Tarde,0
1262,2026-04-09 16:44:00,EQ-024,Cascavel,88.5,6.5,22.5,11.5,1119.0,7.7,263,3.8,89,Argiloso,Pulverizacao,Tarde,0
399,2026-03-14 16:34:00,EQ-040,Não-Me-Toque,86.4,4.7,20.8,17.9,80.0,13.1,349,8.5,108,Encharcado,Transporte,Tarde,1
4767,2026-07-30 09:20:00,EQ-021,Cascavel,98.0,40.2,15.1,14.8,453.0,13.2,221,7.2,94,Arenoso,Colheita,Manha,1
5580,2026-08-25 06:01:00,EQ-013,Barreiras,34.7,0.0,29.3,1.4,945.0,9.6,528,6.4,94,Misto,Colheita,Manha,0
1680,2026-04-22 13:30:00,EQ-020,Barreiras,65.8,2.9,22.8,6.5,1092.0,1.5,106,12.2,105,Argiloso,Colheita,Tarde,1
4685,2026-07-27 20:26:00,EQ-014,Sorriso,45.1,0.0,25.4,23.3,622.0,8.3,24,4.7,76,Misto,pulverizacao,Noite,0
2508,2026-05-19 07:03:00,EQ-013,Barreiras,43.6,0.0,22.1,5.7,1264.0,9.3,92,10.0,9999.0,Misto,Colheita,Manha,0
4827,2026-08-01 07:12:00,EQ-035,Lucas do Rio Verde,35.8,0.0,27.7,4.9,797.0,3.1,85,12.3,80,Misto,Plantio,Manha,0
2022,2026-05-04 06:38:00,EQ-018,Cascavel,62.3,0.0,27.8,8.3,1452.0,9.1,133,6.5,66,Argiloso,Transporte,Manha,0
5214,2026-08-13 13:36:00,EQ-022,Rio Verde,15.0,0.0,28.4,5.0,1225.0,3.9,31,4.9,81,Misto,Transporte,Tarde,0
5583,2026-08-25 07:06:00,EQ-027,Barreiras,26.2,0.0,26.3,3.0,211.0,17.3,64,11.8,84,Misto,Plantio,Manha,0
170,2026-03-06 16:53:00,EQ-015,Sorriso,90.4,24.6,26.1,7.9,580.0,7.9,176,7.6,81,Encharcado,Colheita,Tarde,1
238,2026-03-09 09:18:00,EQ-003,Lucas do Rio Verde,100.0,45.7,33.8,5.7,459.0,8.3,237,11.2,52,Encharcado,Pulverizacao,Manha,1
3052,2026-06-06 06:49:00,EQ-006,Sorriso,23.6,0.0,23.6,1.9,399.0,12.1,136,10.3,71,Argiloso,Pulverizacao,Manha,0
5033,2026-08-07 19:49:00,EQ-020,Barreiras,21.7,0.0,27.2,5.6,958.0,1.8,171,7.7,89,Arenoso,Colheita,Noite,0
4254,2026-07-13 07:31:00,EQ-012,Barreiras,24.9,0.0,20.9,5.0,1025.0,3.5,799,7.6,95,Argiloso,Pulverizacao,Manha,0
2963,2026-06-03 07:17:00,EQ-032,Sorriso,37.8,0.0,25.5,3.8,319.0,5.9,65,8.7,50,Misto,Pulverizacao,Manha,1
4128,2026-07-09 09:38:00,EQ-012,Lucas do Rio Verde,12.9,0.0,25.2,5.9,491.0,3.4,766,4.1,83,Misto,Pulverizacao,Manha,0
739,2026-03-24 13:23:00,EQ-003,Lucas do Rio Verde,90.8,25.2,31.6,5.3,413.0,8.3,307,3.7,82,Misto,Pulverizacao,Tarde,1
3757,2026-06-27 16:20:00,EQ-006,Sorriso,28.3,0.0,34.1,8.4,500.0,12.2,241,8.7,56,Misto,Pulverizacao,Tarde,0
4660,2026-07-26 22:53:00,EQ-023,Lucas do Rio Verde,35.5,0.0,15.7,6.7,224.0,6.9,17,12.3,71,Argiloso,Pulverizacao,Noite,0
622,2026-03-21 08:57:00,EQ-032,Sorriso,51.4,0.0,24.0,0.8,1903.0,5.7,216,14.5,40,Argiloso,Pulverizacao,Manha,1
5703,2026-08-28 16:33:00,EQ-040,Não-Me-Toque,97.0,34.6,23.9,13.7,164.0,13.5,26,8.9,84,Encharcado,Colheita,Tarde,1
3321,2026-06-14 06:03:00,EQ-020,Lucas do Rio Verde,15.4,0.0,23.8,11.3,971.0,1.7,300,11.0,91,Misto,Colheita,Manha,0
951,2026-03-30 17:28:00,EQ-020,Barreiras,98.3,24.9,25.2,4.4,144.0,1.5,17,4.8,73,Encharcado,Colheita,Tarde,1
4630,2026-07-25 19:28:00,EQ-023,Lucas do Rio Verde,37.7,0.0,30.8,16.2,1134.0,6.9,14,1.9,78,Misto,Pulverizacao,Noite,1
4699,2026-07-28 08:45:00,EQ-011,Barreiras,30.7,0.0,23.4,5.8,1011.0,9.3,109,9.9,102,Arenoso,Transporte,Manha,0
5341,2026-08-17 06:04:00,EQ-036,Rio Verde,23.1,0.0,24.8,13.0,1592.0,6.7,84,6.6,78,Misto,Transporte,Manha,0
1106,2026-04-04 17:49:00,EQ-018,Rio Verde,76.2,32.2,25.5,1.3,1581.0,9.1,283,8.2,98,Misto,Transporte,Tarde,0
5300,2026-08-15 17:31:00,EQ-018,Rio Verde,11.3,0.0,24.4,2.9,715.0,9.4,239,6.5,66,Argiloso,Plantio,Tarde,0
1158,2026-04-06 10:54:00,EQ-013,Barreiras,85.6,30.7,28.2,1.4,269.0,9.2,719,6.1,101,Misto,Colheita,Manha,1
1713,2026-04-23 16:47:00,EQ-027,Barreiras,62.5,8.4,27.3,5.3,1185.0,16.9,220,10.1,86,Argiloso,Plantio,Tarde,1
202,2026-03-08 06:26:00,EQ-037,Cascavel,70.3,15.5,27.4,1.9,780.0,20.4,633,8.2,72,Argiloso,Plantio,Manha,1
1926,2026-04-30 17:30:00,EQ-040,Não-Me-Toque,57.6,0.0,22.4,5.3,616.0,13.2,218,2.7,92,Arenoso,Transporte,Tarde,0
5683,2026-08-28 07:36:00,EQ-005,Sorriso,25.7,0.0,29.2,2.9,264.0,8.0,27,6.6,73,Argiloso,Transporte,Manha,0
2172,2026-05-09 09:06:00,EQ-009,Sorriso,81.5,113.3,21.5,4.5,1093.0,4.9,565,8.8,72,Misto,Colheita,Manha,0
5472,2026-08-20 21:34:00,EQ-026,Sorriso,17.5,0.0,28.6,5.2,102.0,2.8,144,7.1,66,Argiloso,Transporte,NOITE,0
298,2026-03-11 08:24:00,EQ-001,Barreiras,78.3,12.7,25.7,5.9,805.0,11.1,281,2.4,84,Arenoso,Colheita,Manha,0
5586,2026-08-25 08:59:00,EQ-006,Sorriso,45.2,0.0,27.6,0.5,683.0,12.4,207,9.5,66,Arenoso,Pulverizacao,Manha,0
5154,2026-08-11 09:54:00,EQ-017,Lucas do Rio Verde,27.3,0.0,31.2,5.2,2500.0,2.2,44,10.6,87,Argiloso,Colheita,Manha,0
1851,2026-04-27 21:57:00,EQ-019,Sorriso,69.5,0.0,32.0,2.3,1089.0,4.3,78,9.3,66,Arenoso,Pulverizacao,Noite,0
1048,2026-04-02 21:33:00,EQ-004,Cascavel,100.0,24.6,23.3,45.0,881.0,5.5,38,6.9,80,Encharcado,Colheita,Noite,1
2177,2026-05-09 10:18:00,EQ-038,Rio Verde,49.5,2.6,32.2,12.6,827.0,3.1,38,8.3,71,Argiloso,Plantio,Manha,0
422,2026-03-15 08:28:00,EQ-031,Rio Verde,83.4,18.4,27.6,7.9,1033.0,5.3,24,9.1,102,Misto,Transporte,Manha,0
1379,2026-04-13 07:52:00,EQ-023,Lucas do Rio Verde,100.0,67.2,29.0,3.4,2244.0,6.6,145,7.0,83,Arenoso,Pulverizacao,Manha,0
3696,2026-06-25 20:33:00,EQ-006,Sorriso,15.1,0.0,23.8,13.4,1560.0,12.2,234,7.1,80,Arenoso,Pulverizacao,Noite,0
5226,2026-08-13 16:16:00,EQ-023,Lucas do Rio Verde,25.9,0.0,27.5,7.6,397.0,7.0,117,8.3,90,Misto,Pulverizacao,Tarde,0
773,2026-03-25 09:22:00,EQ-029,Rio Verde,91.0,136.9,25.8,2.2,2500.0,0.9,23,8.2,83,Argiloso,Colheita,Manha,1
3768,2026-06-27 21:38:00,EQ-012,Lucas do Rio Verde,32.5,0.0,21.1,10.3,508.0,3.4,720,2.5,77,Misto,Pulverizacao,Noite,0
5468,2026-08-20 17:25:00,EQ-022,Rio Verde,24.0,0.0,24.7,10.9,494.0,3.9,50,7.9,56,Misto,Transporte,Tarde,0
531,2026-03-18 08:19:00,EQ-035,Lucas do Rio Verde,67.4,17.0,31.2,3.7,676.0,2.8,229,8.4,82,Argiloso,Colheita,Manha,0
5451,2026-08-20 10:37:00,EQ-015,Sorriso,23.3,0.0,27.7,2.4,303.0,8.3,163,9.6,91,Argiloso,Colheita,Manha,0
3764,2026-06-27 20:15:00,EQ-015,Sorriso,27.7,0.0,27.0,6.9,578.0,8.2,205,12.7,86,Argiloso,Transporte,Noite,1
5601,2026-08-25 13:28:00,EQ-036,Rio Verde,17.7,0.0,32.5,9.3,213.0,6.8,105,8.1,84,Misto,Transporte,Tarde,0
4710,2026-07-28 13:41:00,EQ-002,Não-Me-Toque,82.6,0.0,19.6,1.4,425.0,7.7,63,3.8,84,Argiloso,Transporte,Tarde,0
2244,2026-05-11 15:07:00,EQ-029,Sorriso,100.0,109.7,33.9,2.3,378.0,1.0,205,7.1,79,Encharcado,Plantio,Tarde,1
3907,2026-07-02 10:37:00,EQ-011,Barreiras,26.7,0.0,28.4,5.9,300.0,9.2,26,10.1,64,Misto,Transporte,Manha,1
223,2026-03-08 16:22:00,EQ-017,Lucas do Rio Verde,100.0,49.4,27.8,5.9,796.0,1.8,150,7.7,106,Encharcado,Colheita,Tarde,0
108,2026-03-04 15:34:00,EQ-012,Lucas do Rio Verde,96.0,68.4,24.9,5.1,161.0,3.1,161,7.5,78,Argiloso,Pulverizacao,Tarde,1
5421,2026-08-19 14:27:00,EQ-039,Barreiras,25.1,0.0,22.2,7.5,2294.0,2.4,449,7.3,87,Arenoso,Transporte,Tarde,0
1247,2026-04-09 08:58:00,EQ-010,Sorriso,88.2,0.0,22.5,5.2,826.0,5.0,174,9.3,107,Encharcado,Transporte,Manha,0
975,2026-03-31 10:41:00,EQ-001,Sorriso,89.3,11.9,24.2,3.8,813.0,11.2,59,9.5,78,Misto,Colheita,Manha,0
5015,2026-08-07 08:26:00,EQ-033,Sorriso,24.5,0.0,26.4,5.6,537.0,24.4,207,9.7,87,Arenoso,Transporte,Manha,0
4192,2026-07-11 07:30:00,EQ-021,Rio Verde,29.4,0.0,22.4,2.8,391.0,13.2,144,7.3,100,Arenoso,Colheita,Manha,0
3324,2026-06-14 07:21:00,EQ-018,Rio Verde,17.1,0.0,29.3,4.4,206.0,9.3,285,7.3,68,Arenoso,Transporte,Manha,0
3313,2026-06-13 16:27:00,EQ-033,Rio Verde,24.9,0.7,29.6,10.8,544.0,24.3,392,9.2,106,Arenoso,Transporte,Tarde,1
4726,2026-07-28 17:16:00,EQ-036,Cascavel,100.0,26.7,18.5,5.0,2500.0,6.7,305,8.9,86,Encharcado,Transporte,Tarde,1
4749,2026-07-29 14:24:00,EQ-029,Rio Verde,28.4,0.0,27.0,26.9,635.0,1.2,158,11.8,83,Arenoso,Colheita,Tarde,0
221,2026-03-08 15:06:00,EQ-037,Cascavel,60.3,15.5,28.4,5.3,189.0,20.4,627,12.1,70,Argiloso,Plantio,Tarde,1
2311,2026-05-13 13:45:00,EQ-011,Barreiras,47.7,0.0,28.9,1.1,1147.0,9.1,181,8.2,81,Argiloso,Colheita,Tarde,0
2354,2026-05-14 15:42:00,EQ-002,Rio Verde,39.7,0.0,25.9,15.8,1097.0,7.5,60,7.7,97,Misto,Colheita,Tarde,0
1559,2026-04-18 16:13:00,EQ-023,Lucas do Rio Verde,83.9,22.3,30.3,20.1,528.0,6.7,163,10.8,65,Arenoso,Pulverizacao,Tarde,1
3035,2026-06-05 15:49:00,EQ-017,Lucas do Rio Verde,44.3,0.0,25.5,7.5,509.0,2.0,263,7.4,78,Misto,Colheita,Tarde,0
131,2026-03-05 13:10:00,EQ-002,Rio Verde,81.6,7.9,30.7,1.8,453.0,7.3,20,7.5,59,Misto,Plantio,Tarde,1
1651,2026-04-21 16:28:00,EQ-004,Cascavel,85.0,13.9,20.5,7.2,706.0,5.6,107,4.5,78,Argiloso,Colheita,Tarde,0
5141,2026-08-10 20:07:00,EQ-035,Lucas do Rio Verde,35.9,0.0,29.6,4.2,1787.0,3.2,127,10.5,94,Arenoso,Transporte,Noite,0
1856,2026-04-28 06:57:00,EQ-031,Rio Verde,63.4,0.0,32.5,16.7,213.0,5.4,198,13.3,100,Misto,Colheita,Manha,1
558,2026-03-19 08:21:00,EQ-016,Cascavel,56.7,0.0,31.5,12.8,736.0,4.1,111,9.4,97,Argiloso,Colheita,Manha,1
1378,2026-04-12 23:07:00,EQ-011,Barreiras,78.6,0.0,28.8,2.6,221.0,9.0,54,5.7,93,Arenoso,Transporte,Noite,1
3917,2026-07-02 16:30:00,EQ-037,Sorriso,23.5,0.0,24.7,1.3,467.0,20.7,354,8.7,81,Misto,Transporte,Tarde,0
5459,2026-08-20 14:50:00,EQ-036,Rio Verde,21.8,0.0,37.2,11.8,2004.0,6.7,100,7.6,70,Misto,Transporte,Tarde,0
2183,2026-05-09 15:12:00,EQ-036,Rio Verde,71.6,2.6,28.5,10.4,395.0,6.5,213,9.3,84,Argiloso,Colheita,Tarde,1
1530,2026-04-17 22:46:00,EQ-024,Cascavel,77.3,12.3,25.8,6.6,539.0,7.7,313,7.6,79,Argiloso,Pulverização,Noite,0
3317,2026-06-13 17:13:00,EQ-028,Sorriso,27.7,0.0,24.6,6.9,478.0,7.0,252,14.7,84,Arenoso,Transporte,Tarde,0
239,2026-03-09 09:49:00,EQ-039,Sorriso,96.6,9.1,34.1,6.5,476.0,2.0,398,8.6,101,Encharcado,Colheita,Manha,1
1337,2026-04-11 19:43:00,EQ-026,Sorriso,78.3,20.3,31.1,0.9,439.0,2.4,324,10.0,70,Misto,Transporte,Noite,1
3644,2026-06-24 07:51:00,EQ-029,Rio Verde,25.8,0.0,22.3,3.2,726.0,1.2,14,2.9,93,Argiloso,Transporte,Manha,0
2580,2026-05-21 15:13:00,EQ-023,Lucas do Rio Verde,28.0,0.0,34.6,3.2,520.0,6.7,327,9.8,76,Arenoso,Pulverizacao,Tarde,0
203,2026-03-08 07:27:00,EQ-028,Sorriso,95.6,20.9,28.0,4.1,513.0,6.7,463,5.1,80,Arenoso,Plantio,Manha,1
818,2026-03-26 20:02:00,EQ-035,Lucas do Rio Verde,97.2,19.0,38.2,12.2,423.0,2.8,260,7.2,65,Arenoso,Plantio,Noite,1
2732,2026-05-26 16:25:00,EQ-030,Não-Me-Toque,93.4,5.4,22.3,15.5,517.0,12.5,609,7.6,95,Encharcado,Colheita,Tarde,1
1241,2026-04-09 06:48:00,EQ-035,Lucas do Rio Verde,99.7,91.7,25.2,3.2,425.0,2.8,316,6.7,78,Encharcado,Plantio,Manha,1
3305,2026-06-13 13:57:00,EQ-021,Cascavel,90.8,8.9,19.0,8.1,962.0,13.1,58,8.9,97,Encharcado,Colheita,Tarde,0
1549,2026-04-18 10:09:00,EQ-028,Sorriso,77.2,6.9,24.0,3.1,513.0,6.8,652,11.6,56,Argiloso,Plantio,Manha,1
3420,2026-06-17 10:45:00,EQ-010,Sorriso,37.3,0.0,26.1,11.5,479.0,5.1,246,12.9,95,Misto,Plantio,Manha,1
4898,2026-08-03 15:50:00,EQ-023,Lucas do Rio Verde,29.8,0.0,26.4,5.0,470.0,6.9,54,8.9,68,Arenoso,Pulverizacao,Tarde,0
4473,2026-07-20 09:51:00,EQ-034,Rio Verde,32.7,-3.0,25.6,3.5,602.0,8.8,369,9.7,71,Misto,Plantio,Manha,0
591,2026-03-20 10:09:00,EQ-009,Lucas do Rio Verde,80.8,0.0,30.4,6.3,215.0,4.7,362,7.5,72,Misto,Plantio,Manha,1
3409,2026-06-17 06:26:00,EQ-015,Sorriso,27.9,0.0,21.5,3.0,1078.0,8.2,135,11.9,74,Argiloso,Transporte,Manha,0
4327,2026-07-15 16:03:00,EQ-027,Barreiras,26.6,0.0,31.9,0.4,168.0,17.1,533,7.0,75,Argiloso,Colheita,Tarde,0
4117,2026-07-08 23:27:00,EQ-037,Sorriso,27.6,0.0,31.3,15.9,762.0,20.8,395,9.8,81,Argiloso,Transporte,Noite,1
1925,2026-04-30 16:35:00,EQ-023,Lucas do Rio Verde,78.1,0.0,25.4,1.3,729.0,6.7,213,11.9,76,Misto,Pulverizacao,Tarde,0
5467,2026-08-20 17:18:00,EQ-001,Barreiras,16.9,0.0,26.1,10.7,846.0,11.5,38,11.4,88,Arenoso,Colheita,Tarde,0
833,2026-03-27 10:26:00,EQ-009,Lucas do Rio Verde,83.5,23.1,33.7,4.6,1050.0,4.7,398,6.3,84,Arenoso,Plantio,Manha,1
2656,2026-05-24 10:37:00,EQ-027,Barreiras,25.2,0.0,27.4,6.4,761.0,17.0,311,10.0,88,Misto,Colheita,Manha,0
69,2026-03-03 13:47:00,EQ-028,Sorriso,72.3,29.7,29.6,8.7,917.0,6.7,456,6.4,76,Misto,Colheita,Tarde,0
5631,2026-08-26 09:17:00,EQ-013,Barreiras,27.1,0.0,23.7,2.7,1244.0,9.6,531,4.4,102,Arenoso,Colheita,Manha,0
2363,2026-05-14 20:51:00,EQ-037,Não-Me-Toque,64.0,4.1,27.1,35.4,1615.0,20.6,123,9.5,82,Arenoso,Transporte,Noite,1
2922,2026-06-01 15:36:00,EQ-029,Rio Verde,36.8,0.0,29.5,2.5,904.0,1.1,300,9.6,101,Misto,Colheita,Tarde,0
5784,2026-08-31 15:21:00,EQ-008,Barreiras,26.9,0.0,26.2,8.4,417.0,9.7,465,12.5,107,Arenoso,Colheita,Tarde,0
4315,2026-07-15 08:46:00,EQ-014,Sorriso,24.4,0.0,27.2,1.0,498.0,8.3,355,11.3,80,Misto,Pulverizacao,Manha,0
3077,2026-06-06 17:59:00,EQ-021,Cascavel,92.7,49.5,18.1,7.2,363.0,13.1,30,4.7,90,Encharcado,Colheita,Tarde,1
1396,2026-04-13 16:20:00,EQ-030,Não-Me-Toque,59.7,0.0,28.5,3.2,267.0,12.4,402,10.2,114,Misto,Colheita,Tarde,0
1815,2026-04-27 06:14:00,EQ-005,Sorriso,61.2,0.0,28.8,1.6,722.0,7.7,120,10.0,74,Argiloso,Plantio,Manha,0
4443,2026-07-19 14:17:00,EQ-031,Rio Verde,39.0,4.4,27.8,2.6,1416.0,5.6,99,5.6,85,arenoso,Colheita,Tarde,0
1508,2026-04-17 10:29:00,EQ-002,Rio Verde,75.9,15.0,23.9,2.6,490.0,7.4,242,11.9,108,Arenoso,Colheita,Manha,1
1551,2026-04-18 14:52:00,EQ-003,Lucas do Rio Verde,96.3,22.3,29.4,7.2,754.0,8.4,29,7.6,86,Encharcado,Pulverizacao,Tarde,0
343,2026-03-12 20:13:00,EQ-029,Rio Verde,83.4,0.0,26.3,1.6,1125.0,0.9,317,9.4,87,Misto,Colheita,Noite,1
3135,2026-06-08 10:24:00,EQ-006,Sorriso,33.0,0.0,20.2,9.3,199.0,12.2,147,4.3,70,Argiloso,Pulverizacao,Manha,0
4879,2026-08-03 07:30:00,EQ-031,Rio Verde,27.6,0.0,31.0,8.6,986.0,5.7,174,8.8,107,Argiloso,Colheita,Manha,0
595,2026-03-20 14:10:00,EQ-024,Cascavel,58.8,8.9,24.1,8.8,574.0,7.7,205,6.8,68,Argiloso,Pulverizacao,Tarde,0
1342,2026-04-12 06:01:00,EQ-037,Sorriso,96.0,55.9,23.4,15.9,1185.0,20.5,3,7.7,78,Encharcado,Colheita,Manha,1
3385,2026-06-16 10:11:00,EQ-034,Rio Verde,19.1,0.0,26.4,7.4,632.0,8.7,234,9.0,94,Arenoso,Transporte,Manha,0
201,2026-03-07 23:24:00,EQ-038,Rio Verde,93.2,9.9,29.0,6.0,705.0,3.0,73,7.8,104,Arenoso,Colheita,Noite,0
3703,2026-06-26 07:13:00,EQ-032,Sorriso,18.2,0.0,20.0,11.6,937.0,6.0,193,11.1,62,Argiloso,Pulverizacao,Manha,0
119,2026-03-05 06:05:00,EQ-030,Não-Me-Toque,50.3,0.0,21.0,11.2,314.0,12.3,273,7.3,91,Misto,Colheita,Manha,0
2940,2026-06-02 10:18:00,EQ-001,Barreiras,26.9,0.0,27.6,4.9,1365.0,11.3,31,7.6,107,Argiloso,Colheita,Manha,0
2845,2026-05-30 14:22:00,EQ-038,Rio Verde,29.7,0.0,21.2,3.4,588.0,3.2,139,11.2,76,Misto,Transporte,Tarde,1
719,2026-03-23 19:33:00,EQ-020,Barreiras,100.0,33.4,26.8,11.6,319.0,1.4,355,12.0,82,Misto,Colheita,Noite,1
3863,2026-06-30 22:28:00,EQ-040,Não-Me-Toque,64.5,11.5,22.4,20.2,1237.0,13.4,145,7.8,95,Arenoso,Colheita,Noite,0
3400,2026-06-16 17:10:00,EQ-005,Sorriso,21.0,0.0,20.5,8.7,687.0,7.8,40,8.4,72,Argiloso,Transporte,Tarde,0
2718,2026-05-26 08:28:00,EQ-033,Lucas do Rio Verde,33.6,14.7,22.2,14.9,636.0,24.2,299,10.6,80,Argiloso,Transporte,Manha,1
4960,2026-08-05 15:10:00,EQ-035,Lucas do Rio Verde,19.8,0.0,26.4,6.7,518.0,3.2,100,7.5,100,Argiloso,Transporte,Tarde,0
3890,2026-07-01 21:33:00,EQ-025,Barreiras,26.4,0.0,22.3,4.4,1169.0,8.2,41,7.9,88,Arenoso,Transporte,Noite,0
4557,2026-07-23 08:00:00,EQ-030,Não-Me-Toque,96.7,2.2,18.1,18.6,2067.0,12.7,229,10.1,86,Argiloso,Colheita,Manha,0
372,2026-03-13 21:04:00,EQ-014,Sorriso,99.4,0.0,31.5,0.9,1339.0,8.0,190,7.6,79,Encharcado,Pulverizacao,Noite,0
5509,2026-08-22 08:30:00,EQ-032,Sorriso,42.4,34.2,32.4,17.9,1947.0,6.2,223,4.8,77,Misto,Pulverizacao,Manha,0
1753,2026-04-25 06:31:00,EQ-003,Lucas do Rio Verde,92.5,13.8,28.2,7.9,281.0,8.4,76,3.0,72,Encharcado,Pulverizacao,Manha,1
5352,2026-08-17 10:08:00,EQ-029,Rio Verde,23.4,0.0,28.0,20.1,1709.0,1.3,261,11.1,86,Argiloso,Transporte,Manha,0
4166,2026-07-10 09:11:00,EQ-016,Cascavel,76.7,0.0,8.9,28.7,594.0,4.4,303,5.2,85,Misto,Colheita,Manha,1
5793,2026-08-31 20:57:00,EQ-033,Não-Me-Toque,77.3,0.0,22.8,11.4,353.0,24.5,322,1.6,86,Misto,Transporte,Noite,1
3891,2026-07-01 21:45:00,EQ-005,Sorriso,18.3,0.0,23.1,8.9,253.0,7.9,109,7.7,85,Argiloso,Transporte,Noite,1
2263,2026-05-12 06:57:00,EQ-014,Rio Verde,50.7,0.0,24.8,14.2,1255.0,8.1,130,6.7,63,Misto,Pulverizacao,Manha,0
5373,2026-08-18 06:53:00,EQ-006,Sorriso,21.4,0.6,25.4,9.2,739.0,12.3,178,7.5,63,Argiloso,Pulverizacao,Manha,0
4895,2026-08-03 15:06:00,EQ-002,Rio Verde,26.2,0.0,24.9,3.4,1286.0,7.7,94,7.0,72,Misto,Transporte,Tarde,0
4182,2026-07-10 15:51:00,EQ-001,Barreiras,23.1,0.0,23.1,5.3,627.0,11.4,190,9.9,87,Argiloso,Colheita,Tarde,0
1586,2026-04-19 13:22:00,EQ-038,Rio Verde,100.0,43.9,29.7,15.1,1054.0,3.1,242,9.1,88,Arenoso,Transporte,Tarde,0
4405,2026-07-18 08:27:00,EQ-033,Lucas do Rio Verde,23.8,2.8,17.3,1.0,1539.0,24.4,103,9.9,95,Misto,Transporte,Manha,0
2453,2026-05-17 19:28:00,EQ-011,Barreiras,48.2,0.0,25.2,8.8,725.0,9.1,202,7.3,80, misto ,Plantio,Noite,1
4069,2026-07-07 08:20:00,EQ-021,Cascavel,77.9,9.9,13.1,15.0,201.0,13.2,128,5.5,102,Misto,Transporte,Manha,1
1649,2026-04-21 16:04:00,EQ-039,Sorriso,79.0,5.2,30.6,7.0,1343.0,2.1,598,6.1,81,Argiloso,Colheita,Tarde,0
971,2026-03-31 10:12:00,EQ-039,Sorriso,84.6,11.9,31.8,7.0,2500.0,2.1,524,10.8,96,Misto,Colheita,Manha,0
955,2026-03-30 20:12:00,EQ-023,Lucas do Rio Verde,88.3,9.8,27.8,10.2,1054.0,6.6,89,10.7,54,Arenoso,Pulverizacao,Noite,0
4633,2026-07-25 22:51:00,EQ-036,Rio Verde,34.4,0.0,22.9,21.2,473.0,6.7,282,4.9,92,Arenoso,Colheita,Noite,0
2832,2026-05-29 23:33:00,EQ-006,Sorriso,45.1,0.0,28.4,4.9,602.0,12.1,94,4.6,71,Argiloso,Pulverizacao,Noite,0
752,2026-03-24 16:09:00,EQ-012,Lucas do Rio Verde,98.6,25.2,29.5,5.9,1808.0,3.2,288,9.7,66,Argiloso,Pulverizacao,Tarde,0
4728,2026-07-28 17:52:00,EQ-021,Cascavel,100.0,26.7,13.9,8.9,352.0,13.2,203,8.8,87,Encharcado,Colheita,Tarde,1
1676,2026-04-22 10:02:00,EQ-020,Barreiras,61.1,2.9,28.8,2.0,1594.0,1.5,112,6.4,85,Misto,Colheita,Manha,0
1268,2026-04-09 22:06:00,EQ-010,Sorriso,88.1,0.0,30.2,2.7,591.0,5.0,178,5.2,51,Arenoso,Plantio,Noite,0
2800,2026-05-28 21:12:00,EQ-038,Rio Verde,36.1,1.6,28.9,24.9,528.0,3.2,124,8.7,95,Arenoso,Transporte,Noite,0
2053,2026-05-05 10:02:00,EQ-007,Cascavel,56.6,3.7,20.7,38.6,1775.0,7.6,57,4.3,102,Argiloso,Colheita,Manha,1
1718,2026-04-23 17:54:00,EQ-028,Sorriso,65.3,0.0,28.1,3.6,705.0,6.8,0,6.3,93,Argiloso,Transporte,Tarde,0
5279,2026-08-15 09:22:00,EQ-012,Sorriso,31.4,0.0,32.5,1.0,333.0,3.6,150,8.3,76,Misto,Pulverizacao,Manha,0
2361,2026-05-14 20:16:00,EQ-001,Barreiras,58.4,8.1,30.5,6.0,159.0,11.3,266,4.9,64,Misto,Colheita,Noite,0
3857,2026-06-30 16:27:00,EQ-022,Rio Verde,31.3,0.0,24.0,11.1,1245.0,3.8,234,6.7,114,Argiloso,Colheita,Tarde,0
5247,2026-08-14 10:59:00,EQ-033,Lucas do Rio Verde,36.7,0.0,26.4,5.8,246.0,24.5,254,9.5,98,Misto,Transporte,Manha,0
3836,2026-06-29 22:01:00,EQ-023,Lucas do Rio Verde,11.1,0.0,17.4,4.7,970.0,6.8,510,8.3,69,Arenoso,Pulverizacao,Noite,0
1293,2026-04-10 14:38:00,EQ-009,Lucas do Rio Verde,89.8,0.0,29.7,9.0,304.0,4.8,469,5.4,79,Encharcado,Plantio,Tarde,1
3972,2026-07-04 10:59:00,EQ-011,Barreiras,18.7,0.0,21.4,2.8,938.0,9.2,36,5.2,94,Misto,Colheita,Manha,0
1791,2026-04-26 09:25:00,EQ-025,Barreiras,70.7,20.2,25.7,6.3,128.0,8.0,47,5.2,66,Arenoso,Transporte,Manha,1
1683,2026-04-22 14:54:00,EQ-030,Não-Me-Toque,61.7,6.1,23.7,6.2,729.0,12.4,439,3.6,84,Arenoso,Colheita,Tarde,0
5615,2026-08-25 16:19:00,EQ-013,Barreiras,19.2,0.0,28.0,19.8,968.0,9.6,525,6.2,107,Arenoso,Colheita,Tarde,0
36,2026-03-02 09:13:00,EQ-019,Sorriso,66.2,15.8,27.4,3.0,922.0,4.1,222,6.1,48,Misto,Pulverizacao,Manha,0
3169,2026-06-09 10:55:00,EQ-007,Cascavel,94.2,0.0,24.5,9.2,1372.0,7.7,200,11.1,60,Encharcado,Colheita,Manha,0
5315,2026-08-16 08:52:00,EQ-014,Sorriso,27.7,0.0,22.2,14.5,1158.0,8.4,126,10.6,67,Arenoso,Pulverizacao,Manha,0
1804,2026-04-26 15:36:00,EQ-021,Cascavel,60.4,0.0,23.3,3.1,779.0,13.0,95,8.2,89,Argiloso,Colheita,Tarde,0
1286,2026-04-10 10:52:00,EQ-021,Cascavel,78.0,20.1,18.5,10.2,196.0,12.9,5,5.9,83,Argiloso,Colheita,Manha,1
2828,2026-05-29 19:15:00,EQ-040,Não-Me-Toque,79.6,24.7,31.2,3.5,349.0,13.3,11,10.0,85,Misto,Colheita,Noite,1
1001,2026-04-01 10:38:00,EQ-040,Não-Me-Toque,49.0,7.4,23.6,8.2,1860.0,13.1,90,4.2,78,Misto,Colheita,Manha,0
5055,2026-08-08 13:43:00,EQ-012,Lucas do Rio Verde,20.8,0.0,25.1,6.8,214.0,3.5,124,4.6,90,Misto,Pulverizacao,Tarde,0
838,2026-03-27 13:50:00,EQ-033,Lucas do Rio Verde,140.0,23.1,28.8,15.1,252.0,24.1,11,5.6,58,Arenoso,Plantio,Tarde,1
4637,2026-07-26 07:50:00,EQ-005,Barreiras,17.3,0.0,26.3,2.0,712.0,8.0,197,8.5,69,Misto,Plantio,Manha,0
4393,2026-07-17 20:54:00,EQ-026,Sorriso,17.2,0.0,28.3,0.7,248.0,2.7,742,5.7,112,Misto,Transporte,Noite,0
3802,2026-06-28 23:44:00,EQ-037,Sorriso,30.0,0.0,24.7,5.4,720.0,20.7,339,9.2,83,Arenoso,Plantio,Noite,0
4822,2026-08-01 06:17:00,EQ-021,Cascavel,97.7,48.9,15.6,25.5,613.0,13.2,238,9.4,87,Encharcado,Colheita,Manha,1
407,2026-03-14 21:53:00,EQ-017,Lucas do Rio Verde,87.5,19.1,21.9,6.1,1199.0,1.8,194,1.1,120,Encharcado,Colheita,Noite,0
1948,2026-05-01 15:20:00,EQ-018,Rio Verde,73.3,31.9,25.7,13.1,1193.0,9.1,114,11.5,95,Misto,Transporte,Tarde,0
5433,2026-08-19 20:02:00,EQ-032,Sorriso,18.4,0.0,27.0,0.5,1275.0,6.1,192,8.0,106,Argiloso,Pulverizacao,Noite,0
1408,2026-04-13 23:37:00,EQ-012,Não-Me-Toque,46.3,0.0,17.2,13.9,339.0,3.2,365,11.9,67,Argiloso,Pulverizacao,Noite,0
2484,2026-05-18 14:36:00,EQ-015,Sorriso,60.7,0.0,26.3,1.4,1360.0,8.1,23,4.6,53,Argiloso,Plantio,Tarde,0
1084,2026-04-03 23:37:00,EQ-032,Sorriso,100.0,14.9,23.5,8.7,95.0,5.8,0,4.2,79,Encharcado,Pulverizacao,Noite,1
3252,2026-06-12 08:50:00,EQ-031,Rio Verde,23.6,0.0,23.6,9.9,741.0,5.5,380,9.0,88,Argiloso,Transporte,Manha,0
1935,2026-05-01 06:03:00,EQ-038,Rio Verde,81.5,31.9,33.1,1.3,127.0,3.1,6,6.5,99,Misto,Transporte,Manha,1
499,2026-03-17 10:41:00,EQ-034,Rio Verde,75.7,11.2,30.7,4.5,1382.0,8.4,263,9.1,97,Arenoso,Colheita,Manha,1
5819,2026-04-05 06:23:00,EQ-016,Sorriso,100.0,25.9,29.1,9.3,551.0,4.1,172,7.0,107,Argiloso,Colheita,Manha,1
3182,2026-06-09 17:58:00,EQ-002,Sorriso,24.3,0.0,24.7,2.6,1446.0,7.6,155,11.0,96,Misto,Transporte,Tarde,0
5680,2026-08-27 23:08:00,EQ-038,Rio Verde,29.6,0.0,30.4,3.7,1235.0,3.4,153,8.7,84,Misto,Colheita,Noite,0
3734,2026-06-26 20:59:00,EQ-016,Cascavel,96.5,27.8,15.6,8.3,771.0,4.4,221,8.2,70,Encharcado,Transporte,Noite,0
3419,2026-06-17 10:43:00,EQ-009,Lucas do Rio Verde,26.2,0.0,21.2,5.9,914.0,5.0,744,13.2,90,Arenoso,Transporte,Manha,0
4554,2026-07-22 21:42:00,EQ-009,Lucas do Rio Verde,33.5,0.0,28.2,12.7,233.0,5.1,104,8.1,81,Misto,Transporte,Noite,0
1306,2026-04-10 22:24:00,EQ-025,Barreiras,67.5,10.9,29.5,1.9,867.0,8.0,243,10.4,88,Misto,Transporte,Noite,0
575,2026-03-19 21:18:00,EQ-028,Sorriso,61.9,0.0,23.9,10.8,861.0,6.7,518,11.9,81,Arenoso,Colheita,Noite,0
1156,2026-04-06 09:38:00,EQ-016,Cascavel,97.1,0.0,22.7,11.0,1182.0,4.1,179,6.3,55,Encharcado,Plantio,Manha,0
2137,2026-05-08 10:51:00,EQ-027,Barreiras,66.9,0.0,29.7,18.9,296.0,17.0,272,8.2,55,Misto,Plantio,Manha,1
4010,2026-07-05 09:32:00,EQ-020,Barreiras,23.1,0.0,22.7,7.0,2462.0,,16,10.2,92,Arenoso,Colheita,Manha,0
2157,2026-05-08 20:28:00,EQ-012,Lucas do Rio Verde,56.4,0.0,33.9,2.1,303.0,3.3,467,7.3,68,Misto,Pulverizacao,Noite,0
5499,2026-08-21 20:05:00,EQ-007,Sorriso,25.4,13.9,30.3,9.3,593.0,7.9,82,10.3,73,Misto,Colheita,Noite,0
3227,2026-06-11 06:30:00,EQ-011,Rio Verde,26.7,0.0,26.2,7.2,344.0,9.2,341,10.1,78,Misto,Colheita,Manha,0
4354,2026-07-16 15:53:00,EQ-024,Cascavel,100.0,14.8,19.5,6.5,817.0,8.0,310,9.3,83,Arenoso,Pulverizacao,Tarde,0
5471,2026-08-20 21:02:00,EQ-038,Rio Verde,26.0,0.0,23.3,11.0,2184.0,3.4,111,5.1,70,Argiloso,Colheita,Noite,0
3512,2026-06-20 09:11:00,EQ-024,Cascavel,100.0,17.8,18.4,23.5,967.0,7.9,164,7.9,83,Arenoso,Pulverizacao,Manha,0
3337,2026-06-14 14:27:00,EQ-028,Sorriso,16.9,0.0,28.2,3.6,477.0,7.0,264,13.7,86,Misto,Transporte,Tarde,0
3753,2026-06-27 14:40:00,EQ-015,Sorriso,35.5,0.0,24.6,10.2,167.0,8.2,212,7.0,98,Misto,Transporte,Tarde,1
1416,2026-04-14 07:15:00,EQ-017,Sorriso,90.9,0.0,32.0,2.1,331.0,1.9,71,13.5,87,Argiloso,Colheita,Manha,1
2400,2026-05-16 08:07:00,EQ-035,Lucas do Rio Verde,51.4,0.0,28.9,5.0,211.0,2.9,128,10.7,94,Misto,Transporte,Manha,0
3007,2026-06-04 16:38:00,EQ-011,Barreiras,27.1,0.0,29.7,3.2,277.0,9.1,300,8.2,87,Arenoso,Transporte,Tarde,0
4541,2026-07-22 15:06:00,EQ-011,Barreiras,27.7,0.0,30.0,10.1,276.0,9.3,102,8.0,51,Misto,Colheita,Tarde,0
2606,2026-05-22 14:07:00,EQ-039,Sorriso,49.6,4.4,30.5,8.1,298.0,2.2,101,9.3,93,Misto,Transporte,Tarde,0
301,2026-03-11 14:06:00,EQ-036,Rio Verde,74.6,23.5,24.0,4.7,679.0,6.3,240,7.4,61,Arenoso,Plantio,Tarde,0
333,2026-03-12 15:16:00,EQ-027,Barreiras,85.1,39.8,26.4,7.3,350.0,16.8,11,8.9,71,Encharcado,Plantio,Tarde,0
2960,2026-06-03 06:38:00,EQ-024,Cascavel,85.0,6.2,20.0,18.5,870.0,7.9,90,4.7,67,Arenoso,Pulverizacao,Manha,1
3542,2026-06-21 08:34:00,EQ-038,Rio Verde,33.5,0.0,25.7,7.4,,3.2,217,6.9,84,Argiloso,Transporte,Manha,1
3384,2026-06-16 09:59:00,EQ-005,Sorriso,29.6,0.0,21.7,9.9,1512.0,7.8,37,6.3,93,Arenoso,Transporte,Manha,0
3789,2026-06-28 15:36:00,EQ-039,Sorriso,25.6,0.0,24.5,8.7,1270.0,2.3,258,10.1,90,Misto,Transporte,Tarde,0
5356,2026-08-17 14:09:00,EQ-024,Cascavel,90.3,11.0,20.7,2.8,173.0,8.1,23,8.4,46,Encharcado,Pulverizacao,Tarde,1
872,2026-03-28 16:10:00,EQ-010,Sorriso,100.0,22.5,25.4,10.5,405.0,4.9,103,9.9,58,Encharcado,Colheita,Tarde,1
4985,2026-08-06 10:23:00,EQ-040,Não-Me-Toque,81.2,3.0,13.9,12.3,1601.0,13.5,300,9.4,87,Misto,Colheita,Manha,0
4848,2026-08-01 23:09:00,EQ-032,Sorriso,30.3,0.0,27.8,2.4,302.0,6.1,112,9.0,80,Arenoso,Pulverizacao,Noite,0
5327,2026-08-16 14:59:00,EQ-024,Cascavel,80.8,0.0,20.6,32.9,526.0,8.1,14,9.2,88,Argiloso,Pulverizacao,Tarde,1
3207,2026-06-10 13:36:00,EQ-036,Rio Verde,24.6,0.0,26.9,16.5,217.0,6.5,62,12.1,63,Misto,Transporte,Tarde,0
2278,2026-05-12 13:21:00,EQ-011,Barreiras,65.8,4.8,22.7,5.3,684.0,9.1,178,6.3,56,Misto,Plantio,Tarde,0
3755,2026-06-27 15:58:00,EQ-016,Cascavel,97.3,9.9,14.2,19.0,684.0,4.4,225,9.6,95,Argiloso,Colheita,Tarde,0
834,2026-03-27 10:52:00,EQ-013,Barreiras,94.8,11.1,27.9,13.3,603.0,9.2,679,10.8,71,Arenoso,Colheita,Manha,1
5253,2026-08-14 14:38:00,EQ-014,Sorriso,17.1,0.0,34.3,21.9,562.0,8.4,113,5.8,62,Misto,Pulverizacao,Tarde,0
3529,2026-06-20 16:05:00,EQ-037,Sorriso,23.8,0.0,26.4,3.9,524.0,20.7,309,9.2,42,Argiloso,Plantio,Tarde,0
4341,2026-07-16 07:16:00,EQ-034,Rio Verde,30.6,0.0,27.5,7.2,1602.0,8.8,353,7.8,87,Misto,Transporte,Manha,1
98,2026-03-04 10:02:00,EQ-030,Não-Me-Toque,46.1,0.0,26.1,6.2,846.0,12.3,263,12.2,73,Misto,Colheita,Manha,0
2685,2026-05-25 09:14:00,EQ-024,Cascavel,75.7,0.0,21.7,5.8,296.0,7.8,46,7.2,78,Argiloso,Pulverizacao,Manha,1
469,2026-03-16 15:32:00,EQ-037,Sorriso,77.3,0.0,29.2,7.6,962.0,20.4,650,7.1,65,Arenoso,Transporte,Tarde,1
5191,2026-08-12 13:14:00,EQ-008,Barreiras,14.8,1.6,24.2,10.0,637.0,9.7,378,9.2,96,Arenoso,Colheita,Tarde,0
1762,2026-04-25 10:23:00,EQ-002,Rio Verde,66.4,0.0,25.0,2.8,1576.0,7.5,5,3.8,81,Arenoso,Colheita,Manha,0
5073,2026-08-08 23:43:00,EQ-006,Sorriso,23.7,0.0,29.5,7.9,1433.0,12.3,130,6.6,68,Arenoso,Pulverizacao,Noite,0
44,2026-03-02 13:41:00,EQ-034,Rio Verde,76.7,12.9,34.0,22.2,594.0,8.4,211,6.9,52,Argiloso,Plantio,Tarde,1
1946,2026-05-01 14:52:00,EQ-007,Cascavel,53.0,0.0,25.0,9.9,795.0,7.6,43,5.8,91,Argiloso,Colheita,Tarde,0
809,2026-03-26 14:56:00,EQ-011,Barreiras,87.5,6.8,25.6,16.5,1506.0,9.0,393,11.5,80,Arenoso,Colheita,Tarde,1
2723,2026-05-26 10:28:00,EQ-034,Cascavel,81.6,20.1,28.5,14.1,613.0,8.6,152,10.1,98,Argiloso,Transporte,Manha,0
1206,2026-04-08 06:13:00,EQ-035,Lucas do Rio Verde,83.8,26.5,23.4,6.3,745.0,2.8,308,6.3,70,Argiloso,Plantio,Manha,0
3487,2026-06-19 10:31:00,EQ-008,Barreiras,27.5,0.0,26.2,1.9,944.0,9.5,149,8.4,92,Misto,Colheita,Manha,0
4179,2026-07-10 14:28:00,EQ-031,Rio Verde,17.7,0.0,25.9,3.7,529.0,5.6,47,15.1,88,Arenoso,Colheita,Tarde,0
4298,2026-07-14 20:03:00,EQ-025,Barreiras,26.2,0.5,20.0,2.2,462.0,8.2,87,7.4,81,Argiloso,Colheita,Noite,0
1876,2026-04-28 22:11:00,EQ-019,Sorriso,65.7,16.0,25.3,5.2,660.0,4.3,91,10.0,72,Argiloso,Pulverizacao,Noite,0
1294,2026-04-10 14:39:00,EQ-013,Barreiras,76.1,10.9,31.2,5.8,22.0,9.2,734,5.3,63,Misto,Colheita,Tarde,1
5606,2026-08-25 13:55:00,EQ-033,Lucas do Rio Verde,44.6,37.8,30.9,1.5,814.0,24.5,299,13.1,113,Misto,Transporte,Tarde,0
2959,2026-06-03 06:36:00,EQ-021,Cascavel,82.6,6.2,16.2,6.8,312.0,13.1,23,7.5,63,Misto,Colheita,Manha,1
2426,2026-05-17 06:27:00,EQ-031,Rio Verde,35.3,0.0,32.2,7.4,921.0,5.4,261,2.0,93,Misto,Colheita,Manha,0
2114,2026-05-07 14:13:00,EQ-033,Lucas do Rio Verde,62.2,0.0,32.0,2.2,2154.0,24.2,231,5.9,109,Argiloso,Colheita,Tarde,0
2945,2026-06-02 15:48:00,EQ-004,Cascavel,86.5,26.5,16.7,7.9,249.0,5.7,296,8.2,114,Encharcado,Colheita,Tarde,1
1357,2026-04-12 13:42:00,EQ-005,Não-Me-Toque,61.8,0.0,23.1,8.5,719.0,7.7,27,10.4,100,Misto,Transporte,Tarde,0
1655,2026-04-21 17:55:00,EQ-029,Rio Verde,79.7,0.0,23.9,2.2,193.0,1.0,126,5.8,78,Misto,Transporte,Tarde,1
1786,2026-04-26 07:08:00,EQ-002,Rio Verde,61.4,9.0,34.1,11.4,168.0,7.5,10,14.1,96,Arenoso,Transporte,Manha,0
3478,2026-06-19 07:26:00,EQ-005,Sorriso,20.4,0.0,20.2,2.0,591.0,7.9,44,10.7,64,Misto,Plantio,Manha,0
4477,2026-07-20 14:24:00,EQ-039,Sorriso,26.6,1.9,18.5,2.2,1362.0,2.4,351,3.0,76,Misto,Transporte,Tarde,0
5521,2026-08-22 17:02:00,EQ-023,Lucas do Rio Verde,20.4,0.0,22.7,2.9,610.0,7.0,159,8.4,71,Argiloso,Pulverizacao,Tarde,0
4975,2026-08-06 07:13:00,EQ-035,Lucas do Rio Verde,36.2,0.0,21.1,6.3,143.0,3.2,108,3.6,56,Argiloso,Transporte,Manha,0
5786,2026-08-31 15:48:00,EQ-040,Não-Me-Toque,73.8,0.0,20.4,6.1,1142.0,13.5,42,7.2,74,Arenoso,Colheita,Tarde,0
1644,2026-04-21 15:13:00,EQ-036,Rio Verde,77.6,0.0,26.4,3.8,887.0,6.4,124,11.2,87,Argiloso,Transporte,Tarde,0
5019,2026-08-07 13:00:00,EQ-006,Sorriso,42.5,0.0,31.6,7.4,887.0,12.3,123,9.1,83,Misto,Pulverizacao,Tarde,1
286,2026-03-10 20:17:00,EQ-040,Não-Me-Toque,100.0,32.1,23.2,11.9,126.0,13.1,340,8.5,84,Arenoso,Colheita,Noite,1
964,2026-03-31 08:16:00,EQ-028,Lucas do Rio Verde,96.4,3.4,27.3,4.6,669.0,6.8,579,8.3,120,Misto,Transporte,Manha,0
3230,2026-06-11 07:14:00,EQ-028,Sorriso,16.4,0.0,24.1,2.4,1340.0,7.0,221,13.1,87,Misto,Transporte,Manha,0
3247,2026-06-11 21:57:00,EQ-036,Rio Verde,28.1,0.0,24.7,3.5,598.0,6.5,72,6.4,89,Argiloso,Transporte,Noite,0
3502,2026-06-19 21:52:00,EQ-036,Rio Verde,19.1,0.0,29.1,5.6,1529.0,6.6,115,9.8,62,Arenoso,Transporte,Noite,0
3468,2026-06-18 17:05:00,EQ-021,Cascavel,92.2,15.2,18.0,4.0,306.0,13.1,77,10.0,97,Encharcado,Colheita,Tarde,1
1242,2026-04-09 07:15:00,EQ-036,Rio Verde,82.1,14.4,27.5,8.7,207.0,6.4,83,10.3,68,Argiloso,Plantio,Manha,1
1394,2026-04-13 14:59:00,EQ-023,Lucas do Rio Verde,94.2,67.2,31.2,10.4,904.0,6.6,148,12.2,89,Misto,Pulverizacao,Tarde,0
5638,2026-08-26 14:15:00,EQ-029,Rio Verde,9.9,0.0,28.6,8.6,217.0,1.3,310,6.7,83,Arenoso,Colheita,Tarde,1
860,2026-03-28 10:05:00,EQ-018,Rio Verde,89.7,0.0,24.2,8.3,508.0,9.0,255,7.0,93,Arenoso,Colheita,Manha,0
4086,2026-07-07 20:52:00,EQ-024,Cascavel,83.8,9.9,11.6,8.1,237.0,8.0,257,2.5,72,Argiloso,Pulverizacao,Noite,1
5043,2026-08-08 07:22:00,EQ-037,Sorriso,34.8,0.0,25.3,10.1,1120.0,20.8,550,10.4,86,Argiloso,Plantio,Manha,0
1831,2026-04-27 10:20:00,EQ-032,Sorriso,67.8,0.0,29.5,3.1,1050.0,5.8,147,6.3,71,Argiloso,Pulverizacao,Manha,0
3138,2026-06-08 13:28:00,EQ-012,Lucas do Rio Verde,33.1,0.0,29.3,3.5,800.0,3.4,610,5.8,76,Arenoso,Pulverizacao,Tarde,0
2310,2026-05-13 13:39:00,EQ-001,Barreiras,56.0,0.0,27.5,2.5,1122.0,11.3,259,13.6,83,Misto,Colheita,Tarde,0
2143,2026-05-08 14:40:00,EQ-008,Barreiras,77.5,0.0,30.6,4.7,1772.0,9.4,549,6.6,96,Misto,Colheita,Tarde,0
109,2026-03-04 15:43:00,EQ-004,Lucas do Rio Verde,88.1,68.4,28.3,8.5,693.0,5.5,271,8.5,62,Encharcado,Colheita,Tarde,1
1189,2026-04-07 09:06:00,EQ-005,Sorriso,100.0,61.8,29.9,10.0,763.0,7.7,10,9.7,91,Misto,Colheita,Manha,0
533,2026-03-18 09:29:00,EQ-025,Barreiras,79.6,0.0,26.7,2.0,365.0,7.9,134,9.2,90,Argiloso,Colheita,Manha,1
1418,2026-04-14 07:44:00,EQ-007,Não-Me-Toque,58.9,0.0,20.4,5.2,328.0,7.6,357,10.3,94,Argiloso,Colheita,Manha,1
2852,2026-05-30 17:59:00,EQ-039,Sorriso,35.9,0.0,24.5,1.7,403.0,2.2,123,13.2,67,Argiloso,Plantio,Tarde,0
4060,2026-07-06 23:36:00,EQ-026,Sorriso,32.2,0.0,23.4,7.3,456.0,2.7,704,7.9,101,Argiloso,Transporte,Noite,1
1890,2026-04-29 09:01:00,EQ-026,Sorriso,63.8,0.0,24.3,4.3,683.0,2.5,394,8.5,89,Argiloso,Colheita,Manha,1
3042,2026-06-05 17:23:00,EQ-005,Sorriso,16.1,0.0,26.8,2.6,1034.0,7.8,291,8.1,111,Misto,Colheita,Tarde,0
4653,2026-07-26 16:45:00,EQ-036,Rio Verde,38.9,0.0,27.6,9.2,2301.0,6.7,289,6.4,94,Argiloso,Colheita,Tarde,0
1546,2026-04-18 09:45:00,EQ-032,Sorriso,76.2,6.9,27.3,6.7,154.0,5.8,74,8.7,120,Misto,Pulverizacao,Manha,0
3299,2026-06-13 09:37:00,EQ-002,Rio Verde,21.9,0.7,26.8,7.2,460.0,7.6,173,9.5,65,Arenoso,Transporte,Manha,0
2217,2026-05-10 15:48:00,EQ-001,Barreiras,50.3,0.0,28.5,2.6,827.0,11.3,240,6.5,92,Arenoso,Colheita,Tarde,0
2180,2026-05-09 14:46:00,EQ-016,Cascavel,51.3,0.0,30.7,14.8,615.0,4.2,22,8.1,72,Argiloso,Plantio,Tarde,1
1672,2026-04-22 08:14:00,EQ-040,Não-Me-Toque,70.5,6.1,13.9,12.0,820.0,13.2,175,1.5,57,Argiloso,Colheita,Manha,0
4988,2026-08-06 14:49:00,EQ-029,Rio Verde,28.7,0.0,29.8,10.7,504.0,1.3,199,6.8,81,Argiloso,Colheita,Tarde,0
1308,2026-04-11 06:12:00,EQ-017,Lucas do Rio Verde,85.1,11.3,32.2,6.8,1561.0,1.9,50,7.3,109,Encharcado,Colheita,Manha,0
4841,2026-08-01 15:31:00,EQ-029,Rio Verde,"23,8",0.0,25.6,14.7,1316.0,1.3,177,6.6,59,Misto,Plantio,Tarde,0
4414,2026-07-18 15:42:00,EQ-029,Lucas do Rio Verde,21.7,2.8,17.5,9.1,292.0,1.2,102,5.7,91,Argiloso,Transporte,Tarde,1
2203,2026-05-10 09:35:00,EQ-016,Cascavel,61.3,0.5,22.1,8.8,511.0,4.2,30,8.9,117,Arenoso,Colheita,Manha,1
5188,2026-08-12 09:38:00,EQ-027,Barreiras,18.9,1.6,25.4,3.7,339.0,17.2,658,7.3,64,Arenoso,Plantio,Manha,0
384,2026-03-14 08:41:00,EQ-015,Sorriso,79.5,14.5,30.3,1.0,226.0,7.9,222,5.0,62,Misto,Colheita,Manha,1
4224,2026-07-12 06:03:00,EQ-020,Barreiras,37.4,0.0,25.0,3.3,629.0,1.8,65,10.9,90,Misto,Colheita,Manha,0
452,2026-03-16 06:11:00,EQ-020,Barreiras,92.1,0.0,23.0,8.0,1059.0,1.4,318,10.6,78,Arenoso,Transporte,Manha,0
4604,2026-07-24 20:30:00,EQ-010,Sorriso,47.7,25.7,26.8,6.6,328.0,5.2,70,4.7,79,Argiloso,Transporte,Noite,0
2323,2026-05-13 17:10:00,EQ-023,Lucas do Rio Verde,54.5,5.3,25.3,4.2,730.0,6.7,294,12.1,67,Misto,Pulverizacao,Tarde,1
2915,2026-06-01 14:17:00,EQ-034,Rio Verde,38.1,0.0,25.8,4.5,895.0,8.6,177,11.7,66,Misto,Plantio,Tarde,0
126,2026-03-05 09:15:00,EQ-040,Não-Me-Toque,55.7,0.0,25.1,8.5,99.0,13.0,315,5.5,84,Argiloso,Colheita,Manha,1
3859,2026-06-30 17:58:00,EQ-009,Lucas do Rio Verde,22.4,0.0,25.5,9.3,798.0,5.0,6,6.8,71,Argiloso,Colheita,Tarde,0
2344,2026-13-45 99:00:00,EQ-036,Rio Verde,52.4,0.0,23.3,2.0,1165.0,6.5,243,7.5,83,Misto,Transporte,Manha,0
5257,2026-08-14 17:15:00,EQ-034,Rio Verde,23.1,0.0,-99.0,8.4,597.0,8.8,119,14.3,86, misto ,Transporte,Tarde,0
1765,2026-04-25 13:34:00,EQ-030,Não-Me-Toque,68.3,0.0,24.2,1.4,258.0,12.5,,4.6,95,Argiloso,Colheita,Tarde,1
3330,2026-06-14 10:18:00,EQ-017,Lucas do Rio Verde,23.9,0.0,25.9,10.1,1027.0,2.1,48,5.3,90,Arenoso,Colheita,Manha,0
612,2026-03-20 22:09:00,EQ-015,Sorriso,70.6,33.8,33.8,21.4,1727.0,7.9,247,11.3,84,Argiloso,Transporte,Noite,1
2573,2026-05-21 09:32:00,EQ-030,Não-Me-Toque,84.3,22.3,24.4,1.3,877.0,12.5,573,8.7,80,Misto,Colheita,Manha,0
2531,2026-05-19 19:43:00,EQ-007,Cascavel,71.5,35.4,17.5,0.5,874.0,7.7,116,10.5,98,Misto,Colheita,Noite,0
3537,2026-06-20 23:33:00,EQ-021,Cascavel,88.4,17.8,16.9,21.4,219.0,13.1,87,8.2,94,Encharcado,Colheita,Noite,1
4899,2026-08-03 16:15:00,EQ-007,Cascavel,92.6,0.0,14.0,13.8,1707.0,7.9,17,9.4,76,Encharcado,Colheita,Tarde,
5625,2026-08-26 07:59:00,EQ-008,Barreiras,20.5,0.0,22.7,4.3,1258.0,9.7,437,10.6,96,Arenoso,Colheita,Manha,0
3329,2026-06-14 09:42:00,EQ-001,Barreiras,,0.0,22.9,5.1,509.0,11.4,73,9.0,103,Misto,Colheita,Manha,0
953,2026-03-30 17:47:00,EQ-036,Rio Verde,78.8,0.0,33.5,1.7,1246.0,6.3,30,6.7,78,Arenoso,Plantio,Tarde,0
4952,2026-08-05 13:26:00,EQ-037,Sorriso,"24,8",0.0,26.9,12.1,281.0,20.8,542,7.1,80,Misto,Transporte,Tarde,1
4281,2026-07-14 07:53:00,EQ-032,Sorriso,20.4,0.0,24.8,4.0,709.0,6.0,3,6.2,76,Misto,Pulverizacao,Manha,0
3874,2026-07-01 10:02:00,EQ-040,Não-Me-Toque,71.4,8.0,19.6,16.2,817.0,13.4,149,7.6,98,Misto,Colheita,Manha,0
3096,2026-06-07 13:00:00,EQ-011,Barreiras,32.0,7.8,33.4,10.4,581.0,9.1,323,10.7,84,Misto,Transporte,Tarde,0
1346,2026-04-12 07:01:00,EQ-001,Barreiras,80.1,0.0,23.8,13.6,961.0,11.2,118,9.4,114,Argiloso,Colheita,Manha,0
3053,2026-06-06 07:03:00,EQ-038,Rio Verde,12.4,0.0,29.4,9.1,435.0,3.2,158,4.6,75,Misto,Plantio,Manha,0
769,2026-03-25 08:17:00,EQ-028,Sorriso,72.0,0.0,23.7,1.8,640.0,6.8,551,11.4,90,Misto,Plantio,Manha,0
308,2026-03-11 16:50:00,EQ-012,Lucas do Rio Verde,91.3,32.4,30.6,5.9,871.0,3.1,205,9.6,83,Encharcado,Pulverizacao,Tarde,0
3951,2026-07-03 17:46:00,EQ-012,Lucas do Rio Verde,33.2,0.0,21.1,23.0,537.0,3.4,743,10.2,70,Arenoso,Pulverizacao,Tarde,0
1647,2026-04-21 15:58:00,EQ-026,Barreiras,75.4,0.0,19.8,2.3,1322.0,2.5,360,7.3,70,Misto,Transporte,Tarde,0
3962,2026-07-04 07:13:00,EQ-030,Não-Me-Toque,62.9,5.7,17.9,13.7,590.0,12.6,144,6.7,88,Argiloso,Colheita,Manha,1
690,2026-03-22 23:46:00,EQ-001,Barreiras,98.0,43.7,24.6,2.9,554.0,11.1,11,4.6,76,Encharcado,Transporte,Noite,1
1452,2026-04-15 06:42:00,EQ-019,Sorriso,87.2,28.6,24.5,9.0,476.0,4.3,0,15.2,45,Encharcado,Pulverizacao,Manha,0
1178,2026-04-07 06:16:00,EQ-011,Barreiras,83.6,9.7,30.6,0.7,946.0,9.0,24,7.6,78,Arenoso,Plantio,Manha,0
521,2026-03-17 20:21:00,EQ-025,Barreiras,100.0,81.8,28.4,1.2,426.0,7.9,129,9.5,94,Arenoso,Colheita,Noite,1
1681,2026-04-22 14:30:00,EQ-016,Lucas do Rio Verde,93.7,186.9,26.7,14.6,1100.0,4.2,271,9.9,53,Encharcado,Plantio,Tarde,1
2420,2026-05-16 19:38:00,EQ-026,Sorriso,58.3,0.0,28.1,2.4,339.0,2.5,478,6.6,93,Arenoso,Colheita,Noite,0
5209,2026-08-13 08:28:00,EQ-006,Barreiras,16.5,0.0,24.3,2.1,862.0,12.3,156,7.9,47,Misto,Pulverizacao,Manha,0
5621,2026-08-26 06:30:00,EQ-029,Rio Verde,23.1,0.0,34.8,1.8,729.0,1.3,305,11.2,101,Misto,Transporte,Manha,0
4785,2026-07-30 21:34:00,EQ-022,Rio Verde,23.4,0.0,19.4,12.0,699.0,3.8,372,4.8,103,Misto,Transporte,Noite,1
1009,2026-04-01 16:09:00,EQ-021,Cascavel,92.9,64.1,28.2,21.0,294.0,12.9,206,8.9,82,Encharcado,Colheita,Tarde,1
2492,2026-05-18 17:51:00,EQ-025,Barreiras,35.7,0.2,24.1,5.6,764.0,8.1,137,10.3,88,Misto,Colheita,Tarde,0
3397,2026-06-16 15:30:00,EQ-007,Cascavel,92.8,0.0,18.6,5.8,1498.0,7.7,239,11.5,77,Encharcado,Colheita,Tarde,0
2301,2026-05-13 07:01:00,EQ-002,Rio Verde,42.6,0.0,25.3,12.7,824.0,7.5,59,3.6,68,Misto,Colheita,Manha,0
3685,2026-06-25 13:03:00,EQ-040,Não-Me-Toque,76.4,6.7,14.8,6.4,870.0,13.3,113,10.0,83,Argiloso,Colheita,Tarde,0
1425,2026-04-14 13:17:00,EQ-010,Sorriso,87.3,0.0,23.2,16.0,594.0,5.0,189,10.1,81,Argiloso,Plantio,Tarde,0
1808,2026-04-26 19:50:00,EQ-001,Barreiras,62.2,20.2,28.8,3.3,844.0,11.2,165,10.2,95,Arenoso,Colheita,Noite,0
2468,2026-05-18 09:25:00,EQ-038,Rio Verde,27.8,0.0,31.3,9.2,812.0,3.2,74,10.1,85,Misto,Transporte,Manha,0
5399,2026-08-18 17:42:00,EQ-025,Barreiras,24.4,0.0,26.0,6.2,341.0,8.3,259,10.4,81,Arenoso,Colheita,Tarde,0
4016,2026-07-05 14:38:00,EQ-013,Barreiras,34.3,0.0,31.8,3.1,195.0,9.4,276,11.5,81,Misto,Colheita,Tarde,0
4566,2026-07-23 10:44:00,EQ-026,Sorriso,44.3,24.1,32.9,7.8,182.0,2.7,771,5.8,110,Argiloso,Colheita,Manha,1
1615,2026-04-20 15:31:00,EQ-020,Barreiras,71.1,0.0,29.1,10.9,874.0,1.5,97,9.2,102,Arenoso,Colheita,Tarde,0
3925,2026-07-02 17:40:00,EQ-026,Sorriso,12.4,0.0,32.8,5.3,245.0,2.7,679,7.0,50,Misto,Plantio,Tarde,0
2423,2026-05-16 21:14:00,EQ-008,Barreiras,65.0,0.0,24.9,10.0,1912.0,9.4,595,11.9,92,Misto,Colheita,Noite,1
4154,2026-07-09 22:23:00,EQ-003,Lucas do Rio Verde,20.6,0.0,21.5,7.1,493.0,8.6,350,12.1,102,Misto,Pulverizacao,Noite,0
705,2026-03-23 13:14:00,EQ-017,Lucas do Rio Verde,93.0,51.5,33.5,4.3,479.0,1.8,226,8.8,82,Argiloso,Colheita,Tarde,1
5542,2026-08-23 13:00:00,EQ-040,Não-Me-Toque,,19.4,20.9,9.8,,13.5,15,8.4,70,Encharcado,Colheita,Tarde,1
5557,2026-08-24 09:02:00,EQ-013,Barreiras,23.3,0.0,30.5,2.3,552.0,9.6,520,4.6,93,Misto,Colheita,Manha,0
2469,2026-05-18 09:41:00,EQ-001,Barreiras,43.9,0.2,31.6,2.4,667.0,11.3,283,7.8,83,Arenoso,Transporte,Manha,0
342,2026-03-12 19:39:00,EQ-015,Rio Verde,87.5,0.0,27.3,2.7,1889.0,7.9,213,6.4,75,Misto,Transporte,Noite,0
4638,2026-07-26 07:59:00,EQ-038,Rio Verde,37.5,0.0,24.1,2.2,1726.0,3.3,54,4.9,89,Arenoso,Colheita,Manha,0
3378,2026-06-16 07:54:00,EQ-032,Sorriso,32.8,0.0,24.6,18.9,401.0,6.0,131,11.0,71,Misto,Pulverizacao,Manha,1
4339,2026-07-15 22:45:00,EQ-022,Rio Verde,23.4,0.0,28.0,6.5,1671.0,3.8,292,9.4,75,Argiloso,Transporte,Noite,0
3883,2026-07-01 14:41:00,EQ-001,Barreiras,21.6,0.0,29.2,9.3,1205.0,11.4,121,9.3,77,Misto,Colheita,Tarde,0
4122,2026-07-09 07:18:00,EQ-024,Cascavel,86.2,15.4,14.3,13.1,331.0,8.0,270,5.1,93,Arenoso,Pulverizacao,Manha,1
2444,2026-05-17 16:42:00,EQ-038,Rio Verde,31.8,0.0,31.7,7.5,821.0,3.2,70,4.3,98,Argiloso,Colheita,Tarde,0
4360,2026-07-16 19:42:00,EQ-035,Lucas do Rio Verde,8.7,0.0,33.4,3.4,264.0,3.1,30,8.0,86,Argiloso,Transporte,Noite,0
2634,2026-05-23 14:10:00,EQ-011,Barreiras,45.6,0.0,26.9,0.9,979.0,9.1,244,8.1,97,Arenoso,Transporte,Tarde,0
2204,2026-05-10 09:35:00,EQ-029,Rio Verde,48.9,1.0,27.2,7.3,255.0,1.0,197,5.6,92,Misto,Transporte,Manha,1
3645,2026-06-24 07:51:00,EQ-031,Sorriso,15.1,0.0,25.9,3.3,2500.0,5.5,401,6.9,98,Argiloso,Colheita,Manha,0
4232,2026-07-12 10:59:00,EQ-031,Rio Verde,12.8,0.0,21.6,8.0,1164.0,5.6,59,12.3,71,Misto,Colheita,Manha,0
4461,2026-07-20 07:00:00,EQ-005,Sorriso,22.7,1.9,30.6,2.4,2329.0,7.9,195,5.6,69,Argiloso,Transporte,Manha,0
1444,2026-04-14 16:33:00,EQ-013,Barreiras,89.1,22.4,33.5,4.5,565.0,9.2,745,11.2,89,Misto,Colheita,Tarde,1
2388,2026-05-15 16:33:00,EQ-031,Rio Verde,49.4,0.0,23.3,22.7,1453.0,5.4,252,4.5,88,Argiloso,Colheita,Tarde,0
2189,2026-05-09 17:44:00,EQ-007,Lucas do Rio Verde,69.8,34.7,27.4,21.1,114.0,7.6,78,7.3,104,Misto,Colheita,Tarde,1
200,2026-03-07 21:38:00,EQ-034,Rio Verde,100.0,9.9,26.8,17.5,726.0,8.4,229,6.6,75,Encharcado,Plantio,Noite,0
519,2026-03-17 19:01:00,EQ-019,Sorriso,76.9,0.0,28.4,6.2,938.0,4.2,290,10.4,71,Argiloso,Pulverizacao,Noite,1
1881,2026-04-28 23:57:00,EQ-034,Rio Verde,67.5,0.0,28.9,0.9,1346.0,8.6,31,8.1,89,Argiloso,Transporte,Noite,0
2032,2026-05-04 13:35:00,EQ-010,Sorriso,53.9,0.0,30.2,6.9,1246.0,5.0,24,6.4,86,Argiloso,Transporte,Tarde,0
4568,2026-07-23 13:27:00,EQ-003,Lucas do Rio Verde,35.6,0.0,24.8,6.5,442.0,8.6,29,12.0,78,Misto,Pulverizacao,Tarde,0
5167,2026-08-11 15:56:00,EQ-008,Barreiras,23.7,0.0,22.2,1.2,2049.0,9.7,365,13.1,104,Arenoso,Colheita,Tarde,0
466,2026-03-16 13:20:00,EQ-027,Barreiras,85.6,0.0,30.5,3.6,304.0,16.8,23,9.0,80,Encharcado,Colheita,Tarde,1
3049,2026-06-06 06:00:00,EQ-032,Cascavel,100.0,49.5,19.6,10.0,1033.0,5.9,74,10.3,61,Argiloso,Pulverizacao,Manha,0
5462,2026-08-20 16:01:00,EQ-038,Rio Verde,24.4,0.0,26.3,11.4,967.0,3.4,114,8.9,95,Arenoso,Transporte,Tarde,0
3210,2026-06-10 15:03:00,EQ-023,Rio Verde,23.8,0.0,21.9,6.8,386.0,6.8,420,9.0,64,Misto,Pulverizacao,Tarde,0
4698,2026-07-28 08:15:00,EQ-032,Sorriso,44.6,0.0,31.8,3.3,685.0,6.1,75,11.1,71,Argiloso,Pulverizacao,Manha,0
5089,2026-08-09 14:22:00,EQ-007,Cascavel,99.5,29.0,19.6,33.7,922.0,7.9,45,9.0,91,Encharcado,Colheita,Tarde,1
1026,2026-04-02 07:53:00,EQ-012,Lucas do Rio Verde,85.0,10.6,33.1,9.8,1680.0,3.2,336,7.4,52,Arenoso,Pulverizacao,Manha,0
3581,2026-06-22 13:21:00,EQ-040,Não-Me-Toque,88.6,0.0,20.0,8.0,318.0,13.3,104,11.8,97,Misto,Colheita,Tarde,1
974,2026-03-31 10:32:00,EQ-038,Rio Verde,74.4,0.0,26.0,14.3,544.0,3.0,197,9.2,80,Misto,Plantio,Manha,0
496,2026-03-17 10:19:00,EQ-002,Rio Verde,85.0,11.2,33.6,11.1,19.0,7.4,98,6.4,65,Arenoso,Plantio,Manha,1
2654,2026-05-24 10:22:00,EQ-004,Cascavel,77.8,7.0,25.6,10.2,2193.0,5.7,261,3.1,94,Argiloso,Colheita,Manha,0
1936,2026-05-01 07:18:00,EQ-007,Cascavel,47.9,0.0,25.2,5.0,1176.0,7.6,45,9.6,67,Argiloso,Transporte,Manha,0
1515,2026-04-17 15:58:00,EQ-020,Barreiras,86.7,23.3,24.1,3.9,151.0,1.5,72,8.0,97,Encharcado,Colheita,Tarde,1
1643,2026-04-21 14:10:00,EQ-031,Rio Verde,67.2,0.0,27.3,2.9,440.0,5.4,158,6.9,104,Misto,Colheita,Tarde,1
1960,2026-05-02 06:50:00,EQ-002,Rio Verde,74.6,2.0,24.3,2.0,323.0,7.5,39,12.5,80,Argiloso,Colheita,Manha,1
1584,2026-04-19 10:53:00,EQ-021,Cascavel,77.7,10.3,25.1,11.6,526.0,12.9,49,7.9,71,Misto,Colheita,Manha,0
1270,2026-04-09 23:56:00,EQ-002,Rio Verde,94.5,14.4,30.2,7.2,1234.0,7.4,200,12.7,71,Arenoso,Plantio,Noite,0
25,2026-03-01 19:13:00,EQ-007,Cascavel,76.8,34.3,24.0,,64.0,7.4,155,7.3,111,Misto,Colheita,Noite,1
3187,2026-06-09 21:25:00,EQ-038,Rio Verde,30.9,0.0,19.7,7.3,763.0,3.2,172,5.8,99,Argiloso,Transporte,Noite,0
873,2026-03-28 16:35:00,EQ-014,Cascavel,42.5,0.0,23.4,6.7,304.0,8.0,274,7.1,74,Misto,Pulverizacao,Tarde,0
403,2026-03-14 17:51:00,EQ-005,Sorriso,85.5,14.5,26.4,10.7,1749.0,7.6,192,6.7,47,Arenoso,Plantio,Tarde,0
5650,2026-08-26 22:43:00,EQ-019,Sorriso,40.6,0.0,28.4,1.9,2364.0,4.6,122,8.7,63,Misto,Pulverizacao,Noite,0
1509,2026-04-17 10:39:00,EQ-029,Rio Verde,80.4,15.0,27.2,5.3,714.0,1.0,105,11.1,89,Argiloso,Transporte,Manha,1
4863,2026-08-02 14:00:00,EQ-030,Não-Me-Toque,99.9,65.4,16.5,7.2,321.0,12.7,281,4.4,97,Encharcado,Colheita,Tarde,1
1445,2026-04-14 16:35:00,EQ-003,Lucas do Rio Verde,97.4,21.6,28.6,16.2,1534.0,8.4,14,7.5,77,Encharcado,Pulverizacao,Tarde,0
2664,2026-05-24 16:16:00,EQ-036,Rio Verde,39.0,0.0,26.0,5.5,1067.0,6.5,282,7.6,73,Argiloso,Transporte,Tarde,0
4139,2026-07-09 15:05:00,EQ-038,Rio Verde,25.9,0.0,21.2,5.4,648.0,3.3,10,9.3,89,Misto,Colheita,Tarde,0
5569,2026-08-24 14:44:00,EQ-016,Cascavel,74.3,16.6,20.6,12.9,353.0,4.5,142,9.9,81,Argiloso,Plantio,Tarde,1
1563,2026-04-18 17:38:00,EQ-039,Cascavel,88.9,12.5,22.6,13.0,289.0,2.1,582,6.1,44,Encharcado,Plantio,Tarde,1
2445,2026-05-17 16:48:00,EQ-006,Sorriso,67.3,0.0,25.2,7.0,833.0,12.1,44,3.4,87,Arenoso,Pulverizacao,Tarde,0
5155,2026-08-11 10:10:00,EQ-025,Barreiras,20.3,0.0,27.3,2.1,1004.0,8.3,245,7.6,93,Arenoso,Transporte,Manha,0
2187,2026-05-09 17:06:00,EQ-028,Sorriso,100.0,113.3,30.0,5.7,413.0,6.9,73,9.1,107,Encharcado,Transporte,Tarde,1
4974,2026-08-06 06:22:00,EQ-033,Lucas do Rio Verde,31.3,0.0,27.1,1.3,1132.0,24.4,199,12.1,71,Argiloso,Plantio,Manha,0
4973,2026-08-05 23:40:00,EQ-034,Rio Verde,23.7,0.0,26.4,12.7,21.0,8.8,67,7.7,101,Argiloso,Transporte,Noite,0
3462,2026-06-18 15:10:00,EQ-027,Barreiras,29.3,0.0,21.1,1.2,702.0,17.1,429,8.1,80,Arenoso,Transporte,Tarde,0
152,2026-03-06 08:46:00,EQ-019,Sorriso,100.0,24.6,29.2,4.7,575.0,4.1,239,10.3,70,Arenoso,Pulverizacao,Manha,0
3292,2026-06-13 07:30:00,EQ-038,Rio Verde,31.7,0.7,23.1,21.5,581.0,3.2,200,4.0,86,Misto,Transporte,Manha,0
2151,2026-05-08 16:49:00,EQ-017,Lucas do Rio Verde,50.3,0.0,26.0,6.0,1234.0,2.0,146,6.8,108,Argiloso,Colheita,Tarde,0
3672,2026-06-24 23:43:00,EQ-032,Sorriso,28.7,0.0,24.1,3.7,843.0,6.0,175,2.9,40,Argiloso,Pulverizacao,Noite,0
3374,2026-06-15 23:35:00,EQ-024,Cascavel,91.3,7.8,26.6,5.7,906.0,7.9,139,7.6,64,Argiloso,Pulverizacao,Noite,0
2210,2026-05-10 13:47:00,EQ-017,Lucas do Rio Verde,56.8,0.0,29.8,4.7,116.0,2.0,150,8.5,74,Argiloso,Colheita,Tarde,0
4896,2026-08-03 15:21:00,EQ-034,Cascavel,93.0,0.0,22.0,11.0,2114.0,8.8,49,10.8,9999.0,Misto,Transporte, TARDE ,0
5313,2026-08-16 08:21:00,EQ-009,Lucas do Rio Verde,23.7,0.0,31.2,9.5,1901.0,5.1,219,5.1,77,Misto,Colheita,Manha,0
4214,2026-07-11 17:03:00,EQ-035,Lucas do Rio Verde,33.6,0.0,26.8,14.2,196.0,3.1,24,5.6,96,Misto,Colheita,Tarde,0
4842,2026-08-01 16:39:00,EQ-023,Lucas do Rio Verde,22.1,0.0,25.4,14.3,562.0,6.9,34,8.5,73,Argiloso,Pulverizacao,Tarde,0
5012,2026-08-07 07:50:00,EQ-038,Rio Verde,23.1,0.0,22.5,13.9,806.0,3.4,77,11.5,83,Misto,Colheita,Manha,0
1869,2026-04-28 17:05:00,EQ-013,Barreiras,71.8,0.5,23.3,3.4,826.0,9.2,7,9.4,109,Misto,Colheita,Tarde,0
2064,2026-05-05 20:31:00,EQ-016,Cascavel,56.3,3.7,17.3,9.3,377.0,4.2,8,11.9,81,Misto,Transporte,Noite,0
3711,2026-06-26 09:19:00,EQ-001,Barreiras,33.0,0.0,21.7,18.0,2341.0,11.4,109,9.8,82,Argiloso,Colheita,Manha,0
3488,2026-06-19 10:56:00,EQ-010,Sorriso,26.9,0.0,25.2,14.3,617.0,5.1,258,7.1,87,Misto,Transporte,Manha,0
2599,2026-05-22 09:04:00,EQ-011,Barreiras,30.8,0.0,28.5,5.4,230.0,9.1,227,11.1,107,Misto,Transporte,Manha,0
1358,2026-04-12 13:45:00,EQ-024,Cascavel,90.5,7.3,24.1,4.7,666.0,7.7,281,5.2,76,Argiloso,Pulverizacao,Tarde,0
658,2026-03-22 09:10:00,EQ-008,Lucas do Rio Verde,100.0,19.0,25.7,4.4,112.0,9.3,364,10.6,81,Encharcado,Transporte,Manha,1
3340,2026-06-14 15:51:00,EQ-007,Barreiras,49.4,0.0,26.0,1.5,303.0,7.7,231,7.5,94,Misto,Colheita,Tarde,1
4107,2026-07-08 16:09:00,EQ-001,Rio Verde,22.1,0.0,26.1,12.3,363.0,11.4,176,9.9,61,Argiloso,Colheita,Tarde,0
5380,2026-08-18 08:29:00,EQ-026,Sorriso,16.6,0.6,22.8,14.4,433.0,2.8,127,5.8,88,Misto,Transporte,Manha,0
3076,2026-06-06 17:35:00,EQ-034,Rio Verde,29.2,0.0,30.6,6.3,1758.0,8.7,194,2.7,110,Argiloso,Transporte,Tarde,0
5490,2026-08-21 14:31:00,EQ-006,Sorriso,32.9,13.9,29.9,5.3,1672.0,12.4,184,7.7,,Misto,Pulverizacao,Tarde,0
5765,2026-08-30 22:10:00,EQ-032,Barreiras,13.2,0.0,29.7,13.4,534.0,6.2,243,6.7,84,Misto,Pulverizacao,Noite,0
1775,2026-04-25 17:16:00,EQ-007,Cascavel,67.1,0.0,20.7,14.4,115.0,7.6,0,9.8,97,Misto,Transporte,Tarde,0
3352,2026-06-15 08:26:00,EQ-034,Rio Verde,29.1,0.0,24.4,4.4,1209.0,8.7,225,9.3,82,Arenoso,Transporte,Manha,0
4090,2026-07-08 06:30:00,EQ-025,Barreiras,20.7,0.0,26.4,3.8,550.0,8.2,75,11.7,83,Misto,Colheita,Manha,0
1330,2026-04-11 16:10:00,EQ-018,Sorriso,76.2,20.3,28.0,11.6,469.0,9.1,28,8.5,66,Argiloso,Plantio,Tarde,1
2518,2026-05-19 09:30:00,EQ-023,Lucas do Rio Verde,31.4,0.0,23.8,7.8,1212.0,6.7,319,9.5,80,Misto,Pulverizacao,Manha,0
2240,2026-05-11 13:03:00,EQ-016,Cascavel,51.7,0.0,22.8,12.1,951.0,4.2,39,10.9,108,Argiloso,Colheita,Tarde,0
3788,2026-06-28 15:28:00,EQ-032,Sorriso,33.1,0.0,22.0,4.3,800.0,6.0,209,7.9,53,Misto,Pulverizacao,Tarde,0
3291,2026-06-13 07:19:00,EQ-013,Barreiras,33.2,0.0,26.1,1.3,1134.0,9.4,160,7.6,75,Pedregoso,Transporte,Manha,1
5297,2026-08-15 16:09:00,EQ-027,Barreiras,24.4,0.0,27.1,9.2,1318.0,17.2,678,8.7,78,Arenoso,Colheita,Tarde,0
3480,2026-06-19 08:53:00,EQ-023,Lucas do Rio Verde,29.1,0.0,20.6,1.5,853.0,6.8,466,6.2,92,Argiloso,Pulverizacao,Manha,0
4167,2026-07-10 09:31:00,EQ-012,Lucas do Rio Verde,18.0,0.0,21.1,6.1,561.0,3.5,770,4.8,93,Misto,Pulverizacao,Manha,0
4713,2026-07-28 14:06:00,EQ-040,Não-Me-Toque,89.9,0.0,14.8,22.4,2055.0,13.4,250,10.1,73,Misto,Colheita,Tarde,0
5376,2026-08-18 07:40:00,EQ-011,Barreiras,33.1,0.0,28.0,2.0,2013.0,9.3,179,2.9,78,Arenoso,Transporte,Manha,1
5238,2026-08-14 06:46:00,EQ-013,Barreiras,14.2,0.0,29.3,3.2,153.0,9.5,466,10.9,120,Arenoso,Colheita,Manha,0
1859,2026-04-28 08:37:00,EQ-025,Barreiras,70.3,0.5,28.3,2.7,749.0,8.0,57,10.1,62,Misto,Colheita,Manha,1
195,2026-03-07 17:14:00,EQ-002,Rio Verde,93.3,9.9,28.6,5.0,1202.0,7.3,27,9.4,81,Encharcado,Transporte,Tarde,0
3452,2026-06-18 09:23:00,EQ-011,Barreiras,40.2,0.0,28.3,3.1,1029.0,9.2,379,1.4,106,Arenoso,Plantio,Manha,0
2638,2026-05-23 16:00:00,EQ-003,Lucas do Rio Verde,41.7,0.0,25.8,10.0,544.0,8.5,177,10.9,78,Arenoso,Pulverizacao,Tarde,0
2795,2026-05-28 15:35:00,EQ-037,Sorriso,42.8,0.0,23.2,3.4,284.0,20.6,204,9.9,84,Misto,Transporte,Tarde,0
3497,2026-06-19 16:02:00,EQ-015,Sorriso,14.8,0.0,29.0,6.1,48.0,8.2,141,12.9,69,Argiloso,Colheita,Tarde,0
2285,2026-05-12 14:32:00,EQ-003,Lucas do Rio Verde,54.1,2.1,23.2,1.9,225.0,8.4,120,11.7,72,Argiloso,Pulverizacao,Tarde,1
2534,2026-05-19 21:08:00,EQ-030,Não-Me-Toque,93.9,31.0,23.8,20.9,86.0,12.5,563,9.9,88,Encharcado,Colheita,Noite,1
3860,2026-06-30 20:31:00,EQ-017,Lucas do Rio Verde,22.8,0.0,26.4,6.0,1146.0,2.1,95,5.7,96,Argiloso,Colheita,Noite,0
2026,2026-05-04 07:15:00,EQ-001,Barreiras,89.3,0.0,17.9,2.0,970.0,11.3,216,6.3,111,Arenoso,Transporte,Manha,0
3193,2026-06-10 07:14:00,EQ-012,Lucas do Rio Verde,39.5,0.0,21.9,3.4,364.0,3.4,623,8.9,72,Arenoso,Pulverizacao,Manha,0
2618,2026-05-22 20:03:00,EQ-028,Sorriso,57.8,4.4,25.9,9.7,1020.0,6.9,135,13.1,85,Argiloso,Transporte,Noite,0
993,2026-03-31 23:34:00,EQ-018,Rio Verde,60.8,0.0,25.7,2.7,601.0,9.1,270,5.4,80,Misto,Transporte,Noite,0
2975,2026-06-03 14:43:00,EQ-034,Rio Verde,23.1,0.0,25.8,7.4,694.0,8.7,185,6.1,92,Arenoso,Colheita,Tarde,0
4872,2026-08-02 17:07:00,EQ-002,Rio Verde,30.1,0.0,25.2,2.6,1125.0,7.7,86,8.6,91,Argiloso,Colheita,Tarde,0
5371,2026-08-17 22:22:00,EQ-009,Não-Me-Toque,72.8,5.0,22.7,5.5,1013.0,5.1,223,8.3,89,Argiloso,Transporte,Noite,0
1266,2026-04-09 17:29:00,EQ-040,Sorriso,81.9,0.0,28.5,11.4,2088.0,13.1,120,7.7,56,Argiloso,Transporte,Tarde,0
1703,2026-04-23 09:13:00,EQ-005,Sorriso,58.7,0.0,35.0,10.4,466.0,7.7,99,6.2,95,Misto,Colheita,Manha,1
2612,2026-05-22 16:37:00,EQ-007,Cascavel,67.5,10.5,30.8,16.6,478.0,7.7,131,5.9,77,Argiloso,Colheita,Tarde,1
4440,2026-07-19 14:02:00,EQ-032,Sorriso,23.6,0.0,23.8,7.7,231.0,6.1,27,5.6,75,Argiloso,Pulverizacao,Tarde,0
220,2026-03-08 15:06:00,EQ-029,Rio Verde,86.2,12.7,25.4,8.1,515.0,0.9,304,9.1,68,Misto,Plantio,Tarde,1
5761,2026-08-30 16:39:00,EQ-021,Cascavel,80.6,0.0,18.6,15.0,687.0,13.3,76,3.0,108,Misto,Colheita,Tarde,1
2978,2026-06-03 21:01:00,EQ-028,Sorriso,33.3,0.0,27.9,3.6,731.0,7.0,188,11.3,104,Arenoso,Transporte,Noite,0
2496,2026-05-18 21:23:00,EQ-002,Rio Verde,30.7,0.0,26.2,17.6,2084.0,7.5,72,7.9,81,Argiloso,Plantio,Noite,0
5668,2026-08-27 14:40:00,EQ-014,Sorriso,32.3,0.0,26.2,3.6,1154.0,8.4,201,4.7,72,Argiloso,Pulverizacao,Tarde,0
405,2026-03-14 20:22:00,EQ-026,Sorriso,89.5,14.5,33.5,9.6,20.0,2.4,204,8.1,96,Arenoso,Plantio,Noite,1
3528,2026-06-20 16:01:00,EQ-020,Lucas do Rio Verde,26.8,0.0,23.8,17.7,1336.0,1.7,331,6.5,102,Misto,Colheita,Tarde,0
2972,2026-06-03 10:26:00,EQ-035,Lucas do Rio Verde,35.8,0.0,20.7,3.6,246.0,3.0,204,7.0,83,Misto,Transporte,Manha,0
5391,2026-08-18 14:23:00,EQ-007,Sorriso,22.1,0.6,27.3,6.6,814.0,7.9,74,7.6,91,Arenoso,Transporte,Tarde,0
2689,2026-05-25 10:27:00,EQ-010,Sorriso,47.7,0.0,,6.4,914.0,5.1,105,8.1,88,Misto,Transporte,Manha,0
4406,2026-07-18 09:20:00,EQ-012,Lucas do Rio Verde,15.4,2.8,20.1,10.3,1283.0,3.5,18,5.9,68,Misto,Pulverizacao,Manha,0
5194,2026-08-12 14:08:00,EQ-033,Lucas do Rio Verde,16.5,0.0,30.9,0.9,339.0,24.4,240,10.7,40,Arenoso,Plantio,Tarde,0
2709,2026-05-25 21:24:00,EQ-011,Barreiras,39.2,0.0,24.4,9.7,955.0,9.1,248,9.2,90,Arenoso,Transporte,Noite,0
2034,2026-05-04 15:01:00,EQ-006,Sorriso,47.5,0.0,29.7,23.4,741.0,12.1,287,5.1,97,Argiloso,Pulverizacao,Tarde,0
4614,2026-07-25 09:27:00,EQ-035,Rio Verde,36.8,0.0,23.5,13.2,1505.0,3.1,51,11.4,69,Misto,Plantio,Manha,0
5424,2026-08-19 14:59:00,EQ-019,Sorriso,22.1,0.0,28.7,14.7,334.0,4.6,81,5.6,92,Argiloso,Pulverizacao,Tarde,0
5712,2026-08-29 08:08:00,EQ-029,Rio Verde,21.0,0.0,32.0,6.9,285.0,1.3,314,5.8,105,Arenoso,Transporte,Manha,1
4299,2026-07-14 20:12:00,EQ-003,Lucas do Rio Verde,29.6,0.0,22.3,1.8,1118.0,8.6,375,9.6,81,Misto,Pulverizacao,Noite,0
2472,2026-05-18 10:12:00,EQ-008,Barreiras,50.7,0.2,22.6,5.0,839.0,9.4,617,5.5,69,Arenoso,Colheita,Manha,1
527,2026-03-18 07:44:00,EQ-005,Sorriso,71.1,0.0,30.9,2.6,493.0,7.6,218,6.9,70,Argiloso,Plantio,Manha,0
4997,2026-08-06 17:28:00,EQ-028,Sorriso,35.6,0.0,27.6,11.8,2137.0,7.1,488,9.2,77,Argiloso,Colheita,Tarde,0
4256,2026-07-13 08:24:00,EQ-032,Rio Verde,17.0,0.0,28.3,8.0,449.0,6.0,275,6.8,62,Argiloso,Pulverizacao,Manha,0
1373,2026-04-12 21:08:00,EQ-025,Barreiras,69.4,0.0,22.9,2.1,474.0,8.0,255,5.6,100,Arenoso,Colheita,Noite,1
1639,2026-04-21 10:36:00,EQ-023,Lucas do Rio Verde,100.0,43.3,29.7,7.0,289.0,6.7,186,3.8,88,Argiloso,Pulverizacao,Manha,1
2535,2026-05-19 22:19:00,EQ-018,Rio Verde,38.1,7.8,21.0,5.2,1172.0,9.2,186,7.0,94, misto ,Transporte,Noite,0
2543,2026-05-20 09:09:00,EQ-026,Sorriso,48.2,0.0,31.0,2.8,324.0,2.5,493,10.7,61,Misto,Plantio,Manha,0
337,2026-03-12 17:10:00,EQ-011,Barreiras,92.0,39.8,29.6,3.9,925.0,8.9,346,9.2,86,Arenoso,Plantio,Tarde,0
5498,2026-08-21 19:25:00,EQ-038,Rio Verde,31.5,0.0,27.5,17.5,535.0,3.4,122,9.4,81,Misto,Plantio,Noite,0
3189,2026-06-09 22:42:00,EQ-037,Sorriso,34.2,0.0,26.9,4.8,811.0,20.7,265,9.0,92,Arenoso,Transporte,Noite,1
3164,2026-06-09 08:51:00,EQ-020,Não-Me-Toque,77.5,15.3,20.5,12.7,1255.0,1.7,279,8.0,91,Argiloso,Colheita,Manha,0
839,2026-03-27 14:05:00,EQ-014,Sorriso,93.3,46.3,21.5,3.5,631.0,8.0,265,8.5,79,Encharcado,Pulverizacao,Tarde,0
86,2026-03-03 22:33:00,EQ-013,Barreiras,62.4,0.0,22.0,3.6,131.0,9.1,574,11.5,87,Misto,Colheita,Noite,1
514,2026-03-17 16:01:00,EQ-012,Lucas do Rio Verde,78.8,0.0,28.3,1.3,1011.0,3.1,256,8.5,53,Argiloso,Pulverizacao,Tarde,0
3197,2026-06-10 07:39:00,EQ-014,Não-Me-Toque,77.2,2.9,21.4,2.2,260.0,8.2,221,7.4,86,Misto,Pulverizacao,Manha,1
5562,2026-08-24 10:28:00,EQ-009,Lucas do Rio Verde,29.1,0.0,26.1,10.0,467.0,5.1,247,7.9,83,Arenoso,Plantio,Manha,0
4759,2026-07-29 22:02:00,EQ-004,Cascavel,93.4,0.0,13.1,16.4,1496.0,5.9,227,8.5,89,Argiloso,Colheita,Noite,0
3825,2026-06-29 15:40:00,EQ-013,Barreiras,15.4,0.0,27.9,4.8,512.0,9.4,247,6.5,115,Misto,Transporte,Tarde,1
2741,2026-05-26 22:16:00,EQ-006,Sorriso,43.6,0.0,29.9,7.6,1361.0,12.1,71,8.9,51,Misto,Pulverizacao,Noite,0
5524,2026-08-22 17:45:00,EQ-019,Sorriso,42.8,34.2,21.9,1.9,1342.0,4.6,103,7.0,105,Argiloso,Pulverizacao,Tarde,0
1910,2026-04-30 08:03:00,EQ-015,Sorriso,68.3,20.3,31.4,5.9,1021.0,8.0,194,7.4,113,Argiloso,Transporte,Manha,0
4189,2026-07-10 19:43:00,EQ-017,Lucas do Rio Verde,24.9,0.0,26.2,13.0,196.0,2.1,140,1.2,90,Argiloso,Colheita,Noite,0
1041,2026-04-02 16:05:00,EQ-027,Barreiras,84.4,7.9,22.8,6.2,366.0,16.9,113,11.1,92,Arenoso,Colheita,Tarde,1
5332,2026-08-16 17:09:00,EQ-036,Rio Verde,23.1,0.0,32.2,4.8,926.0,6.7,80,4.9,73,Arenoso,Plantio,Tarde,0
1545,2026-04-18 09:27:00,EQ-021,Cascavel,64.7,12.5,19.0,8.8,147.0,12.9,40,9.1,98,Arenoso,Colheita,Manha,1
1879,2026-04-28 23:34:00,EQ-029,Rio Verde,66.5,0.0,29.6,10.0,378.0,1.0,163,6.2,66,Misto,Plantio,Noite,1
280,2026-03-10 16:25:00,EQ-015,Sorriso,94.8,1.2,27.4,2.9,939.0,7.9,202,11.4,78,Misto,Plantio,Tarde,0
4023,2026-07-05 16:04:00,EQ-004,Cascavel,80.3,40.1,14.7,15.2,304.0,5.8,138,13.4,94,Misto,Colheita,Tarde,1
5308,2026-08-16 06:06:00,EQ-019,Sorriso,21.9,0.0,30.4,2.5,584.0,4.6,68,4.8,89,Misto,Pulverizacao,Manha,0
13,2026-03-01 09:49:00,EQ-018,Rio Verde,67.7,13.3,31.2,10.3,298.0,9.0,153,5.9,103,Arenoso,TRANSPORTE,Manha,0
5260,2026-08-14 17:29:00,EQ-013,Barreiras,15.5,0.0,26.7,8.2,1809.0,9.5,461,9.0,110,Arenoso,Colheita,Tarde,0
516,2026-03-17 16:08:00,EQ-034,Rio Verde,85.0,11.2,30.2,3.3,1880.0,8.4,267,5.4,102,Encharcado,Transporte,Tarde,0
3704,2026-06-26 07:18:00,EQ-026,Sorriso,27.3,0.0,21.4,1.0,410.0,2.6,658,6.8,69,Arenoso,Transporte,Manha,0
1494,2026-04-16 20:26:00,EQ-040,Não-Me-Toque,63.2,28.1,21.7,38.4,842.0,13.2,157,8.7,95,Argiloso,Colheita,Noite,1
4472,2026-07-20 09:31:00,EQ-012,Lucas do Rio Verde,29.8,14.1,22.0,5.4,493.0,3.5,30,9.5,46,Misto,Pulverizacao,Manha,0
5659,2026-08-27 07:34:00,EQ-007,Cascavel,100.0,58.0,16.4,8.7,711.0,7.9,92,6.1,112,Argiloso,Colheita,Manha,1
1693,2026-04-22 22:15:00,EQ-003,Lucas do Rio Verde,99.2,186.9,26.7,3.3,778.0,8.4,62,11.2,70,Encharcado,Pulverizacao,Noite,1
345,2026-03-12 22:16:00,EQ-005,Sorriso,92.9,83.1,32.1,2.8,418.0,7.6,179,7.1,104,Misto,Transporte,Noite,1
4665,2026-07-27 07:45:00,EQ-007,Cascavel,93.0,48.2,14.9,29.4,793.0,7.8,403,7.8,90,Encharcado,Colheita,Manha,1
1446,2026-04-14 17:09:00,EQ-015,Sorriso,86.9,0.0,28.9,8.4,2500.0,8.0,120,8.3,91,Encharcado,Plantio,Tarde,0
2857,2026-05-31 06:03:00,EQ-017,Lucas do Rio Verde,56.4,0.0,26.5,5.4,313.0,2.0,248,6.9,80,Misto,Colheita,Manha,0
1098,2026-04-04 10:47:00,EQ-008,Barreiras,90.8,4.8,21.9,4.9,1494.0,9.3,420,10.9,95,Arenoso,Colheita,Manha,0
3989,2026-07-04 17:55:00,EQ-021,Cascavel,67.5,6.8,15.3,17.4,1566.0,13.1,119,8.5,79,Argiloso,Colheita,Tarde,0
448,2026-03-15 19:50:00,EQ-030,Rio Verde,80.4,18.4,28.5,11.1,936.0,12.3,296,5.8,85,Argiloso,Colheita,Noite,0
4172,2026-07-10 13:03:00,EQ-029,Rio Verde,28.9,0.0,24.8,1.7,771.0,1.2,78,6.6,64,Arenoso,Transporte,Tarde,0
1674,2026-04-22 08:26:00,EQ-014,Sorriso,63.3,0.0,30.9,6.0,842.0,8.1,19,8.0,71,Misto,Pulverizacao,Manha,0
1702,2026-04-23 09:01:00,EQ-037,Sorriso,55.7,0.0,30.7,21.6,360.0,20.6,50,11.1,87,Misto,Colheita,Manha,1
4318,2026-07-15 10:59:00,EQ-024,Cascavel,100.0,29.0,14.3,18.4,337.0,8.0,302,8.1,62,Encharcado,Pulverizacao,Manha,1
4792,2026-07-31 07:26:00,EQ-024,Barreiras,20.1,0.0,23.8,4.2,1019.0,8.0,357,9.3,95,Pedregoso,Pulverizacao,Manha,0
3360,2026-06-15 10:50:00,EQ-020,Barreiras,32.9,0.0,22.8,8.7,1025.0,1.7,305,8.2,95,Arenoso,Colheita,Manha,0
5169,2026-08-11 16:14:00,EQ-001,Barreiras,20.0,0.0,28.2,3.6,91.0,11.5,303,11.6,119,Misto,Colheita,Tarde,0
3178,2026-06-09 16:42:00,EQ-025,Barreiras,"41,2",7.6,27.4,7.0,441.0,8.1,239,10.2,101,Misto,Transporte,Tarde,1
4109,2026-07-08 16:56:00,EQ-017,Lucas do Rio Verde,25.1,0.0,23.8,3.5,732.0,2.1,129,4.1,97,Misto,Colheita,Tarde,0
5619,2026-08-25 22:08:00,EQ-019,Sorriso,45.3,0.0,26.2,1.8,954.0,4.6,115,4.4,74,Misto,Pulverizacao,Noite,0
3959,2026-07-03 22:00:00,EQ-023,Lucas do Rio Verde,28.0,0.0,25.9,5.4,1289.0,6.9,535,6.1,67,Arenoso,Pulverizacao,Noite,0
3257,2026-06-12 09:38:00,EQ-036,Rio Verde,27.0,0.0,22.6,7.7,159.0,6.5,82,7.0,99,Misto,Transporte,Manha,0
762,2026-03-25 06:29:00,EQ-019,Cascavel,49.0,0.0,20.2,6.9,1449.0,4.2,349,,57,Misto,Pulverizacao,Manha,0
1727,2026-04-24 07:22:00,EQ-035,Lucas do Rio Verde,97.6,57.8,28.3,4.5,707.0,2.9,30,10.9,77,Arenoso,Transporte,Manha,0
4757,2026-07-29 21:20:00,EQ-033,Lucas do Rio Verde,26.4,0.0,25.1,1.3,849.0,24.4,165,4.8,97,Misto,Transporte,Noite,0
5344,2026-08-17 07:48:00,EQ-009,Não-Me-Toque,67.6,5.0,23.3,21.8,245.0,5.1,227,4.0,106,Misto,Transporte,Manha,1
1628,2026-04-21 06:39:00,EQ-022,Rio Verde,84.7,0.0,28.7,3.2,704.0,3.6,356,9.4,104,Arenoso,Colheita,Manha,0
4239,2026-07-12 15:19:00,EQ-005,Sorriso,29.6,0.0,28.8,5.4,1212.0,7.9,172,6.1,96,Misto,Transporte,Tarde,0
3731,2026-06-26 19:43:00,EQ-030,Rio Verde,16.0,0.0,27.3,0.9,846.0,12.6,96,12.7,104,Misto,Colheita,Noite,0
1392,2026-04-13 14:19:00,EQ-036,Rio Verde,87.8,6.2,31.2,1.2,89.0,6.4,93,10.7,72,Arenoso,Plantio,Tarde,0
481,2026-03-17 06:57:00,EQ-039,Sorriso,"74,6",0.0,34.5,5.1,530.0,2.0,424,8.8,95,Argiloso,Colheita,Manha,1
155,2026-03-06 09:31:00,EQ-024,Cascavel,67.2,0.0,19.6,4.7,643.0,7.6,144,2.9,105,Misto,Pulverizacao,Manha,0
3591,2026-06-22 17:21:00,EQ-026,Sorriso,18.2,0.0,31.4,10.7,341.0,2.6,644,9.2,98,Misto,Transporte,Tarde,0
241,2026-03-09 10:15:00,EQ-038,Rio Verde,75.6,0.0,28.0,10.8,183.0,3.0,87,10.1,68,Misto,Plantio,Manha,1
5265,2026-08-14 21:41:00,EQ-008,Barreiras,26.3,0.0,30.9,9.6,923.0,9.7,397,11.1,98,Arenoso,Transporte,Noite,0
1107,2026-04-04 19:07:00,EQ-008,Barreiras,88.7,4.8,19.1,5.6,1454.0,9.3,426,3.8,89,Misto,Transporte,Noite,0
3209,2026-06-10 14:45:00,EQ-010,Sorriso,19.0,0.0,27.0,5.6,654.0,5.1,196,7.1,79,Argiloso,Transporte,Tarde,0
3307,2026-06-13 14:10:00,EQ-036,Rio Verde,23.8,0.7,22.0,9.4,481.0,6.6,85,3.6,114,Argiloso,Transporte,Tarde,1
5343,2026-08-17 07:09:00,EQ-016,Cascavel,87.2,11.0,19.8,9.1,167.0,4.5,,9.0,115,Argiloso,Colheita,Manha,1
2192,2026-05-09 21:30:00,EQ-034,Rio Verde,56.2,2.6,27.1,8.6,471.0,8.6,81,8.9,86,Misto,Transporte,Noite,0
1838,2026-04-27 15:32:00,EQ-032,Sorriso,75.8,0.0,27.9,1.3,1109.0,5.8,142,9.6,109,Arenoso,Pulverizacao,Tarde,0
2221,2026-05-10 16:57:00,EQ-013,Barreiras,60.9,0.0,33.8,7.6,792.0,9.3,48,7.1,97,Arenoso,Colheita,Tarde,0
2140,2026-05-08 14:01:00,EQ-022,Rio Verde,53.1,0.6,25.1,7.1,183.0,3.6,414,8.9,99,Argiloso,Transporte,Tarde,1
744,2026-03-24 13:54:00,EQ-004,Cascavel,58.4,0.0,27.1,2.6,1133.0,5.5,324,8.4,74,Misto,Colheita,Tarde,0
3092,2026-06-07 08:54:00,EQ-040,Não-Me-Toque,84.2,0.0,16.4,9.3,1033.0,13.3,53,7.0,88,Misto,Colheita,Manha,0
2919,2026-06-01 15:13:00,EQ-014,Sorriso,40.8,0.0,23.3,2.5,321.0,8.2,198,5.3,81,Argiloso,Pulverizacao,Tarde,1
972,2026-03-31 10:21:00,EQ-027,Barreiras,100.0,63.3,28.7,0.4,467.0,16.9,109,9.4,83,Encharcado,Plantio,Manha,1
1893,2026-04-29 10:39:00,EQ-034,Rio Verde,56.9,6.7,31.5,8.8,298.0,8.6,35,12.0,99,Argiloso,Transporte,Manha,0
5234,2026-08-13 21:47:00,EQ-031,Rio Verde,12.6,0.0,24.4,6.7,482.0,5.7,238,13.7,75,Misto,Colheita,Noite,0
2436,2026-05-17 13:01:00,EQ-005,Sorriso,60.6,0.0,24.3,3.4,1614.0,7.8,220,5.6,94,Arenoso,Colheita,Tarde,0
725,2026-03-24 07:15:00,EQ-014,Sorriso,88.8,28.3,25.1,3.3,278.0,8.0,248,5.1,83,Encharcado,Pulverizacao,Manha,1
3111,2026-06-07 16:11:00,EQ-002,Rio Verde,14.5,0.0,29.7,4.2,517.0,7.6,152,6.6,88,Misto,Transporte,Tarde,0
5716,2026-08-29 09:12:00,EQ-020,Barreiras,6.6,0.0,27.8,9.9,1313.0,1.9,282,10.4,79,Misto,Colheita,Manha,0
5035,2026-08-07 20:35:00,EQ-014,Sorriso,24.3,0.0,24.0,3.8,524.0,8.4,83,11.5,79,Misto,Pulverizacao,Noite,0
471,2026-03-16 16:05:00,EQ-016,Cascavel,58.2,0.0,29.0,18.2,1863.0,4.1,97,4.9,98,Argiloso,Transporte,Tarde,0
2990,2026-06-04 09:32:00,EQ-036,Rio Verde,23.4,0.0,14.2,3.1,773.0,6.5,19,6.0,100,Argiloso,Colheita,Manha,0
4096,2026-07-08 09:24:00,EQ-034,Rio Verde,12.1,0.0,22.2,2.1,1151.0,8.7,313,11.3,92,Argiloso,Colheita,Manha,0
145,2026-03-06 06:15:00,EQ-031,Rio Verde,100.0,37.7,34.8,8.6,1157.0,5.2,396,6.0,96,Misto,Transporte,Manha,1
1029,2026-04-02 08:59:00,EQ-008,Barreiras,88.1,7.9,29.6,6.8,129.0,9.3,405,7.4,100,Arenoso,Colheita,Manha,1
5254,2026-08-14 15:01:00,EQ-001,Barreiras,23.8,0.0,19.9,5.1,654.0,11.5,6,6.6,69,Misto,Colheita,Tarde,0
2683,2026-05-25 09:00:00,EQ-013,Barreiras,34.1,0.0,29.7,11.4,732.0,9.3,110,7.4,93,Misto,Colheita,Manha,0
3894,2026-07-01 23:29:00,EQ-016,Cascavel,89.7,0.0,18.4,7.5,1551.0,4.4,254,7.2,91,Argiloso,Transporte,Noite,0
1038,2026-04-02 14:35:00,EQ-009,Lucas do Rio Verde,78.2,10.6,31.3,5.6,622.0,4.8,411,3.7,64,Misto,Plantio,Tarde,1
3752,2026-06-27 14:16:00,EQ-031,Rio Verde,21.0,0.0,27.9,13.3,2090.0,5.6,408,8.8,85,Misto,Colheita,Tarde,0
1690,2026-04-22 19:53:00,EQ-002,Rio Verde,82.6,14.6,27.4,3.0,1173.0,7.5,263,6.5,85,Misto,Transporte,Noite,0
2776,2026-05-28 06:24:00,EQ-017,Lucas do Rio Verde,43.7,15.1,24.2,3.9,1240.0,2.0,229,3.8,90,Arenoso,Colheita,Manha,0
5732,2026-08-29 21:40:00,EQ-010,Sorriso,42.3,0.0,25.9,6.8,971.0,5.3,206,6.3,96,Argiloso,Colheita,Noite,0
4177,2026-07-10 14:14:00,EQ-017,Lucas do Rio Verde,21.1,0.0,23.8,3.9,137.0,2.1,141,9.0,85,Argiloso,Colheita,Tarde,0
4826,2026-08-01 07:08:00,EQ-014,Sorriso,49.0,0.0,32.7,4.3,93.0,8.3,56,10.7,60,Misto,Pulverizacao,Manha,0
4663,2026-07-27 06:52:00,EQ-032,Sorriso,41.8,0.0,25.9,4.9,2500.0,6.1,64,5.1,90,Arenoso,Pulverizacao,Manha,0
2607,2026-05-22 14:37:00,EQ-029,Lucas do Rio Verde,30.6,0.0,20.6,12.2,202.0,1.1,253,6.4,73,Misto,Transporte,Tarde,1
4832,2026-08-01 09:50:00,EQ-002,Rio Verde,36.8,0.0,26.0,4.4,332.0,7.7,79,6.5,54,Misto,Plantio,Manha,0
2595,2026-05-22 07:09:00,EQ-031,Rio Verde,43.8,0.0,24.4,7.2,439.0,5.5,303,4.4,91,Misto,Colheita,Manha,0
2402,2026-05-16 08:22:00,EQ-039,Rio Verde,35.1,0.0,26.3,9.3,987.0,2.2,65,7.5,98,Misto,Transporte,Manha,0
3556,2026-06-21 15:54:00,EQ-002,Rio Verde,16.5,0.0,23.2,6.5,1136.0,7.6,202,5.6,106,Arenoso,Transporte,Tarde,0
5347,2026-08-17 08:22:00,EQ-018,Não-Me-Toque,83.5,5.0,20.6,13.1,957.0,9.4,249,7.0,108,Misto,Transporte,Manha,0
4388,2026-07-17 16:25:00,EQ-016,Cascavel,90.5,0.0,11.3,13.9,132.0,4.4,0,12.7,82,Encharcado,Transporte,Tarde,1
5465,2026-08-20 16:56:00,EQ-018,Rio Verde,36.0,0.0,26.8,2.6,1761.0,9.4,268,8.5,85,Misto,Colheita,Tarde,0
5023,2026-08-07 14:24:00,EQ-018,Rio Verde,25.6,0.0,29.5,9.3,110.0,9.4,207,9.5,77,Misto,Transporte,Tarde,1
4112,2026-07-08 17:23:00,EQ-022,Rio Verde,19.0,0.0,29.1,7.3,187.0,3.8,269,10.7,59,Arenoso,Plantio,Tarde,0
1678,2026-04-22 13:01:00,EQ-022,Rio Verde,71.9,14.6,30.7,16.1,960.0,3.6,365,7.6,69,Arenoso,Plantio,Tarde,1
179,2026-03-07 07:34:00,EQ-017,Lucas do Rio Verde,100.0,21.1,26.9,6.4,547.0,1.8,144,6.5,99,Arenoso,Colheita,Manha,1
1039,2026-04-02 15:48:00,EQ-001,Barreiras,88.6,7.9,21.0,7.4,1589.0,11.2,66,2.9,77,Arenoso,Colheita,Tarde,0
5495,2026-08-21 17:35:00,EQ-018,Rio Verde,23.7,0.0,29.8,17.0,996.0,9.4,273,5.2,89,Argiloso,Transporte,Tarde,0
1886,2026-04-29 06:48:00,EQ-007,Lucas do Rio Verde,75.2,0.0,22.4,14.3,432.0,7.6,38,8.9,97,Misto,Colheita,Manha,1
4638,2026-07-26 07:59:00,EQ-038,Rio Verde,37.5,0.0,24.1,2.2,1726.0,3.3,54,4.9,89,Arenoso,Colheita,Manha,0
5177,2026-08-12 06:37:00,EQ-030,Não-Me-Toque,70.8,0.0,27.3,6.7,132.0,12.8,326,8.0,64,Arenoso,Colheita,Manha,1
232,2026-03-09 06:16:00,EQ-002,Rio Verde,80.4,0.0,27.4,7.0,564.0,7.3,40,10.6,87,Misto,Plantio,Manha,1
4580,2026-07-23 23:15:00,EQ-029,Rio Verde,43.0,4.7,27.1,10.8,1182.0,1.2,115,11.0,76,Arenoso,Transporte,Noite,1
1585,2026-04-19 13:07:00,EQ-024,Cascavel,80.1,10.3,23.7,27.0,190.0,7.7,317,8.4,61,Argiloso,Pulverizacao,Tarde,1
1292,2026-04-10 14:37:00,EQ-039,Sorriso,79.7,0.0,22.1,4.3,2288.0,2.1,558,9.2,92,Misto,Transporte,Tarde,0
4039,2026-07-06 06:47:00,EQ-009,Lucas do Rio Verde,14.3,0.0,22.8,11.0,759.0,5.0,40,9.9,87,Argiloso,Transporte,Manha,0
3060,2026-06-06 10:48:00,EQ-004,Cascavel,100.0,49.5,17.8,3.9,796.0,,320,7.4,76,Encharcado,Transporte,Manha,1
1044,2026-04-02 17:45:00,EQ-028,Sorriso,98.6,29.2,35.0,2.2,528.0,6.8,586,9.0,76,Encharcado,Transporte,Tarde,1
2668,2026-05-24 17:21:00,EQ-022,Rio Verde,29.4,0.0,22.8,4.9,509.0,3.7,40,11.0,104,Misto,Transporte,Tarde,0
3211,2026-06-10 15:08:00,EQ-005,Sorriso,30.1,0.0,25.7,5.6,202.0,7.8,13,10.3,104,Misto,Transporte,Tarde,1
146,2026-03-06 06:16:00,EQ-027,Barreiras,70.8,0.0,32.3,3.8,51.0,16.8,0,8.9,101,Arenoso,Transporte,Manha,1
3780,2026-06-28 08:53:00,EQ-029,Rio Verde,20.4,0.0,31.0,10.2,500.0,1.2,38,9.4,80,Argiloso,Transporte,Manha,0
204,2026-03-08 07:34:00,EQ-001,Barreiras,79.2,29.0,28.2,2.1,513.0,11.1,270,8.8,77,Arenoso,Colheita,Manha,1
4893,2026-08-03 14:03:00,EQ-017,Lucas do Rio Verde,21.4,0.0,33.6,4.4,1378.0,2.2,0,10.6,85,Misto,Transporte,Tarde,0
4124,2026-07-09 08:30:00,EQ-020,Sorriso,18.5,0.0,29.6,6.8,1274.0,1.7,42,7.9,74,Misto,Colheita,Manha,0
2393,2026-05-15 17:50:00,EQ-040,Sorriso,70.4,0.0,,17.6,1699.0,13.2,284,13.9,87,Argiloso,Colheita,Tarde,0
1000,2026-04-01 09:44:00,EQ-033,Lucas do Rio Verde,92.6,11.9,19.0,2.4,357.0,24.1,35,9.2,99,Encharcado,Transporte,Manha,1
1699,2026-04-23 08:27:00,EQ-036,Rio Verde,64.4,0.0,24.0,21.6,933.0,6.4,129,5.2,66,Misto,Plantio,Manha,1
188,2026-03-07 14:30:00,EQ-021,Cascavel,60.8,11.8,19.1,14.7,657.0,12.8,107,9.1,100,Arenoso,Transporte,Tarde,0
4828,2026-08-01 07:54:00,EQ-037,Sorriso,30.7,0.0,27.5,7.4,268.0,20.8,517,9.9,118,Misto,Transporte,Manha,1
299,2026-03-11 09:56:00,EQ-035,Lucas do Rio Verde,100.0,32.4,32.8,7.6,117.0,2.8,174,7.3,62,Misto,Plantio,Manha,1
4639,2026-07-26 10:27:00,EQ-018,Rio Verde,43.3,0.0,27.2,7.5,1137.0,9.4,166,8.8,97,Misto,Transporte,Manha,0
1353,2026-04-12 09:08:00,EQ-025,Barreiras,73.9,0.0,31.3,6.2,723.0,8.0,253,2.9,101,Arenoso,Colheita,Manha,0
4376,2026-07-17 10:08:00,EQ-032,Rio Verde,30.9,22.8,16.3,16.1,1100.0,6.1,20,7.2,64,Argiloso,Pulverizacao,Manha,0
5555,2026-08-24 08:11:00,EQ-037,Sorriso,47.0,0.0,35.9,2.7,1045.0,20.9,616,9.9,111,Argiloso,Colheita,Manha,1
2365,2026-05-14 21:07:00,EQ-012,Lucas do Rio Verde,41.5,0.0,27.7,18.9,537.0,3.3,505,10.2,76,Misto,Pulverizacao,Noite,0
1139,2026-04-05 17:24:00,EQ-005,Sorriso,100.0,25.9,33.6,6.5,202.0,7.6,0,8.3,82,Misto,Colheita,Tarde,1
2267,2026-05-12 08:03:00,EQ-018,Rio Verde,47.5,0.0,30.7,9.1,1084.0,9.2,161,5.0,77,Misto,Colheita,Manha,0
297,2026-03-11 08:01:00,EQ-009,Lucas do Rio Verde,96.7,32.4,32.0,1.9,863.0,4.7,337,9.6,97,Encharcado,Plantio,Manha,0
1025,2026-04-02 07:21:00,EQ-004,Cascavel,100.0,24.6,17.5,14.9,602.0,5.5,34,7.8,72,Encharcado,Colheita,Manha,0
2345,2026-05-14 10:00:00,EQ-005,Sorriso,74.2,0.0,29.2,6.7,1256.0,7.8,209,6.6,56,Argiloso,Plantio,Manha,0
3717,2026-06-26 13:09:00,EQ-029,Rio Verde,37.0,0.0,25.7,7.1,454.0,1.2,22,1.0,74,Misto,Colheita,Tarde,0
4350,2026-07-16 13:40:00,EQ-030,Não-Me-Toque,53.6,0.0,10.1,36.6,2500.0,12.7,192,8.1,94,Misto,Colheita,Tarde,1
1657,2026-04-21 21:44:00,EQ-009,Lucas do Rio Verde,98.2,43.3,28.1,3.2,1067.0,4.8,494,9.5,90,Encharcado,Colheita,Noite,1
1079,2026-04-03 16:57:00,EQ-021,Cascavel,85.2,60.4,26.6,5.8,586.0,12.9,215,7.2,90,Argiloso,Colheita,Tarde,1
3106,2026-06-07 15:14:00,EQ-003,Lucas do Rio Verde,"24,5",0.0,17.2,5.5,1779.0,8.5,238,11.4,9999.0,Misto,Pulverizacao,Tarde,0
4417,2026-07-18 16:55:00,EQ-008,Barreiras,21.2,0.1,22.5,5.7,843.0,9.6,288,9.3,95,Arenoso,Transporte,Tarde,0
3234,2026-06-11 10:51:00,EQ-026,Sorriso,33.5,0.0,22.7,3.4,407.0,2.6,602,6.4,85,Misto,Colheita,Manha,0
1078,2026-04-03 15:56:00,EQ-023,Barreiras,91.4,32.9,24.8,5.6,1333.0,6.6,102,9.6,62,Encharcado,Pulverizacao,Tarde,0
629,2026-03-21 13:05:00,EQ-015,Sorriso,67.4,0.0,25.0,15.0,354.0,7.9,256,9.5,68,Misto,Plantio,Tarde,0
3608,2026-06-23 10:15:00,EQ-037,Não-Me-Toque,70.7,0.0,17.2,12.9,602.0,20.7,322,6.8,114,Argiloso,Transporte,Manha,0
3148,2026-06-08 17:12:00,EQ-027,Barreiras,27.8,0.0,29.3,4.9,402.0,17.0,379,8.8,76,Misto,Plantio,Tarde,1
5695,2026-08-28 10:47:00,EQ-017,Lucas do Rio Verde,40.3,0.0,26.2,5.2,977.0,2.3,132,7.0,79,Misto,Colheita,Manha,0
5021,2026-08-07 13:34:00,EQ-024,Cascavel,76.6,20.5,15.9,4.5,403.0,8.0,383,5.5,72,Misto,Pulverizacao,Tarde,0
430,2026-03-15 13:06:00,EQ-007,Cascavel,54.0,4.3,22.0,14.0,1262.0,7.5,227,5.0,120,Misto,Colheita,Tarde,0
1629,2026-04-21 06:43:00,EQ-036,Rio Verde,84.2,0.0,27.1,12.0,959.0,6.4,122,3.2,100,Misto,Transporte,Manha,0
5797,2026-04-27 06:09:00,EQ-028,Cascavel,76.4,21.8,24.0,21.4,424.0,6.9,26,3.6,100,Misto,Transporte,Manha,1
814,2026-03-26 16:46:00,EQ-039,Sorriso,100.0,42.9,29.9,4.6,974.0,2.0,495,6.7,84,Encharcado,Plantio,Tarde,0
3982,2026-07-04 15:43:00,EQ-022,Rio Verde,23.1,0.0,25.1,3.0,2500.0,3.8,266,7.8,96,Arenoso,Transporte,Tarde,0
3203,2026-06-10 10:02:00,EQ-038,Rio Verde,10.2,0.0,29.2,8.8,933.0,3.2,181,8.6,83,Misto,Plantio,Manha,0
4434,2026-07-19 10:17:00,EQ-002,Rio Verde,30.4,4.4,26.4,14.6,1106.0,7.7,15,10.4,92,Argiloso,Transporte,Manha,0
2609,2026-05-22 15:43:00,EQ-034,Barreiras,39.5,0.0,,1.1,900.0,8.6,130,10.9,83,Arenoso,Transporte,Tarde,0
2556,2026-05-20 16:48:00,EQ-028,Sorriso,49.3,0.0,25.7,1.1,1124.0,6.9,127,7.5,114,Misto,Colheita,Tarde,0
4888,2026-08-03 10:10:00,EQ-013,Cascavel,89.8,0.0,18.7,22.2,554.0,9.5,369,7.3,70,Arenoso,Colheita,Manha,1
2904,2026-06-01 08:20:00,EQ-012,Lucas do Rio Verde,35.5,,26.5,4.8,634.0,3.3,582,7.2,79,Misto,Pulverizacao,Manha,0
2811,2026-05-29 07:50:00,EQ-026,Sorriso,31.5,0.0,27.9,5.1,276.0,2.6,541,4.7,74,Argiloso,Colheita,Manha,1
21,2026-03-01 16:11:00,EQ-025,Lucas do Rio Verde,51.7,0.0,24.7,3.9,592.0,7.9,73,9.2,103,Argiloso,Colheita,Tarde,0
4533,2026-07-22 09:50:00,EQ-016,Cascavel,95.8,17.9,15.6,4.9,1260.0,4.4,12,8.2,91,Encharcado,Transporte,Manha,0
5134,2026-08-10 16:20:00,EQ-010,Sorriso,10.5,0.0,27.1,6.7,162.0,5.3,113,10.6,66,Argiloso,Plantio,Tarde,0
3540,2026-06-21 08:14:00,EQ-036,Rio Verde,25.4,0.0,29.3,5.7,297.0,6.6,133,5.2,65,Argiloso,Plantio,Manha,0
267,2026-03-10 10:35:00,EQ-007,Cascavel,68.7,0.0,26.3,1.8,508.0,7.5,195,9.3,79,Misto,Colheita,Manha,1
3739,2026-06-27 07:02:00,EQ-030,Não-Me-Toque,80.1,16.3,16.3,3.9,494.0,12.6,108,11.2,91,Misto,Colheita,Manha,1
5273,2026-08-15 07:34:00,EQ-031,Rio Verde,11.2,0.0,27.0,11.3,978.0,5.7,253,9.4,120,Misto,Colheita,Manha,0
5477,2026-08-21 06:59:00,EQ-027,Barreiras,24.4,0.0,28.6,7.5,498.0,17.2,44,7.1,114,Misto,Transporte,Manha,0
835,2026-03-27 10:57:00,EQ-030,Não-Me-Toque,58.2,0.0,31.5,0.3,490.0,12.4,331,6.6,100,Misto,Colheita,Manha,0
3421,2026-06-17 13:37:00,EQ-010,Sorriso,13.3,0.0,22.7,7.1,355.0,5.1,252,10.2,79,Misto,Plantio,Tarde,1
181,2026-03-07 08:30:00,EQ-016,Cascavel,65.1,11.8,23.7,22.6,1216.0,4.1,49,8.5,77,Argiloso,Plantio,Manha,1
5325,2026-08-16 14:33:00,EQ-033,Lucas do Rio Verde,24.3,0.0,24.4,12.9,328.0,24.5,263,10.5,62,Misto,Plantio,Tarde,1
601,2026-03-20 16:41:00,EQ-009,Lucas do Rio Verde,70.5,0.0,25.3,1.1,438.0,4.7,366,11.2,78,Misto,Colheita,Tarde,0
331,2026-03-12 14:13:00,EQ-017,Lucas do Rio Verde,91.5,0.0,30.9,3.7,1222.0,1.8,176,9.0,117,Argiloso,Colheita,Tarde,0
5330,2026-08-16 16:33:00,EQ-031,Rio Verde,24.0,0.0,30.5,1.7,583.0,5.7,260,7.3,95,Argiloso,Transporte,Tarde,0
3771,2026-06-28 06:35:00,EQ-007,Cascavel,80.2,6.3,12.7,17.6,935.0,7.8,310,6.5,66,Misto,Transporte,Manha,0
4738,2026-07-29 08:09:00,EQ-027,Barreiras,17.9,0.0,22.1,3.7,792.0,17.2,605,10.6,89,Arenoso,Transporte,Manha,0
3745,2026-06-27 09:38:00,EQ-037,Sorriso,23.8,0.0,28.1,5.3,665.0,20.7,338,2.9,94,Arenoso,Transporte,Manha,0
205,2026-03-08 07:35:00,EQ-013,Sorriso,99.0,20.9,22.0,6.9,931.0,9.1,588,5.4,86,Argiloso,Colheita,Manha,1
5289,2026-08-15 13:56:00,EQ-003,Lucas do Rio Verde,23.4,0.0,30.2,2.1,1226.0,8.7,128,6.6,79,Argiloso,Pulverizacao,Tarde,0
2394,2026-05-15 21:01:00,EQ-019,Sorriso,74.4,0.0,32.8,5.7,619.0,4.3,146,6.5,58,Argiloso,Pulverizacao,Noite,1
640,2026-03-21 17:34:00,EQ-009,Sorriso,57.9,0.0,28.5,5.6,117.0,4.7,372,7.7,80,Argiloso,Plantio,Tarde,0
1782,2026-04-25 22:17:00,EQ-035,Barreiras,68.3,13.6,30.0,3.4,743.0,2.9,44,11.2,65,Arenoso,Plantio,Noite,0
5361,2026-08-17 15:55:00,EQ-018,Não-Me-Toque,66.8,5.0,20.4,7.5,1138.0,9.4,253,7.3,97,Argiloso,Plantio,Tarde,0
1234,2026-04-08 21:47:00,EQ-003,Lucas do Rio Verde,90.1,26.5,29.8,1.5,416.0,8.3,373,8.8,52,Encharcado,Pulverizacao,Noite,1
1200,2026-04-07 16:38:00,EQ-009,Lucas do Rio Verde,74.0,0.0,25.7,9.1,705.0,4.8,452,10.6,76,Argiloso,Transporte,Tarde,0
713,2026-03-23 16:02:00,EQ-018,Rio Verde,100.0,133.7,32.7,6.2,635.0,9.0,234,10.1,73,Argiloso,Plantio,Tarde,1
4707,2026-07-28 10:45:00,EQ-001,Barreiras,23.5,0.0,30.4,4.7,428.0,11.5,269,7.1,97,Arenoso,Colheita,Manha,0
327,2026-03-12 10:31:00,EQ-008,Barreiras,93.3,39.8,27.1,13.2,172.0,9.3,329,5.1,70,Arenoso,Colheita,Manha,1
3722,2026-06-26 15:42:00,EQ-007,Cascavel,100.0,27.8,11.2,5.9,447.0,7.8,294,7.1,75,Encharcado,Transporte,Tarde,1
5577,2026-08-24 22:07:00,EQ-029,Rio Verde,31.6,0.0,22.2,5.5,1119.0,1.3,297,10.1,74,Misto,Plantio,Noite,0
1380,2026-04-13 08:13:00,EQ-025,Barreiras,91.2,42.1,24.5,5.9,482.0,8.0,262,4.6,73,Arenoso,Colheita,Manha,1
5607,2026-08-25 14:01:00,EQ-031,Rio Verde,32.5,0.0,28.8,15.5,1161.0,5.7,285,10.7,89,Argiloso,Colheita,Tarde,0
2416,2026-05-16 16:44:00,EQ-003,Lucas do Rio Verde,46.3,0.0,32.4,14.8,146.0,8.5,143,11.1,64,Misto,Pulverizacao,Tarde,0
2321,2026-05-13 16:57:00,EQ-002,Rio Verde,43.2,0.0,23.2,20.7,618.0,7.5,53,10.7,87,Argiloso,Transporte,Tarde,0
1994,2026-05-03 06:45:00,EQ-025,Barreiras,78.7,0.0,26.7,8.4,313.0,8.0,73,8.0,82,Misto,Colheita,Manha,1
4282,2026-07-14 08:05:00,EQ-007,Cascavel,100.0,10.2,14.8,11.7,578.0,7.8,383,3.5,120,Argiloso,Colheita,Manha,1
3688,2026-06-25 15:06:00,EQ-012,Lucas do Rio Verde,27.5,0.0,23.6,3.6,304.0,3.4,706,9.1,66,Argiloso,Pulverizacao,Tarde,
1198,2026-04-07 16:25:00,EQ-032,Sorriso,84.2,61.8,31.4,2.4,86.0,5.8,10,7.2,88,Argiloso,Pulverizacao,Tarde,1
1318,2026-04-11 08:42:00,EQ-023,Lucas do Rio Verde,87.3,11.3,25.9,11.2,202.0,6.6,128,9.7,66,Arenoso,Pulverizacao,Manha,0
4293,2026-07-14 15:31:00,EQ-036,Rio Verde,24.8,0.9,21.1,19.5,601.0,6.6,220,6.4,91,Misto,Colheita,Tarde,0
1816,2026-04-27 06:56:00,EQ-007,Cascavel,65.2,21.8,24.7,23.8,279.0,7.6,10,11.7,75,Argiloso,Colheita,Manha,1
1901,2026-04-29 16:06:00,EQ-039,Sorriso,69.2,0.0,26.1,2.4,823.0,2.1,644,6.7,78,Misto,Plantio,Tarde,0
1312,2026-04-11 07:31:00,EQ-004,Cascavel,82.9,4.6,25.2,13.6,643.0,5.6,59,4.9,86,Argiloso,Colheita,Manha,1
2025,2026-05-04 07:14:00,EQ-022,Rio Verde,57.7,0.0,28.0,0.3,736.0,3.6,398,7.7,61,Arenoso,Colheita,Manha,0
5026,2026-08-07 15:19:00,EQ-023,Lucas do Rio Verde,24.0,0.0,28.2,6.7,306.0,7.0,68,11.5,59,Arenoso,Pulverizacao,Tarde,0
4891,2026-08-03 10:47:00,EQ-012,Cascavel,96.5,0.0,17.6,4.8,503.0,3.5,95,7.5,85,Argiloso,Pulverizacao,Manha,1
5618,2026-08-25 20:58:00,EQ-038,Rio Verde,24.1,0.0,30.5,14.1,513.0,3.4,140,11.1,87,Argiloso,Colheita,Noite,1
5655,2026-08-27 06:40:00,EQ-014,Sorriso,34.9,0.0,33.3,30.4,938.0,8.4,203,7.8,76,Misto,Pulverizacao,Manha,0
888,2026-03-28 22:49:00,EQ-005,Sorriso,93.6,22.5,26.2,2.1,638.0,7.6,268,4.8,64,Misto,Plantio,Noite,1
4397,2026-07-18 06:06:00,EQ-011,Barreiras,24.2,0.1,25.7,3.5,1911.0,9.3,88,10.7,81,Misto,Transporte,Manha,0
3681,2026-06-25 07:24:00,EQ-025,Barreiras,24.6,0.0,22.9,1.2,1162.0,8.2,24,9.9,101,Misto,Transporte,Manha,0
2908,2026-06-01 10:22:00,EQ-031,Rio Verde,38.2,0.0,24.3,7.4,2276.0,5.5,353,6.2,83,Misto,Colheita,Manha,0
4607,2026-07-25 06:01:00,EQ-030,Não-Me-Toque,81.1,16.1,14.0,18.2,270.0,12.7,244,6.6,89,Arenoso,Colheita,Manha,1
4368,2026-07-16 23:11:00,EQ-023,Lucas do Rio Verde,16.6,0.0,18.1,3.6,556.0,6.9,604,5.6,63,Argiloso,Pulverizacao,Noite,0
1422,2026-04-14 09:59:00,EQ-022,Rio Verde,71.4,0.0,24.3,5.0,694.0,3.6,318,3.1,72,Argiloso,Plantio,Manha,0
3465,2026-06-18 16:39:00,EQ-016,Cascavel,88.3,15.2,22.5,5.6,,4.3,175,7.9,95,Encharcado,Transporte,Tarde,0
1090,2026-04-04 07:39:00,EQ-022,Rio Verde,81.4,32.2,26.1,11.8,2385.0,3.5,303,5.8,85,Argiloso,Colheita,Manha,0
5694,2026-08-28 10:31:00,EQ-020,Barreiras,22.7,0.0,35.5,9.1,171.0,1.9,274,5.6,96,Misto,Colheita,Manha,1
5329,2026-08-16 15:44:00,EQ-010,Sorriso,33.9,0.0,24.3,4.7,668.0,5.3,153,9.0,88,Misto,Transporte,Tarde,0
4976,2026-08-06 07:41:00,EQ-006,Sorriso,30.6,0.0,25.9,9.0,1024.0,12.3,119,8.0,53,Misto,Pulverizacao,Manha,0
5670,2026-08-27 15:21:00,EQ-017,Lucas do Rio Verde,45.0,0.0,26.1,7.2,477.0,2.3,117,10.1,96,Arenoso,Colheita,Tarde,0
3171,2026-06-09 13:31:00,EQ-004,Cascavel,90.4,0.0,23.6,11.5,71.0,5.7,4,8.0,76,Misto,Transporte,Tarde,1
2851,2026-05-30 17:48:00,EQ-017,Lucas do Rio Verde,39.4,2.0,28.4,1.4,614.0,2.0,242,5.7,95,Arenoso,Colheita,Tarde,0
3177,2026-06-09 16:06:00,EQ-012,Lucas do Rio Verde,30.4,0.0,24.2,31.1,946.0,3.4,616,5.5,50,Argiloso,Pulverizacao,Tarde,1
5534,2026-08-23 07:05:00,EQ-040,Não-Me-Toque,88.9,19.4,22.1,17.3,434.0,13.5,11,7.4,75,Argiloso,Colheita,Manha,1
5487,2026-08-21 14:01:00,EQ-030,Não-Me-Toque,90.0,24.1,19.1,16.2,801.0,12.8,360,11.9,93,Encharcado,Colheita,Tarde,1
4289,2026-07-14 13:57:00,EQ-029,Rio Verde,16.9,0.9,26.8,18.0,439.0,1.2,86,8.7,55,Misto,Plantio,Tarde,0
1443,2026-04-14 16:32:00,EQ-024,Cascavel,70.3,6.5,20.7,40.2,202.0,7.7,286,6.2,85,Misto,Pulverizacao,Tarde,0
541,2026-03-18 14:57:00,EQ-026,Sorriso,70.9,0.0,28.7,6.5,109.0,2.4,219,6.3,120,Misto,Plantio,Tarde,1
1112,2026-04-05 06:23:00,EQ-016,Sorriso,100.0,25.9,29.1,9.3,551.0,4.1,172,7.0,107,Argiloso,Colheita,Manha,1
1720,2026-04-23 20:50:00,EQ-028,Sorriso,73.4,0.0,27.6,8.2,402.0,6.8,3,10.8,79,Misto,Transporte,Noite,0
914,2026-03-29 19:06:00,EQ-017,Lucas do Rio Verde,99.1,43.9,26.3,3.8,196.0,1.8,258,9.0,92,Encharcado,Colheita,Noite,1
2651,2026-05-24 09:57:00,EQ-032,Sorriso,45.9,0.0,34.3,3.1,841.0,5.9,260,11.0,80,Argiloso,Pulverizacao,Manha,1
804,2026-03-26 10:53:00,EQ-039,Sorriso,94.0,42.9,30.9,4.8,769.0,2.0,498,7.3,52,Encharcado,Plantio,Manha,0
5317,2026-08-16 09:02:00,EQ-023,Lucas do Rio Verde,21.6,0.0,26.6,1.1,1298.0,7.0,133,7.6,118,Argiloso,Pulverizacao,Manha,0
2219,2026-05-10 16:17:00,EQ-030,Não-Me-Toque,67.8,15.3,21.5,17.0,376.0,12.5,517,9.8,103,Misto,Colheita,Tarde,1
4497,2026-07-21 06:47:00,EQ-013,Barreiras,30.3,0.0,27.1,11.6,1332.0,9.5,357,7.7,109,Misto,Colheita,Manha,0
2503,2026-05-19 06:07:00,EQ-022,Rio Verde,48.4,7.8,26.3,5.3,803.0,3.6,23,4.9,100,Misto,Transporte,Manha,0
2539,2026-05-20 07:30:00,EQ-007,Cascavel,68.3,0.2,19.4,10.9,569.0,7.7,127,8.7,83,Arenoso,Colheita,Manha,1
1616,2026-04-20 15:36:00,EQ-017,Lucas do Rio Verde,100.0,34.4,25.3,3.2,590.0,1.9,78,6.0,77,Arenoso,Colheita,Tarde,1
2409,2026-05-16 13:55:00,EQ-032,Sorriso,79.4,0.0,28.4,7.6,166.0,5.9,214,10.2,42,Misto,Pulverizacao,Tarde,1
3083,2026-06-06 23:44:00,EQ-027,Barreiras,32.3,0.0,23.7,8.1,841.0,17.0,360,10.7,82,Misto,Colheita,Noite,1
4737,2026-07-29 08:08:00,EQ-036,Rio Verde,27.3,0.0,25.1,27.6,417.0,6.7,0,6.3,109,Argiloso,Transporte,Manha,1
2003,2026-05-03 10:53:00,EQ-011,Barreiras,79.6,0.0,25.5,7.6,314.0,9.1,147,4.8,70,Misto,Plantio,Manha,1
4765,2026-07-30 07:49:00,EQ-020,Barreiras,19.4,0.0,21.4,5.8,847.0,1.8,153,3.7,72,Misto,Colheita,Manha,0
3783,2026-06-28 10:27:00,EQ-024,Cascavel,88.2,6.3,13.4,45.0,103.0,7.9,217,7.1,62,Encharcado,Pulverizacao,Manha,1
1404,2026-04-13 20:30:00,EQ-002,Rio Verde,82.3,6.2,26.5,2.8,693.0,7.4,231,6.1,102,Misto,Colheita,Noite,0
5246,2026-08-14 10:48:00,EQ-032,Sorriso,22.8,0.0,23.3,0.8,342.0,6.1,158,9.7,96,Argiloso,Pulverizacao,Manha,0
2132,2026-05-08 08:52:00,EQ-015,Sorriso,62.8,34.7,27.8,5.4,376.0,8.0,233,6.5,85,Misto,Plantio,Manha,1
435,2026-03-15 14:52:00,EQ-005,Sorriso,92.1,0.0,29.4,5.0,148.0,7.6,199,9.5,79,Misto,Plantio,Tarde,1
2190,2026-05-09 17:48:00,EQ-029,Rio Verde,50.9,2.6,27.4,14.2,625.0,1.0,194,3.0,97,Misto,Transporte,Tarde,0
2934,2026-06-02 07:26:00,EQ-035,Lucas do Rio Verde,40.7,0.0,29.8,5.8,342.0,3.0,201,5.9,70,Argiloso,Colheita,Manha,0
4970,2026-08-05 21:31:00,EQ-019,Sorriso,24.5,0.0,30.1,5.3,336.0,4.6,46,5.5,79,Misto,Pulverizacao,Noite,0
74,2026-03-03 15:51:00,EQ-024,Cascavel,64.9,8.8,26.6,6.9,232.0,7.6,126,6.5,83,Argiloso,Pulverizacao,Tarde,1
5589,2026-08-25 09:21:00,EQ-001,Barreiras,25.6,0.0,22.7,2.4,1098.0,11.6,76,10.5,97,Arenoso,Colheita,Manha,0
5705,2026-08-28 17:46:00,EQ-032,Sorriso,35.3,0.0,32.9,9.0,756.0,6.2,240,5.8,40,Misto,Pulverização,Tarde,0
1314,2026-04-11 07:43:00,EQ-014,Sorriso,82.2,20.3,27.9,11.7,359.0,8.0,337,2.7,54,Arenoso,Pulverizacao,Manha,0
4718,2026-07-28 14:56:00,EQ-032,Sorriso,37.6,0.0,28.1,6.4,2387.0,6.1,69,11.9,74,Misto,Pulverizacao,Tarde,0
2028,2026-05-04 07:32:00,EQ-019,Sorriso,56.9,0.0,26.3,12.5,403.0,4.3,104,9.4,66,Misto,Pulverizacao,Manha,0
2587,2026-05-21 19:19:00,EQ-019,Sorriso,47.3,6.0,28.2,1.0,614.0,4.4,176,6.7,95,Misto,Pulverizacao,noite,0
4519,2026-07-21 17:28:00,EQ-036,Lucas do Rio Verde,50.6,30.0,31.0,7.0,202.0,6.7,258,14.1,54,Misto,Plantio,Tarde,0
2916,2026-06-01 14:28:00,EQ-023,Lucas do Rio Verde,40.4,0.0,34.1,3.9,1377.0,6.8,371,8.9,63,Arenoso,Pulverizacao,Tarde,0
3041,2026-06-05 17:20:00,EQ-023,Lucas do Rio Verde,34.5,0.0,30.1,11.2,652.0,6.8,400,4.8,68,Argiloso,Pulverizacao,Tarde,0
2734,2026-05-26 17:36:00,EQ-009,Lucas do Rio Verde,38.5,14.7,20.6,3.2,814.0,4.9,642,7.3,62,Misto,Plantio,Tarde,0
2441,2026-05-17 15:56:00,EQ-023,Lucas do Rio Verde,39.1,0.0,29.5,2.0,510.0,6.7,302,3.6,67,Misto,Pulverizacao,Tarde,0
2494,2026-05-18 20:44:00,EQ-037,Sorriso,62.6,0.0,30.4,9.9,775.0,20.6,145,5.5,72,Misto,Transporte,noite,0
1736,2026-04-24 13:32:00,EQ-021,Barreiras,71.3,0.0,31.1,3.8,415.0,13.0,83,7.4,75,Misto,Colheita,Tarde,0
4897,2026-08-03 15:40:00,EQ-030,Lucas do Rio Verde,29.7,0.0,23.7,8.2,1121.0,12.7,290,7.4,80,Arenoso,Colheita,Tarde,0
957,2026-03-30 20:25:00,EQ-022,Rio Verde,80.4,0.0,30.2,14.8,695.0,3.5,285,6.6,83,Arenoso,Plantio,Noite,0
2951,2026-06-02 17:13:00,EQ-018,Rio Verde,39.4,0.0,23.0,6.6,196.0,9.2,223,7.7,120,Misto,Transporte,Tarde,1
581,2026-03-20 06:57:00,EQ-003,Lucas do Rio Verde,59.1,0.0,29.3,10.8,947.0,8.3,274,10.8,86,Misto,Pulverizacao,Manha,0
5195,2026-08-12 14:40:00,EQ-021,Cascavel,89.0,17.8,19.3,16.5,68.0,13.3,9,7.9,75,Encharcado,Transporte,Tarde,1
1970,2026-05-02 10:35:00,EQ-015,Sorriso,66.2,0.0,25.2,1.7,705.0,8.0,202,7.1,72,Argiloso,Transporte,Manha,1
5172,2026-08-11 20:13:00,EQ-033,Lucas do Rio Verde,20.9,0.0,27.1,11.2,477.0,24.4,230,9.8,9999.0,Misto,Transporte,Noite,0
1336,2026-04-11 17:59:00,EQ-031,Rio Verde,92.9,19.4,32.5,3.4,2458.0,5.3,116,6.7,94,Arenoso,Transporte,Tarde,0
5503,2026-08-22 06:58:00,EQ-004,Cascavel,81.4,0.0,16.7,17.7,132.0,5.9,300,7.4,111,Argiloso,Colheita,Manha,1
2862,2026-05-31 07:02:00,EQ-033,Lucas do Rio Verde,49.1,0.0,27.9,12.3,465.0,24.2,340,7.2,114,Misto,Transporte,Manha,0
2139,2026-05-08 13:51:00,EQ-037,Sorriso,73.1,34.7,28.3,6.4,834.0,20.6,90,8.6,110,Argiloso,Transporte,Tarde,0
2769,2026-05-27 15:41:00,EQ-027,Barreiras,24.7,2.6,25.5,3.2,227.0,17.0,324,7.9,102,Arenoso,Colheita,Tarde,0
2770,2026-05-27 20:09:00,EQ-004,Cascavel,74.4,0.0,16.6,17.2,87.0,5.7,282,8.1,69,Arenoso,Transporte,Noite,1
5323,2026-08-16 14:22:00,EQ-004,Cascavel,83.5,0.0,18.4,9.0,2002.0,5.9,289,8.2,103,Misto,Colheita,Tarde,0
1205,2026-04-07 23:34:00,EQ-019,Sorriso,88.9,61.8,27.3,3.7,353.0,4.2,387,9.9,75,Misto,Pulverizacao,Noite,1
1486,2026-04-16 16:19:00,EQ-001,Não-Me-Toque,63.6,28.1,18.2,28.2,1492.0,11.2,139,7.0,97,Misto,Colheita,Tarde,0
2142,2026-05-08 14:35:00,EQ-040,Não-Me-Toque,56.5,0.0,23.1,4.9,1249.0,13.2,239,9.3,74,Misto,Colheita,Tarde,0
2589,2026-05-21 21:21:00,EQ-031,Sorriso,55.9,6.0,31.0,4.0,997.0,5.5,293,10.0,68,Misto,Colheita,Noite,0
4539,2026-07-22 14:08:00,EQ-033,Lucas do Rio Verde,31.4,0.0,22.4,2.0,1114.0,24.4,122,10.1,64,Argiloso,Plantio,Tarde,0
2118,2026-05-07 17:10:00,EQ-024,Cascavel,54.5,18.9,20.1,13.3,873.0,7.8,409,10.2,65,Argiloso,Pulverizacao,Tarde,0
5027,2026-08-07 15:26:00,EQ-038,Rio Verde,23.4,0.0,28.2,3.3,1348.0,3.4,72,10.5,53,Argiloso,Plantio,Tarde,0
2280,2026-05-12 13:29:00,EQ-005,Sorriso,97.1,0.0,22.6,15.3,715.0,7.7,179,14.2,65,Encharcado,Colheita,Tarde,1
701,2026-03-23 10:19:00,EQ-006,Sorriso,94.6,35.7,27.3,4.8,573.0,11.9,129,4.9,77,Misto,Pulverizacao,Manha,1
3693,2026-06-25 17:49:00,EQ-015,Sorriso,28.2,0.0,27.1,0.2,944.0,8.2,188,11.2,64,Misto,Transporte,Tarde,0
3885,2026-07-01 16:28:00,EQ-006,Sorriso,21.8,0.0,23.6,3.4,692.0,12.2,257,12.0,80,Misto,Pulverizacao,Tarde,0
1061,2026-04-03 07:29:00,EQ-010,Sorriso,90.2,14.9,26.7,1.4,1052.0,4.9,126,7.5,66,Encharcado,Colheita,Manha,1
2147,2026-05-08 16:12:00,EQ-010,Sorriso,57.9,34.7,28.8,0.7,392.0,5.0,43,10.5,113,Argiloso,Colheita,Tarde,0
1976,2026-05-02 14:17:00,EQ-023,Lucas do Rio Verde,67.0,2.4,32.2,1.9,437.0,6.7,225,10.0,50,Argiloso,Pulverizacao,Tarde,1
4099,2026-07-08 10:53:00,EQ-017,Lucas do Rio Verde,22.7,0.0,30.5,3.4,237.0,2.1,131,7.7,73,Argiloso,Colheita,Manha,0
3471,2026-06-18 17:36:00,EQ-019,Sorriso,20.6,0.0,25.2,3.7,1439.0,4.4,314,7.4,81,Argiloso,Pulverizacao,Tarde,0
3605,2026-06-23 08:12:00,EQ-013,Barreiras,26.8,0.0,23.7,10.4,798.0,9.4,210,11.4,77,Argiloso,Colheita,Manha,0
3626,2026-06-23 15:45:00,EQ-004,Cascavel,93.8,25.9,12.2,7.4,1320.0,5.8,111,6.1,89,Encharcado,Colheita,Tarde,1
3592,2026-06-22 17:22:00,EQ-022,Rio Verde,29.7,0.0,24.9,5.2,136.0,3.7,188,8.4,86,Misto,Transporte,Tarde,0
3804,2026-06-29 06:10:00,EQ-025,Sorriso,12.3,0.0,27.8,3.3,239.0,8.2,36,6.1,77,Argiloso,Colheita,Manha,0
984,2026-03-31 17:17:00,EQ-001,Sorriso,97.1,11.9,29.3,7.8,339.0,11.2,64,4.5,88,Arenoso,Colheita,Tarde,0
5136,2026-08-10 17:38:00,EQ-024,Cascavel,78.3,1.8,17.0,11.2,1596.0,8.0,398,10.4,79,Arenoso,Pulverizacao,Tarde,0
484,2026-03-17 07:22:00,EQ-001,Barreiras,86.0,81.8,32.7,7.3,523.0,11.1,295,6.4,106,Argiloso,Colheita,Manha,1
4088,2026-07-08 06:09:00,EQ-005,Sorriso,28.5,0.0,26.2,5.5,453.0,7.9,150,8.8,97,Arenoso,Transporte,Manha,0
579,2026-03-19 23:33:00,EQ-039,Sorriso,58.2,0.0,26.6,2.9,841.0,2.0,446,7.7,87,Misto,Transporte,Noite,0
5138,2026-08-10 17:41:00,EQ-038,Rio Verde,21.2,0.0,28.7,8.4,425.0,3.4,88,5.6,64,Arenoso,Plantio,Tarde,0
2597,2026-05-22 08:15:00,EQ-038,Rio Verde,44.8,0.0,19.4,23.9,389.0,3.2,101,3.6,106,Misto,Transporte,Manha,0
1071,2026-04-03 14:04:00,EQ-005,Sorriso,"96,8",14.9,31.5,6.3,1544.0,7.6,298,8.8,59,Misto,Plantio,Tarde,0
4958,2026-08-05 14:50:00,EQ-005,Sorriso,29.7,0.0,26.0,3.7,729.0,8.0,233,7.0,65,Misto,Transporte,Tarde,0
1671,2026-04-22 07:54:00,EQ-024,Cascavel,76.1,0.0,20.5,23.4,1968.0,7.7,332,7.7,57,Argiloso,Pulverizacao,Manha,0
3633,2026-06-23 19:47:00,EQ-009,Lucas do Rio Verde,23.5,0.0,22.9,8.9,400.0,5.0,762,9.7,72,Misto,Transporte,Noite,0
949,2026-03-30 15:42:00,EQ-018,Rio Verde,72.0,0.0,27.6,8.7,162.0,9.0,262,6.7,96,Misto,Plantio,Tarde,1
2249,2026-05-11 17:51:00,EQ-008,Barreiras,65.5,17.4,29.4,7.9,815.0,9.4,572,7.7,85,Misto,Transporte,Tarde,1
3028,2026-06-05 13:39:00,EQ-024,Cascavel,94.7,31.7,22.9,17.9,545.0,7.9,102,10.7,59,Argiloso,Pulverizacao,Tarde,1
899,2026-03-29 10:55:00,EQ-022,Rio Verde,88.0,0.0,21.0,4.7,908.0,3.5,275,9.8,86,Misto,Plantio,Manha,0
789,2026-03-25 17:34:00,EQ-004,Cascavel,46.7,0.0,25.1,16.7,2309.0,5.5,4,4.0,95,Arenoso,Colheita,Tarde,0
3048,2026-06-05 23:36:00,EQ-006,Sorriso,33.6,0.0,24.6,17.8,174.0,12.1,122,10.6,68,Argiloso,Pulverizacao,Noite,1
3870,2026-07-01 08:22:00,EQ-035,Lucas do Rio Verde,20.4,0.0,22.1,14.6,615.0,3.1,304,5.8,110,Arenoso,Colheita,Manha,0
538,2026-03-18 13:12:00,EQ-005,Sorriso,58.0,0.0,25.8,12.7,789.0,,222,6.1,86,Argiloso,Plantio,Tarde,1
2720,2026-05-26 08:34:00,EQ-006,Sorriso,33.1,0.0,26.0,1.1,913.0,12.1,68,6.9,66,Argiloso,Pulverizacao,Manha,0
2513,2026-05-19 08:31:00,EQ-031,Rio Verde,35.6,7.8,24.5,5.4,491.0,5.4,275,9.8,86,Misto,Colheita,Manha,0
3347,2026-06-14 23:00:00,EQ-017,Lucas do Rio Verde,29.8,0.0,29.8,3.4,1304.0,2.1,44,7.8,103,Argiloso,Colheita,Noite,0
4806,2026-07-31 13:36:00,EQ-027,Barreiras,28.9,0.0,27.0,1.2,148.0,17.2,618,9.4,83,Arenoso,Plantio,Tarde,0
3364,2026-06-15 14:25:00,EQ-019,Sorriso,23.7,0.0,23.6,2.5,1531.0,4.4,286,12.6,61,Arenoso,Pulverizacao,Tarde,0
1420,2026-04-14 08:45:00,EQ-012,Lucas do Rio Verde,91.0,21.6,27.5,6.2,552.0,3.2,377,11.7,85,Encharcado,Pulverizacao,Manha,1
2688,2026-05-25 10:24:00,EQ-025,Barreiras,29.7,0.0,30.7,19.0,184.0,8.1,170,7.8,80,Arenoso,Colheita,Manha,0
2247,2026-05-11 17:20:00,EQ-036,Rio Verde,59.2,0.0,25.1,5.9,326.0,6.5,226,6.5,104,Arenoso,Colheita,Tarde,0
1167,2026-04-06 16:01:00,EQ-034,Rio Verde,97.1,33.7,25.1,5.0,524.0,8.5,338,8.7,67,Encharcado,Plantio,Tarde,0
3642,2026-06-24 07:23:00,EQ-999,Cascavel,95.0,79.8,18.2,16.6,437.0,7.9,179,8.8,98,Argiloso,Pulverizacao,Manha,1
1322,2026-04-11 10:34:00,EQ-030,Não-Me-Toque,67.2,7.9,21.5,7.0,1457.0,12.4,389,7.4,117,Argiloso,Colheita,Manha,0
1024,2026-04-02 06:59:00,EQ-019,Sorriso,97.6,29.2,27.3,0.3,75.0,4.2,371,13.0,72,Arenoso,Pulverizacao,Manha,1
4682,2026-07-27 17:44:00,EQ-019,Sorriso,35.3,0.0,29.8,14.5,292.0,4.5,5,12.7,60,Arenoso,Pulverizacao,Tarde,0
1660,2026-04-21 23:46:00,EQ-018,Rio Verde,76.6,0.0,28.9,9.7,831.0,9.1,74,5.5,65,Misto,Transporte,Noite,0
5813,2026-07-14 07:53:00,EQ-032,Sorriso,20.4,0.0,24.8,4.0,709.0,6.0,3,6.2,76,Misto,Pulverizacao,Manha,0
4022,2026-07-05 15:58:00,EQ-028,Lucas do Rio Verde,20.3,0.0,19.9,8.5,2500.0,7.0,347,6.6,94,Arenoso,Transporte,Tarde,0
4797,2026-07-31 08:57:00,EQ-004,Cascavel,100.0,0.0,18.4,18.3,1065.0,5.9,239,11.0,93,Argiloso,Colheita,Manha,0
4378,,EQ-040,Não-Me-Toque,68.0,26.3,10.8,6.0,1246.0,13.4,213,5.3,85,Argiloso,Colheita,Manha,0
2228,2026-05-10 23:17:00,EQ-015,Sorriso,100.0,114.3,26.1,4.7,762.0,8.1,246,8.4,92,Misto,Transporte,Noite,0
3900,2026-07-02 08:06:00,EQ-018,Barreiras,27.2,0.0,19.4,1.8,121.0,9.3,33,8.4,82,Arenoso,Transporte,Manha,0
1259,2026-04-09 15:37:00,EQ-035,Lucas do Rio Verde,91.0,91.7,29.1,5.5,792.0,2.8,319,8.9,93,Arenoso,Plantio,Tarde,0
2903,2026-06-01 08:16:00,EQ-027,Barreiras,22.4,0.0,33.5,3.8,616.0,17.0,340,9.8,71,Arenoso,Transporte,Manha,0
2195,2026-05-10 07:29:00,EQ-012,Lucas do Rio Verde,62.5,0.0,28.5,4.5,779.0,3.3,486,10.6,77,Misto,Pulverizacao,Manha,0
3489,2026-06-19 13:57:00,EQ-037,Sorriso,19.3,0.0,26.8,0.5,793.0,20.7,301,6.6,83,Argiloso,Plantio,Tarde,0
2541,2026-05-20 08:23:00,EQ-025,Barreiras,55.7,0.0,31.6,1.4,657.0,8.1,142,10.1,99,Arenoso,Colheita,Manha,0
271,2026-03-10 13:41:00,EQ-033,Lucas do Rio Verde,99.7,0.0,28.0,4.6,345.0,24.0,344,3.8,74,Encharcado,Plantio,Tarde,1
1803,2026-04-26 14:48:00,EQ-033,Lucas do Rio Verde,88.4,0.0,27.7,5.7,1481.0,24.2,176,10.6,69,Encharcado,Transporte,Tarde,0
4913,2026-08-04 07:36:00,EQ-020,Barreiras,34.2,0.0,28.3,11.7,554.0,1.8,160,7.7,79,Arenoso,Colheita,Manha,1
3544,2026-06-21 08:50:00,EQ-007,Cascavel,86.2,12.6,13.0,7.2,592.0,7.8,272,5.6,83,Encharcado,Colheita,Manha,1
4729,2026-07-28 19:46:00,EQ-017,Lucas do Rio Verde,34.7,0.0,25.3,5.6,1652.0,2.2,227,5.3,78,Misto,Colheita,Noite,0
2843,2026-05-30 13:44:00,EQ-002,Rio Verde,20.2,0.0,22.8,10.1,1070.0,7.6,122,6.6,55,Argiloso,Plantio,Tarde,0
3200,2026-06-10 09:27:00,EQ-036,Rio Verde,17.8,0.0,24.0,5.9,889.0,6.5,58,7.0,79,Argiloso,Transporte,Manha,0
1730,2026-04-24 08:02:00,EQ-039,Sorriso,82.4,56.6,23.3,12.8,507.0,2.1,621,5.8,93,Misto,Transporte,Manha,1
4771,2026-07-30 10:27:00,EQ-037,Sorriso,37.1,0.0,24.9,10.2,1383.0,20.8,500,4.7,85,Argiloso,Colheita,Manha,0
2786,2026-05-28 13:17:00,EQ-007,Cascavel,72.5,20.9,19.1,6.7,562.0,7.7,151,7.4,92,Argiloso,Transporte,Tarde,1
2161,2026-05-08 22:27:00,EQ-039,Sorriso,61.7,34.7,28.1,4.5,1421.0,2.2,15,5.5,76,Misto,Colheita,Noite,0
3714,2026-06-26 10:22:00,EQ-008,Barreiras,19.5,0.0,21.8,6.9,1313.0,9.5,188,10.3,120,Arenoso,Colheita,Manha,0
3180,2026-06-09 17:21:00,EQ-020,Não-Me-Toque,77.5,15.3,23.2,6.3,50.0,1.7,275,7.4,96,Misto,Colheita,Tarde,1
4517,2026-07-21 16:54:00,EQ-001,Barreiras,27.7,0.0,25.2,4.9,982.0,11.5,250,4.5,91,Arenoso,Colheita,Tarde,0
3740,2026-06-27 07:23:00,EQ-028,Sorriso,29.0,0.0,24.9,15.9,2500.0,7.0,323,3.9,59,Argiloso,Plantio,Manha,0
1870,2026-04-28 17:21:00,EQ-027,Barreiras,70.5,0.5,29.1,10.9,1109.0,16.9,230,8.7,68,Argiloso,Transporte,Tarde,0
4325,2026-07-15 15:08:00,EQ-020,Barreiras,27.1,0.0,28.2,5.6,780.0,1.8,83,9.4,95,Argiloso,Colheita,Tarde,0
2779,2026-05-28 08:03:00,EQ-009,Lucas do Rio Verde,42.6,15.1,29.0,4.9,1281.0,4.9,651,7.0,78,Arenoso,Transporte,Manha,0
634,2026-03-21 14:33:00,EQ-028,Sorriso,62.2,0.0,29.0,3.2,790.0,6.7,535,11.6,47,Misto,Plantio,Tarde,0
344,2026-03-12 22:13:00,EQ-039,Sorriso,100.0,83.1,28.0,1.1,501.0,2.0,407,3.9,94,Encharcado,Transporte,Noite,1
859,2026-03-28 09:55:00,EQ-015,Sorriso,97.5,22.5,29.0,5.3,1861.0,7.9,22,7.4,58,Arenoso,Plantio,Manha,0
1741,2026-04-24 14:19:00,EQ-023,Lucas do Rio Verde,98.7,57.8,27.8,15.7,771.0,6.7,190,8.8,70,Arenoso,Pulverizacao,Tarde,0
5418,2026-08-19 10:03:00,EQ-025,Sorriso,18.9,0.0,26.6,3.9,446.0,8.3,4,7.8,70,Arenoso,Colheita,Manha,0
2113,2026-05-07 13:57:00,EQ-017,Lucas do Rio Verde,55.8,0.0,28.6,17.9,852.0,2.0,135,7.1,84,Argiloso,Colheita,Tarde,0
2892,2026-06-01 06:00:00,EQ-036,Rio Verde,32.9,0.0,30.4,6.0,791.0,6.5,6,8.1,76,Arenoso,Transporte,Manha,0
1686,2026-04-22 15:22:00,EQ-025,Barreiras,64.5,2.9,25.7,0.9,742.0,8.0,22,9.0,84,Arenoso,Colheita,Tarde,0
695,2026-03-23 07:19:00,EQ-008,Barreiras,99.5,33.4,24.5,8.0,408.0,9.3,369,4.1,90,Arenoso,Colheita,Manha,1
1997,2026-05-03 09:27:00,EQ-014,Sorriso,62.3,0.0,26.7,16.8,2404.0,8.1,76,9.0,61,Arenoso,Pulverizacao,Manha,0
5275,2026-08-15 07:57:00,EQ-007,Cascavel,100.0,50.3,20.4,12.9,633.0,7.9,67,6.8,120,Encharcado,Colheita,Manha,1
2617,2026-05-22 19:52:00,EQ-004,Cascavel,75.6,10.5,22.5,5.7,1961.0,5.7,249,4.4,120,Argiloso,Colheita,Noite,0
983,2026-03-31 15:23:00,EQ-040,Não-Me-Toque,50.8,0.0,18.3,8.2,619.0,13.1,79,9.4,90,Misto,Colheita,Tarde,0
1073,2026-04-03 14:12:00,EQ-017,Lucas do Rio Verde,90.6,11.7,30.5,12.5,477.0,1.9,14,6.1,105,Encharcado,Colheita,Tarde,1
3837,2026-06-29 23:03:00,EQ-005,Sorriso,12.5,0.0,30.2,7.9,1380.0,7.9,105,8.5,96,Misto,Transporte,Noite,0
4057,2026-07-06 22:43:00,EQ-008,Sorriso,31.3,0.0,30.1,5.5,510.0,9.6,234,8.9,86,Argiloso,Colheita,Noite,0
4027,2026-07-05 16:55:00,EQ-019,Sorriso,31.9,0.0,24.3,4.2,409.0,4.5,362,9.0,69,Argiloso,Pulverizacao,Tarde,0
176,2026-03-06 23:04:00,EQ-020,Barreiras,73.6,0.0,34.5,1.2,800.0,1.4,290,6.9,82,Misto,Colheita,Noite,1
2775,2026-05-28 06:07:00,EQ-035,Lucas do Rio Verde,40.5,15.1,26.9,9.6,151.0,3.0,176,4.8,74,Misto,Colheita,Manha,0
4686,2026-07-27 21:09:00,EQ-001,Barreiras,15.1,0.0,27.6,2.0,559.0,11.5,252,12.2,102,Misto,Transporte,Noite,1
4446,2026-07-19 15:04:00,EQ-001,Barreiras,21.0,0.0,22.1,2.3,1176.0,11.5,231,9.2,92,Argiloso,Colheita,Tarde,0
2645,2026-05-23 22:38:00,EQ-039,Sorriso,49.0,4.9,25.7,2.6,1038.0,2.2,106,6.7,101,Argiloso,Transporte,Noite,1
1350,2026-04-12 07:53:00,EQ-003,Lucas do Rio Verde,68.8,0.5,25.1,4.6,413.0,8.4,3,13.2,73,Argiloso,Pulverizacao,Manha,0
1511,2026-04-17 13:24:00,EQ-004,Cascavel,73.7,12.3,30.2,5.7,523.0,5.6,84,10.8,107,Misto,Colheita,Tarde,1
2761,2026-05-27 13:53:00,EQ-006,Sorriso,46.1,0.0,24.8,7.9,204.0,12.1,76,9.5,9999.0,Argiloso,Pulverizacao,Tarde,0
5118,2026-08-10 07:31:00,EQ-014,Sorriso,22.4,0.0,27.8,6.4,1055.0,8.4,96,4.1,73,Misto,Pulverizacao,Manha,0
2084,2026-05-06 16:31:00,EQ-019,Sorriso,40.9,0.0,25.6,9.6,243.0,4.3,109,7.5,59,Misto,Pulverizacao,Tarde,0
715,2026-03-23 16:51:00,EQ-037,Sorriso,82.1,35.7,33.9,2.8,528.0,20.5,684,7.6,71,Arenoso,Plantio,Tarde,1
770,2026-03-25 08:41:00,EQ-035,Lucas do Rio Verde,96.9,0.0,26.9,2.4,270.0,2.8,249,6.9,74,Encharcado,Plantio,Manha,1
3669,2026-06-24 20:48:00,EQ-013,Barreiras,12.6,0.0,18.7,1.9,1069.0,9.4,218,7.5,94,Misto,Colheita,Noite,0
1194,2026-04-07 14:16:00,EQ-039,Sorriso,97.8,61.8,33.7,4.5,204.0,2.1,541,12.0,95,Encharcado,Transporte,Tarde,1
1210,2026-04-08 07:28:00,EQ-001,Barreiras,65.5,1.6,25.5,2.8,859.0,11.2,91,6.8,112,Argiloso,Colheita,Manha,0
5041,2026-08-08 06:39:00,EQ-021,Cascavel,86.0,14.8,14.1,3.6,460.0,13.2,271,8.1,69,Encharcado,Colheita,Manha,1
4009,2026-07-05 09:21:00,EQ-009,Lucas do Rio Verde,29.7,0.0,27.4,4.4,1038.0,5.0,38,5.5,62,Argiloso,Plantio,Manha,0
837,2026-03-27 13:19:00,EQ-016,Cascavel,53.7,0.0,22.4,10.4,2441.0,4.1,141,9.2,84,Misto,Colheita,Tarde,0
1130,2026-04-05 14:26:00,EQ-018,Rio Verde,86.3,29.7,25.8,16.8,1110.0,9.1,295,8.2,76,Arenoso,Transporte,Tarde,0
5077,2026-08-09 07:48:00,EQ-024,Cascavel,86.7,29.0,13.2,20.7,610.0,8.0,390,5.6,62,Arenoso,Pulverizacao,Manha,0
450,2026-03-15 20:41:00,EQ-040,Não-Me-Toque,81.8,1.6,24.4,15.5,470.0,13.1,0,8.7,64,Argiloso,Colheita,Noite,1
4798,2026-07-31 09:17:00,EQ-015,Não-Me-Toque,91.4,81.1,18.6,6.4,1279.0,8.3,38,3.3,90,Misto,Colheita,Manha,0
3473,2026-06-18 19:05:00,EQ-014,Sorriso,15.2,0.0,19.6,3.2,2500.0,8.2,246,12.5,105,Misto,Pulverizacao,Noite,0
1924,2026-04-30 16:30:00,EQ-005,Sorriso,71.3,20.3,26.8,8.9,527.0,7.7,136,8.3,56,Argiloso,Plantio,Tarde,1
2682,2026-05-25 07:24:00,EQ-006,Sorriso,40.1,0.0,22.7,2.6,398.0,12.1,60,9.2,57,Argiloso,Pulverizacao,Manha,0
4416,2026-07-18 16:54:00,EQ-023,Sorriso,29.0,0.0,34.9,4.4,690.0,6.9,610,5.3,88,Misto,Pulverizacao,Tarde,0
243,2026-03-09 10:38:00,EQ-024,Cascavel,64.4,12.2,27.0,2.5,1708.0,7.6,160,8.5,40,Misto,Pulverizacao,Manha,0
2615,2026-05-22 17:32:00,EQ-017,Rio Verde,43.3,0.0,32.2,1.2,715.0,2.0,182,8.9,78,Misto,Colheita,Tarde,0
1912,2026-04-30 08:16:00,EQ-029,Sorriso,63.2,20.3,23.3,6.7,1478.0,1.0,166,8.2,100,Arenoso,Transporte,Manha,0
3018,2026-06-04 23:17:00,EQ-001,Barreiras,29.3,0.0,24.6,3.0,951.0,11.3,42,4.5,50,Misto,Colheita,Noite,0
2855,2026-05-30 20:12:00,EQ-036,Rio Verde,35.7,0.0,24.9,12.3,84.0,6.5,1,10.0,72,Misto,Transporte,Noite,1
2877,2026-05-31 14:08:00,EQ-004,Não-Me-Toque,80.7,0.0,24.5,16.1,1003.0,5.7,286,9.4,93,Misto,Transporte,Tarde,0
4587,2026-07-24 08:07:00,EQ-002,Lucas do Rio Verde,39.1,0.0,26.1,5.0,622.0,7.7,45,9.6,94,Misto,Transporte,Manha,0
5039,2026-08-07 23:57:00,EQ-024,Cascavel,78.5,20.5,17.7,7.6,503.0,8.0,386,7.6,72,Misto,Pulverizacao,Noite,1
5553,2026-08-24 07:00:00,EQ-027,Sorriso,34.9,0.0,25.3,14.4,50.0,17.3,56,9.3,76,Arenoso,Transporte,Manha,0
1611,2026-04-20 13:29:00,EQ-005,Sorriso,74.3,0.0,22.1,5.7,662.0,7.7,81,8.4,83,Argiloso,Transporte,Tarde,0
675,2026-03-22 15:17:00,EQ-001,Barreiras,100.0,43.7,34.0,5.7,1699.0,11.1,6,8.9,98,Encharcado,Colheita,Tarde,1
1105,2026-04-04 17:41:00,EQ-030,Não-Me-Toque,58.3,22.7,26.6,19.4,884.0,12.4,373,6.8,62,Argiloso,Colheita,Tarde,0
3010,2026-06-04 17:52:00,EQ-030,Não-Me-Toque,81.9,0.0,23.1,5.8,737.0,12.6,644,12.0,69,Misto,Colheita,Tarde,0
4283,2026-07-14 08:35:00,EQ-010,Sorriso,24.3,0.0,18.7,8.8,300.0,5.2,33,5.6,40,Arenoso,Plantio,Manha,0
4459,2026-07-20 06:30:00,EQ-024,Cascavel,93.4,0.6,21.4,25.6,999.0,8.0,326,7.8,65,Argiloso,Pulverizacao,Manha,0
2455,2026-05-17 20:22:00,EQ-012,Lucas do Rio Verde,,0.0,29.7,3.2,779.0,3.3,531,5.1,72,Argiloso,Pulverizacao,Noite,0
136,2026-03-05 16:56:00,EQ-027,Barreiras,70.3,7.7,30.8,2.7,604.0,16.8,681,9.6,95,Misto,Transporte,Tarde,0
5222,2026-08-13 15:19:00,EQ-027,Barreiras,19.5,0.0,25.2,1.5,1183.0,17.2,665,9.2,88,Arenoso,Transporte,Tarde,0
4693,2026-07-28 06:56:00,EQ-004,Cascavel,100.0,26.7,16.3,15.4,310.0,5.9,223,7.7,88,Argiloso,Colheita,Manha,1
2778,2026-05-28 07:48:00,EQ-021,Não-Me-Toque,,0.0,22.5,5.4,1175.0,13.0,255,10.0,92,Misto,Transporte,Manha,1
547,2026-03-18 17:06:00,EQ-007,Cascavel,56.5,4.6,28.3,13.2,792.0,7.5,252,7.5,116,Argiloso,Colheita,Tarde,1
912,2026-03-29 17:37:00,EQ-033,Lucas do Rio Verde,99.2,43.9,25.3,11.3,1079.0,24.1,20,6.9,54,Encharcado,Plantio,Tarde,1
1249,2026-04-09 09:13:00,EQ-040,Sorriso,93.6,0.0,22.3,2.2,1658.0,13.1,116,8.2,94,Encharcado,Colheita,Manha,0
4855,2026-08-02 08:46:00,EQ-032,Sorriso,27.2,2.0,27.5,6.1,1482.0,6.1,116,5.9,57,Arenoso,Pulverizacao,Manha,0
1793,2026-04-26 09:40:00,EQ-999,Lucas do Rio Verde,92.7,0.0,29.4,11.8,237.0,1.9,90,10.6,92,Arenoso,Transporte,Manha,1
4515,2026-07-21 14:48:00,EQ-032,Sorriso,10.1,1.5,29.9,7.5,217.0,6.1,39,6.4,70,Arenoso,Pulverizacao,Tarde,0
1297,2026-04-10 15:37:00,EQ-004,Cascavel,100.0,20.1,27.0,6.6,288.0,5.6,56,3.0,95,Misto,Transporte,Tarde,1
5717,2026-08-29 09:15:00,EQ-011,Barreiras,17.4,0.0,23.0,3.1,1319.0,,236,6.8,89,Misto,Transporte,Manha,0
3380,2026-06-16 08:51:00,EQ-006,Sorriso,34.5,0.0,24.4,4.4,799.0,12.2,206,4.4,60,Misto,Pulverizacao,Manha,0
1027,2026-04-02 08:02:00,EQ-039,Sorriso,91.7,29.2,25.9,24.9,433.0,2.1,535,6.0,100,Encharcado,Colheita,Manha,1
3796,2026-06-28 17:33:00,EQ-013,Barreiras,30.0,0.0,26.4,14.5,1528.0,9.4,236,14.0,63,Misto,Transporte,Tarde,0
4687,2026-07-27 21:20:00,EQ-024,Cascavel,100.0,48.2,16.3,9.7,475.0,8.0,345,10.0,86,Encharcado,Pulverizacao,Noite,1
5475,2026-08-21 06:39:00,EQ-015,Sorriso,38.7,13.9,25.1,3.3,226.0,8.3,167,7.3,82,Misto,Transporte,Manha,0
1600,2026-04-19 23:36:00,EQ-032,Barreiras,69.3,4.1,33.2,3.5,127.0,5.8,84,9.1,56,Arenoso,Pulverizacao,Noite,1
5403,2026-08-18 21:43:00,EQ-030,Não-Me-Toque,75.0,17.4,19.8,7.3,376.0,12.8,353,6.0,74,Misto,Colheita,Noite,1
4771,2026-07-30 10:27:00,EQ-037,Sorriso,37.1,0.0,24.9,10.2,1383.0,20.8,500,4.7,85,Argiloso,Colheita,Manha,0
5748,2026-08-30 10:15:00,EQ-002,Rio Verde,20.0,0.0,30.9,7.9,377.0,7.8,156,6.0,80,Misto,Transporte,Manha,0
1300,2026-04-10 16:37:00,EQ-015,Sorriso,79.7,0.0,25.2,11.8,2500.0,8.0,90,13.5,79,Argiloso,Plantio,Tarde,0
1148,2026-04-06 07:12:00,EQ-015,Sorriso,87.7,9.7,23.6,16.7,1029.0,8.0,68,7.3,73,Encharcado,Transporte,Manha,1
3113,2026-06-07 16:17:00,EQ-030,Barreiras,31.5,,31.3,7.9,291.0,12.6,0,9.5,76,Arenoso,Colheita,Tarde,0
692,2026-03-23 06:05:00,EQ-025,Barreiras,100.0,33.4,25.5,3.3,2419.0,7.9,156,4.8,85,Arenoso,Transporte,Manha,0
3212,2026-06-10 15:08:00,EQ-007,Cascavel,100.0,23.3,20.6,14.9,543.0,7.7,217,7.3,97,Encharcado,Colheita,Tarde,1
5587,2026-08-25 09:05:00,EQ-019,Sorriso,49.2,0.0,21.6,9.9,2035.0,4.6,110,9.5,72,Argiloso,Pulverizacao,Manha,0
5396,2026-08-18 16:10:00,EQ-015,Sorriso,24.8,0.6,26.2,2.4,135.0,8.3,146,9.5,61,Misto,Plantio,Tarde,0
4222,2026-07-11 22:48:00,EQ-017,Lucas do Rio Verde,12.9,0.0,22.4,1.7,183.0,2.1,145,8.5,58,Misto,Colheita,Noite,1
3003,2026-06-04 15:43:00,EQ-003,Lucas do Rio Verde,42.4,0.0,25.8,2.7,141.0,8.5,213,10.2,90,Arenoso,Pulverizacao,Tarde,0
4386,2026-07-17 15:18:00,EQ-031,Rio Verde,33.6,22.8,29.2,12.6,115.0,5.6,91,5.5,89,Arenoso,Colheita,Tarde,1
3344,2026-06-14 17:34:00,EQ-004,Cascavel,100.0,32.2,24.6,38.5,1024.0,5.7,33,9.2,95,Encharcado,Colheita,Tarde,1
272,2026-03-10 14:56:00,EQ-021,Cascavel,57.1,0.0,26.9,24.5,770.0,12.8,116,7.5,106,Misto,Colheita,Tarde,1
603,2026-03-20 17:17:00,EQ-033,Lucas do Rio Verde,70.8,0.0,28.3,16.2,145.0,24.1,368,8.0,88,Argiloso,Plantio,Tarde,1
5090,2026-08-09 14:22:00,EQ-030,Cascavel,83.1,29.0,16.7,20.5,2143.0,12.7,314,7.2,59,Argiloso,Colheita,Tarde,0
4261,2026-07-13 13:48:00,EQ-019,Sorriso,24.3,0.9,27.7,6.0,1870.0,4.5,401,3.5,96,Argiloso,Pulverizacao,Tarde,0
1755,2026-04-25 08:54:00,EQ-005,Sorriso,71.8,10.0,29.8,10.8,1380.0,7.7,105,9.0,84,Arenoso,Transporte,Manha,0
4577,2026-07-23 17:16:00,EQ-014,Sorriso,42.9,24.1,26.7,3.4,812.0,8.3,0,6.2,70,Arenoso,Pulverizacao,Tarde,0
2109,2026-05-07 13:20:00,EQ-011,Barreiras,74.6,16.4,24.3,9.1,1297.0,9.1,150,9.4,71,Arenoso,Colheita,Tarde,1
738,2026-03-24 13:11:00,EQ-002,Rio Verde,100.0,133.6,27.1,12.5,392.0,7.4,125,6.8,75,Encharcado,Plantio,Tarde,1
1630,2026-04-21 06:45:00,EQ-002,Rio Verde,80.8,0.0,26.4,8.5,566.0,7.4,259,4.0,61,Arenoso,Transporte,Manha,1
5463,2026-08-20 16:03:00,EQ-010,Sorriso,30.7,0.0,31.3,10.5,1431.0,5.3,162,8.3,95,Misto,Transporte,Tarde,
503,2026-03-17 10:51:00,EQ-017,Lucas do Rio Verde,70.2,0.0,25.7,2.8,825.0,1.8,206,7.9,90,Arenoso,Colheita,Manha,0
5220,2026-08-13 14:20:00,EQ-002,Rio Verde,"16,5",0.0,27.8,9.9,277.0,7.8,125,10.1,93,Arenoso,Transporte,Tarde,0
1740,2026-04-24 14:15:00,EQ-024,Cascavel,56.1,-3.0,24.0,21.1,546.0,7.8,353,9.6,84,Argiloso,Pulverizacao,Tarde,1
2038,2026-05-04 17:59:00,EQ-023,Lucas do Rio Verde,66.7,12.4,24.1,20.9,72.0,6.7,236,8.8,61,Misto,Pulverizacao,Tarde,1
4624,2026-07-25 14:53:00,EQ-025,Barreiras,21.8,0.0,26.2,2.4,758.0,8.3,160,7.6,78,Misto,Transporte,Tarde,1
2861,2026-05-31 06:57:00,EQ-029,Rio Verde,31.9,0.0,31.2,11.7,2033.0,1.1,292,8.9,91,Misto,Transporte,Manha,0
4418,2026-07-18 17:42:00,EQ-012,Lucas do Rio Verde,34.3,2.8,26.8,5.8,421.0,3.5,14,9.1,63,Arenoso,Pulverizacao,Tarde,0
3686,2026-06-25 13:19:00,EQ-002,Rio Verde,21.8,0.0,21.8,14.2,1311.0,7.6,213,8.3,96,Misto,Colheita,Tarde,0
3122,2026-06-08 06:19:00,EQ-003,Lucas do Rio Verde,40.9,0.0,27.7,1.1,380.0,8.5,250,4.6,84,Misto,Pulverizacao,Manha,0
3666,2026-06-24 19:36:00,EQ-009,Lucas do Rio Verde,21.9,0.0,19.0,1.4,1493.0,5.0,3,6.3,81,Arenoso,Transporte,Noite,0
3320,2026-06-14 06:00:00,EQ-013,Barreiras,38.4,0.0,25.6,0.7,642.0,9.4,172,5.9,81,Arenoso,Colheita,Manha,0
2369,2026-05-15 06:28:00,EQ-005,Sorriso,62.6,0.0,27.3,1.3,2089.0,7.8,217,6.4,94,Argiloso,Colheita,Manha,0
1659,2026-04-21 23:07:00,EQ-038,Rio Verde,79.2,0.0,29.8,24.3,374.0,3.1,246,7.0,104,Misto,Colheita,Noite,1
607,2026-03-20 19:04:00,EQ-025,Barreiras,80.6,0.0,26.8,5.1,267.0,7.9,154,5.8,77,Argiloso,Colheita,Noite,1
2558,2026-05-20 17:43:00,EQ-025,Barreiras,43.6,0.0,26.7,3.8,951.0,8.1,147,6.9,69,Arenoso,Colheita,Tarde,0
1841,2026-04-27 16:30:00,EQ-036,Rio Verde,65.9,27.8,26.9,6.9,630.0,6.4,149,10.8,89,Misto,Transporte,Tarde,1
3075,2026-06-06 17:17:00,EQ-001,Barreiras,27.9,0.0,24.1,2.8,1323.0,11.3,46,10.1,87,Misto,Colheita,Tarde,0
4802,2026-07-31 10:15:00,EQ-023,Lucas do Rio Verde,35.6,0.0,32.4,7.0,399.0,6.9,28,6.2,84,Misto,Pulverizacao,Manha,0
4399,2026-07-18 06:28:00,EQ-008,Barreiras,14.4,0.1,27.6,4.9,1680.0,9.6,293,6.9,94,Arenoso,Transporte,Manha,0
4367,2026-07-16 22:40:00,EQ-010,Sorriso,24.1,0.0,19.4,2.6,1278.0,5.2,44,11.5,95,Argiloso,Transporte,Noite,0
4072,2026-07-07 10:41:00,EQ-002,Rio Verde,25.7,0.0,30.6,1.8,85.0,7.7,285,6.1,91,Argiloso,Transporte,Manha,1
4925,2026-08-04 14:03:00,EQ-003,Lucas do Rio Verde,26.3,0.0,26.8,12.4,243.0,8.7,76,7.3,69,Misto,Pulverizacao,Tarde,0
4489,2026-07-20 19:03:00,EQ-031,Barreiras,22.0,0.0,25.9,2.5,269.0,5.6,107,13.8,95,Misto,Colheita,Noite,0
2075,2026-05-06 08:56:00,EQ-024,Cascavel,52.5,0.0,18.0,13.7,886.0,7.8,395,13.5,58,Argiloso,Pulverizacao,Manha,1
4702,2026-07-28 09:22:00,EQ-019,Sorriso,38.4,0.0,28.3,4.9,1457.0,4.5,18,5.0,75,Argiloso,Pulverizacao,Manha,0
133,2026-03-05 14:28:00,EQ-019,Sorriso,93.6,90.4,29.9,1.0,161.0,4.1,234,10.2,69,Encharcado,Pulverizacao,Tarde,1
2327,2026-05-13 21:19:00,EQ-028,Sorriso,84.3,0.0,24.6,2.7,828.0,6.9,91,13.0,88,Misto,Transporte,Noite,0
2956,2026-06-02 21:42:00,EQ-037,Sorriso,41.9,0.0,29.0,9.5,453.0,20.7,222,5.1,88,Arenoso,Plantio,Noite,1
4673,2026-07-27 13:51:00,EQ-033,Lucas do Rio Verde,26.2,0.0,25.4,1.6,2500.0,24.4,157,9.4,83,Argiloso,Transporte,Tarde,0
3089,2026-06-07 07:33:00,EQ-018,Rio Verde,23.7,0.0,25.5,5.3,2144.0,9.2,247,7.4,102,Misto,Colheita,Manha,0
1518,2026-04-17 16:43:00,EQ-006,Sorriso,94.3,7.4,29.2,8.0,792.0,12.0,241,12.4,79,Encharcado,Pulverizacao,Tarde,1
148,2026-03-06 06:36:00,EQ-005,Sorriso,96.3,24.6,29.7,0.5,585.0,7.6,154,6.7,84,Encharcado,Plantio,Manha,1
4183,2026-07-10 16:08:00,EQ-013,Barreiras,27.1,0.0,24.2,7.3,551.0,9.4,310,8.2,86,Arenoso,Colheita,Tarde,0
1215,2026-04-08 08:39:00,EQ-006,Sorriso,96.7,7.5,25.9,3.1,1134.0,12.0,187,10.8,91,Encharcado,Pulverizacao,Manha,0
4427,2026-07-19 06:59:00,EQ-024,Cascavel,100.0,66.5,10.2,8.6,647.0,8.0,324,1.9,65,Argiloso,Pulverizacao,Manha,1
1219,2026-04-08 10:07:00,EQ-037,Sorriso,86.0,7.5,30.0,14.1,296.0,20.5,728,6.2,101,Argiloso,Colheita,Manha,1
2292,2026-05-12 16:51:00,EQ-040,Não-Me-Toque,56.2,5.1,27.5,13.4,409.0,13.2,268,10.4,107,Argiloso,Colheita,Tarde,1
969,2026-03-31 09:17:00,EQ-036,Rio Verde,74.6,0.0,27.0,4.1,2201.0,6.3,34,4.5,81,Argiloso,Colheita,Manha,0
5064,2026-08-08 17:06:00,EQ-017,Lucas do Rio Verde,22.8,0.0,29.9,6.0,765.0,2.2,25,9.3,120,Misto,Colheita,Tarde,0
4992,2026-08-06 16:06:00,EQ-026,Sorriso,18.1,0.0,22.4,6.8,1500.0,2.7,70,1.0,89,Argiloso,Transporte,Tarde,0
1115,2026-04-05 07:03:00,EQ-013,Barreiras,79.4,0.0,26.5,10.3,1278.0,9.2,715,8.1,75,Arenoso,Colheita,Manha,0
397,2026-03-14 15:01:00,EQ-002,Rio Verde,76.1,23.6,25.0,14.9,487.0,7.3,68,9.2,86,Argiloso,Plantio,Tarde,0
3259,2026-06-12 10:13:00,EQ-016,Cascavel,93.9,0.0,23.5,18.0,449.0,4.3,148,10.8,103,Encharcado,Transporte,Manha,1
1825,2026-04-27 09:17:00,EQ-008,Barreiras,80.8,47.4,34.8,5.4,1831.0,9.4,507,7.9,94,Misto,Colheita,Manha,1
2356,2026-05-14 16:11:00,EQ-016,Barreiras,50.9,8.1,33.5,2.9,1440.0,4.2,61,8.7,75,Arenoso,Colheita,Tarde,0
418,2026-03-15 07:37:00,EQ-018,Rio Verde,74.1,18.4,23.6,4.4,728.0,9.0,191,1.8,69,Misto,Plantio,Manha,0
5630,2026-08-26 09:09:00,EQ-014,Sorriso,46.3,0.0,27.2,6.3,1787.0,8.4,191,9.4,77,Misto,Pulverizacao,Manha,0
5145,2026-08-11 07:08:00,EQ-030,Rio Verde,16.6,0.0,26.9,7.3,1154.0,12.8,322,9.8,86,Arenoso,Colheita,Manha,0
75,2026-03-03 15:58:00,EQ-004,Cascavel,71.2,8.8,22.4,9.3,165.0,5.5,260,7.0,100,Argiloso,COLHEITA,Tarde,0
3975,2026-07-04 13:29:00,EQ-006,Sorriso,23.6,0.0,22.3,2.1,348.0,12.2,277,10.7,81,Argiloso,Pulverizacao,Tarde,1
2127,2026-05-08 06:58:00,EQ-033,Lucas do Rio Verde,54.8,0.0,22.0,3.8,541.0,24.2,237,10.9,91,Misto,Colheita,Manha,1
4321,2026-07-15 14:27:00,EQ-012,Lucas do Rio Verde,18.5,0.0,22.7,2.0,926.0,3.5,0,3.6,49,Misto,Pulverizacao,Tarde,0
4170,2026-07-10 10:21:00,EQ-001,Barreiras,22.8,0.0,32.0,3.8,2202.0,11.4,187,7.7,90,Argiloso,Colheita,Manha,0
5806,2026-04-26 10:03:00,EQ-028,Sorriso,88.0,4.3,29.7,1.6,368.0,6.8,20,11.5,91,Encharcado,Transporte,Manha,1
2493,2026-05-18 19:28:00,EQ-032,Sorriso,62.0,0.0,27.7,11.3,436.0,5.9,233,11.6,40,Misto,Pulverizacao,Noite,1
2304,2026-05-13 08:56:00,EQ-009,Lucas do Rio Verde,50.5,5.3,25.9,6.8,621.0,4.9,580,8.0,68,Argiloso,Colheita,Manha,0
3285,2026-06-12 22:32:00,EQ-026,Sorriso,8.3,0.0,26.0,8.2,949.0,2.6,613,7.8,76,Argiloso,Transporte,Noite,0
3240,2026-06-11 14:46:00,EQ-036,Rio Verde,22.7,0.0,26.3,2.3,703.0,6.5,68,8.8,111,Arenoso,Transporte,Tarde,0
5086,2026-08-09 10:25:00,EQ-022,Rio Verde,20.7,2.5,33.2,5.7,1492.0,3.9,9,6.2,104,Misto,Transporte,Manha,0
4252,2026-07-13 06:28:00,EQ-034,Rio Verde,25.9,0.0,27.1,4.8,475.0,8.8,336,7.4,72,Misto,Transporte,Manha,1
3707,2026-06-26 07:42:00,EQ-027,Barreiras,17.6,0.0,22.1,3.3,349.0,17.1,479,4.7,83,Arenoso,Colheita,Manha,1
698,2026-03-23 08:45:00,EQ-032,Sorriso,82.3,35.7,29.2,1.7,916.0,5.7,231,3.3,81,Argiloso,Pulverizacao,Manha,0
548,2026-03-18 20:41:00,EQ-033,Lucas do Rio Verde,75.4,17.0,28.2,11.1,1067.0,24.0,360,8.8,92,Argiloso,Plantio,Noite,1
5510,2026-08-22 08:33:00,EQ-003,Lucas do Rio Verde,13.7,0.0,31.1,1.9,86.0,8.7,173,6.8,65,Misto,Pulverizacao,Manha,0
1034,2026-04-02 13:21:00,EQ-032,Sorriso,"93,8",29.2,28.8,9.9,291.0,5.8,278,6.7,86,Encharcado,Pulverizacao,Tarde,1
1195,2026-04-07 15:02:00,EQ-034,Rio Verde,87.1,8.5,24.2,6.0,1524.0,8.5,350,7.3,73,Encharcado,Plantio,Tarde,0
5345,2026-08-17 08:19:00,EQ-014,Sorriso,25.3,0.0,29.8,10.6,802.0,8.4,138,5.9,69,Misto,Pulverizacao,Manha,0
2743,2026-05-26 23:25:00,EQ-038,Rio Verde,41.0,0.0,25.9,10.2,649.0,3.2,113,5.3,81,Misto,Transporte,Noite,0
5758,2026-08-30 14:56:00,EQ-006,Sorriso,35.2,0.0,25.3,6.2,1114.0,12.4,239,4.3,87,Argiloso,Pulverizacao,Tarde,0
1360,2026-04-12 15:00:00,EQ-015,Sorriso,91.6,55.9,30.0,6.6,2269.0,8.0,106,7.7,58,Encharcado,Plantio,Tarde,1
4884,2026-08-03 08:47:00,EQ-037,Sorriso,26.2,0.0,27.7,11.2,2500.0,20.8,527,9.7,91,Misto,Transporte,Manha,0
1649,2026-04-21 16:04:00,EQ-039,Sorriso,79.0,5.2,30.6,7.0,1343.0,2.1,598,6.1,81,Argiloso,Colheita,Tarde,0
5212,2026-08-13 09:39:00,EQ-003,Lucas do Rio Verde,19.7,0.0,26.0,5.5,440.0,8.7,105,9.2,72,Arenoso,Pulverizacao,Manha,0
4312,2026-07-15 08:32:00,EQ-037,Sorriso,21.3,0.0,26.6,4.3,974.0,20.8,430,5.2,92,Argiloso,Transporte,Manha,0
4142,2026-07-09 15:41:00,EQ-023,Lucas do Rio Verde,22.0,0.0,24.9,14.2,585.0,6.9,575,9.9,57,Arenoso,Pulverizacao,Tarde,0
5393,2026-08-18 15:05:00,EQ-032,Sorriso,18.9,0.6,26.0,2.4,219.0,6.1,186,1.0,51,Argiloso,Pulverizacao,Tarde,0
2997,2026-06-04 13:19:00,EQ-022,Rio Verde,14.9,0.0,30.5,0.8,2500.0,3.7,98,8.5,95,Arenoso,Colheita,Tarde,0
3933,2026-07-03 07:17:00,EQ-018,Rio Verde,32.5,0.0,27.1,6.6,592.0,9.3,42,8.4,82,Misto,Colheita,Manha,0
3903,2026-07-02 09:20:00,EQ-015,Sorriso,30.9,0.0,26.8,9.8,171.0,8.2,230,9.9,95,Misto,Colheita,Manha,0
472,2026-03-16 16:25:00,EQ-012,Lucas do Rio Verde,73.6,13.0,34.5,,,3.1,250,4.1,91,Misto,Pulverizacao,Tarde,1
3334,2026-06-14 13:50:00,EQ-018,Rio Verde,24.4,0.0,29.5,9.1,410.0,9.3,280,9.6,94,Misto,Transporte,Tarde,1
870,2026-03-28 15:07:00,EQ-027,Barreiras,97.7,43.7,27.0,1.3,494.0,16.8,83,10.2,89,Misto,Plantio,Tarde,1
4309,2026-07-15 08:06:00,EQ-025,Barreiras,24.0,0.0,24.8,1.0,715.0,8.2,94,9.2,78,Arenoso,Transporte,Manha,0
4722,2026-07-28 16:12:00,EQ-003,Lucas do Rio Verde,36.8,0.0,23.1,3.1,1810.0,8.7,44,8.3,108,Misto,Pulverizacao,Tarde,0
1871,2026-04-28 17:38:00,EQ-029,Rio Verde,62.3,0.0,27.3,9.6,882.0,1.0,156,13.4,61,Arenoso,Transporte,Tarde,0
3627,2026-06-23 16:07:00,EQ-011,Barreiras,31.8,0.0,20.0,5.3,386.0,9.2,385,6.5,85,Misto,Transporte,Tarde,0
1117,2026-04-05 07:27:00,EQ-021,Cascavel,93.5,13.2,23.9,13.9,330.0,12.9,222,5.8,72,Arenoso,Colheita,Manha,1
1949,2026-05-01 15:56:00,EQ-031,Rio Verde,86.9,31.9,26.4,9.1,866.0,5.4,213,6.4,68,Arenoso,Colheita,Tarde,1
3744,2026-06-27 09:09:00,EQ-004,Cascavel,97.3,9.9,-99.0,9.1,294.0,5.8,120,6.1,97,Encharcado,Colheita,Manha,1
3848,2026-06-30 10:08:00,EQ-017,Lucas do Rio Verde,22.3,0.0,27.4,3.0,506.0,2.1,93,2.7,75,Argiloso,Colheita,Manha,0
3304,2026-06-13 13:25:00,EQ-006,Sorriso,24.4,0.0,21.6,11.3,1604.0,12.2,170,7.4,40,Argiloso,Pulverizacao,Tarde,0
1795,2026-04-26 10:42:00,EQ-010,Sorriso,76.9,4.3,30.4,3.7,504.0,5.0,249,5.0,93,Misto,Colheita,Manha,1
3055,2026-06-06 08:14:00,EQ-027,Barreiras,23.5,0.0,25.4,3.7,380.0,17.0,366,7.2,91,Argiloso,Transporte,Manha,1
2391,2026-05-15 17:06:00,EQ-032,Sorriso,73.2,0.0,28.7,10.7,338.0,5.9,207,7.6,87,Misto,Pulverizacao,Tarde,1
4777,2026-07-30 15:14:00,EQ-031,Rio Verde,30.6,0.0,23.8,4.9,750.0,5.6,161,10.2,111,Argiloso,Colheita,Tarde,0
5685,2026-08-28 07:56:00,EQ-027,Barreiras,17.5,0.0,29.4,8.3,481.0,17.3,92,8.0,106,Argiloso,Transporte,Manha,0
3568,2026-06-21 23:01:00,EQ-009,Rio Verde,16.1,0.0,27.2,2.6,849.0,5.0,750,8.4,107,Argiloso,Plantio,Noite,0
1157,2026-04-06 09:42:00,EQ-021,Cascavel,75.7,0.0,26.1,1.1,471.0,12.9,230,8.1,103,Misto,Colheita,Manha,1
1829,2026-04-27 09:43:00,EQ-015,Sorriso,71.3,0.0,30.3,4.8,259.0,8.0,189,4.8,84,Arenoso,Transporte,Manha,1
4593,2026-07-24 13:44:00,EQ-004,Cascavel,83.5,0.0,13.7,17.8,812.0,5.9,206,9.2,98,Misto,Colheita,Tarde,0
5333,2026-08-16 19:26:00,EQ-009,Lucas do Rio Verde,21.1,0.0,23.8,5.4,1175.0,5.1,221,4.2,68,Misto,Transporte,Noite,0
4717,2026-07-28 14:52:00,EQ-026,Sorriso,33.9,0.0,22.2,0.7,325.0,2.7,7,8.1,43,Argiloso,Plantio,Tarde,0
4481,2026-07-20 15:54:00,EQ-005,Sorriso,24.6,1.9,24.3,1.1,2038.0,7.9,189,10.4,87,Misto,Transporte,Tarde,0
3172,2026-06-09 13:48:00,EQ-010,Sorriso,27.7,0.0,25.0,2.9,500.0,5.1,188,8.8,52,Argiloso,Plantio,Tarde,0
3414,2026-06-17 07:16:00,EQ-039,Sorriso,26.3,0.0,18.7,5.1,1805.0,2.3,195,6.1,83,Misto,Transporte,Manha,0
2999,2026-06-04 14:00:00,EQ-026,Sorriso,31.9,0.0,32.8,3.4,281.0,2.6,565,7.5,90,Misto,Transporte,Tarde,0
4733,2026-07-28 22:37:00,EQ-004,Cascavel,100.0,26.7,19.5,15.6,835.0,5.9,221,4.6,93,Argiloso,Colheita,Noite,0
351,2026-03-13 08:42:00,EQ-012,Lucas do Rio Verde,81.7,3.7,28.8,3.6,116.0,3.1,229,9.0,75,Misto,Pulverizacao,Manha,0
1731,2026-04-24 09:01:00,EQ-033,Lucas do Rio Verde,95.7,57.8,31.1,4.0,1306.0,24.1,158,7.7,66,Encharcado,Transporte,Manha,1
4972,2026-08-05 23:40:00,EQ-028,Sorriso,27.8,0.0,32.1,3.7,105.0,7.1,472,11.0,84,Argiloso,Transporte,Noite,0
5006,2026-08-07 06:43:00,EQ-010,Sorriso,20.2,0.0,27.8,4.1,1290.0,5.3,102,3.2,98,Arenoso,Colheita,Manhã,0
3844,2026-06-30 06:41:00,EQ-022,Rio Verde,19.9,0.0,20.5,5.5,945.0,3.8,238,8.4,79,Misto,Transporte,Manha,1
1180,2026-04-07 06:25:00,EQ-033,Lucas do Rio Verde,67.5,0.0,30.5,24.4,672.0,24.1,61,11.7,103,Argiloso,Transporte,Manha,1
3104,2026-06-07 15:06:00,EQ-006,Sorriso,32.2,0.0,25.9,10.6,1433.0,12.2,141,6.0,50,Arenoso,Pulverizacao,Tarde,0
1662,2026-04-22 06:46:00,EQ-003,Lucas do Rio Verde,94.9,186.9,28.6,20.8,648.0,8.4,58,8.5,49,Argiloso,Pulverizacao,Manha,1
3674,2026-06-25 06:21:00,EQ-011,Cascavel,94.1,0.0,18.6,2.9,390.0,9.2,403,10.2,77,Arenoso,Transporte,Manha,1
468,2026-03-16 14:09:00,EQ-040,Não-Me-Toque,81.3,17.1,25.7,3.8,230.0,13.1,13,9.4,58,Arenoso,Colheita,Tarde,1
4210,2026-07-11 15:14:00,EQ-017,Lucas do Rio Verde,29.0,0.0,25.8,8.1,418.0,2.1,149,10.0,79,Misto,Transporte,Tarde,0
5301,2026-08-15 17:42:00,EQ-029,Rio Verde,20.5,0.0,30.4,7.9,1082.0,1.3,244,6.3,99,Misto,Transporte,Tarde,0
3067,2026-06-06 13:37:00,EQ-016,Cascavel,88.3,49.5,24.0,16.9,1170.0,4.3,134,7.3,93,Encharcado,Transporte,Tarde,0
2747,2026-05-27 06:23:00,EQ-034,Rio Verde,35.3,0.0,31.0,5.9,882.0,8.6,161,8.8,73,Argiloso,Colheita,Manha,0
4033,2026-07-05 20:03:00,EQ-020,Barreiras,31.5,0.0,26.6,4.1,578.0,1.7,21,31.0,102,Misto,Colheita,Noite,0
3721,2026-06-26 15:38:00,EQ-016,Cascavel,91.8,27.8,15.2,12.8,2028.0,4.4,219,4.3,93,Encharcado,Colheita,Tarde,1
102,2026-03-04 10:36:00,EQ-015,Sorriso,83.1,28.8,26.8,7.4,182.0,7.9,168,8.3,78,Misto,Plantio,Manha,1
1313,2026-04-11 07:37:00,EQ-031,Rio Verde,81.5,19.4,26.6,6.1,129.0,5.3,119,7.8,89,Arenoso,Colheita,Manha,0
886,2026-03-28 22:09:00,EQ-039,Sorriso,85.6,22.5,28.2,15.8,975.0,2.0,507,7.2,87,Arenoso,Transporte,Noite,0
4317,2026-07-15 10:49:00,EQ-013,Barreiras,18.7,0.0,24.1,4.9,614.0,9.5,333,12.5,79,Arenoso,Transporte,Manha,0
115,2026-03-04 21:56:00,EQ-023,Lucas do Rio Verde,100.0,68.4,28.6,14.9,230.0,6.5,623,7.8,65,Encharcado,Pulverizacao,Noite,1
2224,2026-05-10 17:47:00,EQ-006,Sorriso,94.3,114.3,27.1,25.7,1777.0,12.1,21,4.8,87,Misto,Pulverizacao,Tarde,0
3953,2026-07-03 19:42:00,EQ-014,Sorriso,16.6,0.0,29.2,12.1,787.0,8.3,322,14.8,81,Argiloso,Pulverizacao,Noite,0
2631,2026-05-23 10:42:00,EQ-015,Sorriso,44.1,4.9,26.1,5.3,990.0,8.1,33,7.9,86,Misto,Transporte,Manha,
2201,2026-05-10 09:12:00,EQ-018,Rio Verde,58.2,1.0,27.0,4.8,394.0,9.2,152,3.0,109,Misto,Transporte,Manha,0
596,2026-03-20 14:44:00,EQ-040,Sorriso,86.4,33.8,24.6,1.7,2500.0,13.1,17,6.4,111,Encharcado,Colheita,Tarde,1
1135,2026-04-05 15:48:00,EQ-001,Barreiras,82.5,0.0,25.4,5.9,745.0,11.2,82,5.2,73,Arenoso,Colheita,Tarde,0
3775,2026-06-28 07:58:00,EQ-022,Rio Verde,18.3,0.0,26.1,3.8,583.0,3.8,214,8.1,68,Arenoso,Colheita,Manha,0
5409,2026-08-19 07:31:00,EQ-032,Sorriso,22.6,0.0,28.1,6.8,101.0,6.1,187,,90,Arenoso,Pulverizacao,Manha,0
456,2026-03-16 07:58:00,EQ-012,Lucas do Rio Verde,78.7,13.0,28.7,12.2,506.0,3.1,249,2.6,62,Misto,Pulverizacao,Manha,1
4208,2026-07-11 14:40:00,EQ-005,Sorriso,23.7,0.0,23.3,12.6,311.0,7.9,170,4.3,89,Argiloso,Colheita,Tarde,0
2690,2026-05-25 10:56:00,EQ-020,Rio Verde,39.3,0.0,28.7,10.9,632.0,1.6,217,8.5,80,Misto,Colheita,Manha,0
5314,2026-08-16 08:35:00,EQ-032,Sorriso,23.7,0.0,29.1,4.3,1173.0,6.1,173,9.4,70,Misto,Pulverizacao,Manha,0
530,2026-03-18 08:10:00,EQ-012,Lucas do Rio Verde,78.9,17.0,28.6,8.7,256.0,3.1,261,8.2,60,Misto,Pulverizacao,Manha,1
4415,2026-07-18 15:57:00,EQ-030,Não-Me-Toque,82.3,19.7,19.4,8.4,925.0,12.7,200,5.3,108,Misto,Colheita,Tarde,1
209,2026-03-08 08:58:00,EQ-033,Lucas do Rio Verde,95.9,49.4,29.1,17.5,1365.0,24.0,338,5.9,69,Encharcado,Plantio,Manha,1
672,2026-03-22 14:32:00,EQ-034,Rio Verde,90.3,-3.0,26.1,1.3,501.0,8.5,298,8.9,102,Arenoso,Transporte,Tarde,1
3876,2026-07-01 10:43:00,EQ-038,Rio Verde,15.5,0.0,25.5,8.2,841.0,3.3,249,9.6,81,Arenoso,Transporte,Manha,0
1423,2026-04-14 10:05:00,EQ-009,Lucas do Rio Verde,94.4,21.6,21.9,7.2,113.0,4.8,483,4.2,73,Encharcado,Colheita,Manha,1
985,2026-03-31 17:17:00,EQ-019,Sorriso,"90,0",11.9,25.4,21.8,214.0,4.2,365,5.6,49,Encharcado,Pulverizacao,Tarde,1
5158,2026-08-11 13:23:00,EQ-013,Barreiras,17.3,0.0,23.4,5.4,747.0,9.5,435,7.0,93,Arenoso,Colheita,Tarde,0
4873,2026-08-02 17:28:00,EQ-028,Sorriso,39.8,2.0,28.2,7.9,887.0,7.1,448,11.9,92,Argiloso,Transporte,Tarde,0
3531,2026-06-20 16:47:00,EQ-013,Barreiras,23.8,0.0,20.7,2.3,1233.0,9.4,190,6.4,78,Argiloso,Transporte,Tarde,0
664,2026-03-22 10:30:00,EQ-037,Sorriso,78.6,29.9,29.8,7.3,1475.0,20.5,678,5.5,52,Misto,Plantio,Manha,1
5075,2026-08-09 06:58:00,EQ-006,Sorriso,40.9,0.0,26.7,4.8,843.0,12.3,138,5.7,73,Misto,Pulverizacao,Manha,0
159,2026-03-06 13:16:00,EQ-024,Cascavel,58.1,0.0,20.3,5.6,332.0,7.6,145,10.0,65,Misto,Pulverizacao,Tarde,1
4089,2026-07-08 06:29:00,EQ-035,Lucas do Rio Verde,24.2,0.0,27.4,10.1,1330.0,3.1,16,8.1,79,Arenoso,Plantio,Manha,0
1578,2026-04-19 08:27:00,EQ-007,Cascavel,74.2,10.3,18.8,6.9,493.0,7.6,385,6.8,78,Misto,Colheita,Manha,1
3895,2026-07-02 06:34:00,EQ-035,Lucas do Rio Verde,21.7,0.0,24.0,13.0,984.0,3.1,309,13.5,82,Misto,Transporte,Manha,0
4829,2026-08-01 08:26:00,EQ-025,Barreiras,13.6,0.0,29.5,7.3,1406.0,8.3,216,8.7,92,Argiloso,Colheita,Manha,0
1470,2026-04-16 07:06:00,EQ-001,Não-Me-Toque,60.9,28.1,23.5,6.8,2147.0,11.2,134,10.2,67,Misto,Transporte,Manha,0
3988,2026-07-04 17:15:00,EQ-005,Cascavel,73.3,6.8,17.2,8.2,739.0,7.9,126,9.3,99,Argiloso,Transporte,Tarde,1
748,2026-03-24 14:42:00,EQ-020,Barreiras,94.0,95.7,24.6,3.8,708.0,1.5,0,7.0,82,Arenoso,Colheita,Tarde,0
368,2026-03-13 15:10:00,EQ-016,Rio Verde,75.1,0.0,32.3,3.2,404.0,4.1,84,2.4,104,Argiloso,Colheita,Tarde,1
4694,2026-07-28 07:08:00,EQ-016,Lucas do Rio Verde,26.2,0.0,24.8,6.0,1662.0,4.4,30,8.6,95,Misto,Transporte,Manha,0
1283,2026-04-10 09:43:00,EQ-030,Rio Verde,79.0,14.7,18.0,22.0,303.0,12.4,381,7.6,71,Argiloso,Colheita,Manha,1
4234,2026-07-12 14:10:00,EQ-033,Lucas do Rio Verde,17.1,0.0,24.2,4.6,416.0,24.4,87,6.3,97,Misto,Colheita,Tarde,0
3505,2026-06-20 06:18:00,EQ-019,Sorriso,22.2,0.0,,22.4,284.0,4.4,330,10.2,73,Misto,Pulverizacao,Manha,0
164,2026-03-06 15:27:00,EQ-037,Não-Me-Toque,46.4,0.0,21.1,18.8,298.0,20.4,618,7.5,81,Argiloso,Colheita,Tarde,1
3155,2026-06-08 20:51:00,EQ-007,Cascavel,92.5,40.8,23.5,14.0,584.0,7.7,197,6.7,83,ARGILOSO,Colheita,Noite,1
1526,2026-04-17 19:35:00,EQ-040,Não-Me-Toque,77.3,1.6,22.5,11.8,831.0,13.2,166,8.1,78,Misto,Colheita,Noite,1
5190,2026-08-12 10:11:00,EQ-037,Sorriso,31.5,0.0,27.7,1.4,469.0,20.9,576,7.9,94,Argiloso,Transporte,Manha,1
1222,2026-04-08 13:37:00,EQ-011,Barreiras,80.6,1.6,29.1,5.3,536.0,9.0,37,9.3,74,Arenoso,Plantio,Tarde,1
1127,2026-04-05 13:21:00,EQ-033,Lucas do Rio Verde,80.9,11.5,18.7,16.4,552.0,24.1,48,10.8,40,Arenoso,Plantio,Tarde,1
572,2026-03-19 17:22:00,EQ-034,Rio Verde,93.7,61.3,30.7,6.7,1141.0,8.4,270,6.3,79,Misto,Plantio,Tarde,0
1067,2026-04-03 08:35:00,EQ-017,Lucas do Rio Verde,96.5,11.7,27.0,9.6,422.0,1.9,18,8.5,97,Arenoso,Colheita,Manha,1
3496,2026-06-19 15:55:00,EQ-027,Sorriso,25.8,0.0,24.6,4.5,961.0,17.1,442,9.4,94,Arenoso,Colheita,Tarde,0
940,2026-03-30 10:50:00,EQ-005,Sorriso,91.8,3.5,27.2,5.1,277.0,7.6,280,3.5,106,Encharcado,Transporte,Manha,1
906,2026-03-29 15:26:00,EQ-011,Barreiras,"93,2",0.0,29.8,7.5,1074.0,9.0,413,4.5,86,Argiloso,Transporte,Tarde,1
776,2026-03-25 09:54:00,EQ-011,Barreiras,100.0,0.0,30.2,3.4,218.0,8.9,385,9.1,60,Encharcado,Plantio,Manha,1
5411,2026-08-19 08:06:00,EQ-018,Rio Verde,17.2,0.0,32.3,10.7,564.0,9.4,257,9.6,79,Misto,Transporte,Manha,0
45,2026-03-02 14:19:00,EQ-017,Lucas do Rio Verde,76.5,52.7,29.8,13.7,425.0,1.8,133,6.3,64,Arenoso,Colheita,Tarde,1
2564,2026-05-20 23:56:00,EQ-016,Cascavel,68.5,0.2,21.7,15.1,964.0,4.3,93,9.2,52,Arenoso,Plantio,Noite,0
4981,2026-08-06 10:00:00,EQ-029,Rio Verde,27.3,0.0,22.7,15.3,257.0,1.3,194,9.4,72,Arenoso,Plantio,Manha,0
544,2026-03-18 15:59:00,EQ-016,Cascavel,41.6,4.6,18.1,15.1,1589.0,4.1,106,9.5,77,Argiloso,Colheita,Tarde,0
3785,2026-06-28 14:08:00,EQ-021,Cascavel,87.5,6.3,20.2,4.6,2171.0,13.1,105,7.4,84,Arenoso,Colheita,Tarde,0
4857,2026-08-02 09:08:00,EQ-026,Sorriso,34.2,2.0,28.8,8.7,554.0,2.7,43,10.2,103,Argiloso,Transporte,Manha,0
4236,2026-07-12 14:36:00,EQ-029,Rio Verde,23.5,0.0,27.9,16.9,947.0,1.2,82,4.8,52,Misto,Plantio,Tarde,0
2693,2026-05-25 13:25:00,EQ-027,Barreiras,37.6,0.0,32.9,6.8,852.0,17.0,316,7.5,77,Arenoso,Plantio,Tarde,0
121,2026-03-05 06:22:00,EQ-032,Sorriso,100.0,90.4,26.3,5.0,385.0,5.7,140,12.7,72,Misto,Pulverizacao,Manha,1
5563,2026-08-24 10:34:00,EQ-022,Rio Verde,25.5,0.0,26.9,10.3,453.0,3.9,54,4.6,77,Arenoso,Transporte,Manha,0
956,2026-03-30 20:12:00,EQ-024,Cascavel,43.6,3.0,25.0,23.4,873.0,7.7,238,10.2,77,Argiloso,Pulverizacao,Noite,1
2762,2026-05-27 14:02:00,EQ-026,Sorriso,39.6,0.0,20.6,3.3,332.0,2.6,518,11.6,105,Misto,Colheita,Tarde,0
790,2026-03-25 19:10:00,EQ-025,Rio Verde,100.0,136.9,26.4,4.6,520.0,7.9,171,11.8,87,Arenoso,Colheita,Noite,1
2437,2026-05-17 13:35:00,EQ-029,Rio Verde,30.2,0.0,28.7,10.7,761.0,1.0,234,9.1,91,Arenoso,Colheita,Tarde,0
4451,2026-07-19 19:08:00,EQ-022,Rio Verde,43.2,4.4,31.5,3.2,1296.0,3.8,318,8.0,74,Arenoso,Transporte,Noite,0
4769,2026-07-30 09:44:00,EQ-030,Não-Me-Toque,79.7,0.0,18.4,15.1,980.0,12.7,265,7.6,100,Misto,Colheita,Manha,0
4571,2026-07-23 14:25:00,EQ-006,Sorriso,39.4,24.1,32.7,17.0,485.0,12.3,55,6.9,66,Argiloso,Pulverizacao,Tarde,0
1188,2026-04-07 08:47:00,EQ-010,Sorriso,100.0,61.8,26.1,1.8,395.0,4.9,154,7.3,75,Encharcado,Colheita,Manha,1
5117,2026-08-10 07:31:00,EQ-012,Lucas do Rio Verde,21.9,0.0,34.8,1.6,246.0,3.5,134,8.8,56,Misto,Pulverizacao,Manha,0
659,2026-03-22 09:36:00,EQ-011,Barreiras,94.8,43.7,32.4,4.0,1018.0,8.9,369,6.5,85,Misto,Colheita,Manha,1
307,2026-03-11 16:27:00,EQ-016,Cascavel,55.9,0.0,24.3,8.2,761.0,4.1,76,8.1,85,Argiloso,Plantio,Tarde,0
2754,2026-05-27 09:46:00,EQ-036,Rio Verde,37.0,0.0,30.2,3.6,779.0,6.5,286,8.7,87,Argiloso,Colheita,Manha,0
5112,2026-08-09 23:15:00,EQ-021,Cascavel,85.3,29.0,13.6,6.6,595.0,13.2,279,11.3,89,Misto,Colheita,Noite,1
364,2026-03-13 13:21:00,EQ-021,Cascavel,55.6,0.0,20.0,9.8,241.0,12.8,124,9.7,93,Argiloso,Colheita,Tarde,1
287,2026-03-10 20:30:00,EQ-030,Não-Me-Toque,94.1,32.1,29.6,25.3,467.0,12.3,292,8.0,92,Encharcado,Colheita,Noite,1
5426,2026-08-19 16:05:00,EQ-025,Sorriso,31.6,0.0,28.5,6.7,365.0,8.3,0,7.3,91,Misto,Colheita,Tarde,0
2552,2026-05-20 14:20:00,EQ-007,Cascavel,73.3,0.2,20.7,5.3,265.0,7.7,121,11.0,86,Argiloso,Colheita,Tarde,0
988,2026-03-31 21:47:00,EQ-040,Não-Me-Toque,44.5,0.0,23.1,19.1,1429.0,13.1,84,11.9,97,Misto,COLHEITA,Noite,0
2257,2026-05-11 23:49:00,EQ-012,Lucas do Rio Verde,60.2,0.0,27.0,3.6,1065.0,3.3,491,7.7,54,Misto,Pulverizacao,Noite,0
1212,2026-04-08 07:52:00,EQ-015,Sorriso,93.8,7.5,33.6,3.7,451.0,8.0,81,5.4,92,Argiloso,Plantio,Manha,0
5772,2026-08-31 08:54:00,EQ-040,Não-Me-Toque,63.3,0.0,21.9,11.3,387.0,13.5,46,9.1,118,Arenoso,Colheita,Manha,1
2815,2026-05-29 09:43:00,EQ-017,Lucas do Rio Verde,47.2,18.0,23.4,2.6,104.0,2.0,235,7.4,89,Argiloso,Colheita,Manha,0
4478,2026-07-20 15:00:00,EQ-002,Rio Verde,42.4,14.2,28.0,22.6,364.0,7.7,26,11.7,94,Misto,Transporte,Tarde,0
4306,2026-07-15 06:49:00,EQ-019,Sorriso,26.2,0.0,28.2,6.5,403.0,4.5,405,8.1,95,Argiloso,Pulverizacao,Manha,0
3706,2026-06-26 07:40:00,EQ-022,Rio Verde,23.1,0.0,23.4,3.7,849.0,3.8,207,8.9,,Arenoso,Transporte,Manha,0
598,2026-03-20 16:16:00,EQ-001,Barreiras,87.6,0.0,30.7,6.4,474.0,11.1,302,8.8,98,Encharcado,Colheita,Tarde,0
4806,2026-07-31 13:36:00,EQ-027,Barreiras,28.9,0.0,27.0,1.2,148.0,17.2,618,9.4,83,Arenoso,Plantio,Tarde,0
1432,2026-04-14 15:04:00,EQ-036,Rio Verde,82.1,0.0,30.1,2.1,725.0,6.4,103,6.8,66,Misto,Plantio,Tarde,0
278,2026-13-45 99:00:00,EQ-007,Cascavel,70.4,0.0,21.7,11.5,130.0,7.5,200,7.1,120,Argiloso,Colheita,Tarde,1
3036,2026-06-05 15:55:00,EQ-019,Sorriso,25.6,0.0,33.2,3.8,780.0,4.4,240,10.1,75,Argiloso,Pulverizacao,Tarde,0
3560,2026-06-21 16:58:00,EQ-013,Barreiras,34.0,0.0,17.7,3.8,763.0,9.4,193,7.5,99,Misto,Colheita,Tarde,0
329,2026-03-12 13:09:00,EQ-031,Rio Verde,69.7,0.0,21.7,8.3,936.0,5.3,6,9.1,60,Misto,Colheita,Tarde,0
920,2026-03-29 23:40:00,EQ-006,Não-Me-Toque,50.2,0.0,22.2,3.8,850.0,12.0,140,7.8,83,Argiloso,Pulverizacao,Noite,0
749,2026-03-24 14:54:00,EQ-018,Rio Verde,90.5,133.6,28.9,7.1,979.0,9.0,251,8.4,54,Arenoso,Plantio,Tarde,0
4971,2026-08-05 22:50:00,EQ-005,Sorriso,24.3,0.0,29.5,2.1,834.0,8.0,237,10.0,64,Misto,Plantio,Noite,0
3176,2026-06-09 15:59:00,EQ-037,Sorriso,31.7,0.0,24.8,5.5,1064.0,20.7,261,6.5,77,Misto,Colheita,Tarde,0
4724,2026-07-28 17:05:00,EQ-015,Sorriso,35.8,0.0,21.1,6.0,383.0,8.3,34,8.3,105,Misto,Transporte,Tarde,0
1951,2026-05-01 17:04:00,EQ-005,Sorriso,63.2,0.0,22.0,2.0,1554.0,7.7,146,7.5,102,Misto,Colheita,Tarde,0
4684,2026-07-27 19:32:00,EQ-999,Cascavel,92.0,48.2,12.7,3.5,642.0,5.9,215,6.4,96,Encharcado,Colheita,Noite,0
3195,2026-06-10 07:32:00,EQ-010,Sorriso,22.2,0.0,22.2,3.3,308.0,5.1,200,5.3,112,Argiloso,Transporte,Manha,0
1066,2026-04-03 08:27:00,EQ-025,Barreiras,99.6,32.9,25.0,1.1,618.0,7.9,219,4.1,76,Encharcado,Colheita,Manha,1
3012,2026-06-04 19:34:00,EQ-023,Lucas do Rio Verde,40.8,0.0,25.8,5.0,544.0,6.8,392,7.4,45,Arenoso,Pulverizacao,Noite,0
796,2026-03-25 22:53:00,EQ-027,Barreiras,86.2,0.0,27.1,5.2,575.0,16.8,68,5.2,82,Misto,Colheita,Noite,1
509,2026-03-17 14:24:00,EQ-017,Lucas do Rio Verde,76.9,0.0,25.0,1.1,674.0,1.8,203,6.5,88,Argiloso,Transporte,Tarde,0
4181,2026-07-10 15:26:00,EQ-040,Não-Me-Toque,57.9,3.2,15.3,3.3,659.0,13.4,178,8.7,77,Argiloso,Transporte,Tarde,0
811,2026-03-26 15:40:00,EQ-025,Lucas do Rio Verde,87.0,19.0,31.9,1.9,863.0,7.9,183,10.6,95,Encharcado,Colheita,Tarde,0
1553,2026-04-18 14:53:00,EQ-033,Lucas do Rio Verde,93.1,22.3,24.1,10.9,190.0,24.1,113,10.6,81,Encharcado,Transporte,Tarde,1
5599,2026-08-25 13:10:00,EQ-039,Lucas do Rio Verde,48.0,37.8,29.9,3.5,236.0,2.5,482,7.7,108,Misto,Colheita,tarde,0
252,2026-03-09 16:57:00,EQ-028,Sorriso,95.5,9.1,27.0,2.2,214.0,6.7,468,7.4,55,Argiloso,Plantio,Tarde,1
457,2026-03-16 08:58:00,EQ-030,Não-Me-Toque,79.7,17.1,24.7,5.0,141.0,12.3,307,5.4,98,Argiloso,Transporte,Manha,1
2942,2026-06-02 14:30:00,EQ-011,Cascavel,94.4,26.5,20.5,5.1,441.0,9.1,282,9.6,95,Encharcado,Transporte,Tarde,1
4964,2026-08-05 15:55:00,EQ-008,Barreiras,24.3,0.0,30.1,2.1,962.0,9.7,324,4.7,83,Misto,Colheita,Tarde,0
4592,2026-07-24 13:42:00,EQ-006,Sorriso,56.0,25.7,26.3,2.0,581.0,12.3,59,7.9,52,Misto,Pulverizacao,Tarde,0
3678,2026-06-25 06:51:00,EQ-023,Lucas do Rio Verde,27.4,0.0,22.8,4.0,620.0,6.8,488,9.3,83,Arenoso,Pulverizacao,Manha,0
2644,2026-05-23 22:35:00,EQ-034,Cascavel,79.4,21.4,17.9,9.5,716.0,8.6,139,9.2,90,Argiloso,Transporte,Noite,1
3742,2026-06-27 07:51:00,EQ-024,Cascavel,84.5,9.9,11.7,6.9,817.0,7.9,208,6.2,76,Misto,Pulverizacao,Manha,0
3631,2026-06-23 17:25:00,EQ-036,Rio Verde,22.9,0.8,26.8,5.5,358.0,6.6,146,8.2,87,Arenoso,Transporte,Tarde,0
3767,2026-06-27 21:24:00,EQ-014,Sorriso,17.3,0.0,18.3,26.1,1638.0,8.3,298,8.7,63,Argiloso,Pulverizacao,Noite,0
1663,2026-04-22 06:51:00,EQ-001,Barreiras,65.0,2.9,34.6,9.1,1125.0,11.2,151,9.3,91,Arenoso,Transporte,Manha,0
702,2026-03-23 10:35:00,EQ-027,Barreiras,98.7,33.4,27.0,5.1,444.0,16.8,56,2.6,61,Encharcado,Plantio,Manha,1
2982,2026-06-04 06:00:00,EQ-008,Barreiras,29.9,0.0,29.3,2.1,684.0,9.5,71,9.4,78,Arenoso,Colheita,Manha,0
1625,2026-04-20 19:53:00,EQ-013,Barreiras,63.2,0.0,25.6,13.0,618.0,9.2,791,11.9,115,Misto,Colheita,Noite,1
2719,2026-05-26 08:33:00,EQ-011,Barreiras,30.9,0.0,25.2,3.6,1740.0,9.1,257,8.0,88,Arenoso,Plantio,Manha,0
3533,2026-06-20 17:58:00,EQ-005,Sorriso,23.4,0.0,18.3,10.7,2500.0,7.9,55,12.7,63,Arenoso,Plantio,Tarde,0
130,2026-03-05 10:59:00,EQ-019,Sorriso,89.8,90.4,30.2,24.7,301.0,4.1,231,6.1,70,Misto,Pulverizacao,Manha,1
476,2026-03-16 19:40:00,EQ-013,Barreiras,81.3,0.0,30.2,3.0,529.0,9.1,630,7.0,66,Arenoso,Colheita,Noite,1
1517,2026-04-17 16:27:00,EQ-024,Cascavel,83.1,12.3,29.4,33.1,544.0,7.7,307,12.7,61,Argiloso,Pulverizacao,Tarde,1
264,2026-03-10 09:07:00,EQ-038,Rio Verde,70.9,5.4,28.2,9.4,608.0,3.0,97,9.4,84,Misto,Plantio,Manha,0
3151,2026-06-08 19:18:00,EQ-034,Rio Verde,23.5,0.0,21.4,8.7,164.0,8.7,205,5.8,71,Argiloso,Transporte,Noite,1
1915,2026-04-30 09:26:00,EQ-039,Sorriso,67.1,20.3,25.3,12.4,814.0,2.1,651,7.8,72,Arenoso,Plantio,Manha,0
1245,2026-04-09 07:42:00,EQ-005,Sorriso,87.3,0.0,19.5,9.3,952.0,7.7,20,7.1,75,Encharcado,Plantio,Manha,0
5489,2026-08-21 14:28:00,EQ-032,Sorriso,42.9,13.9,30.4,18.4,477.0,6.1,211,3.9,73,Argiloso,Pulverizacao,Tarde,0
1892,2026-04-29 09:32:00,EQ-021,Cascavel,67.6,0.0,31.7,1.1,517.0,13.0,112,7.4,86,Argiloso,Colheita,Manha,1
3196,2026-06-10 07:32:00,EQ-018,Rio Verde,19.8,0.0,28.6,10.8,889.0,9.2,254,9.0,70,Argiloso,Transporte,Manha,0
4087,2026-07-07 22:43:00,EQ-026,Sorriso,24.8,0.0,23.5,4.4,561.0,2.7,717,7.7,76,Misto,TRANSPORTE,Noite,1
3689,2026-06-25 15:10:00,EQ-018,Rio Verde,20.3,0.0,24.8,14.1,706.0,9.3,22,5.3,120,Misto,Transporte,Tarde,1
880,2026-03-28 17:45:00,EQ-026,Barreiras,90.7,43.7,27.7,14.0,722.0,2.4,237,8.7,69,Misto,Plantio,Tarde,0
4735,2026-07-29 06:51:00,EQ-025,Barreiras,16.0,0.0,23.8,3.0,814.0,8.3,193,12.4,92,Misto,Colheita,Manha,0
3584,2026-06-22 14:16:00,EQ-035,Lucas do Rio Verde,21.6,0.0,26.6,4.8,1193.0,3.0,268,9.8,79,Argiloso,Plantio,Tarde,0
3840,2026-06-29 23:20:00,EQ-016,Cascavel,83.8,15.9,15.4,18.2,878.0,4.4,240,5.8,68,Argiloso,Transporte,Noite,0
1002,2026-04-01 13:07:00,EQ-038,Rio Verde,64.1,0.0,26.4,6.8,71.0,3.0,206,8.8,87,Arenoso,Colheita,Tarde,0
4892,2026-08-03 13:36:00,EQ-003,Lucas do Rio Verde,31.5,0.0,27.4,4.1,271.0,8.7,69,6.5,71,Misto,Pulverizacao,Tarde,0
829,2026-03-27 08:59:00,EQ-010,Sorriso,93.7,46.3,32.9,1.6,1231.0,4.9,99,7.7,72,Arenoso,Plantio,Manha,0
994,2026-04-01 06:12:00,EQ-017,Lucas do Rio Verde,95.7,11.9,27.7,1.4,169.0,1.9,10,8.9,101,Arenoso,Transporte,Manha,1
1069,2026-04-03 09:10:00,EQ-018,Rio Verde,84.2,50.3,26.3,16.1,1135.0,9.1,279,8.4,71,Misto,Plantio,Manha,0
3403,2026-06-16 19:36:00,EQ-021,Cascavel,87.5,0.0,12.4,34.0,548.0,13.1,68,9.3,120,Argiloso,Colheita,Noite,1
28,2026-03-01 21:29:00,EQ-033,Lucas do Rio Verde,59.2,0.0,27.9,2.6,109.0,24.0,303,6.8,70,Argiloso,Plantio,Noite,1
4003,2026-07-05 07:27:00,EQ-038,Rio Verde,18.6,0.0,25.5,25.9,185.0,3.3,272,8.2,91,Misto,Transporte,Manha,1
314,2026-03-11 23:06:00,EQ-019,Sorriso,84.2,0.0,25.6,4.9,404.0,4.2,269,9.1,85,Argiloso,Pulverizacao,Noite,1
5658,2026-08-27 07:23:00,EQ-033,Lucas do Rio Verde,50.5,0.0,29.5,5.6,764.0,24.5,310,13.3,85,Arenoso,Transporte,Manha,0
33,2026-03-02 08:00:00,EQ-017,Lucas do Rio Verde,80.6,52.7,28.3,5.5,458.0,1.8,129,8.1,84,Arenoso,Colheita,Manha,1
881,2026-03-28 19:10:00,EQ-018,Rio Verde,88.9,0.0,25.4,4.3,1007.0,9.0,259,6.8,97,Arenoso,Colheita,Noite,0
619,2026-03-21 07:10:00,EQ-030,Não-Me-Toque,78.2,10.8,22.2,6.4,936.0,12.4,310,7.2,81,Argiloso,Colheita,Manha,0
1419,2026-04-14 07:51:00,EQ-040,Sorriso,81.4,0.0,22.5,6.9,718.0,13.2,,9.3,76,Arenoso,Colheita,Manha,1
711,2026-03-23 15:04:00,EQ-008,Barreiras,100.0,33.4,26.0,3.1,474.0,9.3,371,9.9,74,Encharcado,Colheita,Tarde,1
1863,2026-04-28 13:36:00,EQ-024,Cascavel,53.9,0.0,21.9,4.2,624.0,7.8,358,8.4,89,Argiloso,Pulverizacao,Tarde,1
3192,2026-06-10 06:57:00,EQ-020,Barreiras,44.9,9.3,22.4,12.7,514.0,1.7,283,5.0,50,Arenoso,Colheita,Manha,0
1238,2026-04-08 23:07:00,EQ-032,Sorriso,95.2,7.5,19.1,19.2,1043.0,5.8,20,9.3,72,Arenoso,Pulverizacao,Noite,0
2197,2026-05-10 07:43:00,EQ-020,Barreiras,52.6,0.0,31.2,6.6,409.0,1.6,167,6.5,92,Arenoso,Colheita,Manha,0
2254,2026-05-11 23:17:00,EQ-032,Cascavel,47.6,0.0,24.3,12.9,1063.0,5.9,188,5.8,51,Argiloso,Pulverizacao,Noite,0
4755,2026-07-29 21:01:00,EQ-005,Sorriso,38.0,0.0,31.8,10.1,908.0,8.0,209,8.7,84,Argiloso,Colheita,Noite,0
3023,2026-06-05 07:52:00,EQ-013,Barreiras,31.9,0.0,27.5,8.7,423.0,9.4,126,10.9,90,Argiloso,Transporte,Manha,0
4968,2026-08-05 19:04:00,EQ-017,Lucas do Rio Verde,27.7,0.0,26.7,6.8,410.0,2.2,15,5.2,102,Misto,Transporte,Noite,0
5749,2026-08-30 10:20:00,EQ-036,Rio Verde,38.6,0.0,28.8,13.6,84.0,6.8,116,12.2,62,Misto,Plantio,Manha,0
4617,2026-07-25 10:33:00,EQ-019,Sorriso,48.4,0.0,27.6,9.5,457.0,4.5,0,4.3,56,Argiloso,Pulverizacao,Manha,0
1981,2026-05-02 17:14:00,EQ-001,Barreiras,93.2,0.0,30.8,13.7,500.0,11.2,208,3.7,85,Encharcado,Colheita,Tarde,1
3332,2026-06-14 13:05:00,EQ-027,Barreiras,42.9,0.0,26.5,16.9,1530.0,17.1,412,8.8,107,Argiloso,Transporte,Tarde,0
948,2026-03-30 15:25:00,EQ-030,Não-Me-Toque,41.3,0.0,25.4,11.8,928.0,12.4,354,6.0,90,Misto,Colheita,Tarde,0
3131,2026-06-08 09:22:00,EQ-035,Lucas do Rio Verde,21.9,0.0,23.5,12.8,1522.0,3.0,227,7.7,,Argiloso,Colheita,Manha,0
502,2026-03-17 10:45:00,EQ-028,Sorriso,72.5,0.0,28.6,2.5,829.0,6.7,505,7.5,93,Argiloso,Plantio,Manha,0
3886,2026-07-01 17:09:00,EQ-011,Barreiras,28.3,0.0,25.7,2.8,957.0,9.2,18,5.8,87,Arenoso,Colheita,Tarde,0
5202,2026-08-12 23:43:00,EQ-005,Lucas do Rio Verde,29.8,0.0,32.2,15.2,823.0,8.0,265,7.7,100,Arenoso,Transporte,Noite,0
3296,2026-06-13 08:17:00,EQ-030,Não-Me-Toque,71.6,0.0,21.0,13.7,385.0,12.6,33,5.2,79,Arenoso,Colheita,Manha,1
5163,2026-08-11 14:19:00,EQ-012,Lucas do Rio Verde,34.8,0.0,32.5,4.8,2500.0,3.5,146,7.8,65,Argiloso,Pulverizacao,Tarde,0
5009,2026-08-07 07:24:00,EQ-006,Sorriso,26.8,0.0,25.7,4.7,947.0,12.3,127,5.0,49,Misto,Pulverizacao,Manha,0
678,2026-03-22 16:18:00,EQ-008,Lucas do Rio Verde,99.9,19.0,29.2,2.5,1593.0,9.3,360,7.8,90,Arenoso,Colheita,Tarde,0
5689,2026-08-28 09:10:00,EQ-039,Sorriso,22.6,0.0,29.6,9.0,794.0,2.5,500,8.8,120,Misto,Transporte,Manha,0
2679,2026-13-45 99:00:00,EQ-008,Barreiras,38.6,0.0,31.9,10.1,89.0,9.5,10,8.4,96,Arenoso,Transporte,Manha,0
1927,2026-04-30 17:32:00,EQ-011,Barreiras,99.1,41.1,26.1,5.8,82.0,9.0,116,15.0,99,Arenoso,Colheita,Tarde,1
3418,2026-06-17 09:27:00,EQ-030,Não-Me-Toque,83.3,20.1,16.8,4.4,615.0,12.6,63,11.4,55,Argiloso,Colheita,Manha,0
453,2026-03-16 06:27:00,EQ-002,Rio Verde,71.4,13.7,27.5,19.4,824.0,7.4,87,7.9,59,Misto,Colheita,Manha,0
606,2026-03-20 19:02:00,EQ-036,Rio Verde,92.4,17.5,34.8,4.8,1211.0,6.3,290,,77,Arenoso,Plantio,Noite,0
446,2026-03-15 19:08:00,EQ-023,Lucas do Rio Verde,69.4,0.0,25.1,6.1,620.0,6.6,35,6.4,75,Arenoso,Pulverizacao,Noite,0
2427,2026-05-17 07:52:00,EQ-007,Cascavel,54.7,20.6,20.0,16.8,367.0,7.7,99,9.4,114,Argiloso,Colheita,Manha,1
3204,2026-06-10 10:26:00,EQ-030,Sorriso,31.6,0.0,26.3,0.8,1138.0,12.6,22,6.3,95,Argiloso,Transporte,Manha,0
2389,2026-05-15 16:44:00,EQ-027,Barreiras,60.8,13.1,24.3,6.2,1121.0,,282,8.9,79,Misto,Transporte,Tarde,0
4287,2026-07-14 13:33:00,EQ-001,Barreiras,28.5,0.5,24.6,1.6,208.0,11.4,215,3.9,101,Argiloso,Colheita,Tarde,0
165,2026-03-06 15:59:00,EQ-018,Rio Verde,92.9,37.7,33.6,5.2,635.0,9.0,166,5.9,74,Encharcado,Plantio,Tarde,0
3031,2026-06-05 14:41:00,EQ-036,Rio Verde,24.0,0.0,27.2,2.2,219.0,6.5,25,6.9,80,Arenoso,Transporte,Tarde,1
3978,2026-07-04 14:30:00,EQ-007,Não-Me-Toque,56.0,5.7,13.6,7.8,179.0,7.8,336,7.3,85,Misto,Colheita,Tarde,0
3941,2026-07-03 15:36:00,EQ-037,Sorriso,17.7,0.0,26.7,17.6,1621.0,20.7,363,5.8,98,Arenoso,Transporte,Tarde,0
3071,2026-06-06 14:53:00,EQ-025,Barreiras,31.8,0.0,31.0,8.9,445.0,8.1,223,11.2,77,Arenoso,Colheita,Tarde,0
147,2026-03-06 06:24:00,EQ-026,Sorriso,93.4,24.6,28.1,5.5,1007.0,2.3,175,4.0,62,Encharcado,Plantio,Manha,0
4758,2026-07-29 21:22:00,EQ-036,Rio Verde,32.6,0.0,27.1,5.8,397.0,6.7,3,6.2,113,Misto,Transporte,Noite,0
4064,2026-07-07 07:29:00,EQ-024,Cascavel,76.9,9.9,15.1,10.5,320.0,8.0,258,5.5,68,Misto,Pulverizacao,Manha,1
4382,2026-07-17 14:47:00,EQ-009,Lucas do Rio Verde,23.8,0.0,29.0,1.2,965.0,5.0,85,6.7,101,Misto,Colheita,Tarde,0
3231,2026-06-11 07:19:00,EQ-037,Sorriso,26.4,0.0,24.3,8.5,891.0,20.7,269,7.8,82,Argiloso,Transporte,Manha,0
546,2026-03-18 16:30:00,EQ-018,Rio Verde,80.1,6.7,26.8,10.5,881.0,9.0,201,9.7,65,Argiloso,Plantio,Tarde,0
2106,2026-05-07 10:00:00,EQ-001,Barreiras,69.4,16.4,25.3,11.9,2047.0,11.3,233,3.9,96,Arenoso,Colheita,Manha,0
4544,2026-07-22 16:41:00,EQ-038,Rio Verde,49.3,11.4,26.1,9.2,220.0,3.3,48,11.8,91,Arenoso,Transporte,Tarde,1
4358,2026-07-16 17:08:00,EQ-037,Cascavel,98.1,14.8,13.1,6.8,547.0,20.8,433,7.9,94,Misto,Colheita,Tarde,1
2530,2026-05-19 17:51:00,EQ-008,Barreiras,43.6,0.0,31.1,11.1,887.0,9.4,622,6.4,83,Arenoso,Colheita,Tarde,0
31,2026-03-02 06:33:00,EQ-016,Cascavel,71.4,9.7,15.9,7.9,222.0,4.0,7,10.3,79,Argiloso,Colheita,Manha,1
3268,2026-06-12 15:45:00,EQ-010,Sorriso,27.9,0.0,22.1,5.1,674.0,5.1,213,10.2,98,Misto,Transporte,Tarde,0
2101,2026-05-07 08:23:00,EQ-006,Sorriso,56.6,11.2,25.6,3.3,1247.0,12.1,0,10.4,79,Argiloso,Pulverizacao,Manha,0
819,2026-03-26 20:43:00,EQ-024,Cascavel,47.4,0.0,23.7,15.2,1579.0,7.7,232,10.4,68,Misto,Pulverizacao,Noite,0
635,2026-03-21 15:13:00,EQ-005,Sorriso,60.8,0.0,28.5,1.8,2500.0,7.6,239,7.5,102,Misto,Transporte,Tarde,0
4520,2026-07-21 19:20:00,EQ-031,Rio Verde,44.3,0.0,25.0,20.5,86.0,5.6,113,8.8,106,Argiloso,Colheita,Noite,0
3491,2026-06-19 14:22:00,EQ-019,Sorriso,35.2,0.0,22.2,2.5,617.0,4.4,327,7.5,83,Misto,Pulverizacao,Tarde,0
1900,2026-04-29 15:52:00,EQ-011,Barreiras,140.0,45.5,27.9,6.5,589.0,9.0,109,9.3,110,Encharcado,Colheita,Tarde,1
5151,2026-08-11 09:24:00,EQ-033,Lucas do Rio Verde,20.5,0.0,27.1,11.8,535.0,24.4,226,9.6,80,Misto,Plantio,Manha,0
1564,2026-04-18 17:53:00,EQ-019,Sorriso,91.2,6.9,23.9,0.4,2147.0,4.3,25,9.0,48,Misto,Pulverizacao,Tarde,0
2614,2026-05-22 17:17:00,EQ-015,Sorriso,55.4,4.4,24.0,2.8,827.0,8.1,25,7.8,85,Argiloso,Plantio,Tarde,0
3191,2026-06-10 06:02:00,EQ-028,Sorriso,30.7,0.0,23.5,15.8,392.0,7.0,217,8.1,101,Misto,Transporte,Manha,1
4705,2026-07-28 10:06:00,EQ-007,Cascavel,95.3,26.7,18.3,7.9,559.0,7.9,411,11.0,102,Arenoso,Colheita,Manha,1
5291,2026-08-15 14:42:00,EQ-038,Rio Verde,23.9,0.0,22.7,20.3,348.0,3.4,94,6.3,105,Misto,Transporte,Tarde,0
4103,2026-07-08 13:38:00,EQ-007,Cascavel,93.2,24.1,17.6,14.8,489.0,7.8,354,8.5,101,Encharcado,Transporte,Tarde,1
2422,2026-05-16 21:09:00,EQ-009,Lucas do Rio Verde,32.7,0.0,31.1,5.1,2211.0,4.9,594,8.9,99,Argiloso,Transporte,Noite,0
4338,2026-07-15 22:20:00,EQ-016,Cascavel,90.1,29.0,19.2,20.6,383.0,4.4,318,6.2,73,Encharcado,Transporte,Noite,1
2191,2026-05-09 19:16:00,EQ-030,Não-Me-Toque,69.6,0.0,29.6,12.6,89.0,12.5,512,5.2,104,Misto,Colheita,Noite,1
4752,2026-07-29 14:59:00,EQ-024,Cascavel,96.4,0.0,15.2,25.6,684.0,8.0,350,6.7,72,Misto,Pulverizacao,Tarde,1
808,2026-03-26 14:53:00,EQ-035,Lucas do Rio Verde,77.8,19.0,27.0,23.5,211.0,2.8,258,4.7,90,Arenoso,Plantio,Tarde,1
4001,2026-07-05 07:09:00,EQ-033,Lucas do Rio Verde,28.1,0.0,28.4,4.2,771.0,24.3,50,9.6,84,Misto,Transporte,Manha,0
1561,2026-04-18 16:27:00,EQ-032,Sorriso,73.5,6.9,28.6,10.8,819.0,5.8,73,3.7,46,Argiloso,Pulverizacao,Tarde,1
4178,2026-07-10 14:15:00,EQ-026,Cascavel,81.6,0.0,13.5,42.8,1455.0,2.7,726,5.8,94,Argiloso,Colheita,Tarde,1
478,2026-03-16 20:48:00,EQ-038,Rio Verde,71.9,13.7,28.3,6.2,454.0,3.0,142,6.7,79,Misto,Plantio,Noite,0
2561,2026-05-20 22:24:00,EQ-024,Cascavel,70.4,0.2,28.3,9.3,766.0,7.8,15,5.1,78,Misto,Pulverizacao,Noite,0
1415,2026-04-14 06:48:00,EQ-005,Sorriso,90.9,0.0,25.5,2.3,225.0,7.7,43,6.3,89,Argiloso,Plantio,Manha,0
1096,2026-04-04 10:03:00,EQ-016,Cascavel,82.9,0.0,23.9,19.6,1330.0,4.1,167,4.7,84,Misto,Colheita,Manha,0
1334,2026-04-11 17:46:00,EQ-033,Lucas do Rio Verde,77.8,11.3,34.2,5.8,504.0,24.1,77,13.7,98,Misto,Plantio,Tarde,0
5390,2026-08-18 13:12:00,EQ-030,Não-Me-Toque,85.9,17.4,21.2,5.5,201.0,12.8,356,9.0,87,Encharcado,Transporte,Tarde,1
4674,2026-07-27 14:15:00,EQ-014,Sorriso,46.2,0.0,27.1,2.8,1252.0,8.3,27,11.4,53,Misto,Pulverizacao,Tarde,0
3946,2026-07-03 16:42:00,EQ-033,Barreiras,28.1,0.0,23.4,5.1,814.0,24.3,33,6.6,67,Argiloso,Transporte,Tarde,0
1429,2026-04-14 14:07:00,EQ-018,Rio Verde,84.1,0.0,25.1,13.2,1930.0,9.1,49,8.3,73,Argiloso,Plantio,Tarde,0
2456,2026-05-17 20:39:00,EQ-032,Sorriso,52.8,0.0,23.5,11.2,1079.0,5.9,224,8.4,66,Argiloso,Pulverizacao,Noite,0
3567,2026-06-21 21:32:00,EQ-013,Barreiras,"40,4",0.0,16.4,3.4,881.0,9.4,197,11.8,77,Arenoso,Colheita,Noite,0
5511,2026-08-22 08:58:00,EQ-040,Não-Me-Toque,94.8,32.7,23.8,5.2,614.0,13.5,3,7.9,100,Misto,Colheita,Manha,0
3221,2026-06-10 19:52:00,EQ-030,Sorriso,28.6,0.0,28.7,11.8,1025.0,12.6,18,8.7,75,Arenoso,Colheita,Noite,0
2302,2026-05-13 08:11:00,EQ-007,Cascavel,60.7,0.0,23.2,13.8,852.0,7.6,86,9.4,90,Misto,Colheita,Manha,0
3277,2026-06-12 17:43:00,EQ-007,Cascavel,89.1,0.0,18.5,6.0,1084.0,7.7,221,10.1,73,Argiloso,Colheita,Tarde,0
88,2026-03-04 06:33:00,EQ-025,Barreiras,85.6,45.8,29.0,7.0,381.0,7.9,82,5.6,88,Argiloso,Transporte,Manha,1
3412,2026-06-17 06:56:00,EQ-012,Lucas do Rio Verde,25.3,0.0,27.8,1.1,593.0,3.4,657,5.5,57,Misto,Pulverizacao,Manha,0
3729,2026-06-26 17:45:00,EQ-026,Sorriso,23.3,0.0,25.7,4.7,485.0,2.6,654,9.7,88,Misto,Transporte,Tarde,0
1289,2026-04-10 14:09:00,EQ-001,Barreiras,74.4,10.9,27.8,7.8,273.0,11.2,110,8.9,88,Misto,Colheita,Tarde,1
4706,2026-07-28 10:43:00,EQ-030,Não-Me-Toque,82.8,0.0,20.2,38.4,975.0,12.7,258,6.1,68,Argiloso,Colheita,Manha,0
4744,2026-07-29 09:22:00,EQ-038,Rio Verde,36.1,0.0,31.7,5.8,701.0,3.4,59,6.4,80,Arenoso,Transporte,Manha,0
793,2026-03-25 22:12:00,EQ-011,Barreiras,98.3,0.0,21.7,5.2,1106.0,8.9,390,5.9,75,Encharcado,Colheita,Noite,0
823,2026-03-27 07:45:00,EQ-016,Cascavel,42.2,0.0,25.0,27.8,866.0,4.1,137,9.0,99,Argiloso,Colheita,Manha,1
1857,2026-04-28 08:20:00,EQ-036,Rio Verde,56.4,0.0,25.9,1.6,2063.0,6.4,156,9.5,73,Misto,Plantio,Manha,0
1282,2026-04-10 09:35:00,EQ-009,Lucas do Rio Verde,96.1,0.0,24.6,2.2,1013.0,4.8,465,7.2,102,Encharcado,Colheita,Manha,1
1745,2026-04-24 16:32:00,EQ-036,Rio Verde,60.4,8.1,25.6,11.5,1203.0,6.4,134,5.2,66,Misto,Plantio,Tarde,0
3761,2026-06-27 17:21:00,EQ-029,Rio Verde,15.1,0.0,30.7,14.0,596.0,1.2,28,6.4,70,Misto,Plantio,Tarde,0
3263,2026-06-12 13:59:00,EQ-036,Rio Verde,20.5,0.0,27.5,2.3,502.0,6.5,76,12.5,63,Argiloso,Plantio,Tarde,0
1402,2026-04-13 17:45:00,EQ-035,Lucas do Rio Verde,100.0,67.2,29.8,1.1,1664.0,2.8,9,10.2,82,Encharcado,Plantio,Tarde,1
2577,2026-05-21 13:03:00,EQ-008,Barreiras,37.8,0.0,26.9,2.6,348.0,9.4,625,11.0,86,Arenoso,Colheita,Tarde,0
1756,2026-04-25 08:54:00,EQ-016,Barreiras,66.2,13.6,27.5,3.9,1506.0,4.2,287,11.9,93,Arenoso,Transporte,Manha,0
4582,2026-07-24 06:11:00,EQ-033,Lucas do Rio Verde,33.4,0.0,26.9,2.8,728.0,24.4,145,8.8,109,Arenoso,Colheita,Manha,0
3889,2026-07-01 20:05:00,EQ-002,Rio Verde,20.8,0.0,23.3,7.4,554.0,7.6,248,12.1,90,Argiloso,Transporte,Noite,0
587,2026-03-20 08:49:00,EQ-006,Sorriso,68.8,33.8,29.4,12.1,159.0,11.9,117,4.4,80,Misto,Pulverizacao,Manha,1
3239,2026-06-11 14:05:00,EQ-017,Lucas do Rio Verde,26.5,0.0,25.8,0.5,675.0,2.0,29,8.9,99,Argiloso,Colheita,Tarde,0
4648,2026-07-26 14:58:00,EQ-012,Lucas do Rio Verde,35.7,0.0,31.5,9.5,380.0,3.5,61,8.4,81,Misto,Pulverizacao,Tarde,0
4588,2026-07-24 08:47:00,EQ-027,Barreiras,17.4,0.0,34.3,3.2,562.0,17.2,589,6.8,88,Arenoso,Colheita,Manha,1
2314,2026-05-13 14:38:00,EQ-016,Cascavel,62.2,0.0,25.3,3.3,1036.0,4.2,50,10.6,77,Misto,Transporte,Tarde,0
1501,2026-04-17 08:33:00,EQ-010,Sorriso,87.1,7.4,29.4,4.1,1337.0,5.0,205,9.2,82,Encharcado,Transporte,Manha,1
1800,2026-04-26 13:49:00,EQ-014,Sorriso,74.9,4.3,31.4,15.6,301.0,8.1,34,6.9,60,Arenoso,Pulverizacao,Tarde,1
5398,2026-08-18 17:10:00,EQ-034,Rio Verde,27.2,0.0,29.9,9.3,343.0,8.9,143,7.1,84,Misto,Transporte,Tarde,1
2545,2026-05-20 10:03:00,EQ-012,Lucas do Rio Verde,37.9,-3.0,21.1,3.8,1231.0,3.3,543,6.7,59,Argiloso,Pulverizacao,Manha,0
5747,2026-08-30 09:05:00,EQ-022,Rio Verde,18.8,0.0,27.2,9.3,850.0,3.9,76,4.8,83,Arenoso,Transporte,Manha,0
1646,2026-04-21 15:45:00,EQ-011,Barreiras,65.9,0.0,27.2,2.4,1282.0,9.0,71,10.3,85,Misto,Colheita,Tarde,0
4323,2026-07-15 14:56:00,EQ-003,Lucas do Rio Verde,13.0,0.0,25.4,5.5,303.0,8.6,385,7.9,56,Argiloso,Pulverizacao,Tarde,0
2728,2026-05-26 14:34:00,EQ-039,Sorriso,40.6,0.0,28.1,6.5,699.0,2.2,115,2.1,81,Argiloso,Plantio,Tarde,0
3861,2026-06-30 21:13:00,EQ-007,Cascavel,84.0,8.1,17.8,10.4,2500.0,7.8,316,7.1,85,Misto,Colheita,Noite,0
1836,2026-04-27 13:12:00,EQ-029,Rio Verde,71.5,27.8,35.3,6.1,1024.0,1.0,149,6.6,100,Arenoso,Transporte,Tarde,0
4006,2026-07-05 08:19:00,EQ-015,Sorriso,21.8,0.0,24.4,1.5,1014.0,8.2,250,8.7,86,Misto,Colheita,Manha,0
1537,ontem,EQ-005,Lucas do Rio Verde,94.1,22.3,23.3,9.8,431.0,7.7,67,31.0,63,Arenoso,Plantio,Manha,1
1199,2026-04-07 16:32:00,EQ-033,Lucas do Rio Verde,77.5,0.0,27.7,15.5,180.0,24.1,59,3.5,75,Argiloso,Plantio,Tarde,1
4074,2026-07-07 14:41:00,EQ-001,Barreiras,18.9,0.0,26.3,21.5,1655.0,11.4,157,12.4,75,Misto,Colheita,Tarde,0
4556,2026-07-22 23:14:00,EQ-016,Cascavel,100.0,17.9,16.2,3.2,213.0,4.4,8,6.5,77,Misto,Plantio,NOITE,1
173,2026-03-06 19:40:00,EQ-034,Rio Verde,89.6,37.7,28.9,0.5,548.0,8.4,218,10.4,91,Misto,Plantio,Noite,0
781,2026-03-25 13:58:00,EQ-036,Sorriso,93.9,0.0,28.0,3.9,86.0,6.3,9,6.2,75,Argiloso,Plantio,Tarde,1
2060,2026-05-05 15:29:00,EQ-013,Barreiras,140.0,11.5,23.5,9.3,1246.0,9.3,16,10.0,88,Arenoso,Colheita,Tarde,0
216,2026-03-08 13:24:00,EQ-007,Cascavel,67.2,15.5,28.2,31.2,798.0,7.5,188,5.4,100,Argiloso,Colheita,Tarde,0
712,2026-03-23 15:44:00,EQ-025,Barreiras,100.0,33.4,27.0,2.3,344.0,7.9,159,9.5,80,Encharcado,Colheita,Tarde,1
3132,2026-06-08 09:27:00,EQ-036,Rio Verde,28.9,0.0,27.5,28.7,1804.0,6.5,47,11.2,104,Misto,Transporte,Manha,0
404,2026-03-14 17:58:00,EQ-014,Sorriso,80.6,14.5,32.7,2.4,1492.0,8.0,197,5.3,94,Arenoso,Pulverizacao,Tarde,0
4263,2026-07-13 16:17:00,EQ-024,Cascavel,88.6,43.2,18.7,28.8,1241.0,8.0,284,9.7,69,Misto,Pulverizacao,Tarde,0
2881,2026-05-31 15:55:00,EQ-017,Lucas do Rio Verde,"48,7",0.0,18.5,10.2,217.0,2.0,251,7.0,82,Arenoso,Colheita,Tarde,0
4782,2026-07-30 16:08:00,EQ-021,Cascavel,"100,0",40.2,13.5,4.8,492.0,13.2,225,8.4,94,Encharcado,Colheita,Tarde,1
1983,2026-05-02 20:15:00,EQ-007,Cascavel,69.6,19.9,25.5,10.1,36.0,7.6,51,10.7,86,Argiloso,Colheita,Noite,0
2803,2026-05-28 21:58:00,EQ-029,Rio Verde,38.8,1.6,30.0,4.7,1006.0,1.1,273,6.6,90,Misto,Transporte,Noite,0
2273,2026-05-12 10:06:00,EQ-035,Lucas do Rio Verde,61.5,2.1,28.9,5.8,873.0,2.9,106,7.4,80,Arenoso,Transporte,Manha,0
4404,2026-07-18 07:56:00,EQ-017,Lucas do Rio Verde,20.0,2.8,21.9,13.4,741.0,2.1,182,12.2,116,Misto,Colheita,Manha,0
2164,2026-05-09 06:23:00,EQ-021,Cascavel,46.8,0.0,22.4,14.4,446.0,13.0,161,11.0,,Misto,Transporte,Manha,1
5518,2026-08-22 16:18:00,EQ-024,Cascavel,82.5,0.0,18.5,11.8,177.0,8.1,48,7.2,86,Argiloso,Pulverizacao,Tarde,1
2957,2026-06-02 22:21:00,EQ-036,Rio Verde,32.5,0.0,31.1,4.7,615.0,6.5,14,5.2,88,Misto,Colheita,Noite,0
1911,2026-04-30 08:04:00,EQ-027,Barreiras,100.0,41.1,28.7,6.5,486.0,16.9,247,11.0,71,Arenoso,Colheita,Manha,1
3429,2026-06-17 16:34:00,EQ-006,Sorriso,25.4,0.0,26.1,9.9,330.0,12.2,213,8.3,73,Arenoso,Pulverizacao,Tarde,0
566,2026-03-19 13:36:00,EQ-007,Não-Me-Toque,73.6,0.0,29.4,3.0,1346.0,7.5,256,8.5,84,Misto,Transporte,Tarde,0
5305,2026-08-15 22:40:00,EQ-011,Barreiras,"12,8",0.0,24.4,5.8,135.0,9.3,172,3.6,70,Misto,Colheita,NOITE,0
2751,2026-05-27 08:08:00,EQ-025,Barreiras,35.1,2.6,29.8,2.8,225.0,8.1,174,5.8,89,Misto,Colheita,Manha,0
3383,2026-06-16 09:29:00,EQ-003,Lucas do Rio Verde,28.0,0.0,17.5,2.4,1068.0,8.5,265,11.2,63,Misto,Pulverizacao,Manha,0
5550,2026-08-23 17:50:00,EQ-033,Lucas do Rio Verde,28.0,0.0,23.9,2.2,304.0,24.5,278,11.1,81,Arenoso,Transporte,Tarde,1
4381,2026-07-17 14:17:00,EQ-027,Sorriso,22.7,0.0,28.9,12.9,286.0,17.2,544,10.0,84,Misto,Transporte,Tarde,1
2700,2026-05-25 15:46:00,EQ-001,Barreiras,33.4,0.0,23.1,2.5,337.0,11.3,0,3.3,61,Misto,Colheita,Tarde,0
2640,2026-05-23 16:55:00,EQ-036,Rio Verde,32.7,0.0,26.0,6.1,542.0,6.5,275,3.4,78,Arenoso,Colheita,Tarde,0
1356,2026-04-12 13:36:00,EQ-006,Sorriso,96.7,55.9,28.7,6.5,464.0,12.0,214,4.5,83,Arenoso,Pulverizacao,Tarde,1
436,2026-03-15 15:13:00,EQ-036,Rio Verde,81.3,18.4,33.3,13.7,592.0,6.3,258,8.5,45,Misto,Plantio,Tarde,1
2336,2026-05-14 06:47:00,EQ-020,Barreiras,51.4,8.1,30.8,3.7,559.0,1.6,180,10.6,96,Misto,Colheita,Manha,0
1376,2026-04-12 22:53:00,EQ-020,Barreiras,70.2,0.0,29.2,9.4,1553.0,1.5,54,3.0,106,Arenoso,Colheita,Noite,0
2229,2026-05-11 06:00:00,EQ-036,Rio Verde,49.3,0.0,28.2,5.9,203.0,6.5,229,5.7,102,Argiloso,Transporte,Manha,0
2816,2026-05-29 10:59:00,EQ-002,Rio Verde,35.2,0.0,25.9,7.3,990.0,7.6,109,12.6,98,Misto,Transporte,Manha,0
3741,2026-06-27 07:31:00,EQ-034,Rio Verde,24.1,0.0,23.5,7.7,243.0,8.7,267,7.4,76,Arenoso,Plantio,Manha,0
4549,2026-07-22 19:11:00,EQ-015,Sorriso,38.7,18.5,23.7,5.6,450.0,8.3,18,4.5,105,Argiloso,Transporte,Noite,0
217,2026-03-08 13:27:00,EQ-016,Sorriso,100.0,20.9,32.7,9.1,199.0,4.1,56,7.7,71,Encharcado,Plantio,Tarde,1
3241,2026-06-11 15:30:00,EQ-037,Sorriso,16.1,0.0,22.8,15.9,41.0,20.7,273,12.8,77,Arenoso,Plantio,Tarde,0
652,2026-03-22 07:45:00,EQ-009,Lucas do Rio Verde,97.8,19.0,33.0,4.5,1456.0,4.7,379,6.3,84,Misto,Colheita,Manha,0
253,2026-03-09 19:26:00,EQ-015,Sorriso,81.7,9.1,28.4,0.8,1063.0,7.9,198,7.7,67,Misto,Colheita,Noite,0
50,2026-03-02 14:53:00,EQ-007,Cascavel,67.9,9.7,21.2,11.7,1450.0,7.4,162,9.3,94,Misto,Colheita,Tarde,0
16,2026-03-01 13:32:00,EQ-027,Barreiras,70.9,12.3,19.5,5.3,722.0,16.8,666,11.1,91,Arenoso,Colheita,Tarde,1
4611,2026-07-25 08:27:00,EQ-032,Sorriso,47.4,0.0,22.0,7.0,391.0,6.1,55,8.8,73,Misto,Pulverizacao,Manha,1
4814,2026-07-31 17:48:00,EQ-037,Cascavel,83.6,0.0,13.0,10.9,1188.0,20.8,505,12.1,104,Arenoso,Transporte,Tarde,1
4455,2026-07-19 20:58:00,EQ-029,Rio Verde,39.7,4.4,23.6,6.5,814.0,1.2,109,6.3,120,Misto,Colheita,Noite,0
2890,2026-05-31 22:41:00,EQ-030,Lucas do Rio Verde,46.6,0.0,26.6,12.7,314.0,12.6,628,10.5,101,Argiloso,Colheita,Noite,0
2973,2026-06-03 13:07:00,EQ-004,Lucas do Rio Verde,39.2,0.0,24.3,5.2,2347.0,5.7,304,6.1,91,Arenoso,Transporte,Tarde,0
2216,2026-05-10 15:42:00,EQ-029,Rio Verde,44.8,1.0,26.9,16.4,1761.0,1.0,199,5.4,109,Misto,Transporte,Tarde,0
5038,2026-08-07 23:19:00,EQ-027,Barreiras,23.0,0.0,34.9,5.1,1046.0,17.2,636,7.2,75,Arenoso,Transporte,Noite,1
4235,2026-07-12 14:19:00,EQ-026,Sorriso,30.3,0.0,25.0,2.8,1302.0,2.7,733,11.3,52,Misto,Colheita,Tarde,0
4670,2026-07-27 10:17:00,EQ-020,Barreiras,20.8,0.0,25.8,2.6,2283.0,1.8,133,5.1,85,Arenoso,Transporte,Manha,0
166,2026-03-06 16:17:00,EQ-005,Sorriso,99.9,24.6,23.9,8.0,545.0,7.6,150,7.8,93,Encharcado,Plantio,Tarde,1
2182,2026-05-09 15:11:00,EQ-014,Sorriso,98.6,113.3,34.7,3.5,704.0,8.1,105,11.0,46,Argiloso,Pulverizacao,Tarde,1
1818,2026-04-27 07:29:00,EQ-030,Não-Me-Toque,55.0,0.0,27.4,28.2,192.0,12.5,457,9.1,69,Misto,Colheita,Manha,0
1202,2026-04-07 19:42:00,EQ-004,Cascavel,75.7,1.5,20.6,7.3,653.0,5.6,41,7.9,100,Misto,Colheita,Noite,0
5336,2026-08-16 22:32:00,EQ-024,Cascavel,79.3,0.0,13.9,1.8,627.0,8.1,18,31.0,48,Argiloso,Pulverizacao,Noite,1
686,2026-03-22 19:02:00,EQ-022,Rio Verde,,0.0,22.5,1.5,608.0,3.5,254,10.9,78,Misto,Plantio,Noite,0
5633,2026-08-26 09:39:00,EQ-039,Sorriso,45.5,0.0,30.0,13.9,134.0,2.5,486,10.9,85,Misto,Transporte,Manha,0
2227,2026-05-10 21:43:00,EQ-009,Lucas do Rio Verde,47.7,0.0,27.5,8.1,1052.0,4.9,569,6.4,95,Arenoso,Transporte,Noite,0
2511,2026-05-19 07:36:00,EQ-021,Cascavel,67.4,35.4,24.2,2.7,464.0,13.0,212,4.9,87,Misto,Colheita,Manha,1
2156,2026-05-08 20:26:00,EQ-025,Barreiras,63.7,0.0,29.9,2.8,54.0,8.0,97,7.6,77,Misto,Colheita,Noite,0
665,2026-03-22 10:58:00,EQ-033,Lucas do Rio Verde,100.0,19.0,32.6,10.1,407.0,24.1,385,5.9,56,Encharcado,Plantio,Manha,1
3583,2026-06-22 13:57:00,EQ-024,Cascavel,81.0,0.0,13.1,15.6,1372.0,7.9,171,8.0,71,Argiloso,Pulverizacao,Tarde,0
3774,2026-06-28 07:47:00,EQ-019,Sorriso,29.8,0.0,21.7,1.7,292.0,4.5,346,6.1,85,Misto,Pulverizacao,Manha,1
3851,2026-06-30 14:19:00,EQ-028,Sorriso,29.1,0.0,17.2,2.0,509.0,7.0,338,3.6,107,Argiloso,Colheita,Tarde,0
5752,2026-08-30 13:24:00,EQ-012,Lucas do Rio Verde,36.4,1.9,23.9,12.5,566.0,3.6,194,7.9,70,Misto,Pulverizacao,Tarde,0
3208,2026-06-10 14:06:00,EQ-026,Sorriso,22.1,0.0,27.7,6.4,1287.0,2.6,595,7.1,83,Misto,Colheita,Tarde,0
1972,2026-05-02 13:20:00,EQ-011,Barreiras,90.8,0.0,23.9,8.3,911.0,9.1,137,11.7,100,Misto,Colheita,Tarde,0
2318,2026-05-13 16:32:00,EQ-012,Lucas do Rio Verde,49.6,5.3,23.6,4.5,411.0,3.3,499,5.9,80,Argiloso,Pulverizacao,Tarde,1
5346,2026-08-17 08:21:00,EQ-019,Sorriso,11.8,0.0,30.4,10.1,772.0,4.6,73,5.1,92,Argiloso,Pulverizacao,Manha,0
5074,2026-08-09 06:34:00,EQ-038,Rio Verde,15.9,2.5,23.4,13.7,561.0,3.4,88,1.0,75,Arenoso,Plantio,Manha,0
1638,2026-04-21 10:25:00,EQ-028,Sorriso,77.2,5.2,25.4,10.5,843.0,6.8,658,8.0,86,Arenoso,Plantio,Manha,0
114,2026-03-04 21:24:00,EQ-036,Rio Verde,94.4,40.8,31.3,7.8,180.0,,222,8.0,95,Misto,Transporte,Noite,1
4681,2026-07-27 17:21:00,EQ-006,Sorriso,37.9,0.0,24.0,14.2,1284.0,12.3,73,13.1,59,Arenoso,Pulverizacao,Tarde,0
2768,2026-05-27 15:41:00,EQ-015,Sorriso,41.7,0.0,28.5,9.5,1096.0,8.1,41,7.5,81,Argiloso,Transporte,Tarde,0
4678,2026-07-27 15:40:00,EQ-025,Barreiras,22.9,0.0,22.8,1.9,474.0,8.3,175,10.0,78,Arenoso,Colheita,Tarde,0
576,2026-03-19 21:20:00,EQ-016,Cascavel,50.9,0.0,25.0,13.0,1365.0,4.1,115,10.6,72,ARGILOSO,Plantio,Noite,0
5731,2026-08-29 21:20:00,EQ-027,Barreiras,20.3,0.0,28.6,2.5,1264.0,17.3,105,8.5,86,Argiloso,Transporte,Noite,0
3671,2026-06-24 23:40:00,EQ-030,Não-Me-Toque,71.9,13.9,19.5,8.1,62.0,12.6,92,7.7,83,Argiloso,Transporte,Noite,1
506,2026-03-17 13:26:00,EQ-002,Rio Verde,86.8,11.2,27.3,23.1,118.0,7.4,95,6.4,71,Encharcado,TRANSPORTE,Tarde,1
2048,2026-05-05 07:27:00,EQ-001,Barreiras,73.4,11.5,22.3,2.3,800.0,11.3,219,6.3,63,Arenoso,Colheita,Manha,1
2623,2026-05-23 06:56:00,EQ-025,Barreiras,39.1,0.0,23.6,7.6,680.0,8.1,163,4.1,73,Misto,TRANSPORTE,Manha,0
4659,2026-07-26 20:45:00,EQ-026,Sorriso,34.9,0.0,33.4,8.4,444.0,2.7,0,7.4,91,Argiloso,Transporte,Noite,1
3513,2026-06-20 09:11:00,EQ-027,Barreiras,39.2,0.0,28.8,14.1,639.0,17.1,451,10.2,101,Misto,Colheita,Manha,1
2809,2026-05-29 06:26:00,EQ-008,Barreiras,32.4,1.1,29.3,3.6,934.0,9.5,30,9.0,98,Arenoso,Colheita,Manha,0
2230,2026-05-11 06:13:00,EQ-010,Sorriso,98.7,109.7,23.8,8.3,2458.0,5.0,53,8.2,88,Encharcado,Colheita,Manha,1
2126,2026-05-08 06:29:00,EQ-028,Sorriso,57.9,34.7,28.3,9.2,1122.0,6.9,63,9.6,94,Misto,Transporte,Manha,0
3081,2026-06-06 23:36:00,EQ-002,Rio Verde,26.9,0.0,26.3,5.4,205.0,7.6,138,9.3,96,Misto,Plantio,Noite,0
1539,2026-04-18 08:02:00,EQ-019,Sorriso,77.1,,29.0,3.0,225.0,4.3,22,5.0,76,Arenoso,Pulverizacao,Manha,0
433,2026-03-15 13:56:00,EQ-013,Barreiras,93.4,7.1,28.6,7.6,1397.0,9.1,622,8.1,71,Encharcado,Colheita,Tarde,0
2329,2026-05-13 22:59:00,EQ-037,Sorriso,88.8,0.0,31.5,1.6,668.0,20.6,113,10.7,84,Argiloso,Transporte,Noite,1
4097,2026-07-08 10:03:00,EQ-024,Cascavel,85.5,24.1,15.2,23.8,794.0,8.0,261,10.1,91,Arenoso,Pulverizacao,Manha,1
4583,2026-07-24 06:21:00,EQ-029,Rio Verde,45.2,0.0,24.9,5.2,223.0,1.2,129,11.5,103,Misto,Transporte,Manha,1
5560,2026-08-24 10:09:00,EQ-016,Cascavel,77.6,16.6,22.5,9.2,2156.0,4.5,147,9.2,61,Argiloso,Plantio,Manha,0
5708,2026-08-28 22:07:00,EQ-026,Sorriso,33.9,0.0,29.4,4.3,442.0,2.8,163,3.8,90,Misto,Transporte,Noite,1
5512,2026-08-22 09:14:00,EQ-029,Rio Verde,22.7,0.0,32.7,2.1,507.0,1.3,281,6.6,79,Misto,Plantio,Manha,0
5207,2026-08-13 07:46:00,EQ-016,Cascavel,88.1,23.5,16.9,3.6,2030.0,4.5,103,11.3,78,Misto,Transporte,Manha,0
2429,2026-05-17 08:45:00,EQ-037,Sorriso,69.7,0.0,26.5,5.7,1095.0,20.6,136,9.1,88,Argiloso,Transporte,Manha,0
451,2026-03-15 22:36:00,EQ-022,Não-Me-Toque,73.1,1.6,20.8,4.4,370.0,3.5,245,6.2,59,Argiloso,Plantio,Noite,0
1169,2026-04-06 17:11:00,EQ-009,Lucas do Rio Verde,83.6,16.6,26.4,2.1,2170.0,4.8,443,8.3,83,Arenoso,Transporte,Tarde,0
2517,2026-05-19 09:24:00,EQ-007,Cascavel,76.1,35.4,23.2,14.3,502.0,7.7,112,8.3,85,Argiloso,Colheita,Manha,1
3022,2026-06-05 07:37:00,EQ-008,Barreiras,21.0,0.0,34.6,10.0,2500.0,9.5,78,10.9,94,Arenoso,Colheita,Manha,0
3120,2026-06-07 23:22:00,EQ-025,Barreiras,35.7,7.8,20.5,7.2,212.0,8.1,236,6.8,76,Arenoso,Colheita,Noite,1
1163,2026-04-06 13:45:00,EQ-032,Sorriso,93.8,9.7,26.5,8.5,1252.0,5.8,7,6.0,61,Argiloso,Pulverizacao,Tarde,0
732,2026-03-24 08:56:00,EQ-038,Rio Verde,100.0,133.6,24.5,7.5,687.0,3.0,171,5.8,95,Encharcado,Colheita,Manha,1
1142,2026-04-05 20:41:00,EQ-031,Rio Verde,85.5,29.7,29.9,7.9,541.0,5.3,93,6.5,105,Encharcado,Transporte,Noite,1
2090,2026-05-06 19:13:00,EQ-038,Rio Verde,66.3,31.1,27.1,6.7,443.0,3.1,34,3.3,65,Misto,Plantio,Noite,1
4331,2026-07-15 17:40:00,EQ-004,Cascavel,100.0,29.0,11.2,11.7,525.0,5.8,191,3.1,95,Encharcado,Colheita,Tarde,1
3161,2026-06-09 07:18:00,EQ-021,Cascavel,87.2,0.0,19.2,30.8,466.0,13.1,41,7.3,55,Encharcado,Colheita,Manhã,1
2509,2026-05-19 07:11:00,EQ-004,Cascavel,64.4,35.4,23.1,16.5,398.0,5.7,217,11.2,86,Argiloso,Colheita,Manha,1
3668,2026-06-24 20:28:00,EQ-031,Sorriso,9.3,0.0,24.1,4.1,646.0,5.5,405,7.0,99,Misto,Colheita,Noite,0
5363,2026-08-17 16:01:00,EQ-027,Barreiras,27.9,0.0,25.6,6.5,746.0,17.2,7,6.7,67,Misto,Transporte,Tarde,0
1227,2026-04-08 14:44:00,EQ-037,Sorriso,81.6,7.5,30.7,10.6,181.0,20.5,724,7.7,78,Misto,Colheita,Tarde,1
402,2026-03-14 17:47:00,EQ-016,Cascavel,52.0,0.0,19.8,6.2,1044.0,4.1,87,7.6,69,Argiloso,Plantio,Tarde,0
2135,2026-05-08 10:24:00,EQ-023,Lucas do Rio Verde,54.8,0.0,28.0,4.4,614.0,6.7,276,4.0,65,Arenoso,Pulverizacao,Manha,0
194,2026-03-07 16:57:00,EQ-026,Sorriso,96.9,9.0,29.7,7.1,480.0,2.3,177,12.3,,Misto,Colheita,Tarde,1
4576,2026-07-23 17:12:00,EQ-016,Cascavel,97.3,21.6,11.4,14.2,477.0,4.4,19,6.7,102,Misto,Colheita,Tarde,1
842,2026-03-27 15:17:00,EQ-031,Rio Verde,100.0,22.6,27.2,13.7,382.0,5.3,64,2.3,90,Arenoso,Transporte,Tarde,0
189,2026-03-07 14:33:00,EQ-014,Lucas do Rio Verde,89.4,21.1,30.4,3.9,1081.0,7.9,155,12.5,98,Encharcado,Pulverizacao,Tarde,0
2780,2026-05-28 08:11:00,EQ-001,Barreiras,30.4,0.0,22.0,1.6,439.0,11.3,9,8.2,91,Arenoso,Transporte,Manha,0
684,2026-03-22 17:54:00,EQ-007,Cascavel,51.6,0.0,32.1,10.6,944.0,7.5,262,10.2,80,Argiloso,Colheita,Tarde,0
5326,2026-08-16 14:46:00,EQ-018,Lucas do Rio Verde,19.2,0.0,25.4,3.1,341.0,9.4,242,5.7,85,Misto,Transporte,Tarde,0
5443,2026-08-20 08:23:00,EQ-033,Lucas do Rio Verde,25.2,0.0,31.8,7.9,1164.0,24.5,274,6.2,74,Arenoso,Plantio,Manha,0
2546,2026-05-20 10:32:00,EQ-031,Rio Verde,38.6,16.0,29.5,11.8,1371.0,5.5,285,7.5,73,Arenoso,Transporte,Manha,0
2467,2026-05-18 09:00:00,EQ-036,Cascavel,60.9,8.8,15.3,7.7,120.0,6.5,257,9.1,100,Arenoso,Transporte,Manha,0
4861,2026-08-02 13:33:00,EQ-003,Lucas do Rio Verde,34.8,0.0,28.9,4.4,853.0,8.7,61,9.7,66,Argiloso,Pulverizacao,Tarde,0
3578,2026-06-22 10:37:00,EQ-013,Barreiras,30.0,0.0,25.1,1.4,466.0,9.4,208,3.6,85,Misto,Colheita,Manha,0
4326,,EQ-034,Rio Verde,15.9,0.0,33.3,21.1,358.0,8.8,349,7.5,106,Misto,Transporte,Tarde,0
593,2026-03-20 13:51:00,EQ-029,Rio Verde,100.0,17.5,28.6,6.9,339.0,0.9,353,9.0,79,Argiloso,Colheita,Tarde,1
1967,2026-05-02 09:29:00,EQ-004,Cascavel,58.1,19.9,25.8,32.5,188.0,5.6,155,6.4,82,Argiloso,Colheita,Manha,0
5777,2026-08-31 10:39:00,EQ-027,Barreiras,15.8,0.0,34.9,1.2,331.0,17.3,116,9.3,102,Misto,Colheita,Manha,1
1236,2026-04-08 22:56:00,EQ-009,Lucas do Rio Verde,,26.5,29.9,3.2,,4.8,457,7.8,61,Argiloso,Plantio,Noite,0
3021,2026-06-05 07:11:00,EQ-020,Barreiras,33.1,0.0,27.8,12.2,834.0,1.7,252,7.0,90,Misto,Transporte,Manha,0
4015,2026-07-05 13:45:00,EQ-018,Rio Verde,22.8,0.0,26.5,6.9,1181.0,9.3,55,11.2,66,Argiloso,Plantio,Tarde,1
338,2026-03-12 17:52:00,EQ-002,Rio Verde,75.9,0.0,23.8,26.0,1005.0,7.3,59,7.6,82,Arenoso,Colheita,Tarde,0
5660,2026-08-27 08:19:00,EQ-038,Rio Verde,25.2,0.0,24.9,18.5,311.0,3.4,157,9.2,87,Argiloso,Transporte,Manha,0
2387,2026-05-15 15:52:00,EQ-033,Lucas do Rio Verde,50.2,0.0,23.8,3.0,1028.0,24.2,260,10.7,79,Argiloso,Transporte,Tarde,0
1421,2026-04-14 09:44:00,EQ-004,Cascavel,78.1,6.5,23.2,9.9,648.0,5.6,66,9.3,82,Argiloso,Colheita,Manha,1
4467,2026-07-20 08:51:00,EQ-010,Sorriso,18.7,1.9,30.3,13.9,103.0,5.2,61,7.3,86,Misto,Transporte,Manha,0
4978,2026-08-06 07:57:00,EQ-003,Lucas do Rio Verde,22.2,0.0,24.2,4.0,1376.0,8.7,86,10.6,49,Arenoso,Pulverizacao,Manha,0
2386,2026-05-15 15:52:00,EQ-021,Cascavel,50.9,0.0,17.7,5.6,312.0,13.0,194,10.2,68,Argiloso,Colheita,Tarde,0
4692,2026-07-28 06:42:00,EQ-034,Rio Verde,38.7,0.0,28.1,9.1,1229.0,8.8,16,4.2,82,Argiloso,Transporte,Manha,1
5530,2026-08-22 23:58:00,EQ-034,Rio Verde,16.7,0.0,25.2,12.6,1446.0,8.9,153,10.5,86,Argiloso,Transporte,Noite,0
5821,2026-03-29 17:30:00,EQ-021,Cascavel,41.3,0.0,27.8,10.1,600.0,12.9,188,9.6,95,Argiloso,Colheita,Tarde,0
1333,2026-04-11 17:34:00,EQ-024,Barreiras,76.3,25.2,29.6,0.1,978.0,7.7,268,13.0,64,Misto,Pulverizacao,Tarde,1
5567,2026-08-24 14:24:00,EQ-008,Barreiras,23.5,0.0,24.8,7.0,985.0,9.7,430,7.4,65,Argiloso,Colheita,Tarde,0
4391,2026-07-17 16:50:00,EQ-018,Rio Verde,35.7,22.8,23.6,10.7,1252.0,9.3,115,12.9,87,Arenoso,Transporte,Tarde,0
2765,2026-05-27 14:22:00,EQ-014,Sorriso,39.2,0.0,27.9,2.5,495.0,8.2,181,7.4,62,Argiloso,Pulverizacao,Tarde,0
320,2026-03-12 07:05:00,EQ-026,Sorriso,99.1,83.1,24.2,2.3,169.0,2.3,196,7.9,68,Arenoso,Plantio,Manha,0
1862,2026-04-28 13:15:00,EQ-031,Rio Verde,78.2,0.0,28.2,12.5,485.0,5.4,204,6.1,73,Misto,Transporte,Tarde,1
4536,2026-07-22 10:19:00,EQ-031,Rio Verde,44.6,11.4,33.1,8.7,974.0,5.6,126,7.2,101,Misto,Colheita,Manha,1
1840,2026-04-27 16:19:00,EQ-020,Barreiras,88.3,47.4,23.9,2.4,512.0,1.5,143,10.8,78,Encharcado,Colheita,Tarde,1
2566,2026-05-21 07:27:00,EQ-001,Barreiras,41.1,0.0,25.6,3.5,856.0,11.3,291,5.8,100,Argiloso,Colheita,Manha,0
4683,2026-07-27 19:17:00,EQ-003,Lucas do Rio Verde,43.9,0.0,28.3,7.2,1183.0,8.6,39,5.0,84,Misto,Pulverizacao,Noite,0
1729,2026-04-24 07:51:00,EQ-020,Barreiras,57.4,0.0,23.4,8.0,400.0,1.5,126,6.9,93,Argiloso,Transporte,Manha,0
4231,2026-07-12 10:54:00,EQ-034,Rio Verde,16.0,0.0,28.5,6.5,896.0,8.8,328,7.7,66,Misto,Plantio,Manha,0
3346,2026-06-14 19:56:00,EQ-011,Barreiras,40.0,0.0,25.6,6.0,630.0,9.2,356,6.4,85,Misto,Colheita,Noite,0
5673,2026-08-27 16:20:00,EQ-012,Sorriso,35.5,0.0,24.7,7.5,760.0,3.6,186,8.0,80,Arenoso,Pulverizacao,Tarde,0
4344,2026-07-16 07:51:00,EQ-001,Barreiras,27.1,0.0,25.5,11.9,540.0,11.5,220,10.9,66,Arenoso,Colheita,Manha,0
376,2026-03-14 06:33:00,EQ-025,Barreiras,95.2,27.4,26.1,18.4,1149.0,7.9,113,11.6,106,Encharcado,Colheita,Manha,1
5693,2026-08-28 09:37:00,EQ-013,Barreiras,16.6,0.0,24.1,8.4,991.0,9.6,539,9.9,105,Misto,Colheita,Manha,0
4542,2026-07-22 16:02:00,EQ-002,Rio Verde,"41,8",11.4,31.4,5.1,859.0,7.7,40,9.9,85,Misto,Colheita,Tarde,0
4812,2026-07-31 16:43:00,EQ-032,Sorriso,37.2,0.0,26.9,8.8,420.0,6.1,95,12.0,85,Argiloso,Pulverizacao,Tarde,0
4712,2026-07-28 13:57:00,EQ-012,Lucas do Rio Verde,35.7,0.0,33.0,2.9,813.0,3.5,72,5.5,70,Argiloso,Pulverizacao,Tarde,0
1395,2026-04-13 15:53:00,EQ-040,Não-Me-Toque,53.3,0.0,22.5,9.2,1256.0,13.1,139,4.6,73,Misto,Colheita,Tarde,0
1168,2026-04-06 16:51:00,EQ-018,Rio Verde,99.3,33.7,32.1,4.0,212.0,9.1,0,8.9,77,Arenoso,Colheita,Tarde,1
3326,2026-06-14 08:19:00,EQ-005,Sorriso,29.8,0.0,20.2,16.1,478.0,7.8,27,9.4,76,Argiloso,Plantio,Manha,0
1074,2026-04-03 14:34:00,EQ-007,Cascavel,93.5,60.4,27.6,2.9,891.0,7.5,307,9.4,100,Argiloso,Colheita,Tarde,1
235,2026-03-09 08:23:00,EQ-028,Sorriso,85.1,9.1,28.5,8.8,705.0,6.7,472,10.0,68,Encharcado,Plantio,Manha,0
3183,2026-06-09 19:06:00,EQ-027,Barreiras,27.5,7.6,21.1,6.5,336.0,17.0,388,8.6,82,Argiloso,Plantio,Noite,0
4944,2026-08-05 08:23:00,EQ-003,Lucas do Rio Verde,27.3,0.0,26.4,16.5,1004.0,8.7,84,5.4,44,Misto,Pulverizacao,Manha,0
2701,2026-05-25 16:30:00,EQ-007,Sorriso,41.7,0.0,27.5,4.0,447.0,7.7,149,3.7,103,Misto,Colheita,Tarde,0
4353,2026-07-16 15:47:00,EQ-010,Sorriso,22.8,0.0,27.1,8.0,1868.0,5.2,49,7.2,71,Misto,Plantio,Tarde,0
2348,2026-05-14 13:25:00,EQ-029,Rio Verde,31.9,0.0,21.5,11.2,43.0,1.0,224,9.0,90,Arenoso,Colheita,Tarde,0
4092,2026-07-08 07:40:00,EQ-010,Sorriso,24.6,0.0,24.3,4.3,265.0,5.2,21,2.7,87,Argiloso,Transporte,Manha,0
5,2026-03-01 07:58:00,EQ-032,Sorriso,66.9,3.8,26.5,5.0,349.0,5.7,112,8.1,80,Misto,Pulverizacao,Manha,1
5198,2026-08-12 16:42:00,EQ-023,Lucas do Rio Verde,23.3,0.0,20.5,2.1,610.0,7.0,107,9.4,63,Misto,Pulverizacao,Tarde,0
1005,2026-04-01 14:28:00,EQ-032,Cascavel,94.8,64.1,26.0,11.7,1058.0,5.8,264,7.3,66,Encharcado,Pulverizacao,Tarde,1
1406,2026-04-13 21:19:00,EQ-035,Lucas do Rio Verde,86.1,67.2,21.2,4.0,572.0,2.8,14,5.8,83,Encharcado,Plantio,Noite,1
1813,2026-04-26 23:51:00,EQ-015,Sorriso,"72,5",4.3,27.4,1.9,449.0,8.0,184,10.2,73,Misto,Colheita,Noite,1
1298,2026-04-10 16:02:00,EQ-033,Lucas do Rio Verde,94.6,0.0,31.6,6.8,271.0,24.1,71,11.8,53,Argiloso,Plantio,Tarde,1
2175,2026-05-09 09:55:00,EQ-011,Barreiras,75.8,0.0,29.3,5.8,1348.0,9.1,168,5.9,95,Arenoso,Transporte,Manha,0
1832,2026-04-27 10:41:00,EQ-010,Sorriso,66.9,0.0,34.3,0.7,777.0,5.0,255,6.6,91,Misto,Plantio,Manha,0
4904,2026-08-03 21:17:00,EQ-033,Lucas do Rio Verde,30.5,0.0,33.8,15.1,391.0,24.4,191,7.9,97,Misto,Plantio,Noite,0
2730,2026-05-26 15:56:00,EQ-008,Barreiras,46.5,0.0,24.6,6.0,1629.0,9.5,14,9.9,100,Misto,Transporte,Tarde,0
4780,2026-07-30 16:03:00,EQ-023,Lucas do Rio Verde,23.0,0.0,24.0,2.7,340.0,6.9,23,5.2,74,Arenoso,Pulverizacao,Tarde,0
961,2026-03-30 23:59:00,EQ-036,Rio Verde,73.4,0.0,27.5,11.1,696.0,6.3,26,9.2,78,Argiloso,Plantio,Noite,0
3394,2026-06-16 13:33:00,EQ-038,Rio Verde,18.9,0.0,27.6,9.7,515.0,3.2,205,3.2,76,Arenoso,Colheita,Tarde,0
851,2026-03-27 19:07:00,EQ-029,Rio Verde,100.0,22.6,21.7,8.3,322.0,0.9,39,11.0,66,Encharcado,Plantio,Noite,1
5211,2026-08-13 09:18:00,EQ-010,Sorriso,32.2,0.0,24.9,0.3,219.0,5.3,124,13.7,79,Argiloso,plantio ,Manha,0
3430,2026-06-17 16:41:00,EQ-039,Sorriso,19.2,0.0,32.0,6.9,706.0,2.3,190,9.7,77,Misto,Transporte,Tarde,0
583,2026-03-20 07:06:00,EQ-002,Rio Verde,100.0,17.5,32.9,3.8,375.0,7.4,114,7.5,49,Misto,Plantio,Manha,1
2641,2026-05-23 17:20:00,EQ-032,Sorriso,45.5,4.9,19.7,12.9,488.0,5.9,254,5.9,61,Misto,Pulverizacao,Tarde,0
46,2026-03-02 14:20:00,EQ-018,Rio Verde,72.7,12.9,26.2,7.3,1227.0,9.0,159,6.7,59,Argiloso,Plantio,Tarde,1
2727,2026-05-26 14:18:00,EQ-032,Sorriso,41.8,0.0,30.0,6.3,304.0,5.9,13,12.1,89,Misto,Pulverizacao,Tarde,0
3690,2026-06-25 16:54:00,EQ-007,Cascavel,95.7,0.0,15.2,41.2,495.0,7.8,291,6.1,85,Encharcado,Colheita,Tarde,1
1688,2026-04-22 16:20:00,EQ-040,Não-Me-Toque,68.0,6.1,26.7,11.8,1359.0,13.2,175,6.7,82,Misto,Colheita,Tarde,0
775,2026-03-25 09:37:00,EQ-004,Cascavel,45.0,0.0,23.3,8.9,629.0,5.5,0,8.5,72,Argiloso,Colheita,Manha,1
1052,2026-04-02 22:41:00,EQ-040,Não-Me-Toque,54.8,0.0,23.2,11.6,1059.0,13.1,100,6.1,72,Argiloso,Colheita,Noite,0
5588,2026-08-25 09:07:00,EQ-039,Lucas do Rio Verde,28.7,37.8,29.7,8.8,1055.0,2.5,481,3.7,91,Argiloso,Transporte,Manha,0
615,2026-03-21 06:08:00,EQ-021,Rio Verde,100.0,17.0,29.0,7.8,396.0,12.9,143,13.5,98,Encharcado,Colheita,Manha,1
2401,2026-05-16 08:14:00,EQ-024,Cascavel,59.7,0.0,29.2,11.1,1112.0,7.8,462,8.7,76,Argiloso,Pulverizacao,Manha,1
4543,2026-07-22 16:05:00,EQ-013,Barreiras,29.3,0.0,20.8,4.0,236.0,9.5,361,8.3,79,Misto, colheita,Tarde,0
81,2026-03-03 17:48:00,EQ-008,Barreiras,67.4,0.0,35.5,3.3,927.0,9.2,310,9.8,,Arenoso,Colheita,Tarde,0
1427,2026-04-14 13:50:00,EQ-021,Cascavel,70.7,6.5,24.6,28.5,738.0,12.9,20,7.7,83,Misto,Colheita,Tarde,1
3521,2026-06-20 13:28:00,EQ-004,Cascavel,98.7,17.8,17.8,16.5,991.0,5.8,89,10.3,79,Misto,Transporte,Tarde,0
2643,2026-05-23 19:14:00,EQ-013,Barreiras,38.4,0.0,27.6,3.9,248.0,9.3,102,7.7,86,Arenoso,Colheita,Noite,0
3310,2026-06-13 15:52:00,EQ-017,Lucas do Rio Verde,16.6,0.0,24.3,6.0,718.0,2.1,38,7.1,84,Misto,Colheita,Tarde,0
4264,2026-07-13 16:21:00,EQ-005,Rio Verde,12.0,0.0,29.4,7.6,434.0,7.9,176,8.0,62,Misto,Plantio,Tarde,0
636,2026-03-21 15:46:00,EQ-003,Lucas do Rio Verde,92.3,104.1,29.5,2.2,1579.0,8.3,285,8.8,63,Encharcado,Pulverizacao,Tarde,1
5616,2026-08-25 16:34:00,EQ-001,Barreiras,30.1,0.0,25.7,0.9,1531.0,11.6,81,11.0,95,Argiloso,Colheita,Tarde,0
3198,2026-06-10 08:02:00,EQ-015,Sorriso,26.9,0.0,26.5,2.8,407.0,8.1,109,10.3,87,Misto,Plantio,Manha,0
3406,2026-06-17 06:00:00,EQ-001,Barreiras,29.7,0.0,24.7,4.1,1109.0,11.4,92,7.1,97,Arenoso,TRANSPORTE,Manha,0
5785,2026-08-31 15:33:00,EQ-034,Rio Verde,21.0,0.0,27.5,4.8,532.0,8.9,187,11.1,61,Misto,Plantio,Tarde,0
1837,2026-04-27 15:14:00,EQ-005,Sorriso,67.9,0.0,20.4,5.1,532.0,7.7,114,11.6,86,Misto,Colheita,Tarde,0
5501,2026-08-21 22:04:00,EQ-008,Barreiras,28.4,0.0,23.0,4.5,1255.0,9.7,418,9.4,87,Argiloso,Colheita,Noite,1
3971,2026-07-04 10:23:00,EQ-006,Sorriso,27.3,0.0,26.9,15.3,490.0,12.2,282,5.5,72,Arenoso,Pulverizacao,Manha,0
3582,2026-06-22 13:52:00,EQ-020,Barreiras,28.7,0.0,21.4,8.6,1109.0,1.7,338,8.8,83,Misto,Colheita,Tarde,0
1108,2026-04-04 19:27:00,EQ-014,Sorriso,100.0,18.1,24.0,7.0,449.0,8.0,293,8.9,80,Encharcado,Pulverizacao,Noite,1
4591,2026-07-24 10:56:00,EQ-014,Barreiras,21.8,0.0,21.1,2.3,517.0,8.3,5,6.6,74,Misto,Pulverizacao,Manha,0
1652,2026-04-21 17:16:00,EQ-018,Rio Verde,85.4,0.0,28.5,8.8,566.0,9.1,77,8.1,83,Encharcado,Colheita,Tarde,1
2985,2026-06-04 07:50:00,EQ-011,Barreiras,19.3,0.0,28.7,16.6,476.0,9.1,304,7.2,70,Misto,Transporte,Manha,0
78,2026-03-03 16:32:00,EQ-005,Sorriso,72.0,29.7,26.0,2.8,930.0,7.6,137,7.4,63,Misto,Plantio,Tarde,0
1796,2026-04-26 13:07:00,EQ-002,Rio Verde,60.9,9.0,24.7,6.5,212.0,7.5,7,7.0,70,Misto,Plantio,Tarde,0
1104,2026-04-04 17:26:00,EQ-020,Barreiras,94.7,4.8,29.4,6.5,301.0,1.5,27,10.0,84,Arenoso,Colheita,Tarde,1
2425,2026-05-16 23:02:00,EQ-024,Cascavel,49.6,0.0,21.3,8.9,375.0,7.8,458,6.4,85,Misto,Pulverizacao,Noite,0
3368,2026-06-15 17:00:00,EQ-006,Sorriso,24.2,0.0,24.1,3.7,122.0,12.2,192,14.1,69,Misto,Pulverizacao,Tarde,1
5444,2026-08-20 09:02:00,EQ-017,Lucas do Rio Verde,19.6,0.0,24.4,0.7,1075.0,2.2,98,5.8,83,Arenoso,Colheita,Manha,0
1090,2026-04-04 07:39:00,EQ-022,Rio Verde,81.4,32.2,26.1,11.8,2385.0,3.5,303,5.8,85,Argiloso,Colheita,Manha,0
898,2026-03-29 10:32:00,EQ-009,Lucas do Rio Verde,100.0,43.9,24.4,6.8,329.0,4.7,405,5.7,83,Arenoso,Plantio,Manha,1
3298,2026-06-13 09:13:00,EQ-039,Sorriso,21.9,0.0,26.4,18.7,405.0,2.3,171,9.3,98,Arenoso,Colheita,Manha,0
5028,2026-08-07 15:39:00,EQ-001,Barreiras,20.5,0.0,26.5,2.9,398.0,11.5,294,10.5,92,Arenoso,Colheita,Tarde,0
5047,2026-08-08 07:50:00,EQ-008,Barreiras,23.0,0.0,31.1,7.4,533.0,9.7,343,6.8,77,Argiloso,Colheita,Manha,0
5720,2026-08-29 10:42:00,EQ-039,Sorriso,19.5,0.0,35.5,2.6,713.0,2.5,504,9.4,98,Argiloso,Transporte,Manha,0
4808,2026-07-31 14:18:00,EQ-026,Sorriso,36.0,0.0,27.3,4.4,587.0,2.7,27,7.5,88,Misto,Transporte,Tarde,0
3214,2026-06-10 15:48:00,EQ-017,Lucas do Rio Verde,39.0,0.0,25.9,15.7,601.0,2.0,18,10.4,103,Argiloso,Colheita,Tarde,0
1411,2026-04-14 06:27:00,EQ-032,Sorriso,74.2,0.0,30.9,18.2,1477.0,5.8,57,7.9,50,Misto,Pulverizacao,Manha,0
685,2026-03-22 17:58:00,EQ-002,Cascavel,46.3,0.0,30.3,9.6,553.0,7.4,121,8.0,71,Misto,Plantio,Tarde,0
812,2026-03-26 16:04:00,EQ-027,Barreiras,83.6,6.8,24.5,13.0,830.0,16.8,74,9.4,73,Misto,Plantio,Tarde,0
5037,2026-08-07 21:50:00,EQ-017,Lucas do Rio Verde,27.7,0.0,24.8,9.3,808.0,2.2,18,5.6,88,Argiloso,Colheita,Noite,0
2510,2026-05-19 07:36:00,EQ-014,Sorriso,47.6,0.0,28.6,6.5,1414.0,8.1,164,3.7,83,Arenoso,Pulverizacao,Manha,0
211,2026-03-08 09:57:00,EQ-010,Sorriso,94.9,20.9,36.9,2.5,472.0,4.9,7,5.8,59,Arenoso,Plantio,Manha,0
3595,2026-06-22 20:01:00,EQ-030,Não-Me-Toque,81.5,0.0,23.1,13.6,294.0,12.6,74,4.9,91,Argiloso,Colheita,Noite,1
5084,2026-08-09 09:10:00,EQ-035,Lucas do Rio Verde,45.6,0.0,23.2,10.8,366.0,3.2,117,13.3,77,Argiloso,Transporte,Manha,1
1319,2026-04-11 08:42:00,EQ-037,Sorriso,83.5,20.3,26.1,8.0,940.0,20.5,742,10.9,62,Misto,Plantio,Manha,0
1959,2026-05-02 06:42:00,EQ-032,Sorriso,66.8,0.0,28.1,3.0,992.0,5.8,165,8.0,83,Argiloso,Pulverizacao,Manha,0
4371,2026-07-17 08:32:00,EQ-018,Rio Verde,35.7,22.8,28.5,5.3,888.0,9.3,112,7.3,75,Argiloso,Colheita,Manha,0
3841,2026-06-30 06:14:00,EQ-015,Sorriso,24.8,0.0,20.6,1.9,116.0,8.2,226,5.1,88,Misto,Colheita,Manha,0
3559,2026-06-21 16:57:00,EQ-028,Sorriso,29.8,0.0,28.4,7.6,550.0,7.0,301,9.1,87,Misto,Transporte,Tarde,0
1746,2026-04-24 16:38:00,EQ-026,Sorriso,74.5,56.6,26.0,4.3,673.0,2.5,379,7.6,82,Misto,Transporte,Tarde,1
4407,2026-07-18 09:33:00,EQ-022,Rio Verde,31.8,7.9,22.9,9.5,972.0,3.8,307,11.0,82,Arenoso,Colheita,Manha,0
3772,2026-06-28 06:59:00,EQ-015,Sorriso,28.5,0.0,25.0,1.7,670.0,8.2,215,8.3,75,Misto,Plantio,Manha,0
1162,2026-04-06 13:31:00,EQ-031,Rio Verde,88.5,33.7,33.3,2.3,1237.0,5.3,99,8.8,113,Arenoso,Colheita,Tarde,0
2440,2026-05-17 15:48:00,EQ-014,Sorriso,58.9,0.0,29.0,10.4,163.0,8.1,151,8.6,78,Misto,Pulverizacao,Tarde,1
198,2026-03-07 20:36:00,EQ-025,Barreiras,72.2,16.1,23.6,2.7,232.0,7.9,91,5.0,64,Misto,Colheita,Noite,1
1865,2026-04-28 15:24:00,EQ-003,Lucas do Rio Verde,84.5,24.8,28.6,7.0,1217.0,8.4,89,8.2,98,Argiloso,Pulverizacao,Tarde,0
1828,2026-04-27 09:24:00,EQ-023,Lucas do Rio Verde,76.5,2.3,28.5,12.7,6.0,6.7,198,14.0,74,Misto,Pulverizacao,Manha,1
5460,2026-08-20 14:50:00,EQ-039,Sorriso,17.8,0.0,31.6,5.1,817.0,2.4,457,10.4,70,Misto,Plantio,Tarde,0
1991,2026-05-03 06:18:00,EQ-015,Sorriso,56.6,0.0,22.5,3.3,934.0,8.0,209,7.2,84,Argiloso,Colheita,Manha,0
5452,2026-08-20 10:54:00,EQ-022,Rio Verde,29.4,0.0,32.3,4.8,515.0,3.9,46,7.5,70,Misto,Plantio,Manha,0
1477,2026-04-16 10:27:00,EQ-022,Rio Verde,72.2,13.0,26.2,5.8,921.0,3.6,328,7.3,86,Argiloso,Plantio,Manha,0
3565,2026-06-21 21:05:00,EQ-005,Sorriso,29.7,0.0,21.0,0.9,351.0,7.9,70,12.0,59,Arenoso,Transporte,Noite,0
694,2026-03-23 06:46:00,EQ-020,Barreiras,100.0,33.4,29.3,7.7,703.0,1.4,361,5.7,120,Encharcado,Colheita,Manha,1
4540,2026-07-22 14:20:00,EQ-028,Sorriso,29.0,18.5,30.6,7.0,302.0,7.1,413,9.5,94,Arenoso,Colheita,Tarde,1
2936,2026-06-02 08:32:00,EQ-014,Sorriso,39.6,0.0,29.6,4.1,1519.0,8.2,201,11.6,64,Argiloso,Pulverizacao,Manha,0
2991,2026-06-04 09:53:00,EQ-012,Lucas do Rio Verde,47.8,0.0,27.7,3.4,865.0,3.4,589,7.7,63,Argiloso,Pulverizacao,Manha,0
2897,2026-06-01 07:18:00,EQ-018,Rio Verde,31.1,0.0,23.6,11.6,623.0,9.2,217,6.4,64,Arenoso,Transporte,Manha,0
2220,2026-05-10 16:49:00,EQ-005,Sorriso,95.9,114.3,28.6,0.8,538.0,7.7,174,8.8,118,Misto,Transporte,Tarde,1
4620,2026-07-25 14:18:00,EQ-018,Rio Verde,29.8,0.0,28.2,10.2,558.0,9.4,159,6.1,98,Arenoso,Transporte,Tarde,0
1134,2026-04-05 15:20:00,EQ-006,Sorriso,100.0,25.9,27.6,6.5,702.0,12.0,177,12.7,92,Encharcado,Pulverizacao,Tarde,1
3781,2026-06-28 08:58:00,EQ-021,Cascavel,95.5,6.3,15.7,10.5,452.0,13.1,109,7.3,77,Encharcado,Colheita,Manha,0
1040,2026-04-02 15:52:00,EQ-029,Rio Verde,54.9,0.0,31.9,3.1,315.0,0.9,66,5.2,84,Misto,Plantio,Tarde,0
1734,2026-04-24 10:14:00,EQ-036,Rio Verde,84.0,8.1,30.9,1.0,453.0,6.4,137,7.2,103,Arenoso,Colheita,Manha,0
5626,2026-08-26 08:22:00,EQ-004,Cascavel,91.0,55.9,19.7,6.3,651.0,5.9,307,3.2,71,Misto,Colheita,Manha,1
850,2026-03-27 16:59:00,EQ-032,Sorriso,100.0,46.3,37.6,6.0,860.0,5.7,238,7.3,69,Encharcado,Pulverizacao,Tarde,1
4165,2026-07-10 08:58:00,EQ-006,Sorriso,24.7,0.0,21.0,1.1,841.0,12.2,12,5.5,49,Argiloso,Pulverizacao,Manha,0
2794,2026-05-28 15:15:00,EQ-005,Sorriso,33.7,0.0,24.0,23.5,215.0,7.8,263,8.2,96,Misto,Transporte,Tarde,0
325,2026-03-12 10:20:00,EQ-038,Cascavel,52.5,3.2,25.2,10.8,585.0,3.0,106,4.9,74,Argiloso,Plantio,Manha,0
2968,2026-06-03 09:10:00,EQ-005,Sorriso,29.9,0.0,25.2,3.6,751.0,7.8,272,3.8,73,Misto,Transporte,Manha,0
1666,2026-04-22 07:02:00,EQ-002,Rio Verde,79.3,14.6,30.1,4.4,237.0,7.5,267,4.6,87,Misto,Transporte,Manha,1
5378,2026-08-18 08:06:00,EQ-009,Lucas do Rio Verde,23.2,0.0,23.1,12.8,583.0,5.1,229,10.8,104,Misto,Transporte,Manha,0
1143,2026-04-05 21:56:00,EQ-021,Cascavel,92.6,13.2,24.1,14.9,1169.0,12.9,225,9.4,111,Argiloso,Colheita,Noite,1
999,2026-04-01 08:35:00,EQ-003,Lucas do Rio Verde,87.6,11.9,28.3,5.1,446.0,8.3,343,7.8,75,Arenoso,Pulverizacao,Manha,
641,2026-03-21 19:52:00,EQ-033,Lucas do Rio Verde,100.0,104.1,25.8,13.1,367.0,24.1,376,6.2,83,Misto,Colheita,Noite,1
5594,2026-08-25 10:52:00,EQ-040,Não-Me-Toque,90.3,20.1,21.6,32.6,811.0,13.5,23,6.2,112,Argiloso,Colheita,Manha,1
4047,2026-07-06 09:24:00,EQ-026,Sorriso,25.7,0.0,21.2,4.5,1554.0,2.7,708,10.3,76,Misto,Transporte,Manha,0
1986,2026-05-02 22:15:00,EQ-036,Rio Verde,69.8,2.0,29.0,5.2,1057.0,6.4,185,8.5,109,Misto,Plantio,Noite,0
4150,2026-07-09 17:49:00,EQ-027,Barreiras,16.6,0.0,22.5,4.2,756.0,17.1,506,6.0,81,Misto,Colheita,Tarde,0
295,2026-03-11 07:45:00,EQ-028,Sorriso,88.0,0.0,28.9,1.7,1057.0,6.7,480,8.1,96,Argiloso,Transporte,Manha,0
255,2026-03-09 23:59:00,EQ-025,Barreiras,90.7,15.2,31.9,15.1,851.0,7.9,106,6.2,95,Encharcado,Colheita,Noite,1
3579,2026-06-22 10:39:00,EQ-015,Sorriso,15.7,0.0,21.9,6.9,201.0,8.2,163,11.5,68,Argiloso,Transporte,Manha,0
995,2026-04-01 06:22:00,EQ-038,Rio Verde,84.6,0.0,28.3,2.1,203.0,3.0,211,7.9,80,Misto,Plantio,Manha,1
4919,2026-08-04 09:05:00,EQ-004,Cascavel,80.8,0.0,13.0,8.2,730.0,5.9,244,11.2,85,Misto,Colheita,Manha,0
1968,2026-05-02 09:53:00,EQ-028,Sorriso,57.4,0.0,26.9,5.6,51.0,6.9,43,12.9,90,Misto,Transporte,Manha,1
1939,2026-05-01 08:48:00,EQ-031,Rio Verde,85.1,31.9,27.8,11.5,643.0,5.4,208,10.7,98,Encharcado,Transporte,Manha,1
2665,2026-05-24 16:23:00,EQ-023,Barreiras,42.8,0.0,23.1,4.0,189.0,6.7,338,10.0,63,Misto,Pulverizacao,Tarde,1
5274,2026-08-15 07:55:00,EQ-006,Lucas do Rio Verde,16.1,0.0,28.1,3.8,952.0,12.3,160,11.2,78,Arenoso,Pulverizacao,Manha,0
5473,2026-08-20 22:45:00,EQ-020,Barreiras,25.2,0.0,24.3,13.4,1205.0,1.9,226,7.1,61,Misto,Colheita,Noite,0
4619,2026-07-25 13:43:00,EQ-029,Rio Verde,37.7,0.0,24.5,4.8,1105.0,1.2,134,11.1,81,Misto,Transporte,Tarde,0
5428,2026-08-19 16:23:00,EQ-040,Não-Me-Toque,68.3,0.0,11.3,5.4,543.0,13.5,0,3.5,111,Misto,Colheita,Tarde,1
4186,2026-07-10 17:13:00,EQ-011,Barreiras,42.5,0.0,28.7,5.1,447.0,9.2,66,9.0,92,Arenoso,Transporte,Tarde,0
5783,2026-08-31 15:10:00,EQ-013,Barreiras,25.2,0.0,30.5,3.6,2052.0,9.6,558,9.7,78,Misto,Transporte,Tarde,0
4424,2026-07-19 06:22:00,EQ-025,Barreiras,25.1,0.0,30.7,10.0,1000.0,8.2,134,8.0,81,Arenoso,Colheita,Manha,0
4943,2026-08-05 08:00:00,EQ-022,Rio Verde,30.5,0.0,24.2,10.6,75.0,3.9,401,5.7,88,Argiloso,Transporte,Manha,0
1131,2026-04-05 14:27:00,EQ-007,Cascavel,100.0,13.2,24.7,11.0,772.0,7.5,325,7.9,92,Misto,Colheita,Tarde,1
4762,2026-07-29 23:19:00,EQ-038,Rio Verde,36.5,0.0,26.5,13.8,317.0,3.4,62,6.9,73,Misto,Colheita,Noite,0
2989,2026-06-04 08:58:00,EQ-035,Lucas do Rio Verde,43.0,0.0,26.3,5.6,398.0,3.0,211,13.2,88,Arenoso,Transporte,Manha,0
959,2026-03-30 23:56:00,EQ-021,Cascavel,57.1,3.0,20.7,20.5,1089.0,12.9,197,8.9,101,Misto,Colheita,Noite,1
462,2026-03-16 09:52:00,EQ-007,Cascavel,47.3,0.0,24.9,24.3,439.0,7.5,232,10.9,85,Arenoso,Colheita,Manha,0
1567,2026-04-18 19:20:00,EQ-013,Barreiras,92.9,8.3,24.9,3.5,302.0,9.2,771,7.9,77,Encharcado,Transporte,Noite,1
5614,2026-08-25 16:11:00,EQ-027,Barreiras,18.0,0.0,30.5,4.8,657.0,17.3,70,8.6,95,Argiloso,Plantio,Tarde,0
1352,2026-04-12 08:45:00,EQ-011,Barreiras,80.8,0.0,26.4,10.4,351.0,9.0,50,8.8,61,Arenoso,Plantio,Manha,1
2199,2026-05-10 08:14:00,EQ-005,Sorriso,94.5,114.3,32.5,2.1,657.0,7.7,171,7.2,79,Encharcado,Transporte,Manha,1
3598,2026-06-22 21:04:00,EQ-016,Cascavel,82.1,0.0,16.1,5.4,324.0,4.3,199,8.6,97,Misto,Transporte,Noite,1
5446,2026-08-20 09:43:00,EQ-003,Lucas do Rio Verde,18.6,0.0,23.3,4.9,1141.0,8.7,166,3.8,84,Argiloso,Pulverizacao,Manha,0
4343,2026-07-16 07:35:00,EQ-024,Cascavel,96.8,14.8,16.1,27.4,166.0,8.0,306,8.2,73,Encharcado,Pulverizacao,Manha,1
2325,2026-05-13 17:56:00,EQ-009,Lucas do Rio Verde,49.1,5.3,26.7,15.7,557.0,4.9,584,9.3,76,Argiloso,Transporte,Tarde,0
4906,2026-08-04 06:06:00,EQ-037,Sorriso,29.4,0.0,28.5,2.4,424.0,20.8,536,6.1,67,Misto,Plantio,Manha,1
2343,2026-05-14 09:10:00,EQ-039,Sorriso,75.4,0.0,20.5,7.3,342.0,2.2,56,8.7,93,Argiloso,Transporte,Manha,1
3223,2026-06-10 22:05:00,EQ-012,Lucas do Rio Verde,33.7,0.0,20.4,29.8,1591.0,3.4,628,3.9,73,Misto,Pulverizacao,Noite,0
5029,2026-08-07 15:48:00,EQ-032,Sorriso,31.4,0.0,20.7,10.0,334.0,6.1,133,7.3,80,Arenoso,Pulverizacao,Tarde,0
3777,2026-06-28 08:29:00,EQ-013,Barreiras,27.0,0.0,26.3,2.5,610.0,9.4,243,8.6,114,Arenoso,Colheita,Manha,0
4390,2026-07-17 16:48:00,EQ-019,Sorriso,25.6,0.0,27.4,8.2,999.0,4.5,416,9.6,60,Argiloso,Pulverizacao,Tarde,0
5128,2026-08-10 14:06:00,EQ-013,Lucas do Rio Verde,13.8,0.0,26.4,8.2,390.0,9.5,424,10.6,96,Misto,Colheita,Tarde,0
3535,2026-06-20 22:10:00,EQ-025,Barreiras,24.7,0.0,27.1,5.2,1169.0,8.2,0,4.7,81,Arenoso,Colheita,Noite,0
3511,2026-06-20 08:48:00,EQ-029,Rio Verde,15.5,0.0,21.5,9.5,1128.0,1.1,0,6.1,79,Argiloso,Transporte,Manha,0
1609,2026-04-20 09:10:00,EQ-013,Barreiras,74.6,0.0,23.2,9.9,40.0,9.2,791,1.2,67,Arenoso,Transporte,Manha,1
5060,2026-08-08 16:01:00,EQ-009,Lucas do Rio Verde,28.4,0.0,23.0,5.2,359.0,5.1,209,7.0,65,Misto,Transporte,Tarde,0
4351,2026-07-16 14:33:00,EQ-004,Cascavel,100.0,14.8,12.9,5.0,680.0,5.8,199,6.9,69,Encharcado,Colheita,Tarde,0
2482,2026-05-18 14:20:00,EQ-037,Sorriso,52.9,0.0,28.3,11.2,513.0,20.6,140,9.3,87,Argiloso,Colheita,Tarde,1
1431,2026-04-14 14:50:00,EQ-025,Barreiras,"100,0",22.4,35.9,2.4,745.0,8.0,264,11.0,69,Arenoso,Colheita,Tarde,0
5066,2026-08-08 17:17:00,EQ-028,Sorriso,16.5,0.0,29.2,2.9,575.0,7.1,499,7.7,84,Misto,Transporte,Tarde,0
2154,2026-05-08 17:28:00,EQ-006,Sorriso,55.4,34.7,29.4,4.2,210.0,12.1,11,4.4,83,Argiloso,Pulverizacao,Tarde,0
1400,2026-04-13 17:13:00,EQ-005,Sorriso,88.9,6.6,24.8,1.3,459.0,7.7,37,6.1,47,Encharcado,Plantio,Tarde,1
4082,2026-07-07 19:42:00,EQ-023,Lucas do Rio Verde,"24,8",0.0,28.7,6.6,388.0,6.9,558,9.0,53,Misto,Pulverizacao,Noite,1
2858,2026-05-31 06:04:00,EQ-030,Lucas do Rio Verde,41.3,0.0,30.5,8.1,230.0,12.6,633,4.5,111,Misto,Colheita,Manha,1
4007,2026-07-05 08:33:00,EQ-040,Não-Me-Toque,46.6,0.0,13.9,9.4,1120.0,13.4,163,9.0,94,Argiloso,Colheita,Manha,0
1809,2026-04-26 20:32:00,EQ-010,Sorriso,72.9,4.3,36.2,4.4,366.0,5.0,252,7.0,95,Misto,Colheita,Noite,1
3657,2026-06-24 15:28:00,EQ-008,Barreiras,23.0,0.0,26.3,0.6,510.0,9.5,177,10.1,75,Arenoso,Colheita,Tarde,0
5189,2026-08-12 09:58:00,EQ-034,Rio Verde,23.7,0.0,27.6,8.4,1242.0,8.8,114,5.7,102,Arenoso,Transporte,Manha,0
3170,2026-06-09 13:03:00,EQ-015,Sorriso,15.4,0.0,29.3,10.7,258.0,8.1,102,7.2,85,Misto,Colheita,Tarde,1
97,2026-03-04 09:57:00,EQ-038,Rio Verde,85.8,40.8,30.0,7.6,1161.0,2.9,54,6.9,66,Arenoso,Plantio,Manha,0
3438,2026-06-17 19:18:00,EQ-019,Sorriso,14.1,0.0,25.6,6.0,232.0,4.4,308,5.9,59,Arenoso,Pulverizacao,Noite,0
313,2026-03-11 21:14:00,EQ-013,Barreiras,74.6,12.7,28.0,1.6,58.0,9.1,602,11.2,79,Arenoso,Colheita,Noite,0
747,2026-03-24 14:28:00,EQ-032,Sorriso,100.0,28.3,27.2,10.3,376.0,5.7,234,3.6,51,Arenoso,Pulverizacao,Tarde,1
52,2026-03-02 16:24:00,EQ-039,Sorriso,65.1,15.8,30.3,4.4,1530.0,2.0,386,8.5,89,Misto,Transporte,Tarde,0
5698,2026-08-28 14:32:00,EQ-013,Barreiras,24.8,0.0,34.6,14.1,1042.0,9.6,544,8.3,72,Misto,Colheita,Tarde,0
3417,2026-06-17 09:08:00,EQ-006,Sorriso,20.6,0.0,24.8,5.8,1608.0,12.2,218,8.1,79,Misto,Pulverizacao,Manha,0
1778,2026-04-25 17:41:00,EQ-016,Barreiras,53.6,13.6,26.5,8.7,523.0,4.2,293,5.8,89,Arenoso,Transporte,Tarde,0
1568,2026-04-18 20:10:00,EQ-005,Lucas do Rio Verde,87.1,22.3,24.0,9.2,288.0,7.7,60,13.0,58,Encharcado,Plantio,Noite,1
966,2026-03-31 08:31:00,EQ-004,Cascavel,94.6,147.3,17.3,12.2,464.0,5.5,27,7.5,92,Misto,Transporte,Manha,1
182,2026-03-07 08:35:00,EQ-031,Rio Verde,100.0,9.9,22.8,15.6,240.0,5.2,402,9.6,108,Encharcado,Colheita,Manha,1
599,2026-03-20 16:38:00,EQ-015,Sorriso,87.7,33.8,26.1,7.8,40.0,7.9,241,12.6,84,Encharcado,Plantio,Tarde,1
621,2026-03-21 08:28:00,EQ-035,Cascavel,56.8,0.2,25.4,7.1,1302.0,2.8,233,8.4,108,Argiloso,Transporte,Manha,0
66,2026-03-03 08:57:00,EQ-002,Rio Verde,78.6,46.4,30.1,8.5,351.0,7.3,13,5.6,85,Arenoso,Plantio,Manha,1
1118,2026-04-05 07:50:00,EQ-001,Barreiras,87.8,0.0,32.3,7.7,751.0,11.2,77,9.8,108,Arenoso,Colheita,Manha,0
2542,2026-05-20 09:09:00,EQ-005,Sorriso,42.1,0.0,24.9,7.5,895.0,7.8,239,7.3,85,Argiloso,Colheita,Manha,0
3108,2026-06-07 15:42:00,EQ-026,Sorriso,32.1,0.0,24.5,9.5,586.0,2.6,582,5.4,95,Argiloso,Transporte,Tarde,0
2104,2026-05-07 09:54:00,EQ-011,Barreiras,64.7,16.4,24.6,1.2,601.0,9.1,154,6.8,99,Arenoso,Plantio,Manha,1
611,2026-03-20 21:46:00,EQ-034,Rio Verde,100.0,17.5,30.3,2.6,227.0,8.4,281,8.6,115,Misto,Colheita,Noite,1
2459,2026-05-17 21:31:00,EQ-027,Barreiras,52.3,0.0,32.6,3.3,1214.0,17.0,286,12.2,75,arenoso,Plantio,Noite,0
2279,2026-05-12 13:28:00,EQ-029,Barreiras,56.0,4.8,22.4,8.5,1177.0,1.0,209,8.8,92,Arenoso,Colheita,Tarde,0
1698,2026-04-23 08:11:00,EQ-020,Barreiras,65.6,8.4,35.7,14.5,1062.0,1.5,116,10.4,89,Arenoso,Transporte,Manha,1
5365,2026-08-17 16:39:00,EQ-035,Lucas do Rio Verde,22.3,0.0,24.2,12.5,1251.0,3.2,141,7.5,87,Misto,Transporte,Tarde,0
3109,2026-06-07 15:45:00,EQ-013,Barreiras,28.3,7.8,28.4,7.4,204.0,9.4,136,10.9,94,Arenoso,Colheita,Tarde,0
1802,2026-04-26 14:23:00,EQ-032,Sorriso,76.4,4.3,27.7,3.4,503.0,5.8,134,8.1,86,Misto,Pulverizacao,Tarde,1
4778,2026-07-30 15:33:00,EQ-034,Rio Verde,26.2,0.0,27.1,13.1,1291.0,8.8,32,3.7,96,Misto,Transporte,tarde,0
5092,2026-08-09 14:44:00,EQ-038,Rio Verde,26.4,2.5,21.8,7.0,1696.0,3.4,83,9.1,90,Argiloso,Transporte,Tarde,0
3865,2026-07-01 06:06:00,EQ-034,Rio Verde,21.0,0.0,31.2,6.6,277.0,8.7,288,7.6,109,Argiloso,Plantio,Manha,0
4995,2026-08-06 16:39:00,EQ-015,Sorriso,39.5,0.0,29.9,8.7,1216.0,8.3,80,8.6,91,Argiloso,Colheita,Tarde,0
3845,2026-06-30 07:31:00,EQ-032,Sorriso,22.4,0.0,22.7,1.6,359.0,6.0,218,7.8,51,Argiloso,Pulverizacao,Manha,0
2144,2026-05-08 15:33:00,EQ-021,Cascavel,63.9,0.0,28.2,17.4,311.0,13.0,155,12.0,92,Argiloso,Colheita,Tarde,1
3980,2026-07-04 15:20:00,EQ-039,Sorriso,17.8,0.0,21.8,5.8,202.0,2.3,298,10.4,84,Argiloso,Plantio,Tarde,0
1171,2026-04-06 17:59:00,EQ-027,Barreiras,81.9,30.7,28.3,3.7,136.0,16.9,150,10.8,77,Misto,Plantio,Tarde,0
3552,2026-06-21 14:12:00,EQ-015,Sorriso,16.4,0.0,22.1,6.8,158.0,8.2,154,9.5,68,Misto,Plantio,Tarde,0
4535,2026-07-22 10:14:00,EQ-015,Sorriso,24.1,18.5,27.2,3.7,793.0,8.3,13,9.5,70,Argiloso,Plantio,Manha,0
3271,2026-06-12 17:07:00,EQ-030,Não-Me-Toque,73.6,12.6,19.0,12.4,458.0,12.6,25,9.2,87,Misto,Colheita,Tarde,0
92,2026-03-04 08:20:00,EQ-003,Rio Verde,96.7,40.8,22.3,14.0,1333.0,8.3,224,12.3,64,Misto,Pulverizacao,Manha,0
1527,2026-04-17 19:39:00,EQ-034,Rio Verde,68.2,15.0,33.3,11.7,747.0,8.5,393,5.5,73,Misto,Plantio,Noite,0
2958,2026-06-02 23:27:00,EQ-008,Barreiras,25.5,0.0,26.8,9.2,138.0,9.5,54,7.8,120,Arenoso,Colheita,Noite,0
3443,2026-06-17 21:05:00,EQ-007,Cascavel,99.4,30.6,17.8,5.2,1621.0,7.7,253,6.5,89,Encharcado,Colheita,Noite,0
3816,2026-06-29 09:53:00,EQ-019,Sorriso,24.7,0.0,26.1,4.0,929.0,4.5,352,4.4,67,Argiloso,Pulverizacao,Manha,0
142,2026-03-05 21:45:00,EQ-039,Sorriso,91.1,90.4,33.2,17.1,446.0,2.0,394,2.1,80,Argiloso,Plantio,Noite,1
1035,2026-04-02 13:23:00,EQ-023,Lucas do Rio Verde,83.6,10.6,21.1,5.4,454.0,6.6,94,7.5,75,Arenoso,Pulverizacao,Tarde,0
5665,2026-08-27 10:18:00,EQ-011,Barreiras,23.4,0.0,31.1,4.2,888.0,9.4,225,8.8,102,Arenoso,Colheita,Manha,0
2148,2026-05-08 16:16:00,EQ-027,Barreiras,64.0,0.0,32.0,10.1,1651.0,17.0,276,3.4,106,Arenoso,Transporte,Tarde,0
19,2026-03-01 15:24:00,EQ-009,Lucas do Rio Verde,70.3,0.0,27.8,4.4,663.0,4.7,289,11.6,64,Misto,Plantio,Tarde,0
4690,2026-07-28 06:17:00,EQ-015,Sorriso,35.4,0.0,25.2,12.0,535.0,8.3,29,11.1,91,Argiloso,Transporte,Manha,0
111,2026-03-04 17:17:00,EQ-020,Barreiras,74.6,45.8,21.9,3.6,340.0,1.4,282,5.4,106,Misto,Transporte,Tarde,1
2923,2026-06-01 15:39:00,EQ-015,Sorriso,23.5,0.0,27.2,1.7,361.0,8.1,58,9.2,73,Argiloso,Transporte,Tarde,0
1895,2026-04-29 13:18:00,EQ-036,Rio Verde,67.5,6.7,32.5,8.1,143.0,6.4,166,5.6,72,Arenoso,Colheita,Tarde,0
1724,2026-04-24 06:21:00,EQ-015,Sorriso,77.8,56.6,24.3,3.7,905.0,8.0,173,9.7,96,Argiloso,Transporte,Manha,1
5219,2026-08-13 14:16:00,EQ-028,Sorriso,17.3,0.0,25.9,1.3,1033.0,7.1,524,9.1,97,Misto,Colheita,Tarde,0
832,2026-03-27 10:09:00,EQ-017,Cascavel,44.6,0.0,25.0,8.8,359.0,1.8,244,11.5,90,Arenoso,Colheita,Manha,0
5290,2026-08-15 14:37:00,EQ-023,Lucas do Rio Verde,14.4,0.0,27.4,10.0,333.0,7.0,130,6.9,58,Arenoso,Pulverizacao,Tarde,0
5170,2026-08-11 16:51:00,EQ-030,Rio Verde,28.1,0.0,22.8,19.6,484.0,12.8,318,8.1,90,Misto,Transporte,Tarde,0
4788,2026-07-30 22:22:00,EQ-034,Rio Verde,31.7,0.0,29.0,13.5,687.0,8.8,29,6.6,92,Argiloso,Transporte,Noite,0
306,2026-03-11 16:24:00,EQ-004,Cascavel,57.6,0.0,30.6,37.6,956.0,5.5,290,8.7,114,Argiloso,Colheita,Tarde,0
3532,2026-06-20 17:02:00,EQ-019,Sorriso,27.6,0.0,19.0,9.1,226.0,4.4,335,9.6,73,Misto,Pulverizacao,tarde,0
3436,2026-06-17 17:54:00,EQ-011,Barreiras,31.5,0.0,23.6,8.1,482.0,9.2,370,6.1,100,Arenoso,Transporte,Tarde,0
4640,2026-07-26 10:27:00,EQ-025,Barreiras,26.0,0.0,20.9,3.8,507.0,8.3,168,5.6,83,Arenoso,Transporte,Manha,0
4021,2026-07-05 15:54:00,EQ-001,Barreiras,16.4,0.0,26.8,7.4,583.0,11.4,142,8.6,101,Arenoso,Colheita,Tarde,0
1011,2026-04-01 17:10:00,EQ-012,Lucas do Rio Verde,95.7,11.9,30.9,6.1,1660.0,3.2,325,11.0,54,Encharcado,Pulverizacao,Tarde,0
4928,2026-08-04 14:29:00,EQ-024,Cascavel,74.3,0.0,16.5,8.0,601.0,8.0,370,2.5,83,Misto,Pulverizacao,Tarde,0
2821,2026-05-29 14:46:00,EQ-001,Barreiras,28.1,1.1,32.2,4.4,949.0,11.3,13,9.1,91,Arenoso,Colheita,Tarde,0
5664,2026-08-27 08:54:00,EQ-008,Barreiras,23.0,0.0,30.9,2.2,167.0,9.7,447,5.2,74,Argiloso,Colheita,Manha,0
5422,2026-08-19 14:34:00,EQ-038,Rio Verde,24.6,0.0,28.8,7.0,1529.0,3.4,103,7.8,99,Misto,Colheita,Tarde,0
5129,2026-08-10 14:24:00,EQ-029,Rio Verde,19.0,0.0,30.3,11.9,356.0,1.3,210,11.5,86,Arenoso,Transporte,Tarde,0
5643,2026-08-26 17:09:00,EQ-038,Rio Verde,22.6,0.0,31.0,2.4,286.0,3.4,150,4.7,92,Argiloso,Plantio,Tarde,0
4926,2026-08-04 14:12:00,EQ-025,Barreiras,25.1,0.0,20.7,0.3,139.0,8.3,225,6.5,81,Arenoso,Colheita,Tarde,0
4927,2026-08-04 14:23:00,EQ-011,Barreiras,26.2,0.0,21.8,3.4,1136.0,9.3,119,6.1,91,Arenoso,Colheita,Tarde,0
4308,2026-07-15 08:05:00,EQ-010,Cascavel,100.0,29.0,11.5,2.6,582.0,5.2,37,6.6,87,Encharcado,Transporte,Manha,1
4005,2026-07-05 08:09:00,EQ-030,Não-Me-Toque,56.9,0.0,11.0,12.9,1196.0,12.6,150,6.1,94,Misto,Colheita,Manha,0
2806,2026-05-28 23:06:00,EQ-005,Sorriso,35.6,0.0,30.0,7.2,108.0,7.8,267,10.1,81,Arenoso,Plantio,Noite,0
2123,2026-05-07 21:16:00,EQ-006,Sorriso,45.5,11.2,29.4,13.4,569.0,12.1,5,12.0,69,Arenoso,Pulverizacao,Noite,0
4013,2026-07-05 10:50:00,EQ-005,Sorriso,26.9,0.0,25.3,1.8,885.0,7.9,135,6.8,89,Argiloso,Transporte,Manha,0
3116,2026-06-07 19:16:00,EQ-005,Sorriso,25.9,0.0,23.8,17.6,1768.0,7.8,305,10.7,120,Argiloso,Transporte,Noite,0
4286,2026-07-14 10:58:00,EQ-002,Rio Verde,23.2,0.9,28.3,8.7,371.0,7.7,0,7.0,90,Misto,Transporte,Manha,1
5729,2026-08-29 20:01:00,EQ-007,Cascavel,91.4,0.0,25.6,2.1,703.0,7.9,107,11.5,89,Encharcado,Colheita,Noite,0
1620,2026-04-20 16:31:00,EQ-022,Rio Verde,70.4,0.0,26.9,11.4,240.0,3.6,349,6.7,79,Arenoso,Transporte,Tarde,1
1457,2026-04-15 13:32:00,EQ-024,Cascavel,72.6,6.1,22.0,14.2,511.0,7.7,295,12.1,72,Misto,Pulverizacao,Tarde,1
4233,2026-07-12 13:16:00,EQ-001,Barreiras,26.6,0.0,24.3,8.4,636.0,11.4,204,10.9,105,Arenoso,Colheita,Tarde,1
3444,2026-06-17 22:59:00,EQ-004,Cascavel,95.9,30.6,21.6,13.0,563.0,5.7,61,8.0,92,Argiloso,Transporte,Noite,1
844,2026-03-27 15:43:00,EQ-039,Sorriso,90.9,46.3,28.3,1.2,1489.0,2.0,502,6.3,81,Encharcado,Colheita,Tarde,0
4078,2026-07-07 16:40:00,EQ-008,Barreiras,29.4,0.0,28.7,6.9,373.0,9.6,243,11.4,119,Arenoso,Colheita,Tarde,0
5258,2026-08-14 17:23:00,EQ-019,Sorriso,25.3,0.0,33.3,9.1,203.0,4.6,57,6.0,68,Misto,Pulverizacao,Tarde,0
1372,2026-04-12 20:21:00,EQ-003,Lucas do Rio Verde,78.5,0.5,29.6,4.0,1584.0,8.4,10,8.7,58,Argiloso,Pulverizacao,Noite,0
3282,2026-06-12 20:30:00,EQ-027,Barreiras,45.2,7.6,25.6,4.3,234.0,17.1,405,7.7,67,Argiloso,Plantio,Noite,1
3365,2026-06-15 14:41:00,EQ-011,Barreiras,33.4,0.0,23.1,6.1,80.0,9.2,359,7.9,85,Arenoso,Colheita,Tarde,0
105,2026-03-04 14:03:00,EQ-014,Sorriso,81.5,28.8,32.8,14.5,2198.0,7.9,153,5.4,76,Misto,Pulverizacao,Tarde,0
1359,2026-04-12 14:31:00,EQ-010,Sorriso,100.0,55.9,29.0,7.2,590.0,5.0,185,7.8,68,Misto,Transporte,Tarde,1
3662,2026-06-24 17:13:00,EQ-010,Sorriso,34.8,0.0,27.1,1.4,1027.0,5.2,0,6.6,85,Argiloso,Colheita,Tarde,0
3814,2026-06-29 08:54:00,EQ-023,Lucas do Rio Verde,25.6,0.0,29.3,14.4,1261.0,6.8,507,6.2,78,Misto,Pulverizacao,Manha,0
2073,2026-05-06 08:49:00,EQ-015,Sorriso,50.6,0.0,32.4,4.9,160.0,8.0,222,9.1,89,Argiloso,Colheita,Manha,0
54,2026-03-02 17:35:00,EQ-027,Barreiras,81.0,17.0,30.0,5.4,1508.0,16.8,675,10.7,108,Arenoso,Colheita,Tarde,1
5130,2026-08-10 15:02:00,EQ-016,Não-Me-Toque,76.4,5.1,20.6,14.3,244.0,4.5,85,6.5,92,Argiloso,Transporte,Tarde,1
2272,2026-05-12 09:48:00,EQ-008,Barreiras,63.2,4.8,27.8,4.7,2302.0,9.4,583,11.7,97,Argiloso,Colheita,Manha,0
3381,2026-06-16 08:55:00,EQ-019,Sorriso,20.3,0.0,27.7,5.1,151.0,4.4,298,9.3,78,Argiloso,Pulverizacao,Manha,0
1123,2026-04-05 08:52:00,EQ-026,Barreiras,83.7,0.0,30.4,5.2,418.0,2.4,286,8.6,40,Argiloso,Plantio,Manha,1
2341,2026-05-14 08:46:00,EQ-029,Rio Verde,48.2,0.0,-99.0,8.2,432.0,1.0,228,10.2,80,Misto,Plantio,Manha,1
4335,2026-07-15 20:40:00,EQ-025,Barreiras,28.6,0.0,28.5,7.1,950.0,8.2,99,13.6,87,Arenoso,Colheita,Noite,0
259,2026-03-10 07:22:00,EQ-013,Barreiras,80.1,12.7,31.2,9.7,672.0,9.1,593,6.7,80,Arenoso,Colheita,Manha,0
3539,2026-06-21 07:03:00,EQ-009,Rio Verde,24.6,0.0,21.5,8.4,636.0,5.0,755,5.5,94,Misto,Transporte,Manha,0
5386,2026-08-18 09:53:00,EQ-012,Lucas do Rio Verde,31.6,0.0,26.2,9.1,491.0,3.6,158,9.3,84,Argiloso,Pulverizacao,Manha,0
550,2026-03-18 22:52:00,EQ-035,Lucas do Rio Verde,72.9,17.0,29.6,10.7,668.0,2.8,224,9.5,89,Argiloso,Transporte,Noite,0
3343,2026-06-14 17:08:00,EQ-034,Rio Verde,25.4,0.0,27.1,6.4,722.0,8.7,213,11.7,61,Arenoso,Transporte,Tarde,0
477,2026-03-16 20:24:00,EQ-015,Sorriso,72.8,0.0,29.6,7.5,1886.0,7.9,225,11.1,85,Arenoso,Plantio,Noite,0
1670,2026-04-22 07:53:00,EQ-004,Cascavel,61.7,0.0,21.1,5.1,204.0,5.6,112,10.6,61,Argiloso,Colheita,Manha,1
1043,2026-04-02 17:33:00,EQ-011,Barreiras,75.7,7.9,28.0,6.3,1098.0,9.0,0,10.4,75,Arenoso,Plantio,Tarde,0
722,2026-03-23 23:06:00,EQ-006,Sorriso,100.0,35.7,30.9,10.7,348.0,11.9,131,10.2,65,Encharcado,Pulverizacao,Noite,1
1634,2026-04-21 07:15:00,EQ-029,Rio Verde,86.5,0.0,31.1,4.4,716.0,1.0,121,9.9,78,Encharcado,Transporte,Manha,0
4763,2026-07-29 23:34:00,EQ-032,Sorriso,39.8,0.0,22.0,4.7,2048.0,6.1,80,6.1,45,Misto,Pulverizacao,Noite,0
3970,2026-07-04 10:17:00,EQ-016,Cascavel,73.7,6.8,13.3,8.4,751.0,4.4,271,9.1,88,Arenoso,Plantio,Manha,0
610,2026-03-20 21:24:00,EQ-002,Rio Verde,95.4,17.5,31.0,11.2,262.0,7.4,110,7.4,86,Argiloso,Colheita,Noite,1
5080,2026-08-09 08:31:00,EQ-036,Rio Verde,17.9,2.5,27.5,5.6,454.0,6.7,47,7.9,89,Arenoso,Colheita,Manha,0
2328,2026-05-13 21:50:00,EQ-023,Lucas do Rio Verde,60.0,5.3,32.5,11.4,659.0,6.7,288,11.7,89,Misto,Pulverizacao,Noite,0
2737,2026-05-26 19:19:00,EQ-030,Não-Me-Toque,100.0,5.4,22.7,6.4,429.0,12.5,606,5.0,101,Argiloso,Colheita,Noite,1
3966,2026-07-04 08:56:00,EQ-013,Barreiras,32.5,0.0,19.4,8.4,1151.0,9.4,265,6.1,88,Arenoso,Colheita,Manha,0
5612,2026-08-25 15:48:00,EQ-020,Barreiras,23.7,0.0,29.4,4.2,1083.0,1.9,261,3.7,96,Misto,Transporte,Tarde,0
488,2026-03-17 07:55:00,EQ-007,Cascavel,44.3,5.2,20.4,2.6,866.0,7.5,243,7.7,83,Misto,Colheita,Manha,0
3998,2026-07-05 06:51:00,EQ-003,Sorriso,20.2,0.0,24.6,6.8,2500.0,8.6,336,10.3,57,Misto,Pulverizacao,Manha,0
4215,2026-07-11 17:04:00,EQ-007,Cascavel,83.4,11.5,16.0,27.7,1688.0,7.8,377,6.9,101,Argiloso,Colheita,Tarde,1
171,2026-03-06 17:26:00,EQ-027,Barreiras,73.4,0.0,31.7,4.5,116.0,16.8,4,12.5,92,Arenoso,Transporte,Tarde,1
1934,2026-04-30 23:18:00,EQ-028,Sorriso,62.3,20.3,27.0,3.8,492.0,6.9,30,11.2,61,Arenoso,Plantio,Noite,0
1942,2026-05-01 09:39:00,EQ-010,Sorriso,73.1,0.0,28.8,12.1,1244.0,5.0,7,9.3,71,Misto,Transporte,Manha,0
1533,2026-04-17 23:51:00,EQ-022,Rio Verde,84.3,15.0,30.0,5.3,767.0,3.6,337,11.6,91,Misto,Transporte,Noite,0
4775,2026-07-30 14:30:00,EQ-025,Barreiras,20.8,0.0,24.3,2.7,193.0,8.3,205,10.7,91,Argiloso,Colheita,Tarde,0
3969,2026-07-04 09:48:00,EQ-032,Sorriso,27.6,0.0,27.3,2.8,262.0,6.0,235,6.7,88,Argiloso,Pulverizacao,Manha,0
4565,2026-07-23 10:13:00,EQ-016,Cascavel,99.1,21.6,15.6,10.6,1195.0,4.4,16,6.5,74,Arenoso,Colheita,Manha,0
1743,2026-04-24 14:44:00,EQ-018,Rio Verde,72.0,8.1,33.1,2.1,458.0,9.1,86,8.3,89,Arenoso,Colheita,Tarde,1
3095,2026-06-07 09:31:00,EQ-004,Cascavel,83.8,0.0,16.2,14.1,704.0,5.7,327,8.3,91,Misto,Colheita,Manha,1
3723,2026-06-26 15:43:00,EQ-001,Barreiras,29.8,0.0,30.7,5.7,349.0,11.4,107,2.7,67,Arenoso,Colheita,Tarde,0
2489,2026-05-18 16:22:00,EQ-039,Sorriso,50.7,0.0,27.2,5.2,625.0,2.2,73,9.6,87,Arenoso,Colheita,Tarde,0
3524,2026-06-20 14:33:00,EQ-023,Lucas do Rio Verde,34.3,0.0,29.8,19.3,630.0,6.8,473,8.8,73,Misto,Pulverizacao,Tarde,1
3718,2026-06-26 13:25:00,EQ-040,Não-Me-Toque,76.1,0.0,18.2,3.7,441.0,13.4,120,9.1,66,Misto,Colheita,Tarde,0
2041,2026-05-04 23:25:00,EQ-028,Sorriso,51.3,0.0,27.1,6.9,509.0,6.9,53,4.1,66,Arenoso,Transporte,Noite,0
4905,2026-08-03 22:22:00,EQ-001,Barreiras,21.5,0.0,29.2,0.9,1448.0,11.5,282,9.2,91,Misto,Colheita,Noite,0
1304,2026-04-10 20:49:00,EQ-023,Lucas do Rio Verde,88.7,0.0,29.9,12.0,909.0,6.6,124,4.2,95,Encharcado,Pulverizacao,Noite,1
3372,2026-06-15 20:20:00,EQ-001,Barreiras,37.7,0.0,22.0,2.9,531.0,11.4,84,8.2,78,Misto,Colheita,Noite,0
5431,2026-08-19 19:42:00,EQ-039,Barreiras,32.5,0.0,25.7,9.7,1199.0,2.4,452,6.6,88,Arenoso,Colheita,Noite,0
908,2026-03-29 16:03:00,EQ-001,Barreiras,85.4,0.0,31.4,2.7,366.0,11.2,45,6.0,104,Arenoso,Colheita,Tarde,1
3455,2026-06-18 09:51:00,EQ-016,Cascavel,93.1,15.2,18.4,7.4,288.0,4.3,179,8.8,114,Encharcado,Colheita,Manha,1
5608,2026-08-25 14:09:00,EQ-014,Sorriso,44.7,0.0,24.5,7.5,210.0,8.4,183,8.7,69,Misto,Pulverizacao, TARDE ,0
2466,2026-05-18 07:44:00,EQ-005,Sorriso,60.8,0.0,25.7,10.0,1762.0,7.8,226,7.5,84,Misto,Colheita,Manha,0
4185,2026-07-10 16:57:00,EQ-019,Sorriso,20.3,0.0,23.2,1.6,1121.0,4.5,390,10.5,67,Misto,Pulverizacao,Tarde,0
933,2026-03-30 09:04:00,EQ-027,Barreiras,100.0,24.9,25.8,16.8,704.0,16.9,93,7.5,73,Arenoso,Plantio,Manha,0
17,2026-03-01 14:39:00,EQ-004,Cascavel,62.8,34.3,26.1,10.7,239.0,5.5,252,8.3,94,Argiloso,Colheita,Tarde,1
3842,2026-06-30 06:20:00,EQ-016,Cascavel,79.7,8.1,13.5,16.5,505.0,4.4,252,4.9,116,Misto,Colheita,Manha,0
5556,2026-08-24 08:21:00,EQ-030,Não-Me-Toque,94.7,0.0,18.2,3.5,372.0,12.8,380,4.7,84,Misto,Colheita,Manha,1
2600,2026-05-22 09:06:00,EQ-035,Lucas do Rio Verde,46.2,0.0,30.2,4.7,220.0,3.0,152,8.6,77,Misto,Transporte,Manha,0
3267,2026-06-12 15:40:00,EQ-014,Barreiras,49.3,7.6,25.9,4.2,640.0,8.2,228,5.2,41,Misto,Pulverizacao,Tarde,0
2624,2026-05-23 06:58:00,EQ-002,Rio Verde,41.6,0.0,21.0,6.2,465.0,7.5,88,6.8,74,Misto,Plantio,Manha,0
1284,2026-04-10 10:09:00,EQ-034,Rio Verde,78.0,14.7,22.9,16.0,571.0,8.5,363,4.2,71,Misto,Plantio,Manha,0
2013,2026-05-03 16:15:00,EQ-026,Sorriso,57.7,0.0,31.5,8.8,1261.0,2.5,404,6.8,88,Misto,Colheita,Tarde,0
1789,2026-04-26 08:42:00,EQ-018,Rio Verde,75.5,9.0,23.3,6.6,653.0,9.1,98,8.6,88,Argiloso,Transporte,Manha,1
3045,2026-06-05 19:10:00,EQ-011,Barreiras,23.7,0.0,21.6,4.4,1471.0,9.1,307,8.0,107,Misto,Colheita,Noite,1
733,2026-03-24 10:20:00,EQ-020,Barreiras,100.0,95.7,31.7,9.6,1568.0,1.5,4,5.8,66,Encharcado,Colheita,Manha,1
1930,2026-04-30 21:45:00,EQ-014,Sorriso,71.0,20.3,25.3,6.1,1674.0,8.1,61,10.1,99,Argiloso,Pulverizacao,Noite,0
2111,2026-05-07 13:38:00,EQ-023,Lucas do Rio Verde,55.9,0.0,29.6,3.2,314.0,6.7,272,9.2,84,Misto,Pulverizacao,Tarde,0
321,2026-03-12 07:21:00,EQ-017,Lucas do Rio Verde,96.1,0.0,28.8,7.7,306.0,1.8,181,6.2,74,Arenoso,Transporte,Manha,0
542,2026-03-18 15:36:00,EQ-020,Barreiras,93.1,0.0,27.8,4.2,2102.0,1.4,334,7.1,96,Encharcado,Transporte,Tarde,1
2653,2026-05-24 10:19:00,EQ-010,Sorriso,42.2,0.0,30.8,4.7,1636.0,5.1,95,9.5,86,Arenoso,Transporte,Manha,0
2463,2026-05-18 06:21:00,EQ-006,Sorriso,60.2,0.0,30.6,2.0,589.0,12.1,47,5.5,72,Arenoso,Pulverizacao,Manha,0
2110,2026-05-07 13:28:00,EQ-022,Rio Verde,61.9,0.0,35.2,9.3,1333.0,3.6,402,7.1,74,Misto,Colheita,Tarde,0
2726,2026-05-26 14:17:00,EQ-037,Sorriso,46.2,0.0,25.7,6.8,738.0,20.6,193,5.3,80,Argiloso,Transporte,Tarde,1
586,2026-03-20 08:39:00,EQ-018,Não-Me-Toque,58.7,0.4,20.4,13.2,878.0,9.0,218,10.6,75,Arenoso,Plantio,Manha,0
875,2026-03-28 16:53:00,EQ-038,Rio Verde,85.7,0.0,23.4,20.9,2500.0,3.0,185,6.2,85,Misto,Transporte,Tarde,0
4916,2026-08-04 08:25:00,EQ-027,Barreiras,22.0,0.0,24.9,2.7,2450.0,17.2,628,7.8,93,Arenoso,Transporte,Manha,0
1763,2026-04-25 10:58:00,EQ-030,Não-Me-Toque,64.6,0.0,20.9,8.1,936.0,12.5,451,4.7,98,Misto,Colheita,Manha,0
2677,2026-05-25 06:15:00,EQ-007,Sorriso,35.3,0.0,31.2,3.4,581.0,7.7,144,11.0,77,Argiloso,Colheita,Manha,0
3880,2026-07-01 13:40:00,EQ-025,Barreiras,22.9,0.0,25.2,3.7,77.0,8.2,39,4.6,82,Misto,Transporte,Tarde,0
4048,2026-07-06 09:50:00,EQ-029,Rio Verde,14.8,0.0,25.6,0.6,195.0,1.2,70,7.5,100,Argiloso,Colheita,Manha,0
4017,2026-07-05 14:48:00,EQ-016,Cascavel,96.1,,19.7,15.1,207.0,4.4,280,7.9,85,Misto,Transporte,Tarde,1
3985,2026-07-04 16:06:00,EQ-037,Sorriso,23.9,0.0,19.9,11.8,495.0,20.8,373,8.9,58,Argiloso,Plantio,Tarde,1
26,2026-03-01 19:22:00,EQ-037,Sorriso,69.3,3.8,30.1,8.5,245.0,20.4,608,8.3,58,Argiloso,Plantio,Noite,1
4949,2026-08-05 13:13:00,EQ-009,Lucas do Rio Verde,25.9,0.0,30.2,3.8,802.0,5.1,184,6.8,81,Misto,Transporte,Tarde,0
924,2026-03-30 07:16:00,EQ-023,Lucas do Rio Verde,98.6,9.8,25.9,6.0,549.0,6.6,84,10.5,80,Misto,Pulverizacao,Manha,1
2120,2026-05-07 20:29:00,EQ-034,Rio Verde,68.4,0.0,20.4,19.8,387.0,8.6,66,6.2,99,Argiloso,Transporte,Noite,1
2063,2026-05-05 17:59:00,EQ-016,Cascavel,61.7,3.7,21.6,3.5,967.0,4.2,4,6.9,92,Argiloso,Colheita,Tarde,0
3920,2026-07-02 16:48:00,EQ-022,Rio Verde,18.9,0.0,21.3,5.7,942.0,3.8,249,10.7,101,Arenoso,Transporte,Tarde,0
5059,2026-08-08 15:25:00,EQ-019,Sorriso,26.9,0.0,24.5,8.0,424.0,4.6,52,9.1,69,Argiloso,Pulverizacao,Tarde,0
3103,2026-06-07 15:01:00,EQ-024,Cascavel,89.1,0.0,24.6,18.7,796.0,7.9,121,7.2,58,Argiloso,Pulverizacao,Tarde,1
584,2026-03-20 07:25:00,EQ-019,Sorriso,75.5,33.8,27.3,3.2,425.0,4.2,306,11.4,54,Arenoso,Pulverizacao,Manha,0
3185,2026-06-09 20:04:00,EQ-036,Rio Verde,21.9,0.0,24.7,8.0,908.0,6.5,53,5.8,63,Arenoso,Plantio,Noite,0
588,2026-03-20 09:27:00,EQ-005,Sorriso,71.8,33.8,31.7,8.2,477.0,7.6,225,8.6,82,Misto,Plantio,Manha,0
60,2026-03-02 23:53:00,EQ-006,Sorriso,80.7,15.8,28.1,4.9,894.0,11.9,83,7.7,84,Argiloso,Pulverizacao,Noite,1
4915,2026-08-04 07:38:00,EQ-012,Lucas do Rio Verde,20.3,0.0,27.9,8.2,1742.0,3.5,102,6.9,72,Misto,Pulverizacao,Manha,0
2930,2026-06-02 06:13:00,EQ-008,Barreiras,30.5,0.0,23.0,8.8,623.0,9.5,58,8.2,86,Argiloso,Colheita,Manha,0
2937,2026-06-02 08:32:00,EQ-021,Cascavel,98.1,26.5,22.0,2.6,2266.0,13.1,11,11.4,81,Argiloso,Colheita,Manha,0
2497,2026-05-18 21:36:00,EQ-035,Lucas do Rio Verde,52.7,0.0,23.9,10.7,420.0,2.9,138,6.3,81,Argiloso,Colheita,Noite,0
5450,2026-08-20 10:34:00,EQ-035,Lucas do Rio Verde,13.8,0.0,30.9,6.4,668.0,3.2,149,15.6,77,Misto,Colheita,Manha,0
5554,2026-08-24 07:29:00,EQ-028,Sorriso,42.3,0.0,27.1,2.4,796.0,7.2,566,11.3,82,Argiloso,Transporte,Manha,0
817,2026-03-26 17:36:00,EQ-007,Cascavel,43.4,0.0,25.3,17.4,836.0,7.5,273,9.8,81,Argiloso,Colheita,Tarde,1
2909,2026-06-01 10:32:00,EQ-022,Rio Verde,30.1,0.0,27.3,15.6,300.0,3.7,81,8.9,95,Misto,Transporte,Manha,0
4625,2026-07-25 16:24:00,EQ-026,Sorriso,48.1,0.0,24.3,7.3,1634.0,2.7,781,10.2,73,Arenoso,Plantio,Tarde,0
1186,2026-04-07 08:17:00,EQ-026,Sorriso,100.0,61.8,30.4,14.3,1297.0,2.4,300,9.6,40,Misto,Plantio,manha,1
467,2026-03-16 13:30:00,EQ-025,Barreiras,81.0,0.0,29.3,6.8,114.0,7.9,122,8.6,89,Arenoso,Colheita,Tarde,1
3935,2026-07-03 10:42:00,EQ-017,Lucas do Rio Verde,140.0,0.0,22.6,3.0,229.0,2.1,108,6.6,78,Arenoso,Colheita,Manha,0
348,2026-03-13 06:52:00,EQ-020,Barreiras,94.0,41.5,30.0,4.2,1033.0,1.4,308,5.5,91,Encharcado,Colheita,Manha,0
609,2026-03-20 20:55:00,EQ-029,Rio Verde,100.0,17.5,25.7,19.8,482.0,0.9,348,10.6,95,Argiloso,Transporte,Noite,0
3142,2026-06-08 14:28:00,EQ-017,Lucas do Rio Verde,35.3,0.0,29.9,3.1,299.0,2.0,5,6.8,93,Argiloso,Colheita,Tarde,0
3976,2026-07-04 14:04:00,EQ-024,Cascavel,72.9,6.8,19.7,10.7,570.0,7.9,231,12.4,60,Argiloso,Pulverizacao,Tarde,1
3281,2026-06-12 20:26:00,EQ-013,Barreiras,32.3,7.6,25.5,4.0,1155.0,9.4,154,,69,Argiloso,Colheita,Noite,0
3218,2026-06-10 17:03:00,EQ-031,Rio Verde,18.2,0.0,30.5,4.1,1581.0,5.5,370,8.7,99,Argiloso,Colheita,Tarde,0
3173,2026-06-09 14:37:00,EQ-032,Sorriso,36.5,0.0,22.7,7.3,776.0,5.9,100,9.7,83,Argiloso,Pulverizacao,Tarde,0
1882,2026-04-29 06:17:00,EQ-020,Barreiras,91.7,45.5,24.4,5.8,469.0,1.5,149,11.6,82,Encharcado,Colheita,Manha,1
942,2026-03-30 13:14:00,EQ-026,Sorriso,97.2,3.5,26.0,2.3,1353.0,2.4,246,6.3,89,Arenoso,Plantio,Tarde,0
3974,2026-07-04 13:26:00,EQ-016,Cascavel,"75,2",6.8,14.6,10.2,864.0,4.4,276,8.1,78,Argiloso,Transporte,Tarde,1
3921,2026-07-02 17:09:00,EQ-011,Barreiras,24.4,0.0,26.2,3.5,789.0,9.2,32,8.9,83,Argiloso,Colheita,Tarde,1
4153,2026-07-09 22:11:00,EQ-031,Sorriso,20.9,0.0,22.7,1.4,467.0,5.6,38,8.1,95,Misto,Colheita,Noite,0
2636,2026-05-23 14:42:00,EQ-001,Barreiras,34.5,0.0,26.9,5.7,2077.0,11.3,296,8.2,88,Misto,Colheita,Tarde,0
617,2026-03-21 06:39:00,EQ-017,Lucas do Rio Verde,98.2,104.1,29.9,3.3,623.0,1.8,215,9.1,88,Argiloso,Colheita,Manha,1
292,2026-03-11 06:59:00,EQ-007,Cascavel,67.0,0.0,29.6,10.9,1148.0,7.5,203,5.5,87,Argiloso,Colheita,Manha,0
4187,2026-07-10 19:19:00,EQ-020,Barreiras,18.0,0.0,25.4,2.1,205.0,1.7,51,9.2,90,Argiloso,Colheita,Noite,1
3019,2026-06-04 23:44:00,EQ-005,Sorriso,28.2,0.0,24.5,7.2,1492.0,7.8,276,7.8,101,Argiloso,Transporte,Noite,0
5056,2026-08-08 14:12:00,EQ-016,Cascavel,93.5,14.8,14.3,4.3,387.0,4.5,78,4.4,70,Encharcado,Plantio,Tarde,1
3628,2026-06-23 16:33:00,EQ-010,Sorriso,37.3,1.7,29.9,8.7,1572.0,5.2,281,8.6,84,Argiloso,Colheita,Tarde,0
1758,2026-04-25 09:15:00,EQ-032,Sorriso,75.6,10.0,35.3,9.2,538.0,5.8,123,11.2,73,Arenoso,Pulverizacao,Manha,0
5558,2026-08-24 09:22:00,EQ-008,Barreiras,28.3,0.0,24.3,5.6,1014.0,9.7,434,6.1,110,Arenoso,Colheita,Manha,1
767,2026-03-25 07:41:00,EQ-027,Barreiras,100.0,0.0,31.8,14.2,304.0,16.8,71,5.0,45,Arenoso,plantio ,Manha,0
2362,2026-05-14 20:20:00,EQ-014,Sorriso,77.6,0.0,31.3,2.9,367.0,8.1,137,7.9,77,Misto,Pulverizacao,Noite,1
3597,2026-06-22 20:23:00,EQ-017,Lucas do Rio Verde,22.8,0.0,29.2,6.2,841.0,2.1,61,10.9,112,Argiloso,Colheita,Noite,0
2268,2026-05-12 08:14:00,EQ-038,Rio Verde,45.9,0.0,29.7,7.2,828.0,3.1,58,4.1,85,Argiloso,Colheita,Manha,0
3114,2026-06-07 16:32:00,EQ-034,Rio Verde,31.8,0.0,30.2,2.0,562.0,8.7,201,7.7,113,Argiloso,Colheita,Tarde,0
5798,2026-06-25 20:33:00,EQ-006,Sorriso,15.1,0.0,23.8,13.4,1560.0,12.2,234,7.1,80,Arenoso,Pulverizacao,Noite,0
987,2026-03-31 21:39:00,EQ-006,Sorriso,82.6,11.9,29.7,9.5,604.0,12.0,160,7.6,70,Argiloso,Pulverizacao,Noite,0
2134,2026-05-08 09:59:00,EQ-036,Rio Verde,69.6,0.6,23.4,22.2,520.0,6.5,206,4.9,96,Misto,Transporte,Manha,1
4453,2026-07-19 20:34:00,EQ-038,Rio Verde,42.2,4.4,24.5,11.2,486.0,3.3,42,5.0,75,Arenoso,Transporte,Noite,0
1776,2026-04-25 17:28:00,EQ-006,Sorriso,73.1,10.0,22.0,7.7,438.0,12.0,259,11.8,71,Arenoso,Pulverizacao,Tarde,1
2569,2026-05-21 07:51:00,EQ-023,Lucas do Rio Verde,38.7,0.0,31.9,8.8,1920.0,6.7,323,7.0,65,Argiloso,Pulverizacao,Manha,1
1684,2026-04-22 14:57:00,EQ-005,Sorriso,75.4,0.0,28.6,8.4,858.0,7.7,94,10.7,80,Arenoso,Transporte,Tarde,0
3904,2026-07-02 09:31:00,EQ-036,Rio Verde,15.8,0.0,30.6,5.8,793.0,6.6,164,7.4,82,Arenoso,TRANSPORTE,Manha,0
4980,2026-08-06 09:50:00,EQ-021,Cascavel,78.0,7.8,18.0,9.0,1844.0,13.2,266,7.6,85,Argiloso,Transporte,Manha,0
676,2026-03-22 15:37:00,EQ-014,Sorriso,76.6,29.9,25.2,1.6,1080.0,8.0,244,9.1,79,Misto,Pulverizacao,Tarde,0
4649,2026-07-26 15:33:00,EQ-009,Lucas do Rio Verde,30.3,0.0,22.9,25.0,1445.0,5.1,124,2.8,73,Misto,Transporte,Tarde,0
3554,2026-06-21 15:14:00,EQ-017,Lucas do Rio Verde,29.7,0.0,25.0,7.1,2065.0,2.1,51,9.9,91,Argiloso,Colheita,Tarde,0
352,2026-03-13 08:46:00,EQ-017,Sorriso,94.0,0.0,26.9,3.3,215.0,1.8,184,4.8,80,Arenoso,Colheita,Manha,1
3838,2026-06-29 23:06:00,EQ-034,Rio Verde,27.9,0.0,26.2,2.9,1092.0,8.7,277,7.1,80,Arenoso,Transporte,Noite,0
1964,2026-05-02 07:43:00,EQ-011,Barreiras,88.1,0.0,26.3,2.9,360.0,9.1,131,11.4,89,Misto,Transporte,Manha,1
5000,2026-08-06 20:22:00,EQ-035,Lucas do Rio Verde,28.5,0.0,27.3,8.4,441.0,3.2,109,7.9,101,Arenoso,Transporte,Noite,0
5063,2026-08-08 16:52:00,EQ-008,Barreiras,14.2,0.0,31.1,1.6,530.0,9.7,346,12.8,92,Misto,Colheita,Tarde,0
4655,2026-07-26 19:26:00,EQ-036,Rio Verde,36.1,0.0,21.5,8.4,244.0,6.7,293,5.9,65,Arenoso,Plantio,Noite,0
1906,2026-04-29 20:00:00,EQ-038,Rio Verde,55.0,6.7,29.2,6.8,921.0,3.1,0,5.9,82,Misto,Transporte,Noite,0
5324,2026-08-16 14:25:00,EQ-999,Sorriso,26.3,0.0,34.1,3.4,360.0,8.3,127,6.7,80,Argiloso,Colheita,Tarde,0
1920,2026-04-30 10:58:00,EQ-005,Sorriso,65.1,20.3,33.2,4.6,414.0,7.7,140,11.7,84,Arenoso,Colheita,Manha,1
1726,2026-04-24 06:50:00,EQ-025,Barreiras,70.1,0.0,27.8,8.7,1188.0,8.0,38,9.4,94,Misto,Colheita,Manha,0
35,2026-03-02 09:03:00,EQ-009,Lucas do Rio Verde,89.6,52.7,31.3,5.0,236.0,4.7,301,5.2,68,Encharcado,Plantio,Manha,1
4409,2026-07-18 09:56:00,EQ-019,Lucas do Rio Verde,30.9,2.8,26.1,2.9,527.0,4.5,420,11.6,56,Arenoso,Pulverizacao,Manha,0
3613,2026-06-23 13:05:00,EQ-040,Barreiras,21.7,0.0,21.2,2.9,907.0,13.3,110,3.3,97,Arenoso,Colheita,Tarde,0
5754,2026-08-30 13:43:00,EQ-017,Lucas do Rio Verde,50.7,1.9,27.0,8.6,2118.0,2.3,136,8.3,109,Misto, colheita,Tarde,1
2703,2026-05-25 16:59:00,EQ-008,Barreiras,41.7,0.0,26.0,15.8,916.0,9.5,5,9.0,109,Misto,Colheita,Tarde,0
1769,2026-04-25 15:01:00,EQ-002,Rio Verde,63.9,0.0,27.1,4.7,385.0,7.5,0,9.9,96,Misto,Transporte,Tarde,1
1918,2026-04-30 10:44:00,EQ-021,Cascavel,57.7,0.0,21.1,7.3,852.0,13.0,116,7.7,110,Argiloso,Colheita,Manha,0
597,2026-03-20 14:56:00,EQ-038,Rio Verde,89.8,17.5,26.1,10.0,995.0,3.0,161,4.4,99,Arenoso,Plantio,Tarde,0
1121,2026-04-05 07:54:00,EQ-018,Rio Verde,100.0,29.7,31.1,6.4,1399.0,9.1,291,8.3,81,Arenoso,Plantio,Manha,1
1701,2026-04-23 09:01:00,EQ-024,Cascavel,73.1,0.0,24.8,10.1,1599.0,7.7,339,9.9,86,Argiloso,Pulverizacao,Manha,0
4864,2026-08-02 14:35:00,EQ-015,Lucas do Rio Verde,21.4,0.0,27.2,5.9,610.0,8.3,51,8.9,61,Misto,Plantio,Tarde,0
4188,2026-07-10 19:20:00,EQ-016,Cascavel,85.6,0.0,14.5,33.6,291.0,4.4,305,11.4,83,Argiloso,Transporte,Noite,1
89,2026-03-04 07:04:00,EQ-020,Barreiras,85.4,45.8,31.3,6.4,322.0,1.4,278,7.2,98,Arenoso,Transporte,Manha,0
4081,2026-07-07 17:59:00,EQ-004,Cascavel,71.0,9.9,14.2,7.4,1031.0,5.8,151,7.2,89,Argiloso,Colheita,Tarde,0
5690,2026-08-28 09:22:00,EQ-006,Sorriso,34.8,0.0,21.0,1.7,477.0,12.4,224,9.8,67,Misto,Pulverizacao,Manha,0
4512,2026-07-21 13:29:00,EQ-025,Barreiras,29.3,0.0,25.4,4.8,229.0,8.2,145,13.4,89,Argiloso,Colheita,Tarde,0
2826,2026-05-29 17:19:00,EQ-036,Rio Verde,29.6,0.0,29.8,7.9,533.0,6.5,299,9.2,116,Argiloso,Transporte,Tarde,0
2447,2026-05-17 17:04:00,EQ-008,Barreiras,42.7,0.0,25.2,4.5,1112.0,9.4,607,5.7,95,Argiloso,Transporte,Tarde,0
1798,2026-04-26 13:10:00,EQ-028,Sorriso,82.7,4.3,23.1,4.1,444.0,6.8,16,9.6,94, misto ,Colheita,Tarde,1
1794,2026-04-26 10:03:00,EQ-028,Sorriso,88.0,4.3,29.7,1.6,368.0,6.8,20,11.5,91,Encharcado,Transporte,Manha,1
5133,2026-08-10 16:12:00,EQ-003,Lucas do Rio Verde,22.8,0.0,29.5,15.9,1540.0,8.7,99,10.4,81,Misto,Pulverizacao,Tarde,0
3094,2026-06-07 09:24:00,EQ-005,Sorriso,31.8,0.0,27.6,6.4,194.0,7.8,300,10.7,68,Misto,Transporte,Manha,0
2533,2026-05-19 20:47:00,EQ-037,Sorriso,60.3,0.0,24.3,14.7,1464.0,20.6,147,8.0,49,Misto,Plantio,Noite,0
3375,2026-06-15 23:39:00,EQ-030,Não-Me-Toque,52.0,8.0,15.2,13.5,881.0,12.6,46,4.7,75,Argiloso,Colheita,Noite,0
2078,2026-05-06 10:30:00,EQ-032,Sorriso,44.9,0.0,25.5,8.0,290.0,5.9,173,2.5,93,Misto,Pulverizacao,Manha,0
1496,2026-04-16 22:45:00,EQ-037,Sorriso,81.2,0.0,27.1,13.0,359.0,20.5,19,11.6,57,Misto,Plantio,Noite,1
2646,2026-05-23 23:11:00,EQ-006,Sorriso,38.8,4.9,33.3,16.7,557.0,12.1,55,9.3,65,Argiloso,Pulverizacao,Noite,0
3952,2026-07-03 19:13:00,EQ-026,Sorriso,24.8,0.0,25.1,9.9,625.0,2.7,692,8.6,89,Misto,Colheita,Noite,0
1899,2026-04-29 15:49:00,EQ-040,Não-Me-Toque,62.9,0.0,17.0,41.4,784.0,13.2,203,9.4,105,Misto,Colheita,Tarde,1
2222,2026-05-10 17:10:00,EQ-037,Sorriso,100.0,114.3,33.1,2.5,548.0,20.6,99,6.8,89,Misto,Transporte,Tarde,1
334,2026-03-12 15:48:00,EQ-008,Barreiras,84.2,39.8,26.1,5.9,1142.0,9.3,331,4.4,88,Misto,Colheita,Tarde,0
2283,2026-05-12 13:49:00,EQ-036,Rio Verde,50.6,0.0,22.8,6.3,188.0,6.5,232,4.6,56,Misto,Plantio,Tarde,0
1251,2026-04-09 10:13:00,EQ-015,Sorriso,87.2,0.0,22.7,1.4,882.0,8.0,84,1.3,87,Encharcado,Colheita,Manha,0
3046,2026-06-05 20:03:00,EQ-019,Sorriso,27.1,0.0,26.6,4.7,310.0,4.4,245,6.3,93,Argiloso,Pulverizacao,Noite,0
3912,2026-07-02 14:16:00,EQ-024,Cascavel,82.0,0.0,18.6,4.6,329.0,7.9,220,6.4,90,Misto,Pulverizacao,Tarde,1
227,2026-03-08 17:56:00,EQ-015,Sorriso,93.5,20.9,24.6,2.7,84.0,7.9,184,9.6,81,Encharcado,Transporte,Tarde,1
2984,2026-06-04 06:38:00,EQ-024,Não-Me-Toque,73.4,0.0,18.3,26.7,479.0,7.9,95,8.3,82,Argiloso,Pulverizacao,Manha,1
714,2026-03-23 16:17:00,EQ-021,Cascavel,49.4,11.9,20.3,6.1,306.0,12.9,162,6.5,96,Misto,Colheita,Tarde,1
921,2026-03-30 06:08:00,EQ-010,Sorriso,100.0,3.5,28.0,9.2,354.0,4.9,118,7.7,90,Arenoso,Transporte,Manha,1
5429,2026-08-19 16:36:00,EQ-023,Lucas do Rio Verde,19.7,0.0,30.6,0.8,1043.0,7.0,141,11.1,91,Misto,Pulverizacao,Tarde,0
4412,2026-07-18 14:40:00,EQ-011,Barreiras,19.8,0.1,25.8,5.4,267.0,9.3,84,7.4,90,Misto,Transporte,Tarde,0
5388,2026-08-18 10:03:00,EQ-021,Cascavel,90.4,8.4,25.0,17.3,408.0,13.3,24,6.9,94,Arenoso,Colheita,Manha,1
2378,2026-05-15 09:04:00,EQ-033,Lucas do Rio Verde,40.1,0.0,32.9,15.1,1479.0,24.2,266,9.2,67,Misto,Transporte,Manha,0
771,2026-03-25 08:54:00,EQ-002,Rio Verde,100.0,136.9,20.5,11.3,990.0,7.4,135,9.9,102,Encharcado,Colheita,Manha,1
5097,2026-08-09 15:44:00,EQ-037,Sorriso,26.7,0.0,31.7,6.8,1292.0,20.8,560,7.6,89,Argiloso,Transporte,Tarde,1
1122,2026-04-05 08:24:00,EQ-008,Barreiras,83.2,0.0,25.8,2.2,287.0,9.3,427,10.0,91,Arenoso,Colheita,Manha,1
3137,2026-06-08 13:18:00,EQ-033,Lucas do Rio Verde,23.3,0.0,26.1,7.2,52.0,24.3,369,3.6,58,Arenoso,Colheita,Tarde,1
2712,2026-05-26 06:02:00,EQ-012,Lucas do Rio Verde,30.1,14.7,26.6,8.2,297.0,3.3,558,8.7,74,Misto,Pulverizacao,Manha,0
4860,2026-08-02 13:02:00,EQ-007,Cascavel,87.5,0.0,13.0,7.0,66.0,7.9,9,8.5,79,Encharcado,Colheita,Tarde,1
1068,2026-13-45 99:00:00,EQ-034,Rio Verde,79.2,50.3,25.7,13.9,251.0,8.5,329,8.4,80,Misto,Colheita,Manha,1
3050,2026-06-06 06:15:00,EQ-015,Sorriso,28.4,0.0,26.0,13.8,1374.0,8.1,83,12.5,103,Misto,Transporte,Manha,0
4091,2026-07-08 07:00:00,EQ-038,Cascavel,95.0,24.1,14.7,10.5,134.0,3.3,0,9.7,96,Arenoso,Colheita,Manha,1
395,2026-03-14 14:32:00,EQ-015,Sorriso,96.6,14.5,24.0,1.8,512.0,7.9,220,5.6,76,Encharcado,Transporte,Tarde,1
1159,2026-04-06 10:54:00,EQ-037,Sorriso,89.1,9.7,30.5,6.6,1191.0,20.5,714,7.7,90,Arenoso,Transporte,Manha,1
1752,2026-13-45 99:00:00,EQ-019,Sorriso,74.2,56.6,30.8,3.2,21.0,4.3,62,6.1,64,Arenoso,Pulverizacao,Noite,0
3140,2026-06-08 13:43:00,EQ-015,Sorriso,15.5,0.0,25.7,3.8,104.0,8.1,94,7.2,72,Argiloso,Transporte,Tarde,0
426,2026-03-15 09:51:00,EQ-030,Rio Verde,84.0,18.4,31.6,9.3,1403.0,12.3,299,5.3,73,Misto,Colheita,Manha,0
2079,2026-05-06 13:20:00,EQ-032,Sorriso,50.6,0.0,27.0,7.3,472.0,5.9,175,6.8,72,Argiloso,Pulverizacao,Tarde,0
3319,2026-06-13 19:55:00,EQ-033,Rio Verde,27.3,0.7,26.8,7.5,363.0,24.3,389,6.3,103,Misto,Colheita,Noite,1
5100,2026-08-09 16:22:00,EQ-023,Lucas do Rio Verde,21.7,0.0,24.0,1.2,501.0,7.0,80,9.5,68,Arenoso,Pulverizacao,Tarde,0
2507,2026-05-19 06:37:00,EQ-029,Rio Verde,38.1,7.8,27.9,9.8,441.0,1.1,244,9.4,107,Arenoso,Transporte,Manha,1
3930,2026-07-02 23:28:00,EQ-006,Sorriso,25.9,0.0,28.5,11.8,996.0,12.2,269,8.0,82,Argiloso,Pulverizacao,Noite,0
4719,2026-07-28 15:00:00,EQ-029,Rio Verde,32.0,0.0,22.9,3.5,498.0,1.2,,5.0,83,Misto,Transporte,Tarde,0
4720,2026-07-28 15:27:00,EQ-028,Sorriso,33.9,0.0,27.3,2.7,545.0,7.1,444,7.0,120,Arenoso,Transporte,Tarde,0
4226,2026-07-12 08:38:00,EQ-033,Lucas do Rio Verde,33.3,0.0,24.1,4.5,1509.0,24.4,90,12.7,93,Misto,Transporte,Manha,0
5321,2026-08-16 13:20:00,EQ-037,Barreiras,29.1,0.0,33.5,3.7,225.0,20.9,584,12.7,102,Misto,Transporte,Tarde,1
192,2026-03-07 15:50:00,EQ-007,Cascavel,56.7,11.8,25.8,18.4,978.0,7.5,185,6.4,103,Arenoso,Colheita,Tarde,0
1339,2026-04-11 22:29:00,EQ-033,Lucas do Rio Verde,83.6,11.3,30.6,12.5,1284.0,24.1,84,8.1,82,Misto,Plantio,Noite,0
4525,2026-07-22 08:40:00,EQ-018,Rio Verde,34.7,11.4,19.7,15.2,177.0,9.4,136,14.8,76,Misto,Plantio,Manha,1
5491,2026-08-21 15:09:00,EQ-025,Barreiras,26.6,0.0,28.9,4.5,835.0,8.3,8,11.9,78,Arenoso,Colheita,Tarde,0
3391,2026-06-16 13:28:00,EQ-023,Lucas do Rio Verde,26.9,0.0,30.1,15.6,201.0,6.8,444,8.6,63,Misto,Pulverizacao,Tarde,0
3290,2026-06-13 06:56:00,EQ-029,Rio Verde,27.3,0.7,29.7,10.6,907.0,1.1,341,4.9,82,Argiloso,Transporte,Manha,1
3954,2026-07-03 20:01:00,EQ-005,Sorriso,19.0,0.0,29.6,11.2,1444.0,7.9,121,9.5,73,Arenoso,Transporte,Noite,0
3479,2026-06-19 07:32:00,EQ-038,Rio Verde,25.6,0.0,23.6,4.8,2500.0,3.2,211,5.7,120,Argiloso,Colheita,Manha,0
3098,2026-06-07 13:39:00,EQ-027,Barreiras,140.0,7.8,27.3,2.5,588.0,17.0,372,13.3,85,Misto,Transporte,Tarde,1
865,2026-03-28 10:59:00,EQ-013,Barreiras,100.0,43.7,27.5,1.5,304.0,9.2,689,6.9,106,Arenoso,Colheita,Manha,1
2159,2026-05-08 21:37:00,EQ-018,Rio Verde,56.9,0.6,29.7,2.6,674.0,9.2,147,5.2,74,Misto,Colheita,Noite,1
4650,2026-07-26 15:49:00,EQ-016,Sorriso,34.8,0.0,26.7,6.2,1150.0,4.4,22,8.3,76,Arenoso,Transporte,Tarde,0
930,2026-03-30 08:01:00,EQ-039,Sorriso,84.9,3.5,30.7,21.2,365.0,2.1,521,5.6,98,Argiloso,Transporte,Manha,1
4658,2026-07-26 20:01:00,EQ-029,Rio Verde,34.7,0.0,23.2,15.2,405.0,1.2,147,12.0,89,Misto,Transporte,Noite,0
4856,2026-08-02 08:58:00,EQ-012,Lucas do Rio Verde,34.0,0.0,26.1,7.4,634.0,3.5,86,8.7,71,Argiloso,Pulverizacao,Manha,0
2731,2026-05-26 16:15:00,EQ-004,Barreiras,36.8,0.0,30.9,6.8,313.0,5.7,270,5.7,99,Arenoso,Colheita,Tarde,0
3118,2026-06-07 22:02:00,EQ-009,Lucas do Rio Verde,50.8,0.0,29.3,0.9,338.0,4.9,715,7.5,72,Argiloso,Transporte,Noite,0
4935,2026-08-04 17:11:00,EQ-020,Barreiras,18.6,0.0,24.5,4.7,758.0,1.8,159,2.9,57,Arenoso,Transporte,Tarde,0
4501,2026-07-21 07:12:00,EQ-020,Barreiras,9.4,0.0,25.3,18.7,365.0,1.8,117,11.1,115,Misto,Colheita,Manha,0
4598,2026-07-24 14:49:00,EQ-040,Não-Me-Toque,96.2,4.4,15.3,33.7,1048.0,13.4,237,10.3,96,Encharcado,Colheita,Tarde,1
465,2026-03-16 10:52:00,EQ-031,Rio Verde,96.3,13.7,25.3,9.5,195.0,5.3,34,8.5,103,Arenoso,Colheita,Manha,0
799,2026-03-26 07:00:00,EQ-023,Lucas do Rio Verde,86.9,19.0,26.4,10.4,694.0,6.6,63,10.5,79,Arenoso,Pulverizacao,Manha,0
1280,2026-04-10 08:26:00,EQ-016,Cascavel,"79,1",20.1,20.5,6.7,461.0,4.1,206,6.3,82,Argiloso,Plantio,Manha,
178,2026-03-06 23:27:00,EQ-007,Lucas do Rio Verde,82.0,9.2,28.1,12.1,277.0,7.5,169,11.4,98,Arenoso,Colheita,Noite,1
1231,2026-04-08 19:27:00,EQ-038,Rio Verde,91.2,0.0,32.4,7.9,552.0,3.0,224,3.2,85,Arenoso,Colheita,Noite,1
1505,2026-04-17 09:40:00,EQ-026,Sorriso,71.5,7.4,34.0,10.4,313.0,2.4,340,10.9,89,Argiloso,Colheita,Manha,1
4947,2026-08-05 10:32:00,EQ-024,Cascavel,90.8,9.4,18.0,24.6,547.0,8.0,375,9.9,82,Argiloso,Pulverizacao,Manha,1
4127,2026-07-09 09:37:00,EQ-016,Cascavel,88.6,15.4,17.3,20.6,1287.0,4.4,300,5.8,87,Argiloso,Transporte,Manha,0
2505,2026-05-19 06:17:00,EQ-040,Não-Me-Toque,72.7,31.0,20.2,3.3,1291.0,13.2,296,10.1,87,Argiloso,Colheita,Manha,0
1599,2026-04-19 23:16:00,EQ-007,Cascavel,81.4,10.3,20.6,13.3,1917.0,7.6,388,4.1,93,Misto,Colheita,Noite,0
5770,2026-08-31 08:18:00,EQ-011,Barreiras,21.0,0.0,33.4,5.7,292.0,9.4,243,9.7,103,Misto,Colheita,Manha,0
4158,2026-07-10 07:20:00,EQ-033,Lucas do Rio Verde,20.4,0.0,21.9,1.2,1077.0,24.4,69,4.0,60,Misto,Plantio,Manha,0
5756,2026-08-30 14:38:00,EQ-016,Cascavel,81.3,0.0,15.7,16.9,2500.0,4.5,159,6.4,84,Argiloso,Colheita,Tarde,0
3509,2026-06-20 08:21:00,EQ-012,Rio Verde,16.3,0.0,20.6,5.1,390.0,3.4,668,12.1,84,Argiloso,Pulverizacao,Manha,0
5590,2026-08-25 09:22:00,EQ-033,Lucas do Rio Verde,29.6,37.8,34.6,7.7,962.0,24.5,305,3.6,90,Argiloso,Transporte,Manha,1
1534,2026-04-17 23:57:00,EQ-014,Sorriso,85.8,7.4,32.0,3.7,74.0,8.1,11,5.1,99,Arenoso,Pulverizacao,Noite,1
4071,2026-07-07 10:12:00,EQ-030,Não-Me-Toque,64.7,13.3,13.5,22.7,1727.0,12.7,156,7.3,96,Argiloso,Colheita,Manha,0
718,2026-03-23 19:19:00,EQ-027,Barreiras,95.0,33.4,24.7,3.9,1038.0,16.8,58,7.4,61,Argiloso,Plantio,Noite,0
56,2026-03-02 23:12:00,EQ-011,Barreiras,75.7,17.0,27.4,1.4,839.0,8.9,309,7.4,104,Misto,Colheita,Noite,0
378,2026-03-14 06:49:00,EQ-031,Rio Verde,72.0,23.6,22.7,4.7,234.0,5.3,16,7.5,102,Misto,Colheita,Manha,0
708,2026-03-23 14:15:00,EQ-022,Rio Verde,99.4,133.7,30.5,7.4,413.0,3.5,264,7.3,71,Arenoso,Plantio,Tarde,1
82,2026-03-03 17:48:00,EQ-015,Sorriso,78.2,29.7,31.5,15.7,667.0,7.9,161,6.7,70,Arenoso,Transporte,Tarde,0
1772,2026-04-25 16:08:00,EQ-031,Rio Verde,"61,4",0.0,31.2,13.3,1018.0,5.4,184,3.9,98,Argiloso,Colheita,Tarde,1
3700,2026-06-25 22:59:00,EQ-025,Barreiras,26.4,0.0,27.9,16.5,612.0,8.2,29,4.6,96,Argiloso,Colheita,Noite,0
210,2026-03-08 09:20:00,EQ-012,Lucas do Rio Verde,98.3,49.4,27.0,2.9,191.0,3.1,192,5.2,69,Argiloso,Pulverizacao,Manha,1
571,2026-03-19 16:49:00,EQ-031,Rio Verde,"140,0",61.3,29.4,4.6,265.0,5.3,49,8.1,66,Encharcado,Colheita,Tarde,1
3457,2026-06-18 13:00:00,EQ-033,Lucas do Rio Verde,20.5,0.0,24.8,14.6,386.0,24.3,0,11.0,80,Misto,Transporte,Tarde,0
5484,2026-08-21 09:39:00,EQ-001,Barreiras,13.9,0.0,24.3,4.4,256.0,11.6,49,10.8,83,Misto,Colheita,Manha,0
257,2026-03-10 06:49:00,EQ-005,Sorriso,83.5,1.2,22.6,1.5,654.0,7.6,173,13.0,110,Argiloso,Colheita,Manha,1
1175,2026-04-06 21:26:00,EQ-022,Rio Verde,98.7,33.7,23.6,12.1,867.0,3.5,309,8.5,64,Encharcado,Plantio,Noite,1
663,2026-03-22 10:17:00,EQ-013,Sorriso,72.0,29.9,28.9,7.1,786.0,9.1,650,8.3,85,Argiloso,Colheita,Manha,1
2208,2026-05-10 13:23:00,EQ-012,Lucas do Rio Verde,64.4,0.0,23.1,4.8,990.0,3.3,481,8.3,92,Misto,Pulverizacao,Tarde,0
3667,2026-06-24 19:51:00,EQ-029,Rio Verde,20.9,0.0,23.4,4.0,607.0,1.2,9,10.3,80,Arenoso,Plantio,Noite,0
2476,2026-05-18 13:12:00,EQ-013,Barreiras,47.2,0.2,25.2,6.4,319.0,9.3,80,11.8,82,Misto,Colheita,Tarde,1
5768,2026-08-31 07:27:00,EQ-030,Não-Me-Toque,71.2,0.0,24.5,11.7,1494.0,12.8,412,8.6,120,Arenoso,Transporte,Manha,1
4255,2026-07-13 08:17:00,EQ-030,Não-Me-Toque,63.7,2.6,7.5,10.1,797.0,12.7,178,9.4,94,Argiloso,Transporte,manha,1
5641,2026-08-26 16:50:00,EQ-024,Sorriso,43.6,0.0,26.4,4.9,488.0,8.1,71,10.0,50,Misto,Pulverizacao,Tarde,1
4266,2026-07-13 20:50:00,EQ-020,Barreiras,13.7,0.0,29.4,4.5,477.0,1.8,70,7.9,106,Misto,Colheita,Noite,1
3884,2026-07-01 15:47:00,EQ-034,Rio Verde,20.2,0.0,23.9,9.9,393.0,8.7,286,4.7,82,Misto,Transporte,Tarde,1
1781,2026-04-25 21:22:00,EQ-028,Sorriso,83.3,10.0,29.9,7.1,731.0,6.8,13,6.2,82,Misto,Transporte,Noite,1
1554,2026-04-18 15:32:00,EQ-020,Barreiras,86.1,8.3,26.2,3.4,775.0,1.5,85,9.4,72,Arenoso,Colheita,Tarde,0
4751,2026-07-29 14:55:00,EQ-021,Cascavel,87.1,0.0,11.2,16.8,551.0,13.2,212,10.8,66,Misto,Colheita,Tarde,1
4844,2026-08-01 17:01:00,EQ-040,Lucas do Rio Verde,31.6,0.0,26.4,8.1,688.0,13.5,264,10.2,115,Arenoso,Colheita,Tarde,0
3593,2026-06-22 17:54:00,EQ-032,Sorriso,21.8,0.0,26.1,3.8,840.0,6.0,171,7.3,74,Misto,Pulverizacao,Tarde,0
1137,2026-04-05 15:57:00,EQ-002,Barreiras,86.7,0.0,26.1,6.8,165.0,7.4,179,13.2,51,Encharcado,Plantio,Tarde,1
2029,2026-05-04 07:49:00,EQ-014,Sorriso,52.7,0.0,33.6,7.9,639.0,8.1,85,4.8,54,Misto,Pulverizacao,Manha,0
226,2026-03-08 17:25:00,EQ-012,Lucas do Rio Verde,100.0,49.4,30.9,2.1,1081.0,3.1,188,9.4,40,Arenoso,Pulverizacao,Tarde,1
5142,2026-08-10 21:39:00,EQ-016,Não-Me-Toque,66.2,5.1,16.1,5.5,209.0,4.5,89,8.9,45,Misto,Plantio,Noite,0
5283,2026-08-15 10:31:00,EQ-003,Lucas do Rio Verde,27.7,0.0,29.4,5.8,413.0,8.7,124,8.4,72,Misto,Pulverizacao,Manha,0
4426,2026-07-19 06:47:00,EQ-026,Sorriso,6.8,0.0,29.3,21.9,425.0,2.7,748,5.9,80,Arenoso,Colheita,Manha,1
4355,2026-07-16 16:11:00,EQ-021,Cascavel,100.0,14.8,9.6,3.9,759.0,13.2,160,6.8,90,Argiloso,Transporte,Tarde,0
915,2026-03-29 19:19:00,EQ-009,Lucas do Rio Verde,98.7,43.9,24.4,3.1,1517.0,4.7,408,7.8,104,Encharcado,Colheita,Noite,0
2040,2026-05-04 22:24:00,EQ-008,Barreiras,82.5,0.0,25.4,1.2,399.0,9.4,539,6.6,88,Misto,Colheita,Noite,1
3124,2026-06-08 07:40:00,EQ-032,Sorriso,24.6,0.0,20.7,3.1,531.0,5.9,94,5.7,45,Argiloso,Pulverizacao,Manha,0
750,2026-03-24 15:13:00,EQ-019,Sorriso,79.6,28.3,31.4,3.3,153.0,4.2,344,9.0,90,Misto,Pulverizacao,Tarde,1
758,2026-03-24 20:23:00,EQ-010,Sorriso,92.2,28.3,28.9,9.8,96.0,4.9,85,11.1,89,Arenoso,Transporte,Noite,1
5224,2026-08-13 15:55:00,EQ-008,Lucas do Rio Verde,37.9,0.0,27.4,7.5,225.0,9.7,388,6.6,94,Argiloso,Colheita,Tarde,1
386,2026-03-14 09:15:00,EQ-029,Rio Verde,73.1,23.6,30.4,8.3,2500.0,0.9,325,9.7,71,Arenoso,Colheita,Manha,0
2872,2026-05-31 09:57:00,EQ-011,Barreiras,28.7,0.0,33.3,1.6,438.0,9.1,275,12.1,90,Misto,Colheita,Manha,0
1161,2026-04-06 13:19:00,EQ-037,Sorriso,91.3,9.7,24.9,15.2,370.0,20.5,709,10.0,99,Misto,Colheita,Tarde,1
3622,2026-06-23 14:27:00,EQ-028,Sorriso,28.7,1.7,23.5,12.2,442.0,7.0,314,8.8,72,Argiloso,Plantio,Tarde,0
2608,2026-05-22 15:07:00,EQ-033,Lucas do Rio Verde,45.4,0.0,33.6,0.9,26.0,24.2,287,12.7,84,Argiloso,Transporte,Tarde,1
5492,2026-08-21 15:46:00,EQ-013,Barreiras,21.5,0.0,31.9,9.7,15.0,9.6,495,10.9,57,Misto,Colheita,Tarde,0
2995,2026-06-04 10:29:00,EQ-005,Sorriso,23.4,0.0,25.3,7.1,143.0,7.8,280,11.5,120,Argiloso,Colheita,Manha,0
5666,2026-08-27 10:49:00,EQ-034,Rio Verde,13.7,0.0,29.0,7.2,945.0,8.9,172,5.3,76,Arenoso,Transporte,Manha,0
2684,2026-05-25 09:06:00,EQ-037,Sorriso,44.0,0.0,31.3,9.9,404.0,20.6,190,6.2,73,Misto,Transporte,Manha,0
3501,2026-06-19 21:21:00,EQ-010,Sorriso,17.2,0.0,24.5,5.4,1585.0,5.1,257,1.3,92,Argiloso,Transporte,Noite,0
57,2026-03-02 23:16:00,EQ-007,Cascavel,72.3,9.7,23.6,27.5,353.0,7.4,167,3.5,86,Argiloso,Transporte,Noite,1
2004,2026-05-03 13:02:00,EQ-010,Sorriso,54.2,0.0,29.2,3.6,2147.0,5.0,20,8.2,114,Misto,Transporte,Tarde,0
5278,2026-08-15 09:05:00,EQ-018,Rio Verde,21.9,0.0,24.6,11.0,447.0,9.4,237,4.9,87,Misto,Transporte,Manha,0
4688,2026-07-27 23:50:00,EQ-012,Lucas do Rio Verde,29.7,0.0,25.7,6.3,1312.0,3.5,66,6.9,82,Argiloso,Pulverizacao,Noite,0
400,2026-03-14 16:53:00,EQ-003,Lucas do Rio Verde,84.0,19.1,23.1,3.6,2254.0,8.3,251,6.4,109,Misto,Pulverizacao,Tarde,0
5094,2026-08-09 14:54:00,EQ-008,Barreiras,26.2,0.0,32.1,13.1,257.0,9.7,353,12.5,84,Arenoso,Transporte,Tarde,0
2863,2026-05-31 07:31:00,EQ-032,Sorriso,31.5,0.0,25.5,6.8,612.0,5.9,43,6.5,71,Misto,Pulverizacao,Manha,0
1706,2026-04-23 10:36:00,EQ-027,Barreiras,61.9,8.4,29.4,6.8,390.0,16.9,225,1.2,99,Arenoso,Transporte,Manha,0
4984,2026-08-06 10:16:00,EQ-013,Barreiras,27.6,0.0,26.1,3.0,1239.0,9.5,401,7.7,81,Misto,Colheita,Manha,0
1623,2026-04-20 16:53:00,EQ-019,Cascavel,72.0,13.4,27.4,2.1,441.0,4.3,29,7.6,78,Argiloso,Pulverizacao,Tarde,0
5259,2026-08-14 17:24:00,EQ-030,Não-Me-Toque,72.3,9.6,18.6,9.3,405.0,12.8,341,5.0,77,Misto,Colheita,Tarde,1
4288,2026-07-14 13:47:00,EQ-039,Sorriso,16.4,0.0,26.9,7.2,1407.0,2.3,326,9.7,87,Arenoso,Transporte,Tarde,0
3720,2026-06-26 13:42:00,EQ-027,Barreiras,21.0,0.0,34.7,2.9,541.0,17.1,478,2.0,83,Misto,Transporte,Tarde,0
5817,2026-03-30 13:53:00,EQ-006,Sorriso,100.0,3.5,27.3,2.1,783.0,12.0,148,14.6,46,Encharcado,Pulverizacao,Tarde,0
5282,2026-08-15 10:14:00,EQ-028,Sorriso,27.9,0.0,29.9,0.8,875.0,7.2,539,5.8,90,Arenoso,Colheita,Manha,0
5319,2026-08-16 10:43:00,EQ-026,Sorriso,19.0,0.0,29.8,4.8,1449.0,2.8,119,6.2,84,Argiloso,Colheita,Manha,0
4032,2026-07-05 19:44:00,EQ-009,Lucas do Rio Verde,31.7,0.0,20.0,2.8,959.0,5.0,33,9.7,87,Misto,Transporte,Noite,0
2952,2026-06-02 17:30:00,EQ-001,Barreiras,17.5,0.0,28.5,2.3,993.0,11.3,35,13.2,58,Arenoso,Colheita,Tarde,0
4987,2026-08-06 14:49:00,EQ-011,Barreiras,16.7,0.0,25.1,6.3,756.0,9.3,127,6.9,96,Argiloso,Transporte,Tarde,0
1365,2026-04-12 17:10:00,EQ-037,Sorriso,92.1,55.9,32.9,4.4,557.0,20.5,0,6.3,82,Misto,Plantio,Tarde,1
4046,2026-07-06 09:17:00,EQ-001,Barreiras,20.0,0.0,23.5,3.5,141.0,11.4,151,6.3,90,Arenoso,Colheita,Manha,0
2438,2026-05-17 15:16:00,EQ-015,Sorriso,60.7,0.0,28.2,5.6,489.0,8.1,15,10.3,78,Misto,Transporte,Tarde,0
1790,2026-04-26 09:23:00,EQ-038,Rio Verde,52.4,9.0,31.1,5.1,389.0,3.1,260,6.1,90,Misto,Colheita,Manha,1
1116,2026-04-05 07:07:00,EQ-023,Lucas do Rio Verde,85.1,11.5,26.5,8.6,826.0,6.6,120,8.6,84,Arenoso,Pulverizacao,Manha,1
757,2026-03-24 19:42:00,EQ-036,Rio Verde,100.0,133.6,28.4,4.0,51.0,6.3,4,5.1,73,Encharcado,Plantio,Noite,1
5447,2026-08-20 10:09:00,EQ-005,Sorriso,,0.0,22.6,8.6,350.0,8.0,297,5.4,63,Misto,Transporte,Manha,0
903,2026-03-29 14:06:00,EQ-010,Sorriso,97.3,51.3,28.4,4.8,261.0,4.9,112,6.1,70,Argiloso,Transporte,Tarde,1
4413,2026-07-18 15:22:00,EQ-002,Rio Verde,27.8,7.9,19.5,14.4,398.0,7.7,11,7.3,65,Misto,Plantio,Tarde,0
5568,2026-08-24 14:30:00,EQ-020,Barreiras,18.5,0.0,23.6,0.7,47.0,1.9,254,12.9,97,Arenoso,Colheita,Tarde,0
4523,2026-07-22 07:54:00,EQ-027,Barreiras,15.9,0.0,22.6,5.0,470.0,17.2,577,8.4,82,Misto,Colheita,Manha,1
4011,2026-07-05 10:11:00,EQ-024,Cascavel,95.3,40.1,16.9,1.3,639.0,7.9,243,5.3,85,Argiloso,Pulverizacao,Manha,0
3446,2026-06-18 06:18:00,EQ-001,Barreiras,34.3,0.0,30.5,7.1,772.0,11.4,99,7.2,81,Arenoso,Colheita,Manha,0
1348,2026-04-12 07:46:00,EQ-034,Rio Verde,96.8,12.7,28.5,14.2,483.0,8.5,367,7.5,89,Encharcado,Plantio,Manha,1
4,2026-03-01 07:46:00,EQ-028,Sorriso,65.7,3.8,33.3,4.8,819.0,6.7,450,7.9,67,Argiloso,Plantio,Manha,0
2253,2026-05-11 21:39:00,EQ-025,Barreiras,65.2,17.4,21.1,5.3,283.0,8.1,109,6.6,114,Arenoso,Colheita,Noite,1
2176,2026-05-09 10:06:00,EQ-036,Rio Verde,49.1,2.6,28.8,7.5,836.0,6.5,,4.4,88,Misto,Colheita,Manha,0
3817,2026-06-29 09:58:00,EQ-034,Rio Verde,25.2,0.0,16.5,5.5,1008.0,8.7,281,9.8,66,Misto,Colheita,Manha,0
3850,2026-06-30 13:26:00,EQ-002,Rio Verde,21.2,0.0,25.6,4.5,577.0,7.6,240,8.1,79,Argiloso,Colheita,Tarde,0
3893,2026-07-01 23:15:00,EQ-022,Rio Verde,18.4,0.0,28.8,5.4,740.0,3.8,242,4.6,102,Misto,Transporte,Noite,0
5379,2026-08-18 08:26:00,EQ-005,Sorriso,21.6,0.6,29.3,8.4,778.0,8.0,283,11.2,74,Argiloso,Transporte,Manha,0
1367,2026-04-12 17:23:00,EQ-014,Sorriso,100.0,55.9,24.9,10.7,273.0,8.0,340,7.2,9999.0,Argiloso,Pulverizacao,Tarde,1
277,2026-03-10 16:11:00,EQ-028,Sorriso,89.2,1.2,33.1,5.2,570.0,6.7,476,3.1,66,Encharcado,Plantio,Tarde,0
1998,2026-05-03 09:30:00,EQ-012,Barreiras,98.9,0.0,26.4,15.6,141.0,3.3,456,7.8,52,Arenoso,Pulverizacao,Manha,1
5603,2026-08-25 13:35:00,EQ-040,Não-Me-Toque,91.7,20.1,17.7,9.8,305.0,13.5,19,6.8,84,Encharcado,Colheita,Tarde,1
5366,2026-08-17 17:58:00,EQ-017,Lucas do Rio Verde,17.6,0.0,22.9,9.1,136.0,2.2,69,12.1,86,Arenoso,Colheita,Tarde,0
2169,2026-05-09 08:00:00,EQ-008,Barreiras,66.4,0.0,28.9,2.4,351.0,9.4,556,5.0,107,Arenoso,Transporte,Manha,1
4115,2026-07-08 23:02:00,EQ-016,Cascavel,76.5,24.1,17.7,1.5,470.0,4.4,288,8.2,102,Argiloso,Transporte,Noite,0
5204,2026-08-13 07:28:00,EQ-027,Barreiras,24.1,0.0,28.7,20.6,971.0,17.2,670,5.0,81,Misto,Transporte,Manha,0
3673,2026-06-25 06:11:00,EQ-017,Lucas do Rio Verde,22.8,0.0,21.5,7.5,882.0,2.1,76,2.9,89,Misto,Colheita,Manha,0
5017,2026-08-07 08:56:00,EQ-002,Rio Verde,35.0,0.0,29.1,4.5,66.0,7.7,103,10.7,88,Arenoso,Transporte,Manha,0
4303,2026-07-14 23:32:00,EQ-018,Rio Verde,29.0,0.9,22.5,12.6,524.0,9.3,97,5.7,93,Misto,Transporte,Noite,
390,2026-03-14 13:12:00,EQ-007,Cascavel,54.0,0.0,27.2,14.6,1296.0,7.5,220,7.1,89,Arenoso,Colheita,Tarde,0
2602,2026-05-22 09:55:00,EQ-019,Sorriso,46.1,4.4,30.2,7.5,133.0,4.4,180,9.2,80,Argiloso,Pulverizacao,Manha,1
4725,2026-07-28 17:15:00,EQ-019,Sorriso,50.9,0.0,28.5,6.8,233.0,4.5,20,8.0,67,Misto,Pulverizacao,Tarde,0
3818,2026-06-29 10:05:00,EQ-011,Barreiras,27.0,0.0,27.3,3.7,1715.0,9.2,9,10.6,74,Arenoso,Colheita,Manha,0
4441,2026-07-19 14:03:00,EQ-021,Cascavel,100.0,66.5,11.9,9.4,136.0,13.2,171,6.8,96,Argiloso,Colheita,Tarde,1
5362,2026-08-17 15:57:00,EQ-006,Sorriso,23.6,0.0,32.4,13.3,781.0,12.3,173,9.6,55,Argiloso,Pulverizacao,Tarde,0
4616,2026-07-25 10:14:00,EQ-031,Rio Verde,52.1,0.0,26.2,3.9,345.0,5.6,142,9.3,99,Misto,Colheita,Manha,0
4796,2026-07-31 08:41:00,EQ-017,Lucas do Rio Verde,25.0,0.0,26.3,0.2,719.0,2.2,247,10.8,86,Misto,Colheita,Manha,0
2016,2026-05-03 17:34:00,EQ-005,Sorriso,61.8,0.0,33.5,21.1,2500.0,7.7,152,8.1,76,Misto,Transporte,Tarde,0
1366,2026-04-12 17:15:00,EQ-028,Sorriso,96.4,55.9,32.0,4.1,899.0,6.8,619,4.3,68,Arenoso,Colheita,Tarde,0
4471,2026-07-20 09:13:00,EQ-035,Lucas do Rio Verde,30.8,14.1,21.9,8.2,71.0,3.1,42,9.9,97,Arenoso,Transporte,Manha,0
1830,2026-04-27 09:59:00,EQ-001,Rio Verde,74.0,27.8,30.7,4.1,1077.0,11.2,174,4.3,70,Misto,Transporte,Manha,0
1855,2026-04-28 06:30:00,EQ-005,Sorriso,81.5,16.0,25.1,17.5,945.0,7.7,125,8.5,96,Misto,Transporte,Manha,0
2340,2026-05-14 08:11:00,EQ-024,Cascavel,53.6,0.0,24.0,9.8,791.0,7.8,450,8.6,71,Argiloso,Pulverizacao,Manha,1
5573,2026-08-24 17:22:00,EQ-033,Lucas do Rio Verde,24.6,0.0,25.5,2.8,691.0,24.5,289,9.9,89,Argiloso,Plantio,Tarde,0
1472,2026-04-16 08:40:00,EQ-015,Não-Me-Toque,71.1,28.1,19.5,8.9,634.0,8.0,128,8.5,115,Argiloso,Transporte,Manha,0
3545,2026-06-21 09:02:00,EQ-005,Sorriso,21.4,0.0,18.6,9.4,483.0,7.9,65,8.6,86,Arenoso,Transporte,Manha,0
429,2026-03-15 10:28:00,EQ-011,Barreiras,89.5,7.1,31.3,7.7,79.0,8.9,350,6.3,81,Arenoso,Plantio,Manha,1
4499,2026-07-21 06:50:00,EQ-019,Sorriso,10.6,1.5,33.2,4.9,576.0,4.5,435,7.5,68,Argiloso,Pulverizacao,Manha,0
4211,2026-07-11 15:38:00,EQ-028,Sorriso,22.9,0.0,28.1,6.8,173.0,7.1,373,10.9,76,Argiloso,Transporte,Tarde,0
3460,2026-06-18 14:15:00,EQ-013,Barreiras,22.0,0.0,28.6,1.8,325.0,9.4,175,10.1,88,Misto,Colheita,Tarde,0
553,2026-03-19 06:02:00,EQ-011,Barreiras,78.5,0.0,29.5,10.4,1276.0,8.9,357,7.2,80,Argiloso,Transporte,Manha,0
208,2026-03-08 08:55:00,EQ-020,Barreiras,80.1,29.0,27.9,5.2,548.0,1.4,293,10.7,51,Misto,Colheita,Manha,1
5629,2026-08-26 09:06:00,EQ-005,Lucas do Rio Verde,49.1,14.8,26.8,6.5,1427.0,8.0,18,9.3,88,Misto,Colheita,Manha,0
3945,2026-07-03 16:35:00,EQ-039,Sorriso,23.1,0.0,28.9,6.6,919.0,2.3,293,2.2,111,Misto,Colheita,Tarde,0
154,2026-03-06 09:14:00,EQ-009,Lucas do Rio Verde,97.2,9.2,27.4,3.2,523.0,4.7,320,5.9,78,Arenoso,Plantio,Manha,0
4180,2026-07-10 15:02:00,EQ-033,Lucas do Rio Verde,31.5,0.0,26.6,11.5,717.0,24.4,71,12.5,86,Argiloso,Colheita,Tarde,0
83,2026-03-03 20:12:00,EQ-011,Não-Me-Toque,52.6,0.0,25.3,4.6,271.0,8.9,313,5.3,67,Argiloso,Plantio,Noite,1
3811,2026-06-29 08:10:00,EQ-030,Não-Me-Toque,69.8,7.3,16.2,16.9,1441.0,12.6,120,4.2,92,Argiloso,Transporte,Manha,0
2554,2026-05-20 16:15:00,EQ-004,Cascavel,69.8,0.2,20.3,5.4,561.0,5.7,228,9.2,96,Misto,Colheita,Tarde,1
5016,2026-08-07 08:53:00,EQ-018,Rio Verde,28.8,0.0,27.5,2.6,1107.0,9.4,212,3.6,82,Argiloso,Transporte,Manha,0
367,2026-03-13 15:00:00,EQ-004,Cascavel,63.0,0.0,23.8,18.9,154.0,5.5,295,9.2,91,Argiloso,Transporte,Tarde,1
1806,2026-04-26 17:25:00,EQ-017,Lucas do Rio Verde,92.0,0.0,31.2,7.8,205.0,1.9,95,8.7,85,Encharcado,Colheita,Tarde,1
1656,2026-04-21 19:40:00,EQ-017,Lucas do Rio Verde,95.3,43.3,27.8,6.2,247.0,1.9,84,5.7,67,Arenoso,Colheita,Noite,1
3575,2026-06-22 07:54:00,EQ-031,Rio Verde,22.0,0.0,27.9,0.9,682.0,5.5,397,8.7,86,Argiloso,Colheita,Manha,0
1548,2026-04-18 10:02:00,EQ-020,Barreiras,77.5,8.3,26.9,14.1,541.0,1.5,80,10.3,66,Misto,Colheita,Manha,1
1868,2026-04-28 15:59:00,EQ-004,Cascavel,62.3,0.0,19.9,22.0,254.0,5.6,142,12.5,79,Misto,Colheita,Tarde,1
602,2026-03-20 17:09:00,EQ-037,Sorriso,70.1,33.8,32.2,25.5,802.0,20.5,675,6.7,102,Arenoso,Plantio,Tarde,0
3246,2026-06-11 21:10:00,EQ-027,Sorriso,37.2,0.0,22.8,8.1,78.0,17.1,396,9.1,88,Misto,Transporte,Noite,1
1777,2026-04-25 17:36:00,EQ-011,Barreiras,60.9,13.6,26.4,23.6,341.0,9.0,92,9.2,71,Misto,Plantio,Tarde,1
1691,2026-04-22 19:54:00,EQ-009,Barreiras,54.5,2.9,29.3,2.9,150.0,4.8,499,10.9,85,Arenoso,Transporte,Noite,0
2486,2026-05-18 15:13:00,EQ-028,Sorriso,61.7,0.0,25.9,6.2,2222.0,6.9,116,8.4,78,Misto,Transporte,Tarde,0
2601,2026-05-22 09:36:00,EQ-034,Barreiras,48.4,0.0,31.5,3.4,669.0,8.6,125,8.7,100,Arenoso,Transporte,Manha,0
895,2026-03-29 08:11:00,EQ-032,Sorriso,93.0,51.3,32.6,13.2,1104.0,5.8,250,8.4,72,Arenoso,Pulverizacao,Manha,0
5135,2026-08-10 16:23:00,EQ-035,Lucas do Rio Verde,24.9,0.0,28.3,0.8,513.0,3.2,123,7.3,113,Argiloso,Transporte,Tarde,1
5045,2026-08-08 07:38:00,EQ-016,Cascavel,84.4,14.8,18.7,17.2,2291.0,4.5,81,9.1,79,Argiloso,Transporte,Manha,0
3490,2026-06-19 14:09:00,EQ-024,Cascavel,84.3,0.0,16.2,14.6,684.0,7.9,159,8.2,84,Argiloso,Pulverizacao,Tarde,0
1276,2026-04-10 06:45:00,EQ-020,Barreiras,79.1,10.9,27.4,8.4,643.0,1.5,41,8.9,86,Argiloso,Colheita,Manha,0
657,2026-03-22 08:44:00,EQ-021,Cascavel,56.8,0.0,21.4,17.9,261.0,12.9,153,8.6,93,Argiloso,Colheita,Manha,0
4479,2026-07-20 15:04:00,EQ-021,Cascavel,93.2,0.6,11.1,6.6,373.0,13.2,177,10.0,97,Encharcado,Colheita,Tarde,1
2166,2026-05-09 06:48:00,EQ-007,Lucas do Rio Verde,71.2,34.7,25.6,14.9,793.0,7.6,81,10.1,88,Misto,Colheita,Manha,0
4040,2026-07-06 06:58:00,EQ-002,Rio Verde,17.5,0.0,27.6,8.7,590.0,7.7,278,6.9,86,Misto,Colheita,Manha,0
2777,2026-05-28 06:24:00,EQ-024,Cascavel,76.0,20.9,16.6,14.2,1062.0,7.8,54,5.7,72,Argiloso,Pulverizacao,Manha,1
3624,2026-06-23 14:48:00,EQ-015,Sorriso,15.8,1.7,25.3,5.2,1026.0,8.2,175,13.4,77,Arenoso,Plantio,Tarde,0
5497,2026-08-21 19:24:00,EQ-017,Lucas do Rio Verde,26.6,0.0,25.6,7.0,1305.0,2.2,104,7.2,89,Misto,Colheita,Noite,0
4365,2026-07-16 22:14:00,EQ-034,Rio Verde,24.4,0.0,27.2,6.1,1058.0,8.8,356,11.9,106,Misto,Transporte,Noite,0
110,2026-03-04 16:21:00,EQ-033,Lucas do Rio Verde,99.4,68.4,34.0,4.0,694.0,24.0,316,11.1,83,Arenoso,Plantio,Tarde,1
3437,2026-06-17 17:56:00,EQ-019,Sorriso,22.6,0.0,16.6,12.7,197.0,4.4,311,6.8,78,Argiloso,Pulverizacao,Tarde,0
1819,2026-04-27 07:35:00,EQ-002,Rio Verde,83.5,27.8,26.1,2.8,431.0,7.5,17,9.1,81,Arenoso,Plantio,Manha,0
2446,2026-05-17 16:55:00,EQ-021,Cascavel,59.7,20.6,24.3,44.6,711.0,13.0,205,5.3,78,Misto,Colheita,Tarde,0
3280,2026-06-12 20:03:00,EQ-020,Barreiras,43.5,7.6,26.3,3.3,603.0,1.7,288,4.1,95,Arenoso,Colheita,Noite,0
1217,2026-04-08 08:53:00,EQ-003,Lucas do Rio Verde,82.2,26.5,30.1,2.7,511.0,8.3,369,7.0,75,Misto,Pulverizacao,Manha,1
2246,2026-05-11 16:30:00,EQ-013,Sorriso,100.0,109.7,23.5,2.6,1216.0,9.3,55,14.0,97,Encharcado,Colheita,Tarde,1
2449,2026-05-17 17:16:00,EQ-037,Sorriso,73.0,0.0,32.7,6.6,462.0,20.6,133,5.4,98,Arenoso,Transporte,Tarde,1
1094,2026-04-04 08:57:00,EQ-023,Lucas do Rio Verde,87.0,17.2,30.0,2.9,366.0,6.6,115,3.7,63,Arenoso,Pulverizacao,Manha,1
2331,2026-05-13 23:36:00,EQ-022,Rio Verde,51.4,0.0,26.1,9.7,114.0,3.6,0,8.3,95,Arenoso,Transporte,Noite,0
5804,2026-05-12 13:29:00,EQ-005,Sorriso,97.1,0.0,22.6,15.3,715.0,7.7,179,14.2,65,Encharcado,Colheita,Tarde,1
1891,2026-04-29 09:19:00,EQ-001,Barreiras,88.5,45.5,34.1,1.2,831.0,11.2,186,11.6,92,Encharcado,Colheita,Manha,0
2710,2026-05-25 21:54:00,EQ-017,Lucas do Rio Verde,32.7,0.0,26.9,8.6,1301.0,2.0,212,9.2,109,Argiloso,Colheita,Noite,1
5316,2026-08-16 08:57:00,EQ-003,Lucas do Rio Verde,27.6,0.0,25.9,10.6,1457.0,8.7,131,13.6,40,arenoso,Pulverizacao,Manha,0
5559,2026-08-24 09:42:00,EQ-002,Rio Verde,21.7,0.0,29.2,1.7,995.0,7.8,140,10.3,96,Misto,Colheita,Manha,0
4387,2026-07-17 16:11:00,EQ-037,Sorriso,23.9,0.0,26.2,16.3,695.0,20.8,441,7.1,104,Arenoso,Plantio,Tarde,0
1329,2026-04-11 15:42:00,EQ-004,Cascavel,84.7,4.6,22.8,14.9,195.0,5.6,62,8.0,87,ARGILOSO,Transporte,Tarde,1
2854,2026-05-30 19:38:00,EQ-039,Sorriso,35.0,0.0,25.5,5.0,1602.0,2.2,117,12.7,79,Argiloso,Plantio,Noite,0
5584,2026-08-25 07:39:00,EQ-032,Sorriso,48.3,0.0,29.1,3.1,419.0,6.2,225,8.6,68,Argiloso,Pulverizacao,Manha,1
413,2026-03-15 06:11:00,EQ-036,Rio Verde,76.8,18.4,27.7,2.5,428.0,6.3,262,7.7,85,Misto,Plantio,Manha,1
2371,2026-05-15 07:01:00,EQ-032,Sorriso,70.1,0.0,32.1,0.6,770.0,5.9,211,6.2,73,Arenoso,Pulverizacao,Manha,0
3586,2026-06-22 14:37:00,EQ-036,Rio Verde,16.7,0.0,26.3,1.6,313.0,6.6,140,5.3,92,Argiloso,Transporte,Tarde,1
3981,2026-07-04 15:21:00,EQ-035,Lucas do Rio Verde,21.5,0.0,28.1,5.5,26.0,3.1,0,8.2,108,Misto,Colheita,Tarde,0
3139,2026-06-08 13:31:00,EQ-005,Sorriso,34.5,0.0,26.2,2.9,707.0,7.8,0,9.4,91,Misto,Transporte,Tarde,0
1144,2026-04-05 23:45:00,EQ-035,Lucas do Rio Verde,85.1,11.5,26.7,7.9,260.0,2.8,297,6.4,111,Arenoso,Colheita,Noite,1
1309,2026-04-11 06:33:00,EQ-039,Sorriso,87.8,20.3,23.6,2.4,1059.0,2.1,567,10.0,58,Encharcado,Plantio,Manha,0
4703,2026-07-28 09:25:00,EQ-005,Sorriso,47.4,0.0,31.3,7.2,1580.0,8.0,203,5.7,88,Misto,Transporte,Manha,0
815,2026-03-26 16:47:00,EQ-003,Lucas do Rio Verde,90.4,19.0,26.0,16.3,1047.0,8.3,321,8.1,69,Arenoso,Pulverizacao,Tarde,1
4063,2026-07-07 07:19:00,EQ-020,Barreiras,28.2,0.0,24.7,1.2,278.0,1.7,35,6.7,81,Misto,Colheita,Manha,0
5309,2026-08-16 06:35:00,EQ-029,Rio Verde,15.5,0.0,26.8,9.3,1141.0,1.3,251,9.6,72,Arenoso,Transporte,Manha,0
1654,2026-04-21 17:42:00,EQ-021,Cascavel,88.5,13.9,17.0,17.3,415.0,12.9,70,4.0,106,Encharcado,Colheita,Tarde,1
4626,2026-07-25 16:27:00,EQ-003,Lucas do Rio Verde,30.4,0.0,30.9,3.3,1071.0,8.6,35,4.0,83,Argiloso,Pulverizacao,Tarde,0
2610,2026-05-22 16:17:00,EQ-036,Rio Verde,36.8,0.0,25.4,10.9,893.0,6.5,271,7.6,52,Arenoso,Plantio,Tarde,0
2062,2026-05-05 17:49:00,EQ-023,Lucas do Rio Verde,70.3,18.3,31.1,18.2,601.0,6.7,245,13.7,68,Arenoso,Pulverizacao,Tarde,0
5002,2026-08-06 22:02:00,EQ-032,Barreiras,26.7,0.0,30.1,3.6,1342.0,6.1,122,11.4,62,Argiloso,Pulverizacao,Noite,0
4123,2026-07-09 07:26:00,EQ-037,Sorriso,24.6,0.0,24.2,13.5,998.0,20.8,404,8.5,88,Argiloso,Colheita,Manha,1
5107,2026-08-09 20:32:00,EQ-033,Lucas do Rio Verde,27.1,0.0,28.5,5.0,642.0,24.4,216,9.7,101,Arenoso,Colheita,Noite,0
5108,2026-08-09 20:32:00,EQ-040,Não-Me-Toque,65.8,0.0,21.9,22.3,580.0,13.5,305,4.8,74,Misto,Colheita,Noite,1
3029,2026-06-05 13:47:00,EQ-040,Não-Me-Toque,72.0,19.0,14.6,4.3,2500.0,13.3,49,8.2,103,Argiloso,Colheita,Tarde,0
2987,2026-06-04 08:01:00,EQ-016,Cascavel,91.1,20.1,23.3,45.0,351.0,4.3,130,9.2,75,Arenoso,Transporte,Manha,1
3056,2026-06-06 08:53:00,EQ-022,Rio Verde,32.5,0.0,31.7,1.7,1911.0,3.7,110,8.0,113,Argiloso,Transporte,Manha,0
5124,2026-08-10 09:03:00,EQ-003,Lucas do Rio Verde,31.9,0.0,20.0,1.9,520.0,8.7,97,4.9,68,Misto,Pulverizacao,Manha,0
709,2026-03-23 14:18:00,EQ-016,Cascavel,57.1,11.9,27.6,7.7,638.0,4.1,129,7.4,58,Argiloso,Plantio,Tarde,1
646,2026-03-22 06:12:00,EQ-040,Não-Me-Toque,68.1,2.9,19.8,20.9,508.0,13.1,24,10.7,86,Argiloso,Colheita,Manha,1
5061,2026-08-08 16:02:00,EQ-002,Rio Verde,22.1,0.0,22.1,9.0,1448.0,7.7,113,11.5,96,Misto,Transporte,Tarde,0
2059,2026-05-05 14:57:00,EQ-018,Barreiras,82.3,11.5,20.1,4.7,422.0,9.1,140,5.2,105,Arenoso,Colheita,Tarde,1
716,2026-03-23 16:54:00,EQ-011,Barreiras,100.0,33.4,27.8,4.6,840.0,8.9,372,13.2,82,Arenoso,Transporte,Tarde,0
3034,2026-06-05 15:22:00,EQ-030,Não-Me-Toque,71.3,19.0,25.0,3.8,335.0,12.6,658,4.1,101,Misto,Transporte,Tarde,1
1291,2026-04-10 14:33:00,EQ-035,Lucas do Rio Verde,89.1,0.0,32.1,2.5,366.0,2.8,323,2.4,54,Arenoso,Plantio,Tarde,0
3968,2026-07-04 09:16:00,EQ-023,Lucas do Rio Verde,21.9,0.0,31.2,1.2,622.0,6.9,542,9.9,86,Misto,Pulverizacao,Manha,0
3984,2026-07-04 15:54:00,EQ-033,Lucas do Rio Verde,"22,9",0.0,26.3,7.8,1202.0,24.3,40,3.7,93,Argiloso,Plantio,Tarde,0
3949,2026-07-03 17:06:00,EQ-026,Sorriso,26.0,0.0,28.6,10.4,449.0,2.7,689,7.0,96,Misto,Colheita,Tarde,0
3125,2026-06-08 07:53:00,EQ-033,Lucas do Rio Verde,27.6,0.0,25.6,18.5,144.0,24.3,370,10.7,73,Misto,Colheita,Manha,1
5079,2026-08-09 08:30:00,EQ-020,Barreiras,20.8,0.0,27.1,11.7,536.0,1.8,187,6.4,93,Argiloso,Colheita,Manha,0
549,2026-03-18 21:40:00,EQ-027,Barreiras,82.5,0.0,28.5,7.6,656.0,16.8,37,10.4,112,Misto,Colheita,Noite,1
3275,2026-06-12 17:28:00,EQ-002,Rio Verde,27.4,0.0,26.8,11.4,263.0,7.6,170,7.5,78,Arenoso,Plantio,Tarde,0
4887,2026-08-03 10:09:00,EQ-030,Lucas do Rio Verde,29.7,0.0,27.7,5.3,1498.0,12.7,288,5.3,102,Arenoso,Colheita,Manha,0
3858,2026-06-30 16:33:00,EQ-006,Não-Me-Toque,70.7,11.5,18.3,5.7,460.0,12.2,246,10.9,61,Argiloso,Pulverizacao,Tarde,1
79,2026-03-03 17:01:00,EQ-016,Cascavel,67.2,8.8,23.2,2.6,516.0,4.0,17,10.4,93,Argiloso,Plantio,Tarde,1
127,2026-03-05 09:28:00,EQ-027,Barreiras,81.9,7.7,29.5,7.4,310.0,16.8,685,7.7,80,Argiloso,Colheita,Manha,1
1232,2026-04-08 20:23:00,EQ-017,Lucas do Rio Verde,84.2,26.5,28.1,2.6,357.0,1.9,35,6.8,85,Misto,Colheita,Noite,1
73,2026-03-03 15:29:00,EQ-017,Lucas do Rio Verde,100.0,51.2,25.4,7.7,169.0,1.8,136,7.7,95,Encharcado,Colheita,Tarde,1
4494,2026-07-20 23:21:00,EQ-034,Rio Verde,36.5,14.2,26.1,6.2,1144.0,8.8,373,11.8,83,Arenoso,Plantio,Noite,0
3025,2026-06-05 08:12:00,EQ-030,Não-Me-Toque,74.0,19.0,22.9,23.6,1384.0,12.6,656,4.7,78,Argiloso,Transporte,Manha,0
103,2026-03-04 13:42:00,EQ-030,Não-Me-Toque,54.3,0.0,21.7,15.7,312.0,12.3,270,7.9,80,Misto,Colheita,Tarde,1
3379,2026-06-16 08:15:00,EQ-004,Cascavel,88.6,0.0,23.5,6.9,1671.0,5.7,48,12.8,82,Arenoso,Colheita,Manha,0
3163,2026-06-09 08:26:00,EQ-038,Rio Verde,16.9,0.0,28.0,5.0,179.0,3.2,174,9.0,92,Argiloso,Colheita,Manha,1
4939,2026-08-04 21:19:00,EQ-021,Cascavel,100.0,0.0,12.5,19.9,317.0,13.2,245,10.2,104,Misto,Colheita,Noite,1
5125,2026-08-10 09:40:00,EQ-023,Rio Verde,35.9,0.0,25.5,1.3,639.0,7.0,90,10.5,64,Arenoso,Pulverizacao,Manha,0
2146,2026-05-08 16:07:00,EQ-026,Sorriso,58.8,34.7,28.0,5.8,176.0,2.5,436,11.2,83,Misto,Transporte,Tarde,0
5058,2026-08-08 15:15:00,EQ-036,Rio Verde,20.2,0.0,27.0,9.1,332.0,6.7,37,9.5,59,Argiloso,Plantio,Tarde,0
1154,2026-04-06 08:52:00,EQ-032,Sorriso,"100,0",9.7,28.8,11.9,1541.0,5.8,4,5.9,70,Encharcado,Pulverizacao,Manha,0
163,2026-03-06 15:21:00,EQ-040,Não-Me-Toque,41.3,0.0,19.3,6.6,563.0,13.0,321,7.1,84,Argiloso,Colheita,Tarde,0
5814,2026-06-22 14:16:00,EQ-035,Lucas do Rio Verde,21.6,0.0,26.6,4.8,1193.0,3.0,268,9.8,79,Argiloso,Plantio,Tarde,0
5488,2026-08-21 14:23:00,EQ-004,Cascavel,86.4,12.2,21.4,35.5,1643.0,5.9,297,3.3,80,Encharcado,Colheita,Tarde,0
5102,2026-08-09 17:17:00,EQ-013,Barreiras,21.0,0.0,31.5,5.1,1555.0,9.5,419,10.5,59,Arenoso,Colheita,Tarde,0
39,2026-03-02 09:43:00,EQ-026,Sorriso,81.4,15.8,30.3,5.8,1056.0,2.3,148,6.5,67,Misto,Plantio,Manha,0
2980,2026-06-03 22:08:00,EQ-009,Lucas do Rio Verde,39.7,0.0,24.2,4.7,426.0,4.9,684,11.8,96,Misto,Colheita,Noite,0
1757,2026-04-25 09:15:00,EQ-026,Sorriso,79.3,10.0,32.9,3.5,998.0,2.5,386,7.4,97,Misto,Colheita,Manha,0
5044,2026-08-08 07:24:00,EQ-019,Sorriso,34.4,0.0,27.2,3.1,453.0,4.6,49,7.5,74,Arenoso,Pulverizacao,Manha,0
2094,2026-05-06 22:24:00,EQ-039,Sorriso,53.5,0.0,27.4,14.5,409.0,2.2,7,8.2,93,Misto,Colheita,Noite,0
3160,2026-06-09 06:59:00,EQ-030,Não-Me-Toque,88.3,15.3,22.9,2.6,727.0,12.6,10,8.2,95,Encharcado,Colheita,Manha,0
1484,2026-04-16 15:37:00,EQ-013,Barreiras,72.3,0.0,28.9,4.3,481.0,9.2,756,10.2,98,Misto,Colheita,Tarde,1
679,2026-03-22 16:34:00,EQ-013,Sorriso,76.6,29.9,28.1,7.4,349.0,9.1,647,6.2,115,Misto,Colheita,Tarde,0
855,2026-03-27 21:14:00,EQ-012,Rio Verde,100.0,22.6,23.4,16.8,866.0,3.2,297,9.0,76,Misto,Pulverizacao,Noite,0
2722,2026-05-26 09:53:00,EQ-022,Rio Verde,41.9,0.0,23.1,1.1,447.0,3.7,46,11.0,86,Arenoso,Transporte,Manha,0
3882,2026-07-01 14:31:00,EQ-021,Cascavel,80.6,0.0,15.3,2.4,1010.0,13.1,112,6.2,93,Argiloso,Colheita,Tarde,1
4020,2026-07-05 15:23:00,EQ-032,Sorriso,12.8,0.0,25.6,2.6,1450.0,6.0,244,5.1,63,Arenoso,Pulverizacao,Tarde,0
5272,2026-08-15 07:20:00,EQ-036,Rio Verde,20.6,0.0,22.1,4.0,984.0,6.7,72,7.5,92,Argiloso,Colheita,Manha,0
1885,2026-04-29 06:46:00,EQ-022,Rio Verde,64.6,6.7,24.8,7.8,79.0,3.6,384,9.2,71,Misto,Transporte,Manha,1
5795,2026-03-24 21:20:00,EQ-014,Sorriso,90.4,28.3,32.3,3.2,491.0,8.0,251,6.8,72,Argiloso,Pulverizacao,Noite,1
4807,2026-07-31 13:44:00,EQ-009,Lucas do Rio Verde,27.9,0.0,31.0,5.6,393.0,5.1,158,7.4,84,Arenoso,Transporte,Tarde,1
14,2026-03-01 10:04:00,EQ-025,Lucas do Rio Verde,68.6,0.0,25.0,5.7,425.0,7.9,69,8.1,97,Misto,Colheita,Manha,1
5767,2026-08-31 07:07:00,EQ-006,Sorriso,32.3,0.0,31.0,3.6,120.0,12.4,241,8.0,59,Arenoso,Pulverizacao,Manha,0
4291,2026-07-14 14:36:00,EQ-031,Rio Verde,12.4,0.9,23.2,10.1,2494.0,5.6,74,5.8,103,Argiloso,Colheita,Tarde,0
2739,2026-05-26 20:38:00,EQ-037,Sorriso,33.9,0.0,27.5,2.3,933.0,20.6,196,7.0,80,Misto,Plantio,Noite,0
3960,2026-07-03 23:37:00,EQ-024,Cascavel,78.6,4.0,14.7,19.6,730.0,7.9,228,5.2,85,Misto,Pulverizacao,Noite,0
218,2026-03-08 14:25:00,EQ-036,Rio Verde,95.7,12.7,26.3,3.9,337.0,6.3,226,12.6,67,Encharcado,Colheita,Tarde,1
3433,2026-06-17 17:27:00,EQ-030,Não-Me-Toque,80.8,20.1,14.4,14.9,1264.0,12.6,61,3.9,84,Argiloso,Colheita,Tarde,1
4601,2026-07-24 17:05:00,EQ-019,Sorriso,49.9,25.7,33.7,4.3,887.0,4.5,449,8.0,65,Misto,Pulverizacao,Tarde,0
1708,2026-04-23 14:49:00,EQ-016,Cascavel,70.2,0.0,29.9,32.3,623.0,4.2,281,6.0,108,Argiloso,Transporte,Tarde,1
2883,2026-05-31 16:02:00,EQ-010,Sorriso,27.5,0.0,27.2,8.4,749.0,5.1,138,7.1,111,Arenoso,Colheita,Tarde,0
411,2026-03-14 23:11:00,EQ-038,Rio Verde,77.4,23.6,28.5,15.6,560.0,3.0,122,10.5,78,Arenoso,Transporte,Noite,1
3614,2026-06-23 13:09:00,EQ-009,Lucas do Rio Verde,24.8,0.0,23.2,7.6,142.0,5.0,757,8.8,81,Arenoso,Transporte,Tarde,0
11,2026-03-01 09:26:00,EQ-011,Barreiras,67.2,12.3,27.0,7.5,1546.0,8.9,296,7.8,95,Misto,Transporte,Manha,0
741,2026-03-24 13:35:00,EQ-035,Lucas do Rio Verde,97.1,25.2,25.6,6.8,490.0,2.8,241,7.9,81,Misto,Plantio,Tarde,1
2130,2026-05-08 08:13:00,EQ-016,Cascavel,52.2,0.0,20.0,15.9,743.0,4.2,18,9.0,82,Argiloso,Plantio,Manha,0
1733,2026-04-24 10:02:00,EQ-031,Rio Verde,78.9,8.1,27.6,3.9,583.0,5.4,178,11.0,92,Misto,Colheita,Manha,0
5805,2026-05-08 08:52:00,EQ-015,Sorriso,62.8,34.7,27.8,5.4,376.0,8.0,233,6.5,85,Misto,Plantio,Manha,1
1229,2026-04-08 16:09:00,EQ-013,Barreiras,81.9,1.6,27.4,0.4,1363.0,9.2,730,9.2,111,Arenoso,Colheita,Tarde,0
424,2026-03-15 09:38:00,EQ-001,Cascavel,,4.3,23.8,25.9,,11.1,287,8.5,105,Misto,Colheita,Manha,1
4538,2026-07-22 13:58:00,EQ-032,Cascavel,100.0,17.9,13.8,9.8,737.0,6.1,45,9.9,82,Encharcado,Pulverizacao,Tarde,0
5353,2026-08-17 10:09:00,EQ-020,Barreiras,23.8,0.0,28.8,2.5,57.0,1.9,205,5.9,87,Arenoso,Colheita,Manha,0
1114,2026-04-05 06:56:00,EQ-010,Sorriso,92.3,25.9,23.6,2.4,773.0,4.9,141,8.4,88,Encharcado,Transporte,Manha,0
4119,2026-07-09 06:11:00,EQ-007,Cascavel,93.8,15.4,10.2,8.1,1335.0,7.8,359,10.4,86,Misto,Colheita,Manha,0
4595,2026-07-24 13:56:00,EQ-029,Rio Verde,44.1,0.0,29.0,3.7,117.0,1.2,125,7.4,119,Misto,Transporte,Tarde,1
1984,2026-05-02 20:35:00,EQ-003,Lucas do Rio Verde,68.4,2.4,33.7,0.9,262.0,8.4,96,8.1,95,Argiloso,Pulverizacao,Noite,1
4193,2026-07-11 07:55:00,EQ-030,Não-Me-Toque,79.3,49.6,13.3,30.4,143.0,12.7,174,7.6,91,Argiloso,Colheita,Manha,1
1770,2026-04-25 15:33:00,EQ-010,Sorriso,78.6,10.0,29.1,23.6,628.0,5.0,243,12.2,76,Argiloso,Transporte,Tarde,1
1957,2026-05-01 23:38:00,EQ-039,Sorriso,63.8,0.0,26.6,9.6,369.0,2.1,3,7.5,79,Argiloso,Plantio,Noite,1
1055,2026-04-02 23:58:00,EQ-022,Rio Verde,53.2,0.0,26.7,19.2,61.0,3.5,291,2.7,116,Argiloso,Colheita,Noite,0
5481,2026-08-21 09:02:00,EQ-014,Sorriso,37.8,13.9,28.3,15.8,852.0,8.4,152,10.8,82,Argiloso,Pulverizacao,Manha,0
4030,2026-07-05 17:21:00,EQ-033,Lucas do Rio Verde,16.0,0.0,22.9,6.5,634.0,24.3,46,8.0,87,Argiloso,Transporte,Tarde,0
1843,2026-04-27 16:58:00,EQ-004,Cascavel,66.4,21.8,25.4,14.3,1109.0,5.6,136,6.2,81,Argiloso,Colheita,Tarde,0
2097,2026-05-07 06:28:00,EQ-024,Cascavel,59.4,18.9,23.6,7.6,1300.0,7.8,414,3.6,103,Argiloso,Pulverizacao,Manha,0
4787,2026-07-30 21:42:00,EQ-033,Lucas do Rio Verde,28.6,0.0,29.0,0.9,186.0,24.4,174,6.2,70,Argiloso,Transporte,Noite,1
3997,2026-07-05 06:18:00,EQ-010,Cascavel,84.6,40.1,18.7,5.8,116.0,5.2,16,5.2,120,Misto,Transporte,Manha,1
2238,2026-05-11 09:51:00,EQ-013,Sorriso,94.8,109.7,31.6,2.5,1015.0,9.3,62,4.0,93,Argiloso,Colheita,Manha,1
1447,2026-04-14 19:24:00,EQ-011,Barreiras,91.6,22.4,21.3,1.4,233.0,9.0,57,5.0,76,Encharcado,Plantio,Noite,1
5241,2026-08-14 07:27:00,EQ-010,Cascavel,88.9,7.8,16.8,6.9,873.0,5.3,137,7.7,87,Argiloso,Colheita,Manha,0
5384,2026-08-18 09:23:00,EQ-027,Barreiras,15.3,0.0,25.4,2.4,429.0,17.2,14,8.2,107,Argiloso,Transporte,Manha,0
2065,2026-05-05 21:35:00,EQ-008,Barreiras,78.0,11.5,28.4,4.9,839.0,9.4,542,7.5,84,Arenoso,Colheita,Noite,0
2887,2026-05-31 17:35:00,EQ-018,Barreiras,35.8,0.0,28.4,6.1,1259.0,9.2,210,13.1,106,Arenoso,Colheita,Tarde,0
300,2026-03-11 10:01:00,EQ-012,Lucas do Rio Verde,100.0,32.4,21.6,21.6,609.0,3.1,210,8.6,70,Misto,Pulverizacao,Manha,1
5493,2026-08-21 16:32:00,EQ-012,Lucas do Rio Verde,27.3,0.0,36.2,4.6,623.0,3.6,174,4.8,69,Arenoso,Pulverizacao,Tarde,0
3896,2026-07-02 06:43:00,EQ-023,Lucas do Rio Verde,20.0,0.0,25.2,4.9,266.0,6.9,523,11.6,88,Misto,Pulverizacao,Manha,0
2417,2026-05-16 17:27:00,EQ-015,Sorriso,71.8,0.0,29.0,12.5,63.0,8.1,0,11.5,79,Misto,Colheita,Tarde,1
4938,2026-08-04 20:04:00,EQ-026,Sorriso,26.7,0.0,30.1,5.6,1098.0,2.7,64,4.6,88,Argiloso,Colheita,Noite,0
3709,2026-06-26 07:59:00,EQ-018,Rio Verde,22.1,0.0,28.5,7.5,643.0,9.3,27,6.6,97,Misto,Plantio,Manha,0
4878,2026-08-03 06:29:00,EQ-029,Rio Verde,24.7,0.0,18.3,10.7,399.0,1.3,186,8.9,99,Arenoso,Colheita,Manha,0
998,2026-04-01 08:27:00,EQ-036,Rio Verde,70.8,0.0,31.1,10.2,806.0,6.4,38,6.8,67,Arenoso,Plantio,Manha,1
4162,2026-07-10 07:46:00,EQ-037,Sorriso,21.1,0.0,18.9,28.7,324.0,20.8,408,7.7,87,Misto,Transporte,Manha,1
3295,2026-06-13 08:03:00,EQ-006,Sorriso,21.2,0.0,24.7,1.7,641.0,12.2,174,12.1,91,Misto,Pulverizacao,Manha,0
4067,2026-07-07 08:00:00,EQ-009,Lucas do Rio Verde,29.6,0.0,26.2,9.1,1180.0,5.0,54,12.2,71,Argiloso,Transporte,Manha,0
4361,2026-07-16 19:45:00,EQ-027,Barreiras,15.4,0.0,23.8,5.0,1241.0,17.1,537,7.8,100,Arenoso,Transporte,Noite,1
5052,2026-08-08 10:33:00,EQ-039,Não-Me-Toque,79.5,0.0,8.3,14.0,1316.0,2.4,423,8.3,73,Argiloso,Colheita,Manha,1
1468,2026-04-16 06:48:00,EQ-014,Sorriso,88.6,0.0,28.0,6.4,271.0,8.1,0,5.5,79,Encharcado,Pulverizacao,Manha,1
4268,2026-07-13 22:23:00,EQ-033,Lucas do Rio Verde,22.3,0.0,30.5,4.7,819.0,24.4,96,2.8,83,Argiloso,Plantio,Noite,0
1028,2026-04-02 08:34:00,EQ-037,Lucas do Rio Verde,84.2,10.6,25.8,10.2,673.0,20.5,691,9.7,82,Argiloso,Colheita,Manha,1
632,2026-03-21 13:38:00,EQ-039,Sorriso,68.2,0.0,27.5,3.0,269.0,2.0,465,7.5,99,Misto,Colheita,Tarde,1
4065,2026-07-07 07:34:00,EQ-017,Não-Me-Toque,60.7,13.3,19.8,21.5,658.0,2.1,120,9.5,58,Misto,Transporte,Manha,1
213,2026-03-08 10:14:00,EQ-007,Cascavel,60.1,15.5,23.8,3.9,546.0,7.5,190,9.0,91,Misto,Colheita,Manha,1
1621,2026-04-20 16:42:00,EQ-025,Barreiras,75.8,0.0,34.5,4.0,601.0,8.0,16,9.9,74,Arenoso,Colheita,Tarde,0
354,2026-03-13 09:16:00,EQ-002,Rio Verde,75.1,0.0,35.2,1.8,232.0,7.3,66,1.5,59,Misto,Plantio,Manha,1
4621,2026-07-25 14:25:00,EQ-036,Rio Verde,32.9,0.0,27.5,12.3,347.0,6.7,285,9.4,99,Argiloso,Transporte,Tarde,1
3691,2026-06-25 17:10:00,EQ-039,Sorriso,29.1,0.0,22.4,10.8,78.0,2.3,235,8.7,73,Misto,Plantio,Tarde,0
4313,2026-07-15 08:36:00,EQ-027,Barreiras,22.8,0.0,26.7,18.1,1459.0,17.1,527,12.9,75,Arenoso,Plantio,Manha,0
2017,2026-05-03 17:48:00,EQ-016,Cascavel,66.4,0.0,18.5,20.0,1378.0,4.2,0,2.3,93,Argiloso,Transporte,Tarde,0
1410,2026-04-14 06:22:00,EQ-021,Cascavel,78.8,6.5,27.1,15.6,21.0,12.9,24,13.1,82,Argiloso,Colheita,Manha,1
669,2026-03-22 13:45:00,EQ-019,Sorriso,80.9,29.9,28.2,21.3,656.0,4.2,326,10.6,86,Argiloso,Pulverizacao,Tarde,1
5340,2026-08-16 23:35:00,EQ-001,Barreiras,23.9,0.0,36.0,7.5,2127.0,11.5,22,7.5,40,Misto,Colheita,Noite,0
5178,2026-08-12 06:45:00,EQ-033,Lucas do Rio Verde,27.4,0.0,24.4,8.0,845.0,24.4,235,9.2,101,Misto,Colheita,Manha,1
187,2026-03-07 10:32:00,EQ-007,Cascavel,68.2,11.8,28.4,22.2,566.0,7.5,181,6.6,84,Argiloso,Transporte,Manha,1
2256,2026-05-11 23:48:00,EQ-040,Não-Me-Toque,59.5,0.0,27.1,24.8,538.0,13.2,259,9.6,102,Misto,Colheita,Noite,1
528,2026-03-18 07:53:00,EQ-028,Sorriso,76.3,0.0,30.0,8.1,224.0,6.7,513,10.4,71,Arenoso,Plantio,Manha,1
234,2026-03-09 08:13:00,EQ-040,Não-Me-Toque,90.1,53.9,23.6,5.4,892.0,13.1,329,11.2,100,Arenoso,Transporte,Manha,0
3730,2026-06-26 17:54:00,EQ-015,Sorriso,17.9,0.0,19.0,6.7,1805.0,8.2,199,6.0,87,Arenoso,Transporte,Tarde,0
2630,2026-05-23 10:04:00,EQ-037,Sorriso,49.6,4.9,28.7,5.8,1018.0,20.6,168,10.5,93,Arenoso,Transporte,Manha,0
4869,2026-08-02 16:14:00,EQ-024,Barreiras,7.8,0.0,24.7,8.7,709.0,8.0,364,6.5,80,Arenoso,Pulverizacao,Tarde,0
498,2026-03-17 10:26:00,EQ-031,Rio Verde,83.2,11.2,31.7,7.9,590.0,5.3,38,13.9,84,Argiloso,Colheita,Manha,1
1397,2026-04-13 16:24:00,EQ-006,Sorriso,98.5,6.6,31.7,18.1,384.0,12.0,221,9.1,54,Encharcado,Pulverizacao,Tarde,1
2941,2026-06-02 14:23:00,EQ-025,Barreiras,20.9,0.0,29.2,3.0,852.0,8.1,205,6.3,84,Arenoso,Colheita,Tarde,0
1883,2026-04-29 06:18:00,EQ-030,Não-Me-Toque,50.0,0.0,24.2,20.1,212.0,12.5,462,7.3,88,Argiloso,Transporte,Manha,1
5486,2026-08-21 13:14:00,EQ-027,Barreiras,22.4,0.0,24.0,15.0,318.0,17.2,38,12.8,80,Arenoso,Transporte,Tarde,1
5728,2026-08-29 16:37:00,EQ-016,Cascavel,84.7,0.0,19.6,5.3,972.0,4.5,155,7.9,104,Argiloso,Transporte,Tarde,0
3467,2026-06-18 16:59:00,EQ-011,Barreiras,23.6,0.0,23.3,6.3,752.0,9.2,374,10.5,88,Argiloso,Transporte,Tarde,0
683,2026-03-22 17:50:00,EQ-010,Sorriso,69.9,29.9,26.3,1.0,1058.0,4.9,76,6.4,64,Misto,Colheita,Tarde,0
1738,2026-04-24 13:58:00,EQ-033,Lucas do Rio Verde,96.6,57.8,26.6,7.7,2500.0,24.1,162,9.2,79,Arenoso,Transporte,Tarde,1
1347,2026-04-12 07:28:00,EQ-007,Cascavel,86.9,7.3,24.9,9.0,679.0,7.6,349,15.2,91,Misto,Colheita,Manha,0
2043,2026-05-05 06:40:00,EQ-014,Lucas do Rio Verde,77.5,18.3,31.2,7.7,2487.0,8.1,92,6.0,81,Arenoso,Pulverizacao,Manha,0
94,2026-03-04 08:56:00,EQ-022,Rio Verde,93.7,40.8,32.5,8.3,418.0,3.4,224,4.9,76,Misto,Transporte,Manha,0
5803,2026-08-14 07:17:00,EQ-015,Sorriso,"27,8",0.0,24.5,3.3,1492.0,8.3,111,3.3,67,Argiloso,Colheita,Manha,0
2695,2026-05-25 13:55:00,EQ-004,Não-Me-Toque,100.0,37.2,20.2,0.9,942.0,5.7,265,5.5,104,Encharcado,Transporte,Tarde,0
3284,2026-06-12 21:10:00,EQ-037,Sorriso,26.3,0.0,32.8,14.7,1091.0,20.7,279,8.1,66,Misto,Transporte,Noite,1
5657,2026-08-27 07:16:00,EQ-021,Cascavel,94.9,58.0,21.7,1.4,692.0,13.3,66,10.4,110,Encharcado,Colheita,Manha,1
523,2026-03-18 06:14:00,EQ-018,Rio Verde,77.3,6.7,25.5,13.6,390.0,9.0,206,6.8,70,Arenoso,Transporte,Manha,1
1248,2026-04-09 09:01:00,EQ-032,Sorriso,70.7,0.0,24.4,1.7,340.0,5.8,29,11.2,64,Argiloso,Pulverizacao,Manha,0
4974,2026-08-06 06:22:00,EQ-033,Lucas do Rio Verde,31.3,0.0,27.1,1.3,1132.0,24.4,199,12.1,71,Argiloso,Plantio,Manha,0
3302,2026-06-13 10:08:00,EQ-017,Lucas do Rio Verde,38.1,0.0,22.4,24.2,534.0,2.1,41,6.4,97,Arenoso,Colheita,Manha,0
777,2026-03-25 09:58:00,EQ-030,Não-Me-Toque,56.8,0.0,24.1,18.9,423.0,12.4,323,7.7,88,Misto,Transporte,Manha,0
427,2026-03-15 09:58:00,EQ-012,Lucas do Rio Verde,82.9,0.0,24.2,2.3,302.0,3.1,240,7.0,46,Misto,Pulverizacao,Manha,1
1742,2026-04-24 14:20:00,EQ-032,Sorriso,75.3,56.6,32.5,14.9,118.0,5.8,114,8.3,81,Argiloso,Pulverizacao,Tarde,1
5013,2026-08-07 07:58:00,EQ-009,Lucas do Rio Verde,23.8,0.0,28.1,3.3,664.0,5.1,191,12.1,118,Misto,Transporte,Manha,0
1072,2026-04-03 14:07:00,EQ-033,Lucas do Rio Verde,78.7,11.7,28.6,11.5,459.0,24.1,44,7.3,93,Argiloso,Plantio,Tarde,1
294,2026-03-11 07:26:00,EQ-004,Cascavel,80.1,0.0,23.1,7.9,763.0,5.5,286,7.9,71,Arenoso,Colheita,Manha,0
2528,2026-05-19 17:43:00,EQ-009,Lucas do Rio Verde,41.4,0.0,27.4,0.8,1006.0,4.9,610,3.4,95,Misto,Colheita,Tarde,0
3392,2026-06-16 13:30:00,EQ-031,Rio Verde,17.2,0.0,22.9,8.8,661.0,5.5,390,7.9,120,Arenoso,Colheita,Tarde,0
1824,2026-04-27 08:48:00,EQ-004,Cascavel,66.0,21.8,24.3,22.0,405.0,5.6,139,7.0,106,Misto,Colheita,Manha,1
1544,2026-04-18 09:24:00,EQ-034,Rio Verde,76.5,12.6,25.6,15.2,130.0,8.5,397,1.8,84,Argiloso,Plantio,Manha,1
4815,2026-07-31 17:53:00,EQ-038,Sorriso,28.3,0.0,25.5,12.9,681.0,3.4,69,6.9,91,Misto,Plantio,Tarde,0
618,2026-03-21 06:51:00,EQ-015,Sorriso,60.3,0.0,23.3,7.0,332.0,7.9,253,6.8,117,Argiloso,Transporte,Manha,1
4516,2026-07-21 16:15:00,EQ-012,Lucas do Rio Verde,45.2,30.0,23.0,2.4,625.0,3.5,39,6.5,84,Argiloso,Pulverizacao,Tarde,0
2715,2026-05-26 07:50:00,EQ-016,Cascavel,70.2,20.1,23.8,17.6,229.0,4.3,113,10.4,68,Argiloso,Plantio,Manha,1
3587,2026-06-22 15:02:00,EQ-012,Lucas do Rio Verde,20.2,0.0,21.5,0.5,266.0,3.4,686,12.0,64,Argiloso,Pulverizacao,Tarde,0
4993,2026-08-06 16:07:00,EQ-040,Não-Me-Toque,100.0,3.0,15.8,21.2,293.0,13.5,297,5.7,94,Argiloso,Colheita,Tarde,1
5427,2026-08-19 16:23:00,EQ-029,Sorriso,22.1,0.0,30.4,11.9,708.0,1.3,277,7.4,90,Misto,Transporte,Tarde,0
4250,2026-07-12 22:17:00,EQ-023,Lucas do Rio Verde,27.4,0.0,30.3,1.9,17.0,6.9,598,5.5,86,Arenoso,Pulverizacao,Noite,0
5293,2026-08-15 15:19:00,EQ-006,Lucas do Rio Verde,24.7,0.0,30.5,6.3,917.0,12.3,165,6.2,82,Argiloso,Pulverizacao,Tarde,0
3100,2026-06-07 14:21:00,EQ-017,Lucas do Rio Verde,48.7,0.0,24.5,1.3,58.0,2.0,0,4.6,77,Arenoso,Colheita,Tarde,0
3286,2026-06-12 23:13:00,EQ-019,Sorriso,30.1,0.0,25.5,2.7,109.0,4.4,274,8.1,73,Arenoso,Pulverizacao,Noite,0
1963,2026-05-02 07:37:00,EQ-023,Lucas do Rio Verde,58.8,2.4,31.9,4.4,52.0,6.7,221,6.3,73,Argiloso,Pulverizacao,Manha,1
5741,2026-08-30 07:46:00,EQ-021,Cascavel,87.3,0.0,19.5,15.2,191.0,13.3,72,9.7,82,Encharcado,Colheita,Manha,1
4902,2026-08-03 20:39:00,EQ-002,Rio Verde,23.7,0.0,22.0,2.2,943.0,7.7,98,11.3,87,Arenoso,Colheita,Noite,0
4877,2026-08-03 06:03:00,EQ-003,Lucas do Rio Verde,16.9,0.0,30.9,3.3,185.0,8.7,66,5.4,74,Arenoso,Pulverizacao,Manha,0
184,2026-03-07 09:00:00,EQ-035,Lucas do Rio Verde,97.6,21.1,31.1,6.8,364.0,2.7,146,7.7,97,Encharcado,Transporte,manha,1
2448,2026-05-17 17:13:00,EQ-003,Lucas do Rio Verde,45.3,0.0,28.3,5.2,296.0,8.5,148,9.7,72,Misto,Pulverizacao,Tarde,0
2986,2026-06-04 07:51:00,EQ-026,Sorriso,31.4,0.0,27.5,5.5,126.0,2.6,569,8.1,101,Misto,Transporte,Manha,0
3623,2026-06-23 14:35:00,EQ-001,Barreiras,31.5,0.0,19.2,5.4,329.0,11.4,106,1.0,103,Argiloso,Colheita,Tarde,0
374,2026-03-13 22:06:00,EQ-038,Rio Verde,64.6,0.0,33.0,1.3,1236.0,3.0,111,11.0,45,Arenoso,Plantio,Noite,0
1018,2026-04-01 21:42:00,EQ-015,Sorriso,94.8,28.7,22.5,2.0,1326.0,7.9,47,8.3,62,Argiloso,Plantio,Noite,0
381,2026-03-14 07:56:00,EQ-033,Lucas do Rio Verde,98.7,19.1,28.0,20.6,468.0,24.0,348,6.4,77,Encharcado,Plantio,Manha,1
3441,2026-06-17 20:16:00,EQ-009,Lucas do Rio Verde,26.5,0.0,29.9,9.5,175.0,5.0,739,8.6,101,Argiloso,Transporte,Noite,0
1150,2026-04-06 07:35:00,EQ-019,Sorriso,93.7,9.7,25.7,10.2,20.0,4.2,383,3.8,86,Encharcado,Pulverizacao,Manha,1
2648,2026-05-24 07:28:00,EQ-036,Rio Verde,29.2,0.0,24.2,4.0,596.0,6.5,279,6.6,82,Argiloso,Transporte,Manha,0
3157,2026-06-09 06:15:00,EQ-033,Lucas do Rio Verde,35.6,0.0,27.2,9.4,346.0,24.3,376,6.1,82,Misto,Plantio,Manha,1
3618,2026-06-23 13:30:00,EQ-037,Não-Me-Toque,76.0,0.0,15.9,13.4,273.0,20.7,318,8.2,78,Arenoso,Plantio,Tarde,1
4493,2026-07-20 22:18:00,EQ-001,Barreiras,27.0,0.0,23.3,5.3,413.0,11.5,243,6.8,73,Arenoso,Colheita,Noite,0
3655,2026-06-24 13:56:00,EQ-030,Não-Me-Toque,75.4,13.9,21.7,28.7,706.0,12.6,87,9.1,80,Argiloso,Colheita,Tarde,1
5171,2026-08-11 17:11:00,EQ-025,Barreiras,21.0,0.0,26.2,5.8,1194.0,8.3,249,5.6,79,arenoso,Colheita,Tarde,0
845,2026-03-27 15:56:00,EQ-030,Não-Me-Toque,53.9,0.0,26.2,45.0,933.0,12.4,334,4.9,94,Arenoso,Colheita,Tarde,0
1003,2026-04-01 13:31:00,EQ-033,Lucas do Rio Verde,83.7,11.9,27.7,0.8,758.0,24.1,39,8.7,66,Misto,Plantio,Tarde,0
4652,2026-07-26 16:20:00,EQ-026,Sorriso,42.2,0.0,23.6,,311.0,2.7,4,5.9,84,Arenoso,Plantio,Tarde,0
563,2026-03-19 13:03:00,EQ-003,Rio Verde,100.0,61.3,30.2,14.4,745.0,8.3,266,6.8,59,Encharcado,Pulverizacao,Tarde,1
1975,2026-05-02 13:58:00,EQ-002,Rio Verde,62.6,2.0,34.2,1.3,585.0,7.5,38,2.2,85,Arenoso,Colheita,Tarde,1
2082,2026-05-06 15:52:00,EQ-003,Lucas do Rio Verde,70.1,4.7,23.9,10.0,212.0,8.4,113,7.5,83,Argiloso,Pulverizacao,Tarde,1
3738,2026-06-27 06:57:00,EQ-006,Sorriso,18.4,0.0,21.2,26.7,159.0,12.2,238,7.1,40,Arenoso,Pulverizacao,Manha,0
123,2026-03-05 07:46:00,EQ-008,Cascavel,60.4,4.4,25.4,4.0,366.0,9.2,315,8.3,77,Argiloso,Colheita,Manha,1
5515,2026-08-22 13:57:00,EQ-013,Barreiras,25.4,0.0,31.1,8.0,402.0,9.6,510,10.9,68,Misto,Colheita,Tarde,
1032,2026-04-02 09:52:00,EQ-013,Barreiras,83.7,7.9,29.6,10.8,122.0,9.2,696,3.8,69,Arenoso,Colheita,Manha,1
72,2026-03-03 15:13:00,EQ-029,Rio Verde,91.6,46.4,21.4,4.5,1269.0,0.8,289,9.2,111,Encharcado,Colheita,Tarde,0
64,2026-03-03 08:11:00,EQ-001,Não-Me-Toque,60.6,0.0,21.4,9.5,1749.0,11.1,254,6.7,104,Argiloso,Colheita,Manha,0
3606,2026-06-23 09:15:00,EQ-030,Não-Me-Toque,75.7,0.0,16.6,5.9,1077.0,12.6,83,9.5,73,Arenoso,TRANSPORTE,Manha,0
3651,2026-06-24 10:45:00,EQ-009,Lucas do Rio Verde,25.7,0.0,25.5,6.6,353.0,5.0,0,5.6,84,Argiloso,Transporte,Manha,0
4218,2026-07-11 20:33:00,EQ-033,Lucas do Rio Verde,23.7,0.0,26.7,5.7,168.0,24.4,82,10.2,76,Argiloso,Transporte,Noite,1
4761,2026-07-29 23:06:00,EQ-001,Barreiras,23.2,0.0,26.8,5.7,846.0,11.5,272,10.0,74,Arenoso,Transporte,Noite,0
2694,2026-05-25 13:32:00,EQ-026,Cascavel,81.4,0.0,21.4,13.6,446.0,2.5,503,8.8,88,Argiloso,Transporte,Tarde,1
4249,2026-07-12 19:53:00,EQ-039,Sorriso,13.5,0.0,26.3,9.5,1055.0,2.3,318,7.9,40,Argiloso,Plantio,Noite,0
677,2026-03-22 16:11:00,EQ-020,Barreiras,95.2,43.7,30.9,10.9,732.0,1.4,348,7.5,104,Arenoso,Colheita,Tarde,1
380,2026-03-14 07:50:00,EQ-013,Barreiras,100.0,27.4,32.1,12.1,205.0,9.1,613,7.0,94,Encharcado,Transporte,Manha,1
3190,2026-06-10 06:00:00,EQ-031,Rio Verde,30.9,0.0,27.6,13.9,311.0,5.5,374,10.0,67,Arenoso,Colheita,Manha,0
1082,2026-04-03 17:48:00,EQ-025,Barreiras,97.1,32.9,33.2,1.1,277.0,7.9,216,5.0,75,Encharcado,Colheita,Tarde,1
1355,2026-04-12 10:12:00,EQ-038,Rio Verde,88.3,12.7,25.7,3.6,281.0,3.1,227,2.2,77,Encharcado,Colheita,Manha,0
2824,2026-05-29 16:48:00,EQ-002,Rio Verde,29.4,0.0,27.9,8.3,2159.0,7.6,106,5.9,80,Misto,Transporte,Tarde,0
4907,2026-08-04 06:07:00,EQ-035,Lucas do Rio Verde,17.5,0.0,23.4,12.0,180.0,3.2,94,6.9,47,Arenoso,Plantio,Manha,0
3812,2026-06-29 08:31:00,EQ-017,Lucas do Rio Verde,24.1,0.0,24.2,7.6,127.0,2.1,87,1.6,102,Misto,Colheita,Manha,0
2725,2026-05-26 13:50:00,EQ-035,Lucas do Rio Verde,39.4,14.7,27.6,1.7,489.0,3.0,164,8.5,66,Misto,Transporte,Tarde,0
2799,2026-05-28 17:55:00,EQ-030,Não-Me-Toque,83.8,0.0,20.0,6.0,1145.0,12.5,617,10.9,65,Argiloso,Colheita,Tarde,0
3466,2026-06-18 16:57:00,EQ-004,Cascavel,97.0,15.2,13.0,14.9,603.0,5.8,69,12.4,99,Encharcado,Colheita,Tarde,0
1768,2026-04-25 14:09:00,EQ-033,Lucas do Rio Verde,90.2,13.8,31.0,13.0,321.0,24.2,166,10.2,69,Encharcado,Transporte,Tarde,1
4668,2026-07-27 08:28:00,EQ-021,Cascavel,100.0,48.2,14.5,18.1,519.0,13.2,198,10.7,99,Encharcado,Colheita,Manha,1
3702,2026-06-26 06:05:00,EQ-003,Lucas do Rio Verde,15.5,0.0,27.9,8.3,1210.0,8.6,320,7.7,80,Misto,Pulverizacao,Manha,0
479,2026-03-16 21:32:00,EQ-016,Cascavel,55.4,,26.7,2.9,72.0,4.1,100,5.9,89,Argiloso,Transporte,Noite,0
2834,2026-05-30 06:21:00,EQ-021,Cascavel,74.5,3.4,18.4,14.8,92.0,13.1,260,8.2,73,Arenoso,Colheita,Manha,1
248,2026-03-09 15:33:00,EQ-014,Sorriso,94.1,9.1,29.4,0.8,1072.0,8.0,168,11.8,103,Encharcado,Pulverizacao,Tarde,1
3115,2026-06-07 16:52:00,EQ-035,Lucas do Rio Verde,34.2,0.0,24.8,8.5,1462.0,3.0,222,5.1,82,Misto,Transporte,Tarde,0
2277,2026-05-12 10:54:00,EQ-022,Rio Verde,57.9,0.0,25.4,1.6,170.0,3.6,425,9.6,107,Argiloso,Colheita,Manha,0
5320,2026-08-16 10:43:00,EQ-037,Barreiras,9.6,0.0,18.9,2.6,2092.0,20.9,590,8.2,70,Misto,Colheita,Manha,0
3062,2026-06-06 10:57:00,EQ-009,Lucas do Rio Verde,25.6,0.0,27.0,19.6,1566.0,4.9,707,7.9,86,Argiloso,Plantio,Manha,0
3308,2026-06-13 15:07:00,EQ-039,Sorriso,31.4,0.0,23.0,4.7,297.0,2.3,176,5.6,77,Argiloso,Transporte,Tarde,0
654,2026-03-22 07:54:00,EQ-031,Rio Verde,91.0,0.0,27.3,7.7,420.0,5.3,59,1.0,91,Encharcado,Colheita,Manha,1
2376,2026-05-15 08:57:00,EQ-013,Barreiras,56.6,13.1,30.6,6.8,937.0,9.3,78,5.3,73,Misto,Colheita,Manha,0
928,2026-03-30 07:45:00,EQ-032,Sorriso,"95,8",3.5,26.1,11.7,871.0,5.8,254,9.9,64,Argiloso,Pulverizacao,Manha,1
3942,2026-07-03 15:37:00,EQ-018,Rio Verde,18.4,0.0,22.3,21.5,653.0,9.3,46,11.5,65,Misto,Plantio,Tarde,0
1613,2026-04-20 13:33:00,EQ-003,Lucas do Rio Verde,100.0,34.4,24.0,7.8,708.0,8.4,48,9.9,64,Encharcado,Pulverizacao,Tarde,0
412,2026-03-15 06:01:00,EQ-016,Cascavel,57.6,4.3,30.0,10.0,770.0,4.1,92,5.5,84,Misto,Colheita,Manha,1
1037,2026-04-02 14:21:00,EQ-026,Sorriso,98.5,29.2,32.0,10.6,655.0,2.4,263,8.9,84,Misto,Colheita,Tarde,0
1488,2026-04-16 17:18:00,EQ-012,Lucas do Rio Verde,85.0,0.0,24.4,4.4,172.0,3.2,388,6.0,79,Misto,Pulverizacao,Tarde,1
1,2026-03-01 06:19:00,EQ-033,Lucas do Rio Verde,66.8,0.0,22.3,6.9,708.0,24.0,302,2.2,77,Argiloso,Transporte,Manha,1
2781,2026-05-28 08:15:00,EQ-003,Lucas do Rio Verde,45.5,15.1,23.1,3.6,1505.0,8.5,189,9.3,44,Argiloso,Pulverizacao,Manha,0
1722,2026-04-23 23:29:00,EQ-007,Cascavel,73.1,0.0,24.9,18.0,2310.0,7.6,399,9.2,94,Argiloso,Colheita,Noite,1
1721,2026-04-23 22:58:00,EQ-025,Barreiras,52.2,8.4,25.5,14.8,748.0,8.0,31,7.7,93,Arenoso,Colheita,Noite,0
3580,2026-06-22 10:57:00,EQ-022,Rio Verde,24.6,0.0,26.5,3.2,620.0,3.7,182,11.1,76,Arenoso,Plantio,Manha,0
5528,2026-08-22 22:30:00,EQ-014,Sorriso,42.7,34.2,29.3,1.2,460.0,8.4,168,4.2,60,Misto,Pulverizacao,Noite,0
1465,2026-04-15 22:52:00,EQ-004,Rio Verde,83.0,13.7,30.8,3.9,954.0,5.6,75,9.0,116,Misto,Colheita,Noite,0
4468,2026-07-20 09:01:00,EQ-017,Lucas do Rio Verde,23.7,14.1,25.5,4.7,1960.0,2.2,202,9.3,95,Misto,Colheita,Manha,0
1995,2026-05-03 07:00:00,EQ-010,Sorriso,64.2,0.0,29.6,10.0,1403.0,5.0,16,6.6,84,Misto,Transporte,Manha,0
4080,2026-07-07 17:44:00,EQ-037,Sorriso,25.5,0.0,31.9,3.3,849.0,20.8,383,8.5,94,Misto,Transporte,Tarde,1
3799,2026-06-28 19:44:00,EQ-026,Sorriso,20.3,0.0,23.7,10.8,1643.0,2.6,662,6.7,61,Misto,Colheita,Noite,0
4171,2026-07-10 10:54:00,EQ-026,Cascavel,77.8,0.0,18.1,22.7,1897.0,2.7,721,10.1,94,Argiloso,Transporte,Manha,1
5410,2026-08-19 08:04:00,EQ-022,Rio Verde,21.3,0.0,23.9,4.7,856.0,3.9,38,8.9,95,Argiloso,Transporte,Manha,0
4709,2026-07-28 13:23:00,EQ-020,Barreiras,25.0,0.0,23.0,3.7,236.0,1.8,140,10.9,81,Arenoso,Colheita,Tarde,0
2931,2026-06-02 06:39:00,EQ-013,Barreiras,24.3,0.0,27.6,16.4,452.0,9.3,117,10.5,95,Arenoso,Colheita,Manha,0
1441,2026-04-14 16:20:00,EQ-039,Sorriso,86.0,0.0,27.1,10.3,423.0,2.1,575,7.6,57,Arenoso,Plantio,Tarde,1
3269,2026-06-12 16:44:00,EQ-006,Não-Me-Toque,76.3,12.6,17.5,6.4,106.0,12.2,159,11.3,72,ARGILOSO,Pulverizacao,Tarde,1
310,2026-03-11 17:15:00,EQ-011,Barreiras,77.6,12.7,24.8,7.3,365.0,8.9,339,7.5,59,Arenoso,Transporte,Tarde,1
934,2026-03-30 09:10:00,EQ-004,Cascavel,55.4,3.0,23.7,1.8,191.0,5.5,24,6.6,107,Argiloso,Colheita,Manha,0
2198,2026-05-10 08:11:00,EQ-008,Barreiras,47.9,0.0,29.7,9.8,1806.0,9.4,565,5.8,77,Arenoso,Colheita,Manha,0
1954,2026-05-01 22:43:00,EQ-014,Sorriso,69.9,0.0,23.7,2.5,1568.0,8.1,70,6.3,74,Argiloso,Pulverizacao,Noite,0
5149,2026-08-11 09:15:00,EQ-023,Lucas do Rio Verde,140.0,0.0,24.6,4.4,814.0,7.0,100,7.3,95,Misto,Pulverizacao,Manha,0
4445,2026-07-19 14:34:00,EQ-008,Barreiras,23.7,0.0,27.0,4.8,415.0,9.6,297,15.1,100,Argiloso,Transporte,Tarde,1
1369,2026-04-12 19:01:00,EQ-040,Lucas do Rio Verde,80.0,0.5,30.0,6.3,656.0,13.1,135,6.7,87,Misto,Colheita,Noite,0
172,2026-03-06 17:37:00,EQ-009,Lucas do Rio Verde,94.2,9.2,25.4,10.2,299.0,4.7,316,7.8,94,Arenoso,Plantio,Tarde,1
2714,2026-05-26 07:05:00,EQ-035,Lucas do Rio Verde,42.7,14.7,26.1,2.1,441.0,3.0,169,8.5,98,Argiloso,Transporte,Manha,0
388,2026-03-14 10:20:00,EQ-014,Sorriso,94.0,14.5,24.7,3.8,1080.0,8.0,194,6.9,77,Encharcado,Pulverizacao,Manha,1
1315,2026-04-11 07:57:00,EQ-026,Sorriso,93.7,20.3,32.8,15.8,1117.0,2.4,318,11.2,60,Arenoso,plantio ,Manha,0
4466,2026-07-20 08:38:00,EQ-032,Sorriso,21.0,1.9,20.2,10.8,951.0,6.1,36,5.7,68,Arenoso,Pulverizacao,Manha,0
5531,2026-08-23 06:08:00,EQ-028,Sorriso,46.3,11.7,31.5,1.1,208.0,7.2,553,10.1,96,Argiloso,TRANSPORTE,Manha,0
4348,2026-07-16 09:43:00,EQ-014,Sorriso,34.6,0.0,27.5,17.5,20.0,8.3,361,2.1,66,Arenoso,Pulverizacao,Manha,0
2716,2026-05-26 07:57:00,EQ-040,Não-Me-Toque,100.0,5.4,27.3,6.2,792.0,13.3,320,8.0,101,Encharcado,Transporte,Manha,0
4890,2026-08-03 10:46:00,EQ-028,Sorriso,37.7,0.0,19.0,2.0,1658.0,7.1,459,12.7,73,Misto,Transporte,Manha,0
729,2026-03-24 08:04:00,EQ-040,Não-Me-Toque,70.3,0.0,23.1,10.2,958.0,13.1,34,6.7,9999.0,Misto,Colheita,Manha,1
2250,2026-05-11 19:19:00,EQ-019,Sorriso,90.7,109.7,36.4,5.6,619.0,4.3,130,8.1,81,Encharcado,Pulverizacao,Noite,1
2721,2026-05-26 08:48:00,EQ-038,Rio Verde,34.5,0.0,27.8,13.8,1831.0,3.2,108,8.4,104,Argiloso,Colheita,Manha,0
2481,2026-05-18 14:16:00,EQ-023,Lucas do Rio Verde,35.1,0.0,27.5,8.6,84.0,6.7,304,11.2,70,Argiloso,Pulverizacao,Tarde,1
3724,2026-06-26 16:18:00,EQ-032,Sorriso,22.8,0.0,22.5,2.3,998.0,6.0,189,8.4,94,Arenoso,Pulverizacao,Tarde,1
4366,2026-07-16 22:19:00,EQ-031,Cascavel,94.5,14.8,14.6,6.6,642.0,5.6,82,,106,Encharcado,Colheita,Noite,0
3423,2026-06-17 14:19:00,EQ-026,Sorriso,13.9,0.0,21.1,2.3,696.0,2.6,623,8.9,88,Argiloso,Colheita,Tarde,0
1456,2026-04-15 10:58:00,EQ-005,Sorriso,84.3,28.6,28.8,3.6,1713.0,7.7,48,12.5,79,Arenoso,Transporte,Manha,0
2066,2026-05-05 22:21:00,EQ-020,Barreiras,68.8,11.5,25.8,2.7,999.0,1.6,160,6.8,81,Arenoso,Transporte,Noite,0
4384,2026-07-17 15:02:00,EQ-025,Barreiras,18.9,0.5,28.3,5.3,920.0,8.2,116,8.9,78,Argiloso,Colheita,Tarde,
1905,2026-04-29 17:34:00,EQ-033,Não-Me-Toque,47.7,0.0,25.1,10.5,28.0,24.2,194,8.6,97,Misto,Colheita,Tarde,0
3358,2026-06-15 10:06:00,EQ-011,Barreiras,26.6,0.0,25.8,8.2,326.0,9.2,363,7.4,72,Misto,Transporte,Manha,0
3646,2026-06-24 08:11:00,EQ-014,Sorriso,30.5,0.0,26.4,4.4,590.0,8.2,284,14.4,65,Arenoso,Pulverizacao,Manhã,0
5778,2026-08-31 13:22:00,EQ-010,Sorriso,17.3,0.0,31.5,5.3,772.0,5.3,223,7.8,86,Argiloso,Transporte,Tarde,0
3442,2026-06-17 20:41:00,EQ-028,Sorriso,20.4,0.0,27.1,9.3,766.0,7.0,281,6.6,77,Misto,Colheita,Noite,0
620,2026-03-21 07:25:00,EQ-039,Sorriso,73.5,0.0,32.7,4.0,933.0,2.0,461,8.8,79, misto ,Colheita,Manha,0
5413,2026-08-19 09:06:00,EQ-024,Cascavel,99.4,23.2,21.6,45.0,797.0,8.1,39,9.2,40,Encharcado,Pulverizacao,Manha,1
5513,2026-08-22 09:55:00,EQ-014,Sorriso,39.1,34.2,30.0,7.1,1517.0,8.4,163,10.5,66,Misto,Pulverizacao,Manha,0
2470,2026-05-18 09:42:00,EQ-015,Sorriso,57.0,0.0,25.5,2.8,2500.0,8.1,21,4.1,92,Misto,Colheita,Manha,0
4191,2026-07-10 23:30:00,EQ-032,Sorriso,23.5,0.0,29.6,2.9,225.0,6.0,259,7.5,68,Arenoso,Pulverizacao,Noite,1
556,2026-03-19 07:12:00,EQ-025,Barreiras,85.4,0.0,34.5,6.1,766.0,7.9,143,7.1,88,Arenoso,Colheita,Manha,0
3605,2026-06-23 08:12:00,EQ-013,Barreiras,26.8,0.0,23.7,10.4,798.0,9.4,210,11.4,77,Argiloso,Colheita,Manha,0
1077,2026-04-03 15:55:00,EQ-012,Lucas do Rio Verde,76.8,11.7,23.1,13.2,1355.0,3.2,344,9.0,70,Arenoso,Pulverizacao,Tarde,0
673,2026-03-22 14:56:00,EQ-017,Lucas do Rio Verde,96.6,19.0,30.9,4.6,736.0,1.8,220,6.3,85,Argiloso,Colheita,Tarde,0
3795,2026-06-28 17:28:00,EQ-015,Sorriso,31.9,0.0,22.3,4.7,358.0,8.2,220,7.1,78,Misto,Colheita,Tarde,0
411,2026-03-14 23:11:00,EQ-038,Rio Verde,77.4,23.6,28.5,15.6,560.0,3.0,122,10.5,78,Arenoso,Transporte,Noite,1
1744,2026-04-24 16:15:00,EQ-015,Sorriso,81.2,56.6,30.0,7.1,1168.0,8.0,178,4.2,93,Misto,Plantio,Tarde,0
51,2026-03-02 15:34:00,EQ-040,Não-Me-Toque,57.8,-3.0,25.6,14.4,5.0,13.0,297,7.4,96,Misto,Transporte,Tarde,1
1635,2026-04-21 07:32:00,EQ-024,Cascavel,84.2,13.9,23.9,5.2,1419.0,7.7,325,6.2,63,Arenoso,Pulverizacao,Manha,1
795,2026-03-25 22:25:00,EQ-003,Lucas do Rio Verde,91.9,0.0,22.7,13.5,1156.0,8.3,310,6.0,91,Encharcado,Pulverizacao,Noite,0
1128,2026-04-05 13:53:00,EQ-040,Não-Me-Toque,59.8,0.0,18.0,11.6,970.0,13.1,103,4.7,94,Argiloso,Colheita,Tarde,0
3474,2026-06-18 19:55:00,EQ-040,Não-Me-Toque,85.2,0.0,14.3,7.4,207.0,13.3,91,8.9,86,Argiloso,Colheita,Noite,1
4155,2026-07-09 22:24:00,EQ-022,Rio Verde,22.1,0.0,28.7,8.0,199.0,3.8,283,5.5,77,Misto,Transporte,Noite,0
1595,2026-04-19 19:54:00,EQ-027,Barreiras,80.8,4.1,29.5,5.8,880.0,16.9,206,9.7,88,Misto,Plantio,Noite,0
5010,2026-08-07 07:38:00,EQ-039,Sorriso,29.0,0.0,32.3,0.9,1206.0,2.4,415,5.8,92,Argiloso,Plantio,Manha,0
5728,2026-08-29 16:37:00,EQ-016,Cascavel,84.7,0.0,19.6,5.3,972.0,4.5,155,7.9,104,Argiloso,Transporte,Tarde,0
4858,2026-08-02 10:06:00,EQ-006,Lucas do Rio Verde,39.9,0.0,23.0,2.7,1193.0,12.3,96,10.1,69,Arenoso,Pulverizacao,Manha,0
3220,2026-06-10 19:32:00,EQ-011,Barreiras,36.9,9.3,34.1,2.0,992.0,9.2,334,7.1,70,Arenoso,Transporte,Noite,0
2749,2026-05-27 06:35:00,EQ-026,Sorriso,37.7,0.0,30.8,7.9,1162.0,2.6,524,9.0,55,Misto,Colheita,Manha,0
5566,2026-08-24 13:33:00,EQ-027,Sorriso,41.1,0.0,27.6,8.3,747.0,17.3,60,7.1,118,Misto,Transporte,Tarde,0
730,2026-03-24 08:33:00,EQ-034,Rio Verde,100.0,133.6,31.2,7.6,1291.0,8.5,303,3.5,65,Argiloso,Colheita,Manha,1
5385,2026-08-18 09:36:00,EQ-037,Sorriso,20.6,0.6,36.2,5.2,340.0,20.9,601,8.0,92,Argiloso,Colheita,Manha,1
836,2026-03-27 13:02:00,EQ-036,Rio Verde,99.7,22.6,28.1,4.1,2090.0,6.3,21,10.6,72,Misto,Colheita,Tarde,0
231,2026-03-09 06:00:00,EQ-023,Lucas do Rio Verde,100.0,45.7,35.9,20.9,176.0,6.5,8,8.8,70,Arenoso,Pulverizacao,Manha,1
84,2026-03-03 20:46:00,EQ-026,Barreiras,"73,6",0.0,24.6,13.2,295.0,2.3,155,8.7,86,Argiloso,Plantio,Noite,1
5205,2026-08-13 07:38:00,EQ-007,Cascavel,95.0,23.5,18.1,14.9,243.0,7.9,62,6.0,93,Argiloso,Transporte,Manha,1
2825,2026-05-29 17:18:00,EQ-008,Barreiras,33.4,1.1,30.9,9.6,973.0,9.5,35,4.2,106,Arenoso,Colheita,Tarde,0
5721,2026-08-29 14:21:00,EQ-005,Sorriso,38.3,0.0,25.9,5.4,850.0,8.0,34,6.5,94,Misto,Transporte,Tarde,0
361,2026-03-13 10:32:00,EQ-035,Lucas do Rio Verde,82.3,3.7,27.4,11.2,188.0,2.8,189,9.6,110,Argiloso,Colheita,Manha,1
798,2026-03-26 06:50:00,EQ-009,Sorriso,92.7,42.9,31.3,6.6,990.0,4.7,395,6.4,102,Misto,Plantio,Manha,1
1237,2026-04-08 23:04:00,EQ-013,Barreiras,80.2,1.6,25.7,4.0,987.0,9.2,725,9.4,82,Arenoso,Colheita,Noite,0
2663,2026-05-24 15:09:00,EQ-004,Cascavel,70.3,7.0,20.1,25.1,1055.0,5.7,262,4.4,71,Argiloso,Colheita,Tarde,0
303,2026-03-11 15:33:00,EQ-017,Lucas do Rio Verde,98.9,32.4,23.6,2.9,880.0,1.8,167,10.1,56,Misto,Colheita,Tarde,1
2676,2026-05-24 23:56:00,EQ-009,Lucas do Rio Verde,27.2,0.0,29.1,18.1,72.0,4.9,631,5.1,86,Arenoso,Colheita,Noite,1
5062,2026-08-08 16:50:00,EQ-031,Rio Verde,24.7,0.0,33.9,5.4,748.0,5.7,195,6.4,108,Misto,Colheita,Tarde,0
2372,2026-05-15 07:17:00,EQ-016,Cascavel,51.3,0.0,21.6,21.2,1094.0,4.2,69,6.9,70,Argiloso,Plantio,Manha,0
3333,2026-06-14 13:29:00,EQ-011,Barreiras,48.7,0.0,23.3,5.1,572.0,9.2,352,8.1,106,Argiloso,Colheita,Tarde,1
2108,2026-05-07 13:16:00,EQ-040,Não-Me-Toque,64.7,15.8,18.4,3.6,890.0,13.2,232,7.7,81,Argiloso,Colheita,Tarde,1
5123,2026-08-10 08:53:00,EQ-004,Não-Me-Toque,70.0,5.1,20.3,16.0,499.0,5.9,269,4.5,73,Arenoso,Colheita,Manha,1
2713,2026-05-26 06:15:00,EQ-002,Barreiras,25.8,0.0,26.7,2.1,527.0,7.5,104,4.4,87,Arenoso,Plantio,Manha,0
807,2026-03-26 14:45:00,EQ-002,Rio Verde,92.9,29.6,24.0,1.0,690.0,7.4,140,11.7,64,Arenoso,Plantio,Tarde,0
4723,2026-07-28 16:12:00,EQ-006,Sorriso,40.3,0.0,22.3,15.6,470.0,12.3,86,10.2,93,Argiloso,Pulverizacao,Tarde,0
5186,2026-08-12 09:34:00,EQ-001,Barreiras,25.3,1.6,28.7,4.1,432.0,11.5,0,6.0,44,Argiloso,Colheita,Manha,0
2413,2026-05-16 16:01:00,EQ-025,Barreiras,56.6,,24.7,12.2,1028.0,8.1,126,8.9,98,Arenoso,Colheita,Tarde,0
1723,2026-04-23 23:55:00,EQ-005,Sorriso,,0.0,31.7,6.1,499.0,7.7,102,6.4,100,Arenoso,Colheita,Noite,0
540,2026-03-18 13:35:00,EQ-012,Lucas do Rio Verde,88.6,17.0,21.0,2.3,1140.0,3.1,265,13.1,87,Encharcado,Pulverizacao,Tarde,0
2480,2026-05-18 14:10:00,EQ-005,Sorriso,62.7,0.0,29.7,3.6,37.0,7.8,229,5.7,85,Argiloso,Transporte,Tarde,1
2948,2026-06-02 16:30:00,EQ-022,Rio Verde,22.4,0.0,27.9,3.8,388.0,3.7,90,7.6,111,Arenoso,Colheita,Tarde,0
461,2026-03-16 09:35:00,EQ-014,Sorriso,77.5,0.0,24.6,3.9,1339.0,8.0,206,7.6,56,Argiloso,Pulverizacao,Manha,0
2385,2026-05-15 15:50:00,EQ-035,Lucas do Rio Verde,49.8,0.0,28.5,4.6,988.0,2.9,120,7.4,79,Misto,Colheita,Tarde,0
2752,2026-05-27 08:19:00,EQ-005,Não-Me-Toque,92.4,5.6,25.4,16.2,1052.0,7.8,253,10.2,84,Encharcado,Plantio,Manha,0
1218,2026-04-08 09:32:00,EQ-027,Barreiras,82.4,1.6,28.5,8.5,2102.0,16.9,162,11.9,94,Arenoso,Transporte,Manha,0
981,2026-03-31 14:40:00,EQ-027,Barreiras,94.4,63.3,28.1,3.5,326.0,16.9,102,13.3,61,Arenoso,Plantio,Tarde,0
3355,2026-06-15 08:53:00,EQ-039,Sorriso,26.5,0.0,29.3,11.6,799.0,2.3,179,11.3,84,Argiloso,Transporte,Manha,0
2831,2026-05-29 21:59:00,EQ-033,Lucas do Rio Verde,55.2,18.0,24.8,13.2,81.0,24.2,328,12.1,78,Misto,Transporte,Noite,0
1888,2026-04-29 08:13:00,EQ-036,Rio Verde,68.5,6.7,25.3,8.0,1188.0,6.4,169,10.0,89,Arenoso,Transporte,Manha,0
890,2026-03-28 23:23:00,EQ-015,Sorriso,98.1,22.5,36.0,16.3,470.0,7.9,17,9.0,72,Argiloso,Plantio,Noite,1
3698,2026-06-25 21:13:00,EQ-013,Barreiras,32.1,0.0,29.5,5.1,2171.0,9.4,225,10.5,85,Argiloso,Colheita,Noite,0
362,2026-03-13 10:34:00,EQ-023,Lucas do Rio Verde,"87,9",3.7,26.0,12.3,407.0,6.6,22,7.9,75,Encharcado,Pulverizacao,Manha,1
4615,2026-07-25 10:13:00,EQ-002,Rio Verde,37.4,0.0,21.1,13.6,403.0,7.7,55,7.0,92,Argiloso,Colheita,Manha,0
2882,2026-05-31 15:55:00,EQ-040,Não-Me-Toque,74.5,0.0,20.8,2.5,110.0,13.3,23,7.9,79,Argiloso,Colheita,Tarde,1
4704,2026-07-28 09:33:00,EQ-036,Cascavel,89.3,26.7,14.3,10.4,683.0,6.7,310,7.7,86,Argiloso,Colheita,Manha,1
1100,2026-04-04 14:24:00,EQ-009,Lucas do Rio Verde,91.3,17.2,30.4,15.0,1053.0,4.8,420,11.1,56,Misto,Plantio,Tarde,0
3399,2026-06-16 16:45:00,EQ-030,Não-Me-Toque,85.0,37.5,18.9,10.6,1590.0,12.6,57,9.1,79,Misto,Colheita,Tarde,0
3033,2026-06-05 15:10:00,EQ-009,Lucas do Rio Verde,28.9,0.0,29.0,3.2,2245.0,4.9,696,11.6,77,Misto,Transporte,Tarde,0
1605,2026-04-20 08:20:00,EQ-033,Lucas do Rio Verde,100.0,-3.0,28.5,7.2,1061.0,24.1,138,7.5,80,Arenoso,Transporte,Manha,0
1203,2026-04-07 20:57:00,EQ-034,Rio Verde,92.8,8.5,31.3,20.2,492.0,8.5,346,6.9,85,Encharcado,Colheita,Noite,1
4793,2026-07-31 07:30:00,EQ-026,Sorriso,33.2,0.0,22.0,3.0,,2.7,24,6.7,116,Arenoso,Colheita,Manha,0
1929,2026-04-30 17:42:00,EQ-010,Sorriso,72.7,20.3,26.6,19.6,726.0,5.0,1,11.2,78,Arenoso,Transporte,Tarde,0
3926,2026-07-02 19:11:00,EQ-029,Rio Verde,21.4,0.0,22.5,7.2,1107.0,1.2,51,5.0,92,Argiloso,Transporte,Noite,1
5132,2026-08-10 15:48:00,EQ-005,Sorriso,21.3,0.0,25.4,2.7,828.0,8.0,262,5.6,99,Argiloso,Transporte,Tarde,0
5229,2026-08-13 19:45:00,EQ-002,Rio Verde,31.8,0.0,24.3,19.4,951.0,7.8,122,6.6,97,Argiloso,Colheita,Noite,1
5466,2026-08-20 17:02:00,EQ-033,Lucas do Rio Verde,18.3,0.0,30.3,2.6,551.0,24.5,277,1.2,87,Misto,Transporte,Tarde,0
2898,2026-06-01 07:19:00,EQ-037,Sorriso,26.5,0.0,23.9,9.8,164.0,20.7,214,8.2,111,Misto,Transporte,Manha,0
1250,2026-04-09 09:45:00,EQ-014,Sorriso,84.4,0.0,28.9,21.0,2500.0,8.0,322,11.8,59,Argiloso,Pulverizacao,Manha,0
2462,2026-05-18 06:19:00,EQ-031,Rio Verde,34.6,0.0,34.5,11.9,829.0,5.4,266,8.7,79,Argiloso,Colheita,Manha,0
5215,2026-08-13 13:37:00,EQ-018,Rio Verde,30.0,0.0,29.3,4.1,369.0,9.4,221,2.9,71,Arenoso,Colheita,Tarde,0
2117,2026-05-07 16:44:00,EQ-001,Barreiras,72.5,16.4,32.3,6.6,275.0,11.3,235,9.4,92,Misto,Colheita,Tarde,1
5598,2026-08-25 13:02:00,EQ-024,Cascavel,80.4,0.0,21.7,17.4,1037.0,8.1,65,11.2,49,Argiloso,Pulverizacao,Tarde,0
3728,2026-06-26 17:34:00,EQ-037,Sorriso,23.3,0.0,27.5,3.2,497.0,20.7,331,7.5,74,Argiloso,Colheita,Tarde,0
1645,2026-04-21 15:32:00,EQ-015,Sorriso,71.5,5.2,28.0,4.6,276.0,8.0,163,3.0,87,Misto,Transporte,Tarde,1
4641,2026-07-26 10:36:00,EQ-022,Rio Verde,42.2,0.0,32.9,4.3,964.0,3.8,353,9.9,89,Misto,Transporte,Manha,0
1760,2026-04-25 09:37:00,EQ-028,Sorriso,71.1,10.0,31.3,2.9,1120.0,6.8,9,8.0,81,Arenoso,Colheita,Manha,0
5691,2026-08-28 09:24:00,EQ-019,Sorriso,31.0,0.0,28.4,12.6,601.0,4.6,126,8.1,57,Argiloso,Pulverizacao,Manha,0
5156,2026-08-11 10:40:00,EQ-024,Cascavel,100.0,21.3,17.3,12.9,1586.0,8.0,403,2.5,68,Argiloso,Pulverizacao,Manha,0
5822,2026-03-17 08:56:00,EQ-003,Lucas do Rio Verde,74.9,0.0,27.3,1.1,112.0,8.3,258,8.2,61,Argiloso,Pulverizacao,Manha,1
816,2026-03-26 17:04:00,EQ-009,Sorriso,91.6,42.9,25.9,11.0,1764.0,4.7,394,2.4,84,Encharcado,Colheita,Tarde,0
3143,2026-06-08 14:28:00,EQ-040,Não-Me-Toque,77.9,0.0,20.5,14.7,551.0,13.3,60,12.1,104,Arenoso,Colheita,Tarde,1
4883,2026-08-03 08:14:00,EQ-007,Cascavel,94.5,0.0,17.1,7.1,,7.9,22,4.1,73,Encharcado,Colheita,Manha,1
1119,2026-04-05 07:51:00,EQ-035,Lucas do Rio Verde,78.7,11.5,30.4,7.6,2500.0,2.8,291,11.8,60,Arenoso,Plantio,Manha,0
5539,2026-08-23 10:00:00,EQ-027,Barreiras,6.0,0.0,33.2,0.3,1291.0,17.3,48,8.0,83,Arenoso,Colheita,Manha,0
2258,2026-05-11 23:50:00,EQ-024,Barreiras,64.3,17.4,32.4,3.7,405.0,7.8,430,9.4,89,Argiloso,Pulverizacao,Noite,1
1012,2026-04-01 17:13:00,EQ-016,Cascavel,88.0,64.1,19.5,9.8,732.0,4.1,162,10.1,69,Encharcado,Plantio,Tarde,1
8,2026-03-01 09:00:00,EQ-008,Barreiras,71.3,12.3,30.5,11.5,1045.0,9.2,294,7.9,101,Arenoso,Colheita,Manha,0
3973,2026-07-04 13:24:00,EQ-023,Lucas do Rio Verde,22.0,0.0,23.5,2.3,409.0,6.9,547,8.4,77,Misto,Pulverizacao,Tarde,0
1971,2026-05-02 10:53:00,EQ-003,Lucas do Rio Verde,73.3,2.4,20.0,3.0,673.0,8.4,100,6.2,82,Misto,Pulverizacao,Manha,0
3758,2026-06-27 16:25:00,EQ-011,Lucas do Rio Verde,26.8,0.0,27.6,1.4,748.0,9.2,421,4.3,88,Argiloso,Transporte,Tarde,1
2813,2026-05-29 08:59:00,EQ-036,Rio Verde,22.4,0.0,24.6,3.1,526.0,6.5,294,8.5,41,Argiloso,Transporte,Manha,0
840,2026-03-27 14:53:00,EQ-007,Cascavel,50.9,0.0,,6.0,1082.0,7.5,282,9.5,76,Argiloso,Colheita,Tarde,0
4689,2026-07-27 23:53:00,EQ-037,Sorriso,44.0,0.0,26.4,12.5,400.0,20.8,479,3.6,102,Arenoso,Colheita,Noite,1
3084,2026-06-07 06:11:00,EQ-021,Cascavel,96.0,0.0,17.3,8.3,348.0,13.1,35,6.4,81,Encharcado,Colheita,Manha,1
3167,2026-06-09 10:15:00,EQ-023,Sorriso,19.4,0.0,23.6,5.8,337.0,6.8,412,7.8,70,Misto,Pulverizacao,Manha,1
2911,2026-06-01 13:11:00,EQ-024,Cascavel,74.9,19.8,27.7,16.1,363.0,7.9,80,4.8,58,Argiloso,Pulverizacao,Tarde,1
3215,2026-06-10 16:32:00,EQ-029,Barreiras,36.9,9.3,23.5,0.6,852.0,1.1,331,5.8,45,Arenoso,Transporte,Tarde,0
4756,2026-07-29 21:19:00,EQ-021,Cascavel,84.2,0.0,15.9,4.5,642.0,13.2,217,7.7,89,Argiloso,Transporte,Noite,0
2136,2026-05-08 10:31:00,EQ-022,Rio Verde,67.1,0.6,21.5,10.6,147.0,3.6,410,8.1,88,Argiloso,Transporte,Manha,1
4546,2026-07-22 17:04:00,EQ-030,Não-Me-Toque,92.0,54.7,19.9,9.0,294.0,12.7,219,10.3,106,Argiloso,Colheita,Tarde,1
1102,2026-04-04 16:05:00,EQ-024,Cascavel,92.1,0.0,25.1,10.5,149.0,7.7,255,10.1,58,Misto,Pulverizacao,Tarde,1
2128,2026-05-08 07:27:00,EQ-030,Não-Me-Toque,69.8,0.0,21.4,4.6,276.0,12.5,506,4.7,91,Argiloso,Colheita,Manha,1
3494,2026-06-19 15:36:00,EQ-016,Não-Me-Toque,90.9,8.0,22.0,3.0,393.0,4.3,183,9.0,90,Argiloso,Transporte,Tarde,1
4715,2026-07-28 14:32:00,EQ-001,Barreiras,14.2,0.0,21.9,2.6,1545.0,11.5,264,9.0,94,Misto,Colheita,Tarde,0
1512,2026-04-17 13:32:00,EQ-026,Sorriso,81.0,7.4,36.5,1.7,1681.0,2.4,335,9.7,80,Arenoso,Transporte,Tarde,1
3484,2026-06-19 10:00:00,EQ-019,Sorriso,25.7,0.0,22.7,1.5,481.0,4.4,321,10.6,54,Argiloso,Pulverizacao,Manha,0
5474,2026-08-21 06:10:00,EQ-019,Sorriso,24.0,13.9,28.9,16.3,1118.0,4.6,95,9.0,73,Argiloso,Pulverizacao,Manha,0
3011,2026-06-04 19:02:00,EQ-018,Rio Verde,23.9,0.0,26.4,7.0,2080.0,9.2,231,9.2,99,Arenoso,Transporte,Noite,0
5744,2026-08-30 08:26:00,EQ-037,Sorriso,38.5,0.0,25.8,3.2,454.0,20.9,642,6.3,86,Arenoso,Colheita,Manha,0
3516,2026-06-20 10:03:00,EQ-030,Não-Me-Toque,78.9,0.0,15.2,12.4,895.0,12.6,69,5.1,88,Arenoso,Colheita,Manha,0
2827,2026-05-29 17:57:00,EQ-040,Não-Me-Toque,95.5,24.7,22.7,13.8,596.0,13.3,6,9.8,79,Misto,Colheita,Tarde,1
3424,2026-06-17 14:36:00,EQ-027,Barreiras,"31,2",0.0,26.4,7.6,273.0,17.1,424,10.5,77,Misto,Transporte,Tarde,0
3659,2026-06-24 16:26:00,EQ-011,Barreiras,30.1,0.0,-99.0,5.1,1941.0,9.2,392,10.8,100,Arenoso,Transporte,Tarde,0
4956,2026-08-05 14:07:00,EQ-003,Lucas do Rio Verde,22.4,0.0,26.2,11.3,417.0,8.7,79,9.2,81,Argiloso,Pulverizacao,Tarde,0
3853,2026-06-30 15:45:00,EQ-015,Sorriso,20.8,0.0,24.8,7.2,164.0,8.2,223,6.2,91,Misto,Plantio,Tarde,0
3051,2026-06-06 06:22:00,EQ-008,Barreiras,28.2,0.0,29.3,3.6,1733.0,9.5,83,9.7,97,Argiloso,Colheita,Manha,0
2058,2026-05-05 14:46:00,EQ-009,Lucas do Rio Verde,70.0,18.3,26.9,9.7,1537.0,4.8,533,5.0,95,Misto,Transporte,Tarde,0
2976,2026-06-03 15:38:00,EQ-008,Barreiras,34.4,0.0,33.6,6.0,736.0,9.5,62,8.1,95,Arenoso,Colheita,Tarde,0
5146,2026-08-11 07:58:00,EQ-040,Cascavel,92.1,21.3,15.7,11.9,993.0,13.5,312,9.8,113,Argiloso,Transporte,Manha,1
168,2026-03-06 16:44:00,EQ-032,Sorriso,100.0,24.6,25.7,10.1,393.0,5.7,150,4.1,61,Encharcado,Pulverizacao,Tarde,1
526,2026-03-18 07:21:00,EQ-038,Rio Verde,78.4,6.7,36.0,3.1,626.0,3.0,152,9.3,102,Misto,Transporte,Manha,0
4333,2026-07-15 17:53:00,EQ-040,Não-Me-Toque,67.4,0.0,14.7,5.1,760.0,13.4,202,6.0,90,Argiloso,Colheita,Tarde,0
2072,2026-05-06 08:37:00,EQ-013,Barreiras,73.8,0.0,24.5,12.0,756.0,9.3,27,7.2,99,Arenoso,Colheita,Manha,0
3289,2026-06-13 06:50:00,EQ-004,Cascavel,99.3,8.9,16.8,36.7,38.0,5.7,24,10.1,74,Arenoso,Colheita,Manha,1
1943,2026-05-01 09:44:00,EQ-039,Sorriso,64.9,0.0,28.3,11.1,552.0,2.1,0,6.4,87,Arenoso,Transporte,Manha,1
5237,2026-08-14 06:24:00,EQ-030,Não-Me-Toque,85.7,9.6,18.3,7.7,402.0,12.8,335,11.1,94,Misto,Colheita,Manha,1
4284,2026-07-14 10:36:00,EQ-031,Rio Verde,15.7,0.9,26.8,6.9,389.0,5.6,72,5.2,113,Argiloso,Colheita,Manha,0
5277,2026-08-15 08:43:00,EQ-029,Rio Verde,25.6,0.0,29.1,5.2,290.0,1.3,247,7.7,68,Argiloso,Plantio,Manha,0
1591,2026-04-19 14:20:00,EQ-034,Rio Verde,88.0,43.9,25.9,7.5,1321.0,8.5,0,7.6,82,Arenoso,Transporte,Tarde,0
2122,2026-05-07 20:48:00,EQ-030,Não-Me-Toque,69.2,15.8,17.6,4.1,749.0,12.5,500,5.9,83,Misto,Transporte,Noite,0
335,2026-03-12 16:43:00,EQ-028,Sorriso,100.0,83.1,27.1,5.6,908.0,6.7,488,6.4,99,Encharcado,Colheita,Tarde,1
1982,2026-05-02 19:44:00,EQ-021,Cascavel,61.3,19.9,19.9,8.2,553.0,13.0,124,13.6,69,Misto,Colheita,Noite,1
1386,2026-04-13 10:28:00,EQ-027,Barreiras,78.3,42.1,24.8,3.3,1459.0,16.9,184,7.5,44,Arenoso,Plantio,Manha,0
4586,2026-07-24 07:18:00,EQ-017,Lucas do Rio Verde,36.9,0.0,24.9,4.0,85.0,2.2,223,8.6,80,Arenoso,Colheita,Manha,0
276,2026-03-10 16:07:00,EQ-036,Rio Verde,73.2,5.4,30.8,17.6,823.0,6.3,237,3.6,73,Argiloso,Plantio,Tarde,0
5617,2026-08-25 20:31:00,EQ-006,Sorriso,39.9,0.0,24.0,3.7,535.0,12.4,212,5.3,77,Arenoso,Pulverizacao,Noite,1
1725,2026-04-24 06:40:00,EQ-004,Cascavel,59.3,0.0,20.4,20.4,134.0,5.6,122,13.5,92,Argiloso,Colheita,Manha,1
3938,2026-07-03 13:27:00,EQ-040,Cascavel,67.6,4.0,11.6,3.7,164.0,13.4,156,6.7,87,Misto,Colheita,Tarde,1
5231,2026-08-13 20:52:00,EQ-033,Lucas do Rio Verde,28.0,0.0,28.8,10.8,590.0,24.5,245,8.7,94,Misto,Transporte,Noite,0
2239,2026-05-11 10:28:00,EQ-033,Lucas do Rio Verde,57.6,0.0,30.6,5.7,385.0,24.2,256,4.4,104,Misto,Colheita,Manha,0
18,2026-03-01 15:10:00,EQ-008,Barreiras,73.2,12.3,34.5,7.5,522.0,9.2,298,11.7,109,Misto,Colheita,Tarde,0
1572,2026-04-18 22:31:00,EQ-016,Cascavel,78.8,12.5,23.6,9.6,2433.0,4.2,257,5.1,91,Misto,Colheita,Noite,0
318,2026-03-12 06:50:00,EQ-002,Rio Verde,77.7,0.0,29.7,21.7,1005.0,7.3,63,6.7,90,Arenoso,Colheita,Manha,0
5412,2026-08-19 08:23:00,EQ-019,Sorriso,24.6,0.0,30.7,6.1,659.0,4.6,78,7.0,73,Arenoso,Pulverizacao,Manha,0
4839,2026-08-01 15:06:00,EQ-035,Lucas do Rio Verde,23.1,0.0,28.1,11.8,1294.0,3.1,91,4.4,83,Misto,Plantio,Tarde,0
5479,2026-08-21 07:26:00,EQ-035,Lucas do Rio Verde,27.3,0.0,33.3,2.8,280.0,3.2,164,6.6,98,Argiloso,Transporte,Manha,0
2869,2026-05-31 09:07:00,EQ-031,Lucas do Rio Verde,53.0,0.0,25.2,11.0,491.0,5.5,346,7.5,99,Misto,Colheita,Manha,0
2605,2026-05-22 13:59:00,EQ-008,Barreiras,41.5,0.0,35.3,9.6,649.0,9.4,636,13.3,81,Argiloso,Transporte,Tarde,0
2184,2026-05-09 16:11:00,EQ-009,Sorriso,100.0,113.3,20.3,6.4,1179.0,4.9,562,5.8,100,Encharcado,Transporte,Tarde,1
2186,2026-05-09 16:38:00,EQ-035,Lucas do Rio Verde,67.2,34.7,26.7,21.1,139.0,2.9,89,9.0,87,Misto,Colheita,Tarde,1
1434,2026-04-14 15:10:00,EQ-006,Sorriso,88.3,0.0,27.3,18.3,1139.0,12.0,225,6.7,64,Arenoso,Pulverizacao,Tarde,0
4113,2026-07-08 19:00:00,EQ-007,Cascavel,95.1,24.1,18.0,10.8,654.0,7.8,349,10.7,84,Encharcado,Colheita,Noite,1
871,2026-03-28 15:24:00,EQ-030,Não-Me-Toque,58.8,0.0,32.4,11.3,859.0,12.4,337,8.4,83,Misto,Colheita,Tarde,1
2235,2026-05-11 08:51:00,EQ-019,Sorriso,100.0,109.7,23.8,3.3,532.0,4.3,125,9.0,85,ARGILOSO,Pulverizacao,Manha,1
3932,2026-07-03 06:54:00,EQ-025,Barreiras,19.9,0.0,22.2,1.4,671.0,8.2,57,6.4,119,Misto,Colheita,Manha,0
3695,2026-06-25 20:10:00,EQ-017,Lucas do Rio Verde,15.7,0.0,30.4,1.8,1881.0,2.1,72,8.4,85,Misto,Colheita,Noite,0
4623,2026-07-25 14:51:00,EQ-028,Sorriso,42.9,0.0,17.7,11.6,1908.0,7.1,422,7.3,108,Argiloso,Transporte,Tarde,1
116,2026-03-04 22:32:00,EQ-031,Rio Verde,89.6,40.8,25.0,2.6,143.0,5.2,381,6.6,99,Misto,Colheita,Noite,1
2704,2026-05-25 17:25:00,EQ-025,Barreiras,37.3,0.0,26.6,22.3,100.0,8.1,167,5.1,93,Misto,Colheita,Tarde,0
5032,2026-08-07 17:24:00,EQ-012,Lucas do Rio Verde,27.8,0.0,,1.0,1481.0,3.5,109,10.6,65,Argiloso,Pulverizacao,Tarde,0
5099,2026-08-09 16:13:00,EQ-031,Rio Verde,9.3,2.5,27.2,1.4,576.0,5.7,203,12.4,82,Argiloso,Transporte,Tarde,0
3525,2026-06-20 14:34:00,EQ-027,Barreiras,29.7,0.0,22.9,3.5,366.0,17.1,447,8.9,91,Argiloso,Transporte,Tarde,1
4940,2026-08-04 21:38:00,EQ-035,Lucas do Rio Verde,22.8,0.0,30.6,1.6,391.0,3.2,97,6.1,100,Arenoso,Plantio,Noite,0
263,2026-03-10 09:05:00,EQ-031,Rio Verde,73.5,5.4,29.0,13.5,765.0,5.3,416,7.1,70,Arenoso,Colheita,Manha,0
1480,2026-04-16 13:44:00,EQ-028,Sorriso,82.0,0.0,28.0,6.0,1237.0,6.8,634,8.0,83,Argiloso,Plantio,Tarde,1
346,2026-03-12 22:26:00,EQ-036,Rio Verde,66.8,0.0,32.3,6.6,2323.0,6.3,248,10.0,79,Arenoso,Plantio,Noite,0
946,2026-03-30 14:45:00,EQ-005,Sorriso,84.2,3.5,35.8,4.9,444.0,7.6,276,9.1,83,Argiloso,Plantio,Tarde,1
1076,2026-04-03 14:52:00,EQ-018,Rio Verde,83.0,50.3,33.2,2.5,122.0,9.1,275,7.1,85,Misto,Plantio,Tarde,1
3963,2026-07-04 07:17:00,EQ-021,Cascavel,65.8,6.8,13.6,2.1,2251.0,13.1,123,9.5,99,Argiloso,Colheita,Manha,0
1414,2026-04-14 06:46:00,EQ-024,Cascavel,76.0,6.5,26.9,7.6,569.0,7.7,290,10.3,61,Argiloso,Pulverizacao,Manha,0
2418,2026-05-16 17:33:00,EQ-038,Rio Verde,34.9,0.0,29.5,5.2,796.0,3.1,64,10.8,110,Argiloso,Transporte,Tarde,0
3908,2026-07-02 10:40:00,EQ-022,Rio Verde,23.3,0.0,27.0,12.0,123.0,3.8,254,7.3,93,Misto,Transporte,Manha,0
99,2026-03-04 10:03:00,EQ-014,Sorriso,94.5,28.8,27.1,5.2,361.0,7.9,149,7.6,46,Misto,Pulverizacao,Manha,1
894,2026-03-29 07:28:00,EQ-002,Rio Verde,73.8,0.0,28.1,6.2,990.0,7.4,160,8.9,90,Pedregoso,Plantio,Manha,0
4608,2026-07-25 06:10:00,EQ-033,Lucas do Rio Verde,24.0,0.0,23.3,8.6,1072.0,24.4,152,9.9,50,Argiloso,Plantio,Manha,0
5014,2026-08-07 07:59:00,EQ-016,Cascavel,140.0,20.5,18.1,10.3,359.0,4.5,68,10.7,88,Argiloso,Colheita,Manha,1
3026,2026-06-05 08:59:00,EQ-040,Não-Me-Toque,81.4,19.0,16.1,8.9,551.0,13.3,46,5.5,68,Argiloso,Colheita,Manha,1
1279,2026-04-10 08:25:00,EQ-026,Sorriso,89.0,0.0,25.3,5.1,806.0,2.4,310,9.2,,Misto,Plantio,Manha,1
4824,2026-08-01 06:48:00,EQ-017,Lucas do Rio Verde,32.3,0.0,24.6,20.0,1556.0,2.2,258,6.2,72,Argiloso,Colheita,Manha,0
2270,2026-05-12 09:07:00,EQ-011,Barreiras,68.8,4.8,30.1,8.5,309.0,9.1,174,7.9,99,Arenoso,Colheita,Manha,0
3058,2026-06-06 10:19:00,EQ-007,Cascavel,89.2,49.5,18.6,4.7,310.0,7.7,184,8.3,88,Arenoso,Colheita,Manha,1
5193,2026-08-12 13:58:00,EQ-026,Sorriso,22.8,0.0,26.5,5.4,914.0,2.8,105,9.4,82,Argiloso,Plantio,Tarde,0
5203,2026-08-13 06:56:00,EQ-020,Barreiras,30.3,0.0,24.4,1.7,430.0,1.8,197,7.2,81,Arenoso,Colheita,Manha,0
274,2026-03-10 15:44:00,EQ-018,Rio Verde,85.9,5.4,28.3,14.6,621.0,9.0,175,4.1,71,Encharcado,Plantio,Tarde,1
1801,2026-04-26 14:14:00,EQ-009,Lucas do Rio Verde,89.8,0.0,30.9,7.4,1901.0,4.8,517,7.9,72,Arenoso,Plantio,Tarde,0
5286,2026-08-15 10:56:00,EQ-032,Barreiras,17.1,0.0,26.7,8.0,335.0,6.1,163,11.4,63,Argiloso,Pulverizacao,Manha,0
2788,2026-05-28 13:41:00,EQ-026,Sorriso,35.3,0.0,25.2,7.3,631.0,2.6,533,6.7,88,Misto,Colheita,Tarde,1
3288,2026-06-13 06:44:00,EQ-012,Lucas do Rio Verde,29.6,0.0,27.6,4.3,314.0,3.4,630,7.5,102,Argiloso,Pulverizacao,Manha,0
62,2026-03-03 07:00:00,EQ-008,Barreiras,78.7,0.0,25.8,12.5,586.0,9.2,304,11.7,88,Misto,Colheita,Manha,1
5382,2026-08-18 09:10:00,EQ-034,Rio Verde,17.6,0.0,26.5,1.3,536.0,8.9,147,11.7,105,Misto,Plantio,Manha,0
1331,2026-04-11 16:55:00,EQ-030,Não-Me-Toque,71.1,7.9,25.4,11.7,740.0,12.4,392,7.6,66,Argiloso,Colheita,Tarde,0
5050,2026-08-08 10:10:00,EQ-007,Cascavel,95.3,14.8,14.2,11.7,397.0,7.9,31,10.4,74,Encharcado,Colheita,Manha,1
4813,2026-07-31 17:05:00,EQ-030,Não-Me-Toque,100.0,81.1,16.1,14.1,212.0,12.7,272,9.0,81,Argiloso,Colheita,Tarde,1
5394,2026-08-18 15:38:00,EQ-013,Barreiras,24.5,0.0,30.0,5.6,245.0,9.6,481,7.8,90,Arenoso,Colheita,Tarde,1
5766,2026-08-31 06:00:00,EQ-999,Não-Me-Toque,69.1,0.0,23.7,13.3,554.0,24.5,323,9.4,86,Misto,Plantio,Manha,1
2057,2026-05-05 14:36:00,EQ-002,Rio Verde,55.5,0.0,27.5,10.7,206.0,7.5,46,7.6,96,Misto,Transporte,Tarde,0
4475,2026-07-20 13:28:00,EQ-004,Cascavel,94.6,0.6,15.5,2.0,397.0,5.8,202,3.9,103,Arenoso,Colheita,Tarde,1
726,2026-03-24 07:23:00,EQ-027,Barreiras,93.9,,26.1,4.0,1019.0,16.8,64,8.0,83,Arenoso,Transporte,Manha,1
3087,2026-06-07 07:05:00,EQ-037,Sorriso,29.8,0.0,24.2,1.0,112.0,20.7,257,6.7,63,Arenoso,Plantio,Manha,0
1439,2026-04-14 16:11:00,EQ-040,Sorriso,98.8,0.0,30.3,25.9,40.0,13.2,148,6.7,75,Encharcado,Colheita,Tarde,1
2200,2026-05-10 08:57:00,EQ-026,Sorriso,94.9,114.3,22.7,4.2,837.0,2.5,447,5.1,84,Misto,Transporte,Manha,1
3243,2026-06-11 16:25:00,EQ-006,Sorriso,25.4,0.0,27.0,6.5,986.0,,153,6.4,82,Misto,Pulverizacao,Tarde,0
495,2026-03-17 10:17:00,EQ-023,Lucas do Rio Verde,74.9,0.0,24.4,6.4,403.0,6.6,38,7.4,82,Misto,Pulverizacao,Manha,1
359,2026-03-13 09:43:00,EQ-028,Sorriso,84.2,0.0,28.2,8.3,625.0,6.7,494,6.2,87,Arenoso,Colheita,Manha,0
3315,2026-06-13 16:41:00,EQ-035,Lucas do Rio Verde,31.5,0.0,32.5,5.5,696.0,3.0,240,9.5,105,Argiloso,Plantio,Tarde,0
475,2026-03-16 19:10:00,EQ-032,Sorriso,81.1,0.0,20.4,1.4,855.0,5.7,191,5.5,79,Misto,Pulverizacao,Noite,0
5713,2026-08-29 08:14:00,EQ-025,Barreiras,29.4,0.0,22.6,10.8,592.0,8.4,40,7.9,82,Misto,Colheita,Manha,1
2306,2026-05-13 10:04:00,EQ-001,Barreiras,57.9,0.0,28.4,10.8,243.0,11.3,256,5.7,83,Arenoso,Transporte,Manha,0
691,2026-03-23 06:00:00,EQ-022,Rio Verde,97.3,133.7,23.9,14.9,171.0,3.5,262,4.0,77,Arenoso,Colheita,Manha,1
5672,2026-08-27 15:33:00,EQ-011,Barreiras,13.6,0.0,25.0,5.2,742.0,9.4,220,10.4,104,Misto,Transporte,Tarde,0
5048,2026-08-08 09:32:00,EQ-013,Barreiras,24.1,0.0,27.7,1.2,427.0,9.5,408,6.9,85,Arenoso,Colheita,Manha,0
3338,2026-06-14 15:01:00,EQ-037,Sorriso,14.0,0.0,21.8,0.3,1199.0,20.7,286,7.5,92,Argiloso,Transporte,Tarde,1
3256,2026-06-12 09:21:00,EQ-002,Rio Verde,13.9,0.0,21.0,7.2,838.0,7.6,166,6.6,89,Argiloso,Plantio,Manha,0
4269,2026-07-13 22:30:00,EQ-040,Não-Me-Toque,69.7,2.6,8.8,2.7,404.0,13.4,198,8.2,94,Argiloso,Colheita,Noite,1
454,2026-03-16 06:59:00,EQ-040,Não-Me-Toque,86.0,17.1,21.0,5.2,637.0,13.1,9,7.9,83,Misto,Colheita,Manha,1
4230,2026-07-12 10:39:00,EQ-023,Lucas do Rio Verde,20.4,0.0,23.7,5.3,1237.0,6.9,600,7.6,90,Argiloso,Pulverizacao,Manha,0
5350,2026-08-17 09:51:00,EQ-034,Rio Verde,22.0,0.0,25.8,4.6,1048.0,8.9,136,9.8,82,Misto,Colheita,Manha,0
2439,2026-05-17 15:34:00,EQ-024,Cascavel,58.2,20.6,30.5,16.7,163.0,7.8,0,9.1,63,Argiloso,Pulverizacao,Tarde,0
3492,2026-06-19 15:27:00,EQ-038,Rio Verde,27.9,0.0,24.0,5.9,1444.0,3.2,214,5.6,72,Misto,Transporte,Tarde,0
2512,2026-05-19 07:42:00,EQ-003,Lucas do Rio Verde,35.1,0.0,31.5,4.4,1615.0,8.5,157,6.8,73,Misto,Pulverizacao,Manha,0
813,2026-03-26 16:16:00,EQ-001,Barreiras,81.5,6.8,27.4,4.4,205.0,11.1,30,7.8,85,Arenoso,Colheita,Tarde,1
2430,2026-05-17 09:00:00,EQ-027,Barreiras,54.2,0.0,28.0,2.9,200.0,17.0,293,11.2,80,Arenoso,Colheita,Manha,0
3102,2026-06-07 14:36:00,EQ-020,Barreiras,27.8,7.8,28.7,1.9,518.0,1.7,260,10.0,84,Arenoso,Colheita,Tarde,0
4398,2026-07-18 06:14:00,EQ-010,Sorriso,13.3,0.0,22.1,4.6,320.0,5.2,53,8.1,91,Arenoso,Transporte,Manha,0
1969,2026-05-02 10:06:00,EQ-030,Barreiras,78.0,0.0,27.5,5.7,481.0,12.5,478,7.6,87,Arenoso,Colheita,Manha,1
1136,2026-04-05 15:53:00,EQ-023,Lucas do Rio Verde,91.0,11.5,32.0,6.6,1169.0,6.6,117,6.8,78,Encharcado,Pulverizacao,Tarde,1
284,2026-03-10 19:06:00,EQ-018,Rio Verde,90.1,5.4,30.3,6.9,560.0,9.0,171,8.0,70,Encharcado,Plantio,Noite,1
3486,2026-06-19 10:23:00,EQ-020,Barreiras,27.7,0.0,24.9,5.9,1633.0,1.7,324,7.5,86,Misto,Colheita,Manha,0
3899,2026-07-02 07:49:00,EQ-039,Sorriso,24.6,0.0,29.3,6.7,229.0,2.3,286,2.1,93,Misto,Colheita,Manha,0
3909,2026-07-02 10:55:00,EQ-031,Rio Verde,24.2,0.0,27.9,9.9,1058.0,5.6,5,8.5,68,Arenoso,Colheita,Manha,0
3371,2026-06-15 19:06:00,EQ-040,Não-Me-Toque,"72,1",8.0,24.9,10.3,902.0,13.3,78,9.6,89,Misto,Colheita,Noite,0
1849,2026-04-27 20:48:00,EQ-038,Rio Verde,71.3,27.8,29.3,11.5,327.0,3.1,266,7.1,81,Misto,Colheita,Noite,1
2414,2026-05-16 16:08:00,EQ-010,Sorriso,59.5,0.0,33.9,3.4,164.0,5.1,78,5.2,86,Argiloso,Transporte,Tarde,0
1133,2026-04-05 15:13:00,EQ-026,Barreiras,79.9,0.0,28.5,2.4,696.0,2.4,280,11.3,56,Arenoso,Plantio,Tarde,0
5101,2026-08-09 16:25:00,EQ-022,Rio Verde,29.9,2.5,22.2,2.5,794.0,3.9,13,6.5,79,Argiloso,Transporte,Tarde,0
4922,2026-08-04 10:36:00,EQ-013,Lucas do Rio Verde,34.6,0.0,28.4,3.2,425.0,9.5,377,8.3,66,Argiloso,Transporte,Manha,0
4131,2026-07-09 10:26:00,EQ-027,Barreiras,33.0,0.0,26.0,1.2,1773.0,17.1,502,7.8,72,Misto,Transporte,Manha,0
539,2026-03-18 13:14:00,EQ-036,Rio Verde,70.7,6.7,28.0,8.8,1061.0,6.3,274,8.4,65,Argiloso,Plantio,Tarde,0
1089,2026-04-04 07:34:00,EQ-024,Cascavel,88.0,0.0,25.1,38.4,73.0,7.7,260,6.3,81,Encharcado,Pulverizacao,Manha,1
2474,2026-05-18 10:28:00,EQ-019,Sorriso,44.9,0.0,26.7,4.0,929.0,4.3,166,7.5,79,Argiloso,Pulverizacao,Manha,1
1141,2026-04-05 19:34:00,EQ-037,Sorriso,91.3,25.9,31.3,5.2,625.0,20.5,704,10.1,71,Arenoso,Colheita,Noite,0
918,2026-03-29 21:59:00,EQ-030,Sorriso,100.0,51.3,25.3,3.0,503.0,12.4,345,9.6,72,Encharcado,Colheita,Noite,1
3328,2026-06-14 09:34:00,EQ-006,Sorriso,20.3,0.0,31.2,0.8,1240.0,12.2,180,11.4,49,Misto,Pulverizacao,Manha,0
4151,2026-07-09 19:47:00,EQ-001,Barreiras,24.4,0.0,21.1,12.9,619.0,11.4,185,3.0,79,Misto,Colheita,Noite,0
737,2026-03-24 10:53:00,EQ-018,Rio Verde,97.5,133.6,24.4,2.8,283.0,9.0,245,11.7,75,Misto,Colheita,Manha,1
1020,2026-04-01 23:12:00,EQ-030,Não-Me-Toque,55.0,7.4,28.8,12.9,252.0,12.4,367,4.7,92,Arenoso,Colheita,Noite,0
4362,2026-07-16 20:48:00,EQ-025,Barreiras,24.3,0.0,20.5,9.6,907.0,8.2,106,10.4,76,Argiloso,Colheita,Noite,0
2563,2026-05-20 23:40:00,EQ-005,Sorriso,46.8,0.0,26.6,5.2,359.0,7.8,242,6.0,104,Arenoso,Transporte,Noite,0
2660,2026-05-24 13:57:00,EQ-012,Lucas do Rio Verde,39.8,0.0,28.8,9.4,894.0,3.3,550,7.1,40,Misto,Pulverizacao,Tarde,0
5735,2026-08-30 06:24:00,EQ-005,Sorriso,29.5,0.0,27.2,3.7,802.0,8.0,40,9.5,64,Misto,Plantio,Manha,0
1275,2026-04-10 06:33:00,EQ-011,Barreiras,82.5,10.9,32.2,1.8,618.0,9.0,42,4.5,97,Argiloso,Plantio,Manha,0
1807,2026-04-26 17:48:00,EQ-006,Sorriso,76.4,4.3,25.9,5.8,1553.0,12.0,275,7.2,74,Misto,Pulverizacao,Tarde,0
4257,2026-07-13 09:02:00,EQ-014,Sorriso,34.2,0.9,25.9,2.0,2018.0,8.3,344,7.3,85,Argiloso,Pulverizacao,Manha,0
1390,2026-04-13 10:40:00,EQ-015,Sorriso,90.9,6.6,23.5,11.8,1036.0,8.0,114,6.1,71,Misto,Colheita,Manha,0
5790,2026-08-31 17:53:00,EQ-002,Rio Verde,18.8,0.0,27.1,26.7,1146.0,7.8,162,6.2,99,Misto,Transporte,Tarde,0
518,2026-03-17 17:57:00,EQ-007,Cascavel,55.5,5.2,25.8,7.3,357.0,7.5,247,5.4,98,Argiloso,Colheita,Tarde,0
4711,2026-07-28 13:46:00,EQ-010,Sorriso,43.4,0.0,17.3,6.8,716.0,5.3,73,4.1,109,Argiloso,Transporte,Tarde,0
1705,2026-04-23 09:46:00,EQ-030,Sorriso,67.1,0.0,25.8,9.3,1692.0,12.4,443,6.9,83,Arenoso,Colheita,Manha,0
3515,2026-06-20 09:58:00,EQ-010,Sorriso,16.6,0.0,23.6,10.8,2500.0,5.1,262,11.8,91,Argiloso,Transporte,Manha,1
2284,2026-05-12 14:13:00,EQ-032,Sorriso,95.9,0.0,29.9,3.2,256.0,5.9,194,5.8,58,Encharcado,Pulverizacao,Tarde,1
1751,2026-04-24 20:48:00,EQ-009,Lucas do Rio Verde,100.0,57.8,34.7,1.2,85.0,4.8,509,10.2,70,Encharcado,Colheita,Noite,1
347,2026-03-13 06:15:00,EQ-016,Rio Verde,66.9,0.0,30.7,38.0,250.0,4.1,85,3.9,81,Arenoso,Transporte,Manha,1
501,2026-03-17 10:45:00,EQ-004,Cascavel,50.1,5.2,20.6,10.8,1196.0,5.5,318,5.4,105,Arenoso,Colheita,Manha,0
772,2026-03-25 08:59:00,EQ-013,Barreiras,90.1,0.0,25.7,10.5,809.0,9.2,667,8.8,82,Arenoso,Colheita,Manha,0
536,2026-03-18 10:39:00,EQ-007,Cascavel,42.4,4.6,27.6,7.6,245.0,7.5,249,5.4,94,Misto,Colheita,Manha,0
224,2026-03-08 16:38:00,EQ-038,Rio Verde,89.6,12.7,34.2,3.3,694.0,3.0,77,8.9,101,Encharcado,Transporte,Tarde,0
2856,2026-05-30 23:53:00,EQ-012,Lucas do Rio Verde,60.2,2.0,27.3,4.3,628.0,3.3,574,8.1,81,Misto,Pulverizacao,Noite,0
986,2026-03-31 19:34:00,EQ-015,Sorriso,83.4,11.9,26.7,8.1,559.0,7.9,36,11.3,90,Arenoso,Plantio,Noite,1
5255,2026-08-14 15:59:00,EQ-031,Não-Me-Toque,74.7,9.6,17.4,26.6,205.0,5.7,245,10.3,88,Argiloso,Colheita,Tarde,1
249,2026-03-09 15:38:00,EQ-030,Não-Me-Toque,88.0,53.9,23.4,16.6,264.0,12.3,281,,84,Argiloso,Colheita,Tarde,1
2874,2026-05-31 13:36:00,EQ-024,Cascavel,63.4,10.3,23.6,1.6,802.0,7.9,69,3.4,95,Misto,Pulverizacao,Tarde,0
2150,2026-05-08 16:36:00,EQ-034,Rio Verde,59.6,0.6,28.0,4.6,2276.0,8.6,72,6.5,67,Arenoso,Colheita,Tarde,0
311,2026-03-11 17:39:00,EQ-031,Rio Verde,92.2,23.5,30.0,9.7,481.0,5.3,2,8.3,114,Encharcado,Colheita,Tarde,1
1877,2026-04-28 22:11:00,EQ-039,Sorriso,71.1,16.0,26.3,16.6,804.0,2.1,635,9.9,120,Argiloso,Colheita,Noite,1
3507,2026-06-20 06:50:00,EQ-020,Lucas do Rio Verde,17.2,0.0,27.4,5.1,2105.0,1.7,334,6.4,48,Arenoso,Colheita,Manha,0
505,2026-03-17 13:20:00,EQ-015,Sorriso,70.0,0.0,27.0,9.5,1777.0,7.9,236,4.6,52,Arenoso,Plantio,Tarde,0
604,2026-03-20 17:22:00,EQ-018,Não-Me-Toque,64.7,0.4,22.3,9.1,916.0,9.0,223,7.3,76,Misto,Plantio,Tarde,0
1307,2026-04-10 23:53:00,EQ-028,Sorriso,75.2,0.0,34.7,20.8,735.0,6.8,612,6.7,80,Misto,Colheita,Noite,1
3353,2026-06-15 08:49:00,EQ-037,Sorriso,18.3,0.0,31.1,2.6,14.0,20.7,292,9.5,71,Arenoso,Colheita,Manha,1
3112,2026-06-07 16:16:00,EQ-012,Lucas do Rio Verde,32.8,0.0,22.9,4.4,473.0,3.4,607,3.2,76,Argiloso,Pulverizacao,Tarde,0
2406,2026-05-16 10:52:00,EQ-038,Rio Verde,29.8,0.0,27.2,4.0,1710.0,3.1,60,8.5,71,Argiloso,Transporte,Manha,0
1811,2026-04-26 20:49:00,EQ-006,Sorriso,75.5,4.3,29.8,11.7,520.0,12.0,270,10.0,54,Arenoso,Pulverizacao,Noite,1
5175,2026-08-11 22:59:00,EQ-029,Rio Verde,14.2,0.0,28.1,8.5,336.0,1.3,219,7.7,77,Arenoso,Transporte,Noite,0
5620,2026-08-26 06:20:00,EQ-010,Sorriso,39.3,0.0,34.9,8.8,1047.0,5.3,204,5.7,86,Arenoso,Transporte,Manha,0
4053,2026-07-06 16:34:00,EQ-031,Rio Verde,19.7,0.0,25.4,11.6,1634.0,5.6,20,6.0,96,Misto,Colheita,Tarde,0
3141,2026-06-08 14:15:00,EQ-034,Rio Verde,27.4,0.0,30.8,17.6,839.0,8.7,208,6.3,78,Argiloso,Transporte,Tarde,0
3854,2026-06-30 15:52:00,EQ-008,Barreiras,24.0,0.0,23.6,14.9,802.0,9.6,217,9.7,107,Arenoso,Colheita, TARDE ,0
4054,2026-07-06 17:07:00,EQ-028,Sorriso,25.1,0.0,27.9,0.8,318.0,7.0,354,5.4,74,Misto,Transporte,Tarde,0
3066,2026-06-06 13:25:00,EQ-003,Lucas do Rio Verde,41.1,0.0,26.0,3.9,351.0,8.5,233,5.1,82,Arenoso,Pulverizacao,Tarde,0
5727,2026-08-29 16:16:00,EQ-010,Sorriso,40.0,0.0,28.0,6.1,543.0,5.3,210,13.3,99,Argiloso,Colheita,Tarde,0
3376,2026-06-16 06:48:00,EQ-038,Rio Verde,33.5,0.0,25.4,22.9,543.0,3.2,207,8.3,90,Arenoso,Transporte,Manha,0
158,2026-03-06 10:53:00,EQ-040,Não-Me-Toque,63.0,0.0,27.9,4.9,896.0,13.0,324,8.7,105,Misto,Colheita,Manha,0
608,2026-03-20 19:16:00,EQ-010,Sorriso,71.3,33.8,27.2,1.3,634.0,4.9,64,9.4,77,Misto,Transporte,Noite,0
1393,2026-04-13 14:21:00,EQ-014,Sorriso,87.5,6.6,26.0,9.2,1440.0,8.0,350,6.7,63,Arenoso,Pulverizacao,Tarde,0
4740,2026-07-29 08:59:00,EQ-029,Rio Verde,34.8,0.0,22.7,13.1,214.0,1.2,164,8.8,74,Argiloso,Transporte,Manha,0
4799,2026-07-31 09:34:00,EQ-027,Barreiras,18.8,0.0,25.3,4.0,401.0,17.2,616,4.7,67,Misto,Transporte,Manha,1
3603,2026-06-23 07:11:00,EQ-012,Lucas do Rio Verde,19.9,0.0,28.9,5.1,759.0,3.4,698,8.3,57,Misto,Pulverizacao,Manha,0
349,2026-03-13 07:23:00,EQ-008,Barreiras,87.5,41.5,25.3,2.5,138.0,9.3,334,7.1,98,Encharcado,Colheita,Manha,1
141,2026-03-05 19:52:00,EQ-023,Lucas do Rio Verde,94.6,49.3,29.0,2.0,1788.0,6.5,0,12.3,82,Argiloso,Pulverizacao,Noite,0
1739,2026-04-24 14:08:00,EQ-011,Barreiras,60.8,0.0,26.2,3.0,1234.0,9.0,79,12.9,89,Misto,Plantio,Tarde,0
1451,2026-04-15 06:21:00,EQ-028,Sorriso,95.7,28.6,27.9,11.8,203.0,6.8,626,9.4,73,Encharcado,Plantio,Manha,1
520,2026-03-17 19:21:00,EQ-010,Sorriso,73.6,0.0,23.4,2.2,882.0,4.9,53,10.0,102,Argiloso,Plantio,Noite,0
4534,2026-07-22 10:14:00,EQ-003,Lucas do Rio Verde,35.9,0.0,27.3,0.8,400.0,8.6,20,12.2,82,Argiloso,Pulverizacao,Manha,0
423,2026-03-15 09:12:00,EQ-017,Lucas do Rio Verde,70.6,0.0,25.5,4.2,399.0,1.8,194,8.0,111,Argiloso,Colheita,Manha,1
5160,2026-08-11 13:27:00,EQ-040,Cascavel,84.2,21.3,15.4,0.8,908.0,13.5,317,6.6,94,Argiloso,Colheita,Tarde,0
68,2026-03-03 13:28:00,EQ-001,Não-Me-Toque,66.4,0.0,27.0,11.9,226.0,11.1,257,7.5,84,Misto,Colheita,Tarde,1
3009,2026-06-04 17:04:00,EQ-017,Cascavel,82.9,20.1,26.4,8.7,552.0,2.0,255,9.5,84,Misto,Colheita,Tarde,0
3684,2026-06-25 09:10:00,EQ-040,Não-Me-Toque,77.8,6.7,21.3,6.6,376.0,13.3,118,3.9,96,Misto,Colheita,Manha,1
4458,2026-07-19 23:00:00,EQ-037,Sorriso,25.3,0.0,33.5,6.7,640.0,20.8,448,9.1,97,Arenoso,Transporte,Noite,1
2818,2026-05-29 13:56:00,EQ-027,Barreiras,26.7,1.1,25.4,7.3,1593.0,17.0,332,7.9,85,Misto,Transporte,Tarde,0
4102,2026-07-08 13:37:00,EQ-006,Sorriso,14.5,0.0,30.8,7.4,1055.0,12.2,285,6.6,77,Argiloso,Pulverizacao,Tarde,0
2998,2026-06-04 13:51:00,EQ-008,Barreiras,29.9,0.0,26.7,2.8,515.0,9.5,70,2.2,95,Argiloso,Colheita,Tarde,0
2383,2026-05-15 15:26:00,EQ-005,Sorriso,,0.0,25.9,3.4,,7.8,212,9.0,98,Arenoso,Transporte,Tarde,1
5251,2026-08-14 14:06:00,EQ-036,Rio Verde,27.4,0.0,32.8,12.0,869.0,6.7,65,7.3,113,Argiloso,Colheita,Tarde,0
857,2026-03-28 06:25:00,EQ-011,Barreiras,100.0,43.7,28.3,3.6,218.0,9.0,406,14.5,77,Arenoso,Plantio,Manha,1
696,2026-03-23 07:38:00,EQ-005,Sorriso,82.5,35.7,26.1,4.0,1590.0,7.6,249,4.0,89,Arenoso,Colheita,Manha,0
284,2026-03-10 19:06:00,EQ-018,Rio Verde,90.1,5.4,30.3,6.9,560.0,9.0,171,8.0,70,Encharcado,Plantio,Noite,1
1207,2026-04-08 06:36:00,EQ-040,Não-Me-Toque,66.0,37.9,20.2,11.4,447.0,13.1,108,8.2,87,Arenoso,Colheita,Manha,1
246,2026-03-09 14:29:00,EQ-024,Cascavel,73.8,12.2,28.1,19.7,97.0,7.6,164,5.2,40,Argiloso,Pulverizacao,Tarde,1
3979,2026-07-04 14:41:00,EQ-027,Barreiras,25.4,0.0,22.6,4.2,1100.0,17.1,496,12.2,92,Arenoso,Colheita,Tarde,0
911,2026-03-29 17:30:00,EQ-021,Cascavel,41.3,0.0,27.8,10.1,600.0,12.9,188,9.6,95,Argiloso,Colheita,Tarde,0
2030,2026-05-04 13:19:00,EQ-022,Rio Verde,54.0,0.0,29.9,16.5,1368.0,3.6,397,3.7,9999.0,Misto,Colheita,Tarde,0
1541,2026-04-18 09:09:00,EQ-006,Cascavel,80.4,12.5,23.2,9.9,514.0,12.0,252,7.6,61,Argiloso,Pulverizacao,Manha,0
5081,2026-08-09 08:33:00,EQ-026,Sorriso,19.4,0.0,27.1,2.0,1376.0,2.8,83,8.8,90,Argiloso,Colheita,Manha,1
2213,2026-05-10 14:21:00,EQ-019,Sorriso,100.0,114.3,32.4,7.5,317.0,4.3,117,8.6,48,Argiloso,Pulverizacao,Tarde,1
3348,2026-06-14 23:53:00,EQ-022,Rio Verde,19.3,0.0,23.8,4.6,467.0,3.7,140,11.4,109,Misto,Colheita,Noite,0
862,2026-03-28 10:37:00,EQ-026,Barreiras,100.0,43.7,26.2,6.0,1211.0,2.4,242,8.5,119,Encharcado,Transporte,Manha,0
1185,2026-04-07 08:03:00,EQ-021,Cascavel,75.6,1.5,23.9,31.8,1001.0,12.9,238,10.0,83,Argiloso,Colheita,Manha,1
1173,2026-04-06 20:24:00,EQ-016,Cascavel,84.6,0.0,24.7,4.4,276.0,4.1,182,8.1,50,Misto,Plantio,Noite,1
2742,2026-05-26 22:54:00,EQ-019,Sorriso,50.5,0.0,24.9,12.6,1997.0,4.4,194,11.4,83,Argiloso,Pulverizacao,Noite,0
4044,2026-07-06 08:23:00,EQ-032,Sorriso,22.7,0.0,29.5,,976.0,6.0,247,5.6,87,Argiloso,Pulverizacao,Manha,0
717,2026-03-23 19:11:00,EQ-029,Rio Verde,96.9,133.7,21.3,11.2,1391.0,0.9,12,6.0,85,Encharcado,Plantio,Noite,1
582,2026-03-20 07:03:00,EQ-037,Sorriso,66.2,33.8,25.3,8.8,393.0,20.5,673,4.1,58, misto ,Plantio,Manha,1
3773,2026-06-28 07:14:00,EQ-035,Lucas do Rio Verde,19.7,0.0,26.4,5.1,1194.0,3.1,295,8.5,90,Misto,Transporte,Manha,0
169,2026-03-06 16:46:00,EQ-010,Cascavel,71.8,0.0,22.1,5.7,743.0,4.9,3,8.5,62,Argiloso,Plantio,Tarde,0
3085,2026-06-07 06:49:00,EQ-034,Rio Verde,19.9,0.0,20.5,5.9,640.0,8.7,197,7.7,90,Arenoso,Transporte,Manha,0
3649,2026-06-24 09:34:00,EQ-022,Rio Verde,25.3,0.0,29.2,9.4,549.0,3.7,192,9.7,94,Arenoso,Transporte,Manha,
3030,2026-06-05 14:39:00,EQ-008,Barreiras,28.9,0.0,28.2,1.9,493.0,9.5,76,4.0,107,Arenoso,Colheita,Tarde,0
2626,2026-05-23 07:47:00,EQ-035,Lucas do Rio Verde,35.4,0.0,34.5,10.3,306.0,3.0,163,1.7,106,Misto,Colheita,Manha,0
5165,2026-08-11 15:07:00,EQ-021,Cascavel,92.0,21.3,15.8,11.3,501.0,13.3,0,9.4,93,Misto,Colheita,Tarde,1
2582,2026-05-21 15:54:00,EQ-024,Cascavel,72.5,5.6,21.8,6.6,287.0,7.8,17,5.8,76,Misto,Pulverizacao,Tarde,1
3199,2026-06-10 08:05:00,EQ-039,Sorriso,24.5,0.0,25.2,3.7,85.0,2.2,160,11.7,71,Argiloso,Plantio,manha,1
1812,2026-04-26 22:28:00,EQ-014,Sorriso,82.8,4.3,29.8,10.1,803.0,8.1,28,13.7,82,Arenoso,Pulverizacao,Noite,0
624,2026-03-21 09:31:00,EQ-005,Sorriso,71.2,0.0,20.9,7.1,958.0,7.6,233,12.0,89,Argiloso,Plantio,Manha,0
1614,2026-04-20 13:48:00,EQ-036,Rio Verde,84.8,0.0,36.3,12.7,393.0,6.4,115,6.7,93,Arenoso,Colheita,Tarde,1
5750,2026-08-30 10:23:00,EQ-040,Não-Me-Toque,84.8,0.0,20.9,14.6,879.0,13.5,35,7.2,82,Misto,Transporte,Manha,1
5230,2026-08-13 20:40:00,EQ-016,Cascavel,99.7,23.5,17.0,14.0,801.0,4.5,99,7.4,72,Encharcado,Transporte,Noite,0
387,2026-03-14 09:17:00,EQ-032,Sorriso,96.9,14.5,30.9,11.2,669.0,5.7,174,7.2,74,Encharcado,Pulverizacao,Manha,1
1822,2026-04-27 07:52:00,EQ-013,Lucas do Rio Verde,,2.3,26.4,10.7,,9.2,0,8.0,99,Misto,Colheita,Manha,0
3562,2026-06-21 17:45:00,EQ-034,Rio Verde,18.5,0.0,25.3,2.1,22.0,8.7,243,2.7,65,Misto,Plantio,Tarde,0
4835,2026-08-01 13:22:00,EQ-031,Rio Verde,26.3,0.0,24.0,19.2,227.0,5.7,168,11.4,104,Misto,Colheita,Tarde,0
4487,2026-07-20 17:34:00,EQ-022,Rio Verde,39.0,14.2,27.7,16.6,2500.0,3.8,326,9.6,77,Arenoso,Transporte,Tarde,0
4866,2026-08-02 14:55:00,EQ-029,Rio Verde,27.0,0.0,25.6,13.9,725.0,1.3,180,5.5,65,Misto,Transporte,Tarde,1
3656,2026-06-24 14:38:00,EQ-016,Cascavel,96.9,79.8,9.1,24.3,1856.0,4.4,210,4.5,100,Argiloso,Transporte,Tarde,0
4051,2026-07-06 13:39:00,EQ-036,Rio Verde,12.5,0.0,25.6,6.5,414.0,6.6,185,7.3,76,Arenoso,Transporte,Tarde,0
5218,2026-08-13 14:01:00,EQ-009,Lucas do Rio Verde,30.1,0.0,19.4,4.3,223.0,5.1,212,6.4,103,Misto,Colheita,Tarde,0
3571,2026-06-22 06:34:00,EQ-035,Lucas do Rio Verde,26.2,0.0,18.4,7.8,1500.0,3.0,273,4.0,77,Misto,Colheita,Manha,0
1464,2026-04-15 17:01:00,EQ-009,Lucas do Rio Verde,88.4,0.0,28.6,5.6,2456.0,4.8,485,7.2,85,Argiloso,Transporte,Tarde,0
2977,2026-06-03 16:29:00,EQ-030,Não-Me-Toque,81.0,0.0,21.8,6.9,1231.0,12.6,641,6.9,86,Argiloso,Colheita,Tarde,0
3398,2026-06-16 15:58:00,EQ-012,Lucas do Rio Verde,31.2,0.0,22.8,7.8,1182.0,3.4,643,10.9,55,Argiloso,Pulverizacao,Tarde,0
3713,2026-06-26 09:49:00,EQ-011,Barreiras,31.5,0.0,23.8,4.6,224.0,9.2,413,8.2,85,Arenoso,Colheita,Manha,0
138,2026-03-05 17:05:00,EQ-024,Cascavel,63.8,4.4,24.7,16.1,1086.0,7.6,135,8.5,79,Argiloso,Pulverizacao,Tarde,0
3636,2026-06-23 22:30:00,EQ-014,Sorriso,36.7,1.7,25.6,7.4,526.0,8.2,278,7.6,72,Misto,Pulverizacao,Noite,0
5159,2026-08-11 13:26:00,EQ-032,Sorriso,24.6,0.0,26.4,3.6,535.0,6.1,149,5.1,101,Arenoso,Pulverizacao,Tarde,0
4275,2026-07-14 07:18:00,EQ-036,Rio Verde,29.0,0.9,22.2,10.0,598.0,6.6,223,6.5,83,Misto,Transporte,Manha,0
3589,2026-06-22 16:29:00,EQ-031,Rio Verde,15.8,0.0,24.0,7.1,2500.0,5.5,395,4.3,101,Arenoso,Colheita,Tarde,0
5437,2026-08-19 23:06:00,EQ-020,Barreiras,21.6,0.0,26.1,3.5,1112.0,1.9,218,7.8,101,Arenoso,Colheita,Noite,0
2152,2026-05-08 16:59:00,EQ-011,Rio Verde,59.9,0.6,32.5,4.2,344.0,9.1,158,10.1,99,Arenoso,Transporte,Tarde,0
2591,2026-05-21 23:31:00,EQ-018,Rio Verde,52.3,0.0,19.1,3.9,827.0,9.2,192,1.0,101,Argiloso,Transporte,Noite,0
2044,2026-05-05 06:50:00,EQ-018,Barreiras,73.2,11.5,27.4,18.4,1720.0,9.1,143,9.5,60,Arenoso,Plantio,Manha,0
1992,2026-05-03 06:20:00,EQ-024,Cascavel,63.4,0.0,30.7,11.3,645.0,7.8,375,11.6,69,Arenoso,Pulverizacao,Manha,0
5121,2026-08-10 07:56:00,EQ-036,Rio Verde,13.7,0.0,24.2,11.8,726.0,6.7,55,7.5,58,Misto,Plantio,Manha,0
2529,2026-05-19 17:50:00,EQ-016,Cascavel,71.5,35.4,24.6,21.4,239.0,4.3,87,5.7,78,Misto,Plantio,Tarde,1
831,2026-03-27 09:48:00,EQ-015,Sorriso,99.1,46.3,25.7,3.0,1132.0,7.9,14,6.2,70,Arenoso,Plantio,Manha,0
5582,2026-08-25 06:58:00,EQ-024,Cascavel,74.1,0.0,16.9,14.5,585.0,8.1,61,8.1,64,Misto,Pulverizacao,Manha,1
5201,2026-08-12 23:23:00,EQ-028,Sorriso,14.2,0.0,23.1,5.0,1531.0,7.1,521,4.9,79,Misto,Plantio,Noite,0
935,2026-03-30 09:27:00,EQ-016,Cascavel,43.4,3.0,21.6,6.7,1055.0,4.1,146,10.8,94,Argiloso,Plantio,Manha,0
2962,2026-06-03 06:52:00,EQ-023,Lucas do Rio Verde,37.2,0.0,20.6,6.8,448.0,6.8,380,12.3,61,Misto,Pulverizacao,Manha,0
2570,2026-05-21 08:42:00,EQ-016,Cascavel,75.7,5.6,25.0,11.3,412.0,4.3,102,8.1,88,Arenoso,Transporte,Manha,0
3629,2026-06-23 16:40:00,EQ-030,Não-Me-Toque,84.0,0.0,20.1,5.0,558.0,12.6,79,7.4,83,Argiloso,Colheita,Tarde,1
3661,2026-06-24 16:56:00,EQ-039,Sorriso,22.9,0.0,26.6,6.0,417.0,2.3,225,10.2,94,Argiloso,Transporte,Tarde,0
5581,2026-08-25 06:52:00,EQ-010,Sorriso,41.4,0.0,27.5,17.0,592.0,5.3,197,5.5,88,Argiloso,Transporte,Manha,0
731,2026-03-24 08:53:00,EQ-023,Sorriso,85.4,28.3,26.4,13.7,972.0,6.6,57,6.0,66,Encharcado,Pulverizacao,Manha,0
4994,2026-08-06 16:13:00,EQ-013,Barreiras,17.0,0.0,21.6,10.6,1686.0,9.5,404,7.1,92,Arenoso,Colheita,Tarde,0
3133,2026-06-08 09:28:00,EQ-020,Barreiras,46.9,0.0,25.2,8.9,1021.0,1.7,269,5.9,105,Arenoso,Colheita,Manha,0
5148,2026-08-11 09:04:00,EQ-032,Sorriso,26.7,0.0,24.9,2.4,378.0,6.1,143,11.9,77,Arenoso,Pulverizacao,Manha,1
2907,2026-06-01 08:49:00,EQ-003,Lucas do Rio Verde,42.4,0.0,22.9,16.2,1985.0,8.5,206,6.8,71,Misto,Pulverizacao,Manha,0
3147,2026-06-08 16:33:00,EQ-022,Rio Verde,21.4,0.0,33.4,8.3,1047.0,3.7,121,5.8,75,Arenoso,Transporte,Tarde,0
406,2026-03-14 21:50:00,EQ-032,Sorriso,90.8,14.5,28.4,2.4,413.0,5.7,177,4.3,72,Encharcado,Pulverizacao,Noite,1
5435,2026-08-19 22:48:00,EQ-018,Rio Verde,29.4,0.0,23.5,7.2,236.0,9.4,261,10.1,109,Misto,Transporte,Noite,0
573,2026-03-19 17:28:00,EQ-012,Barreiras,78.5,0.0,26.9,5.9,1240.0,3.1,271,5.8,40,Misto,Pulverizacao,Tarde,0
568,2026-03-19 15:09:00,EQ-037,Sorriso,61.3,0.0,25.2,9.6,1352.0,20.5,666,6.7,84,Misto,Plantio,Tarde,0
2784,2026-05-28 08:30:00,EQ-019,Sorriso,37.1,0.0,23.1,6.1,1089.0,4.4,206,5.1,83,Misto,pulverizacao,Manha,0
4248,2026-07-12 19:25:00,EQ-040,Não-Me-Toque,80.2,0.0,13.4,5.1,1046.0,13.4,186,6.9,95,Arenoso,Colheita,Noite,0
3751,2026-06-27 13:32:00,EQ-038,Rio Verde,15.5,0.0,22.8,6.0,468.0,3.3,226,10.6,96,Misto,Transporte,Tarde,0
4924,2026-08-04 13:43:00,EQ-019,Sorriso,22.0,0.0,25.0,11.7,863.0,4.6,38,5.7,94,Argiloso,Pulverizacao,Tarde,0
1889,2026-04-29 08:53:00,EQ-014,Sorriso,63.9,0.0,30.7,13.7,770.0,8.1,49,11.6,,Misto,Pulverizacao,Manha,0
2549,2026-05-20 13:07:00,EQ-038,Rio Verde,39.0,16.0,22.8,3.5,178.0,3.2,86,5.6,76,Misto,Transporte,Tarde,0
3508,2026-06-20 08:15:00,EQ-028,Sorriso,13.5,0.0,31.3,3.3,407.0,7.0,293,6.1,85,Argiloso,Colheita,Manha,0
1113,2026-04-05 06:33:00,EQ-005,Sorriso,98.8,25.9,28.0,5.7,270.0,7.6,4,11.1,60,Argiloso,Plantio,Manha,1
3937,2026-07-03 10:54:00,EQ-030,Não-Me-Toque,72.2,0.0,15.5,26.7,312.0,12.6,140,4.1,99,Argiloso,Colheita,Manha,1
1263,2026-04-09 16:46:00,EQ-006,Sorriso,88.0,0.0,29.6,4.3,440.0,12.0,199,5.5,86,Arenoso,Pulverizacao,Tarde,1
1601,2026-04-19 23:40:00,EQ-037,Sorriso,74.0,13.3,24.5,14.5,159.0,20.5,44,5.7,54,Misto,Plantio,Noite,1
1761,2026-04-25 09:55:00,EQ-010,Sorriso,79.2,10.0,30.5,9.5,918.0,5.0,239,8.9,65,Misto,Transporte,Manha,0
3869,2026-07-01 08:21:00,EQ-031,Rio Verde,30.6,0.0,26.7,5.3,602.0,5.6,417,9.3,102,Argiloso,Colheita,Manha,1
585,2026-03-20 07:49:00,EQ-032,Cascavel,58.4,8.9,25.9,16.0,366.0,5.7,214,3.9,87,Argiloso,Pulverizacao,Manha,0
2932,2026-06-02 06:52:00,EQ-009,Lucas do Rio Verde,59.5,0.0,25.5,8.2,1224.0,4.9,673,10.7,101,Arenoso,Colheita,Manha,0
3331,2026-06-14 10:34:00,EQ-037,Sorriso,28.4,0.0,25.1,1.6,522.0,20.7,290,4.2,78,Argiloso,Colheita,Manha,0
2557,2026-05-20 17:09:00,EQ-014,Sorriso,50.6,0.0,27.0,14.6,423.0,8.1,166,5.4,58,Misto,Pulverizacao,Tarde,1
101,2026-03-04 10:29:00,EQ-032,Sorriso,78.1,28.8,25.7,7.7,2500.0,5.7,129,10.8,64,Misto,Pulverizacao,Manha,0
4584,2026-07-24 07:04:00,EQ-018,Rio Verde,35.4,0.0,28.7,7.3,957.0,9.4,151,8.7,86,Misto,Colheita,Manha,0
2802,2026-05-28 21:57:00,EQ-030,Não-Me-Toque,79.1,0.0,18.0,6.0,313.0,12.5,613,8.1,106,Argiloso,Colheita,Noite,1
2367,2026-05-14 22:28:00,EQ-022,Rio Verde,42.0,0.0,26.8,6.3,1884.0,3.6,7,7.7,68,Argiloso,Transporte,Noite,0
5210,2026-08-13 09:10:00,EQ-031,Rio Verde,21.8,0.0,24.6,7.9,326.0,5.7,234,8.6,84,Argiloso,COLHEITA,Manha,0
1516,2026-04-17 16:02:00,EQ-008,Barreiras,77.8,23.3,32.6,12.8,159.0,9.4,464,7.9,106,Arenoso,Colheita,Tarde,1
1737,2026-04-24 13:55:00,EQ-025,Barreiras,53.1,0.0,23.6,6.4,526.0,8.0,43,9.1,55,Misto,Colheita,Tarde,0
1201,2026-04-07 16:48:00,EQ-014,Sorriso,88.3,61.8,26.3,6.1,811.0,8.0,302,8.1,60,Misto,Pulverizacao,Tarde,0
3638,2026-06-24 06:04:00,EQ-003,Lucas do Rio Verde,22.4,0.0,26.3,3.6,111.0,8.6,310,12.7,66,Misto,Pulverizacao,Manha,0
792,2026-03-25 21:53:00,EQ-035,Lucas do Rio Verde,89.9,0.0,30.1,2.2,248.0,2.8,253,10.1,64,Misto,Transporte,Noite,1
904,2026-03-29 14:27:00,EQ-006,Não-Me-Toque,60.8,0.0,25.4,6.9,230.0,12.0,136,6.8,70,Argiloso,Pulverizacao,Tarde,0
167,2026-03-06 16:26:00,EQ-012,Lucas do Rio Verde,98.9,9.2,29.4,1.9,1261.0,3.1,181,6.5,106,Misto,Pulverizacao,Tarde,0
524,2026-03-18 06:36:00,EQ-020,Barreiras,91.8,0.0,33.6,12.3,106.0,1.4,331,6.3,72,Arenoso,Colheita,Manha,1
1682,2026-04-22 14:48:00,EQ-038,Rio Verde,81.4,14.6,24.4,3.2,2236.0,3.1,255,10.2,81,Misto,Transporte,Tarde,0
3080,2026-06-06 22:40:00,EQ-023,Lucas do Rio Verde,37.9,0.0,26.0,21.1,202.0,6.8,405,7.4,47,Argiloso,Pulverizacao,Noite,0
1973,2026-05-02 13:44:00,EQ-033,Lucas do Rio Verde,61.8,2.4,22.0,6.8,445.0,24.2,203,8.1,76,Misto,Transporte,tarde,1
1221,2026-04-08 13:25:00,EQ-015,Sorriso,91.8,7.5,23.5,1.9,699.0,8.0,79,5.3,57,encharcado,Plantio,Tarde,0
370,2026-03-13 17:12:00,EQ-009,Lucas do Rio Verde,91.5,3.7,19.6,7.2,707.0,4.7,348,7.8,74,Arenoso,Plantio,Tarde,0
623,2026-03-21 09:00:00,EQ-019,Sorriso,69.9,0.0,31.9,6.6,198.0,4.2,317,9.1,85,Argiloso,Pulverizacao,Manha,1
120,2026-03-05 06:18:00,EQ-033,Lucas do Rio Verde,91.7,49.3,23.3,1.0,708.0,24.0,322,10.1,65,Misto,Transporte,Manha,0
1839,2026-04-27 15:33:00,EQ-025,Barreiras,79.1,47.4,29.6,6.6,745.0,8.0,53,4.3,93,Argiloso,Colheita,Tarde,0
4444,2026-07-19 14:29:00,EQ-013,Barreiras,20.0,0.0,25.2,5.9,181.0,9.5,344,11.9,108,Misto,Colheita,Tarde,0
91,2026-03-04 07:15:00,EQ-026,Sorriso,82.9,28.8,26.1,16.7,509.0,2.3,164,7.5,45,Argiloso,Plantio,Manha,1
3345,2026-06-14 17:52:00,EQ-019,Sorriso,28.2,0.0,28.2,3.2,251.0,4.4,282,3.9,65,Arenoso,Pulverizacao,Tarde,0
1057,2026-04-03 06:36:00,EQ-007,Cascavel,100.0,60.4,24.6,4.8,108.0,7.5,311,14.6,84,Arenoso,Colheita,MANHÃ,1
2782,2026-05-28 08:26:00,EQ-026,Sorriso,44.1,0.0,23.0,13.2,2480.0,2.6,528,10.4,90,Arenoso,Transporte,Manha,0
3072,2026-06-06 14:55:00,EQ-036,Rio Verde,21.1,0.0,32.6,7.2,822.0,6.5,32,12.9,77,Misto,Plantio,Tarde,0
2928,2026-06-01 22:12:00,EQ-034,Rio Verde,35.2,0.0,23.6,9.2,681.0,8.6,183,5.1,71,Argiloso,Colheita,Noite,0
4095,2026-07-08 09:15:00,EQ-012,Lucas do Rio Verde,19.8,0.0,28.1,3.5,418.0,3.4,759,6.5,78,Misto,Pulverizacao,Manha,0
2793,2026-05-28 15:07:00,EQ-035,Lucas do Rio Verde,56.4,15.1,29.4,5.1,439.0,3.0,173,6.6,110,Misto,Colheita,Tarde,0
2633,2026-05-23 14:07:00,EQ-030,Não-Me-Toque,97.5,9.9,27.7,3.2,1153.0,12.5,592,8.6,81,Encharcado,Colheita,Tarde,1
5736,2026-08-30 06:32:00,EQ-039,Barreiras,18.1,0.0,30.3,2.1,264.0,2.5,514,11.4,78,Arenoso,Plantio,Manha,0
1495,2026-04-16 21:57:00,EQ-034,Rio Verde,71.3,13.0,27.9,23.4,346.0,8.5,384,6.8,98,Misto,Transporte,Noite,0
703,2026-03-23 10:58:00,EQ-038,Rio Verde,100.0,133.7,28.9,13.6,104.0,3.0,168,5.6,93,Arenoso,Plantio,Manha,1
706,2026-03-23 13:30:00,EQ-005,Sorriso,90.6,35.7,28.1,8.7,638.0,7.6,251,7.9,74,Misto,Plantio,Tarde,0
5119,2026-08-10 07:40:00,EQ-005,Sorriso,27.9,0.0,34.0,6.3,1252.0,8.0,258,6.8,108,Arenoso,Transporte,Manha,0
1785,2026-04-26 07:07:00,EQ-034,Rio Verde,76.1,9.0,19.4,16.2,671.0,8.5,21,5.8,75,Argiloso,Transporte,Manha,0
5268,2026-08-14 23:19:00,EQ-028,Barreiras,21.2,0.0,22.8,4.7,993.0,7.1,533,6.4,96,Argiloso,Colheita,Noite,0
3361,2026-06-15 10:54:00,EQ-010,Sorriso,26.6,0.0,22.4,8.6,1929.0,5.1,224,7.9,93,Misto,Colheita,Manha,0
3251,2026-06-12 08:25:00,EQ-004,Cascavel,91.8,0.0,23.4,23.4,1782.0,5.7,16,8.2,85,Argiloso,Colheita,Manha,0
4795,2026-07-31 08:35:00,EQ-002,Rio Verde,23.6,0.0,29.9,4.4,403.0,7.7,71,8.1,77,Arenoso,Transporte,Manha,0
4965,2026-08-05 16:21:00,EQ-019,Sorriso,27.9,0.0,29.2,11.9,738.0,4.6,41,9.9,66,Arenoso,Pulverizacao,Tarde,0
883,2026-03-28 20:04:00,EQ-001,Barreiras,86.1,43.7,28.6,2.6,476.0,11.2,40,9.1,96,Misto,Colheita,Noite,1
4408,2026-07-18 09:38:00,EQ-002,Rio Verde,16.2,7.9,25.0,6.6,538.0,7.7,7,8.8,101,Arenoso,Transporte,Manha,0
5161,2026-08-11 13:44:00,EQ-017,Lucas do Rio Verde,23.4,0.0,27.2,4.9,692.0,2.2,42,2.9,104,Misto,Colheita,Tarde,0
1577,2026-04-19 08:16:00,EQ-014,Sorriso,78.4,13.3,27.2,1.7,1948.0,8.1,13,5.7,75,Misto,Pulverizacao,Manha,0
929,2026-03-30 07:52:00,EQ-029,Rio Verde,81.0,0.0,27.3,8.2,1666.0,0.9,55,11.2,82,Misto,Colheita,manha,0
419,2026-03-15 07:38:00,EQ-010,Sorriso,82.4,0.0,25.2,3.5,447.0,4.9,44,9.3,70,Argiloso,Plantio,Manha,1
4449,2026-07-19 17:27:00,EQ-017,Lucas do Rio Verde,32.7,0.0,24.6,11.4,52.0,2.2,195,6.8,90,Misto,Colheita,tarde,0
3680,2026-06-25 07:22:00,EQ-018,Rio Verde,16.4,0.0,29.9,0.4,315.0,9.3,25,5.4,82,Misto,Colheita,Manha,
3549,2026-06-21 13:08:00,EQ-008,Barreiras,19.3,0.0,25.9,5.5,979.0,9.5,157,9.2,117,Argiloso,Colheita,Tarde,0
5579,2026-08-24 22:49:00,EQ-015,Sorriso,53.0,0.0,29.9,6.5,776.0,8.3,184,6.3,63,Argiloso,Transporte,Noite,0
5022,2026-08-07 13:58:00,EQ-034,Rio Verde,26.9,0.0,31.2,4.8,723.0,8.8,83,5.0,98,Argiloso,Transporte,Tarde,0
4202,2026-07-11 10:10:00,EQ-002,Rio Verde,26.7,0.0,22.7,16.6,447.0,7.7,297,2.5,74,Misto,Plantio,Manha,0
3906,2026-07-02 09:58:00,EQ-034,Rio Verde,15.4,0.0,24.8,7.6,708.0,8.7,292,9.2,94,Argiloso,Colheita,Manha,0
2870,2026-05-31 09:30:00,EQ-035,Lucas do Rio Verde,44.7,0.0,29.6,1.1,878.0,3.0,187,3.3,116,Arenoso,Transporte,Manha,0
5168,2026-08-11 16:07:00,EQ-004,Cascavel,87.4,21.3,22.8,22.5,497.0,5.9,271,8.2,70,Encharcado,Colheita,Tarde,1
4642,2026-07-26 10:57:00,EQ-014,Sorriso,34.0,0.0,26.0,4.9,245.0,8.3,18,6.6,86,Argiloso,Pulverizacao,Manha,0
197,2026-03-07 17:54:00,EQ-006,Sorriso,100.0,9.0,26.8,13.5,651.0,11.9,90,6.2,69,Misto,Pulverizacao,Tarde,0
939,2026-03-30 10:43:00,EQ-006,Sorriso,89.1,3.5,24.1,1.3,807.0,12.0,144,9.4,71,Encharcado,Pulverizacao,Manha,0
2773,2026-05-27 23:04:00,EQ-038,Rio Verde,19.0,0.0,25.7,14.7,894.0,3.2,115,7.4,103,Arenoso,Transporte,Noite,0
4697,2026-07-28 07:50:00,EQ-037,Sorriso,35.1,0.0,25.3,7.2,209.0,20.8,482,9.9,62,Misto,Colheita,Manha,1
5106,2026-08-09 20:07:00,EQ-036,Rio Verde,32.0,2.5,24.9,4.4,302.0,6.7,50,8.4,48,Arenoso,Plantio,Noite,0
1866,2026-04-28 15:29:00,EQ-033,Rio Verde,60.6,0.0,24.5,19.6,757.0,24.2,187,7.2,75,Misto,Colheita,Tarde,1
4941,2026-08-05 07:21:00,EQ-016,Cascavel,85.4,9.4,21.8,7.4,1113.0,4.5,59,9.2,79,Encharcado,Plantio,Manha,0
5197,2026-08-12 15:47:00,EQ-016,Cascavel,92.2,17.8,10.4,21.6,1253.0,4.5,93,2.7,97,Arenoso,Colheita,Tarde,0
2262,2026-05-12 06:46:00,EQ-025,Barreiras,57.9,4.8,32.0,2.4,1299.0,8.1,112,5.7,97,Misto,Colheita,Manha,0
5359,2026-08-17 15:16:00,EQ-028,Sorriso,28.2,0.0,24.7,6.0,204.0,7.2,545,7.8,98,Misto,Colheita,Tarde,1
260,2026-03-10 07:31:00,EQ-004,Cascavel,62.3,0.0,26.1,37.0,613.0,5.5,282,8.7,89,Misto,Colheita,Manha,0
242,2026-03-09 10:17:00,EQ-006,Sorriso,88.2,9.1,29.2,1.6,547.0,11.9,94,4.3,81,Misto,Pulverizacao,Manha,1
2077,2026-05-06 10:18:00,EQ-009,Lucas do Rio Verde,65.5,4.7,22.2,9.1,948.0,4.8,539,8.6,59,Misto,Plantio,Manha,0
877,2026-03-28 17:07:00,EQ-004,Cascavel,48.6,0.0,17.6,5.7,584.0,5.5,6,7.1,,Argiloso,Colheita,Tarde,0
1489,2026-04-16 17:21:00,EQ-031,Não-Me-Toque,62.6,28.1,19.2,9.4,839.0,5.4,132,12.7,71,Misto,Colheita,Tarde,0
1129,2026-04-05 14:11:00,EQ-013,Barreiras,87.5,0.0,23.4,7.0,762.0,9.2,712,6.3,75,Misto,Transporte,Tarde,0
2925,2026-06-01 16:38:00,EQ-008,Barreiras,35.8,0.0,18.7,4.5,1538.0,9.5,44,9.7,80,Arenoso,Colheita,Tarde,0
2627,2026-05-23 08:17:00,EQ-008,Barreiras,28.8,0.0,26.0,18.9,441.0,9.5,0,5.2,78,Arenoso,Colheita,Manha,0
3855,2026-06-30 16:15:00,EQ-040,Não-Me-Toque,"80,4",11.5,15.1,12.9,1590.0,13.4,141,8.2,78,Misto,Colheita,Tarde,0
4319,2026-07-15 14:12:00,EQ-021,Cascavel,100.0,29.0,11.0,12.3,672.0,13.2,154,12.2,70,Argiloso,Colheita,Tarde,1
4240,2026-07-12 15:50:00,EQ-008,Barreiras,20.9,0.0,25.5,2.1,636.0,9.6,265,11.0,67,Arenoso,Colheita,Tarde,0
4483,2026-07-20 16:53:00,EQ-027,Barreiras,28.2,0.0,25.7,11.7,751.0,17.2,554,9.0,93,Misto,Plantio,Tarde,
4190,2026-07-10 20:02:00,EQ-007,Lucas do Rio Verde,10.9,0.0,27.2,6.9,999.0,7.8,369,6.3,99,Argiloso,Colheita,Noite,0
3658,2026-06-24 15:42:00,EQ-033,Lucas do Rio Verde,14.3,0.0,22.8,6.3,776.0,24.3,14,12.5,85,Argiloso,Transporte,Tarde,0
4045,2026-07-06 09:11:00,EQ-036,Rio Verde,28.9,0.0,30.5,11.4,2171.0,6.6,180,9.5,61,Argiloso,Transporte,Manha,0
1053,2026-04-02 23:16:00,EQ-008,Barreiras,90.6,7.9,27.7,1.6,325.0,9.3,409,5.1,118,Arenoso,Colheita,Noite,1
4151,2026-07-09 19:47:00,EQ-001,Barreiras,24.4,0.0,21.1,12.9,619.0,11.4,185,3.0,79,Misto,Colheita,Noite,0
2576,2026-05-21 10:51:00,EQ-005,Sorriso,53.5,6.0,19.0,7.7,284.0,7.8,245,7.7,87,Argiloso,Transporte,Manha,1
4696,2026-07-28 07:48:00,EQ-027,Rio Verde,39.5,0.0,25.6,4.7,400.0,17.2,596,9.4,50,Argiloso,Plantio,Manha,0
2565,2026-05-21 06:55:00,EQ-003,Lucas do Rio Verde,33.0,0.0,26.4,1.3,108.0,8.5,164,6.9,85,Misto,Pulverizacao,Manha,0
1475,2026-04-16 09:47:00,EQ-021,Cascavel,66.9,9.9,27.4,20.9,1825.0,12.9,31,8.9,81,Argiloso,Transporte,Manha,0
4923,2026-08-04 13:41:00,EQ-034,Rio Verde,33.7,0.0,26.2,7.1,119.0,8.8,60,7.3,72,Arenoso,Colheita,Tarde,0
4209,2026-07-11 14:43:00,EQ-016,Cascavel,80.5,11.5,11.0,20.8,553.0,4.4,311,7.4,75,Arenoso,Transporte,Tarde,1
858,2026-03-28 08:10:00,EQ-003,Lucas do Rio Verde,86.3,0.0,28.7,9.0,951.0,8.3,332,5.3,81,Encharcado,Pulverizacao,Manha,0
4635,2026-07-26 06:27:00,EQ-015,Sorriso,35.6,0.0,30.0,12.2,412.0,8.3,20,8.8,92,Misto,Transporte,Manha,0
4875,2026-08-02 22:36:00,EQ-019,Sorriso,28.4,2.0,30.7,11.7,426.0,4.6,24,10.0,84,Argiloso,Pulverizacao,Noite,
37,2026-03-02 09:19:00,EQ-027,Barreiras,76.6,17.0,26.3,0.1,637.0,16.8,672,6.8,64,Arenoso,Transporte,Manha,1
1301,2026-04-10 16:45:00,EQ-034,Rio Verde,94.8,14.7,22.0,6.4,637.0,8.5,365,2.4,71,Encharcado,Plantio,Tarde,0
4034,2026-07-05 20:06:00,EQ-018,Rio Verde,24.5,0.0,25.9,10.0,690.0,9.3,52,7.5,79,Misto,Colheita,Noite,1
4749,2026-07-29 14:24:00,EQ-029,Rio Verde,28.4,0.0,27.0,26.9,635.0,1.2,158,11.8,83,Arenoso,Colheita,Tarde,0
4296,2026-07-14 16:21:00,EQ-032,Sorriso,21.7,0.0,21.3,10.8,1114.0,6.0,0,5.0,82,Argiloso,Pulverizacao,Tarde,0
5122,2026-08-10 08:03:00,EQ-027,Barreiras,29.0,0.0,34.0,19.1,385.0,17.2,643,7.5,120,Misto,Colheita,Manha,1
979,2026-03-31 14:27:00,EQ-031,Rio Verde,68.1,0.0,29.8,8.2,408.0,5.3,76,11.4,80,Argiloso,Colheita,Tarde,1
5809,2026-03-16 15:56:00,EQ-031,Rio Verde,"80,1",13.7,24.7,8.0,599.0,5.3,33,1.8,82,Argiloso,Colheita,Tarde,1
2179,2026-05-09 13:07:00,EQ-024,Cascavel,58.2,0.0,31.1,13.5,1243.0,7.8,425,10.4,88,Argiloso,Pulverizacao,Tarde,1
2708,2026-05-25 20:53:00,EQ-024,Cascavel,65.8,0.0,24.6,16.4,304.0,7.8,43,6.9,51,Misto,Pulverizacao,Noite,1
613,2026-03-20 23:00:00,EQ-024,Cascavel,45.6,8.9,26.5,21.6,475.0,7.7,202,7.5,83,Misto,Pulverizacao,Noite,0
4743,2026-07-29 09:21:00,EQ-009,Lucas do Rio Verde,26.6,0.0,35.5,6.5,623.0,5.1,146,11.3,85,Misto,TRANSPORTE,Manha,0
1022,2026-04-02 06:14:00,EQ-024,Cascavel,95.5,24.6,22.4,1.4,1426.0,7.7,249,6.4,80,Arenoso,Pulverizacao,Manha,0
214,2026-03-08 10:36:00,EQ-038,Rio Verde,85.1,12.7,28.2,7.9,312.0,3.0,81,11.1,95,Misto,Colheita,Manha,1
5096,2026-08-09 15:06:00,EQ-017,Lucas do Rio Verde,24.5,0.0,30.0,4.8,184.0,2.2,35,7.8,93,Argiloso,Colheita,Tarde,1
3983,2026-07-04 15:50:00,EQ-036,Rio Verde,20.1,0.0,28.5,7.8,616.0,6.6,171,9.3,73,Misto,Colheita,Tarde,0
2974,2026-06-03 14:29:00,EQ-031,Rio Verde,26.0,0.0,25.7,2.0,125.0,5.5,363,14.2,102,Argiloso,Colheita,Tarde,0
4901,2026-08-03 20:24:00,EQ-018,Rio Verde,35.5,0.0,30.9,21.2,27.0,9.4,190,7.9,75,Argiloso,Transporte,Noite,1
2926,2026-06-01 17:25:00,EQ-016,Cascavel,85.6,19.8,14.9,20.4,886.0,4.3,118,8.1,58,Arenoso,Plantio,Tarde,0
4372,2026-07-17 08:42:00,EQ-022,Rio Verde,39.2,22.8,25.4,7.4,10.0,3.8,301,8.6,69,Argiloso,Transporte,Manha,0
61,2026-03-03 06:02:00,EQ-013,Barreiras,68.4,0.0,30.5,0.3,683.0,9.1,580,5.6,80,Misto,Colheita,Manha,1
1958,2026-05-02 06:08:00,EQ-034,Rio Verde,78.3,2.0,27.0,16.1,2500.0,8.6,47,2.8,86,Argiloso,Colheita,Manha,0
3683,2026-06-25 07:52:00,EQ-007,Cascavel,84.5,0.0,18.9,24.5,563.0,7.8,287,8.5,113,Arenoso,Transporte,Manha,0
3699,2026-06-25 22:55:00,EQ-024,Cascavel,85.3,0.0,18.6,6.7,860.0,7.9,188,11.1,40,Argiloso,Pulverizacao,Noite,1
2550,2026-05-20 13:23:00,EQ-033,Lucas do Rio Verde,34.9,0.0,26.9,1.7,749.0,24.2,279,7.3,88,Misto,Colheita,Tarde,1
2902,2026-06-01 07:58:00,EQ-028,Rio Verde,27.7,0.0,29.4,14.4,660.0,6.9,172,6.2,111,Misto,Colheita,Manha,0
3922,2026-07-02 17:15:00,EQ-013,Barreiras,18.4,0.0,24.0,12.3,1371.0,9.4,255,10.7,96,Arenoso,Colheita,Tarde,0
3014,2026-06-04 21:53:00,EQ-019,Sorriso,31.6,0.0,26.4,3.9,1067.0,4.4,229,10.9,93,Arenoso,Pulverizacao,Noite,0
878,2026-03-28 17:22:00,EQ-029,Rio Verde,99.2,0.0,23.4,8.8,303.0,0.9,45,9.6,78,Arenoso,Colheita,Tarde,1
104,2026-03-04 13:56:00,EQ-023,Lucas do Rio Verde,96.9,68.4,22.9,1.4,1402.0,6.5,627,8.9,83,Argiloso,Pulverizacao,Tarde,1
2105,2026-05-07 09:54:00,EQ-036,Rio Verde,61.2,0.0,26.4,8.3,919.0,6.5,198,7.0,70,Misto,Colheita,Manha,0
5131,2026-08-10 15:44:00,EQ-036,Rio Verde,36.6,0.0,22.1,9.7,528.0,6.7,58,12.7,92,Misto,Transporte,Tarde,0
5400,2026-08-18 17:53:00,EQ-020,Lucas do Rio Verde,13.9,0.0,27.7,9.8,,1.9,211,6.8,107,Misto,Colheita,Tarde,0
5525,2026-08-22 19:22:00,EQ-015,Sorriso,41.2,34.2,31.2,4.9,562.0,8.3,175,8.9,88,Misto,Transporte,Noite,0
1345,2026-04-12 06:59:00,EQ-021,Cascavel,76.3,7.3,22.5,10.5,403.0,12.9,15,5.3,82,Misto,Colheita,Manha,1
3420,2026-06-17 10:45:00,EQ-010,Sorriso,37.3,0.0,26.1,11.5,479.0,5.1,246,12.9,95,Misto,Plantio,Manha,1
5759,2026-08-30 15:14:00,EQ-037,Sorriso,21.0,0.0,30.8,3.3,520.0,20.9,637,9.3,75,Arenoso,Transporte,Tarde,1
3615,2026-06-23 13:13:00,EQ-013,Barreiras,29.6,0.0,24.6,5.4,1120.0,9.4,215,4.9,92,Arenoso,Transporte,Tarde,0
1913,2026-04-30 08:55:00,EQ-010,Sorriso,65.0,20.3,27.3,5.4,258.0,5.0,0,2.6,87,Arenoso,Plantio,Manha,0
2477,2026-05-18 13:50:00,EQ-008,Barreiras,54.1,0.2,34.9,1.5,321.0,9.4,612,9.0,99,Argiloso,Colheita,Tarde,1
982,2026-03-31 15:18:00,EQ-006,Sorriso,82.7,11.9,24.8,6.5,725.0,12.0,156,9.5,57,Argiloso,Pulverizacao,Tarde,0
2876,2026-05-31 14:04:00,EQ-035,Lucas do Rio Verde,61.5,0.0,27.2,2.0,928.0,3.0,189,5.9,86,Misto,Transporte,Tarde,0
5532,2026-08-23 06:15:00,EQ-006,Não-Me-Toque,100.0,19.4,25.3,8.0,30.0,12.4,202,10.6,89,Argiloso,Pulverizacao,Manha,1
4495,2026-07-21 06:00:00,EQ-040,Não-Me-Toque,93.7,46.8,14.6,15.7,546.0,13.4,235,1.9,114,Encharcado,Colheita,Manha,1
2702,2026-05-25 16:30:00,EQ-034,Rio Verde,28.8,-3.0,26.8,8.0,845.0,8.6,147,10.3,82,Misto,Plantio,Tarde,1
4225,2026-07-12 06:54:00,EQ-006,Sorriso,30.3,0.0,23.5,4.4,230.0,12.2,15,11.7,64,Argiloso,Pulverizacao,Manha,0
5592,2026-08-25 10:01:00,EQ-003,Lucas do Rio Verde,36.6,37.8,31.7,13.0,925.0,8.7,182,9.0,46,Misto,Pulverizacao,Manha,0
2914,2026-06-01 13:59:00,EQ-001,Barreiras,35.9,0.0,28.8,2.2,935.0,11.3,27,8.8,103,Misto,Transporte,Tarde,0
3117,2026-06-07 21:32:00,EQ-024,Cascavel,95.5,0.0,19.0,5.5,226.0,7.9,124,8.0,45,Misto,Pulverizacao,Noite,1
2346,2026-05-14 10:41:00,EQ-025,Barreiras,63.7,8.1,29.3,11.7,874.0,8.1,118,7.9,65,Misto,Colheita,Manha,0
4228,2026-07-12 10:17:00,EQ-026,Sorriso,22.0,0.0,29.3,10.4,91.0,2.7,729,8.0,104,Argiloso,Transporte,Manha,1
5679,2026-08-27 21:37:00,EQ-008,Barreiras,20.4,0.0,25.2,7.4,595.0,9.7,450,8.9,86,Arenoso,Transporte,Noite,0
1685,2026-04-22 15:08:00,EQ-001,Barreiras,67.4,2.9,24.2,6.8,1599.0,11.2,156,7.9,89,Argiloso,Colheita,Tarde,0
3847,2026-06-30 08:17:00,EQ-023,Lucas do Rio Verde,19.7,0.0,29.8,9.4,538.0,6.9,519,8.7,83,Misto,Pulverizacao,Manha,0
962,2026-03-31 07:02:00,EQ-025,Barreiras,96.6,63.3,25.8,2.7,835.0,7.9,198,5.5,79,Encharcado,Transporte,Manha,1
5449,2026-08-20 10:18:00,EQ-020,Barreiras,22.4,0.0,24.9,0.6,1936.0,1.9,230,11.4,86,Arenoso,Colheita,Manha,0
3856,2026-06-30 16:26:00,EQ-026,Sorriso,8.5,0.0,20.4,5.6,922.0,2.6,668,11.0,58,Arenoso,Plantio,Tarde,0
4120,2026-07-09 07:05:00,EQ-022,Rio Verde,19.6,0.0,21.5,11.3,32.0,3.8,278,10.0,81,Misto,Transporte,Manha,1
1492,2026-04-16 19:47:00,EQ-033,Lucas do Rio Verde,71.6,0.0,30.4,10.2,394.0,24.1,99,9.0,84,Misto,Plantio,Noite,1
4986,2026-08-06 10:44:00,EQ-018,Rio Verde,34.0,0.0,27.6,3.8,99.0,9.4,202,5.7,62,Arenoso,Plantio,Manha,0
655,2026-03-22 07:54:00,EQ-034,Rio Verde,75.1,0.0,28.9,7.3,775.0,8.5,294,8.2,72,Misto,Plantio,Manha,0
2015,2026-05-03 17:30:00,EQ-011,Barreiras,80.7,0.0,21.1,3.0,305.0,9.1,143,8.9,56,Arenoso,Plantio,Tarde,1
1204,2026-04-07 22:43:00,EQ-015,Sorriso,100.0,61.8,28.4,11.7,381.0,8.0,72,6.9,78,Encharcado,Plantio,Noite,1
1239,2026-04-08 23:59:00,EQ-004,Cascavel,73.5,23.3,22.2,10.0,811.0,5.6,49,6.8,68,Arenoso,Colheita,Noite,0
4967,2026-08-05 17:08:00,EQ-031,Rio Verde,26.4,0.0,27.0,4.2,399.0,5.7,187,8.3,58,Arenoso,Colheita,Tarde,0
3849,2026-06-30 13:11:00,EQ-023,Lucas do Rio Verde,18.5,0.0,30.5,21.3,333.0,6.9,514,10.1,79,Misto,Pulverizacao,Tarde,0
1717,2026-04-23 17:40:00,EQ-030,Sorriso,65.2,0.0,29.6,14.5,345.0,12.4,446,9.1,90,Misto,Colheita,Tarde,1
1401,2026-04-13 17:30:00,EQ-032,Sorriso,91.4,6.6,25.1,4.1,715.0,5.8,54,6.7,83,Encharcado,Pulverizacao,Tarde,1
2313,2026-05-13 14:30:00,EQ-036,Rio Verde,39.1,0.0,29.2,0.5,1951.0,6.5,238,4.6,84,Argiloso,Transporte,Tarde,0
2873,2026-05-31 10:37:00,EQ-010,Sorriso,26.5,0.0,28.9,3.1,601.0,5.1,134,8.4,84,Misto,Transporte,Manha,0
1311,2026-04-11 06:42:00,EQ-029,Rio Verde,90.6,19.4,25.0,9.1,542.0,1.0,85,11.0,97,Encharcado,Plantio,Manha,1
1362,2026-04-12 15:26:00,EQ-035,Lucas do Rio Verde,92.3,0.5,19.5,10.8,1409.0,2.8,0,8.8,62,Argiloso,Plantio,Tarde,0
5714,2026-08-29 08:17:00,EQ-016,Cascavel,97.8,0.0,21.7,8.9,1255.0,4.5,152,7.0,50,Arenoso,Plantio,Manha,0
1679,2026-04-22 13:09:00,EQ-010,Sorriso,"61,6",0.0,31.3,15.7,693.0,5.0,222,9.5,91,Misto,Colheita,Tarde,0
5605,2026-08-25 13:49:00,EQ-030,Não-Me-Toque,100.0,20.1,16.6,15.3,2500.0,12.8,385,6.7,77,Encharcado,Colheita,Tarde,0
3803,2026-06-29 06:08:00,EQ-028,Sorriso,27.6,0.0,20.4,4.7,305.0,7.0,328,9.7,82,Misto,Colheita,Manha,0
2944,2026-06-02 15:10:00,EQ-027,Rio Verde,18.7,0.0,31.4,4.2,1179.0,17.0,350,10.8,85,Misto,Transporte,Tarde,0
740,2026-03-24 13:27:00,EQ-017,Lucas do Rio Verde,94.1,25.2,27.6,5.9,1535.0,1.8,235,8.8,80,Encharcado,Transporte,Tarde,0
2833,2026-05-30 06:07:00,EQ-026,Sorriso,36.5,0.0,27.4,6.1,393.0,2.6,544,3.9,103,Argiloso,Colheita,Manha,0
5306,2026-08-15 23:25:00,EQ-038,Rio Verde,21.2,0.0,35.2,2.8,866.0,3.4,97,13.1,88,Misto,Transporte,Noite,0
4008,2026-07-05 09:03:00,EQ-026,Sorriso,24.4,0.0,24.2,18.3,1985.0,2.7,697,7.7,89,Misto,TRANSPORTE,Manha,0
3538,2026-06-21 06:52:00,EQ-006,Sorriso,21.7,0.0,24.1,3.9,1416.0,12.2,222,6.5,67,Argiloso,Pulverizacao,Manha,0
3923,2026-07-02 17:15:00,EQ-028,Sorriso,16.9,0.0,30.3,15.0,892.0,7.0,344,6.1,82,Misto,Plantio,Tarde,0
1641,2026-04-21 13:55:00,EQ-023,Lucas do Rio Verde,100.0,43.3,28.1,8.4,1221.0,6.7,188,2.9,89,Argiloso,Pulverizacao,Tarde,1
157,2026-03-06 10:12:00,EQ-020,Barreiras,76.4,0.0,29.2,4.5,630.0,1.4,284,10.8,116,Misto,Colheita,Manha,0
3431,2026-06-17 16:50:00,EQ-022,Rio Verde,31.4,0.0,23.6,1.5,649.0,3.7,166,5.3,67,Arenoso,Transporte,Tarde,0
667,2026-03-22 13:27:00,EQ-023,Lucas do Rio Verde,92.1,19.0,30.0,3.7,1080.0,6.6,54,7.1,81,Arenoso,Pulverizacao,Tarde,0
5281,2026-08-15 10:09:00,EQ-008,Barreiras,19.6,0.0,28.7,0.8,719.0,9.7,402,4.8,81,Misto,Colheita,Manha,1
922,2026-03-30 06:18:00,EQ-001,Barreiras,100.0,24.9,32.7,10.3,179.0,11.2,56,6.3,93,Encharcado,Colheita,Manha,1
660,2026-03-22 09:40:00,EQ-030,Não-Me-Toque,68.5,2.9,24.7,4.7,226.0,12.4,317,5.9,92,Argiloso,Colheita,Manha,1
5677,2026-08-27 17:57:00,EQ-002,Rio Verde,28.8,0.0,23.5,7.2,321.0,7.8,150,5.4,83,Argiloso,Transporte,Tarde,0
1211,2026-04-08 07:37:00,EQ-031,Rio Verde,92.4,0.0,29.1,15.5,1336.0,5.3,108,7.8,78,Pedregoso,Colheita,Manha,0
1436,2026-04-14 15:53:00,EQ-002,Rio Verde,140.0,0.0,25.7,10.1,353.0,7.4,234,10.4,90,Encharcado,Transporte,tarde,1
4168,2026-07-10 09:36:00,EQ-008,Barreiras,27.1,0.0,31.4,5.1,2162.0,9.6,254,11.0,87,Argiloso,Colheita,Manha,0
3619,2026-06-23 13:31:00,EQ-020,Barreiras,25.8,0.0,22.5,9.0,1192.0,1.7,346,6.6,90,Misto,Colheita,Tarde,0
644,2026-03-21 22:46:00,EQ-010,Sorriso,65.4,0.0,30.9,2.3,978.0,4.9,73,6.3,89,Misto,Plantio,Noite,0
5144,2026-08-10 23:47:00,EQ-028,Sorriso,34.9,0.0,29.5,6.9,312.0,7.1,514,7.9,78,Argiloso,Colheita,Noite,1
2087,2026-05-06 16:55:00,EQ-031,Rio Verde,68.6,31.1,23.8,6.7,2500.0,5.4,227,9.6,93,Misto,Colheita,Tarde,0
1281,2026-04-10 09:06:00,EQ-035,Lucas do Rio Verde,85.6,0.0,36.5,12.9,2500.0,2.8,325,11.5,68,Encharcado,Transporte,Manha,0
5682,2026-08-28 07:33:00,EQ-032,Sorriso,26.5,0.0,24.7,1.1,523.0,6.2,234,12.2,63,Misto,Pulverizacao,Manha,0
3947,2026-07-03 16:48:00,EQ-009,Lucas do Rio Verde,7.8,0.0,21.4,2.5,1165.0,5.0,26,5.3,100,Argiloso,Transporte,Tarde,0
4522,2026-07-22 06:42:00,EQ-030,Não-Me-Toque,93.6,54.7,16.6,15.3,556.0,12.7,224,10.2,75,Argiloso,Colheita,Manha,1
1661,2026-04-22 06:32:00,EQ-005,Sorriso,74.7,0.0,27.1,7.1,1307.0,7.7,89,10.0,86,Argiloso,Transporte,Manha,0
1999,2026-05-03 09:31:00,EQ-031,Rio Verde,67.4,0.0,34.3,1.6,614.0,5.4,216,10.4,92,Argiloso,Colheita,Manha,0
3322,2026-06-14 06:22:00,EQ-031,Rio Verde,22.9,0.0,21.1,7.1,480.0,5.5,389,2.9,86,Misto,Colheita,Manha,1
3807,2026-06-29 07:45:00,EQ-032,Sorriso,29.6,0.0,28.1,6.0,177.0,6.0,213,4.5,66,Misto,Pulverizacao,Manha,0
5684,2026-08-28 07:42:00,EQ-034,Rio Verde,18.0,0.0,26.3,7.1,918.0,8.9,183,8.4,40,Argiloso,Plantio,Manha,0
4227,2026-07-12 08:41:00,EQ-005,Sorriso,23.4,0.0,21.5,10.3,418.0,7.9,175,1.9,82,Argiloso,Transporte,Manha,1
3929,2026-07-02 23:18:00,EQ-028,Sorriso,28.7,0.0,29.3,7.9,201.0,7.0,341,5.9,95,Misto,Transporte,Noite,0
5723,2026-08-29 14:44:00,EQ-023,Lucas do Rio Verde,33.5,0.0,30.5,2.3,934.0,7.0,179,4.4,67,Argiloso,Pulverizacao,Tarde,0
1438,2026-04-14 15:57:00,EQ-014,Sorriso,92.2,0.0,32.1,8.4,631.0,8.0,354,7.0,53,Arenoso,Pulverizacao,Tarde,1
23,2026-03-01 17:34:00,EQ-013,Barreiras,69.9,,24.1,1.8,400.0,9.1,569,5.5,88,Misto,Colheita,Tarde,1
4874,2026-08-02 21:19:00,EQ-036,Rio Verde,27.5,0.0,21.1,10.2,759.0,6.7,14,10.7,72,Argiloso,TRANSPORTE,Noite,0
4791,2026-07-31 07:04:00,EQ-033,Lucas do Rio Verde,20.8,0.0,26.7,5.2,1319.0,24.4,177,8.6,60,Argiloso,Transporte,Manha,1
4859,2026-08-02 10:36:00,EQ-030,Não-Me-Toque,99.3,65.4,13.7,9.7,596.0,12.7,283,8.2,86,Misto,Transporte,Manha,1
5688,2026-08-28 09:02:00,EQ-025,Barreiras,18.5,0.0,30.3,6.4,297.0,8.4,33,8.9,92,Misto,Colheita,Manha,0
5372,2026-08-17 23:58:00,EQ-016,Cascavel,97.6,11.0,21.8,4.4,492.0,4.5,121,6.7,86,Arenoso,Transporte,Noite,1
5571,2026-08-24 16:47:00,EQ-001,Barreiras,23.4,0.0,25.1,4.9,388.0,11.6,69,7.6,101,Arenoso,Transporte,Tarde,0
1823,2026-04-27 08:42:00,EQ-021,Cascavel,73.0,21.8,24.2,4.0,449.0,13.0,102,10.3,77,Argiloso,Colheita,Manha,1
560,2026-03-19 09:50:00,EQ-013,Barreiras,91.9,0.0,26.7,2.9,260.0,9.1,637,10.0,102,Arenoso,Colheita,Manha,1
3136,2026-06-08 10:28:00,EQ-019,Sorriso,31.0,0.0,32.1,6.5,559.0,4.4,248,6.6,77,Arenoso,Pulverizacao,Manha,0
5068,2026-08-08 17:58:00,EQ-026,Sorriso,30.0,0.0,32.0,8.0,389.0,2.8,71,11.9,108,Argiloso,Colheita,Tarde,0
2196,2026-05-10 07:35:00,EQ-037,Sorriso,98.6,114.3,24.8,4.4,1977.0,20.6,102,6.6,68,Encharcado,Plantio,Manha,1
2185,2026-05-09 16:17:00,EQ-004,Cascavel,54.3,0.0,24.5,7.4,403.0,5.6,169,8.7,104,Argiloso,Colheita,Tarde,1
3872,2026-07-01 09:23:00,EQ-036,Rio Verde,24.8,0.0,21.7,12.7,50.0,6.6,158,5.5,93,Arenoso,Colheita,Manha,0
5456,2026-08-20 13:29:00,EQ-023,Lucas do Rio Verde,19.7,0.0,32.7,21.7,570.0,7.0,152,7.5,99,Misto,Pulverizacao,Tarde,0
1363,2026-04-12 16:39:00,EQ-016,Cascavel,88.1,7.3,21.5,0.4,800.0,4.2,222,6.0,85,Encharcado,Plantio,Tarde,0
1184,2026-04-07 07:53:00,EQ-019,Sorriso,100.0,61.8,24.4,2.3,1203.0,4.2,392,10.8,55,Arenoso,Pulverizacao,Manha,1
5179,2026-08-12 07:22:00,EQ-026,Sorriso,19.7,0.0,28.5,5.3,740.0,2.8,100,9.3,95,Arenoso,Colheita,Manha,0
4801,2026-07-31 09:49:00,EQ-016,Cascavel,88.5,0.0,22.0,9.7,493.0,4.5,42,7.6,77,Arenoso,Transporte,Manha,1
2102,2026-05-07 08:28:00,EQ-009,Lucas do Rio Verde,49.9,0.0,28.2,7.0,774.0,4.8,548,7.1,61,Misto,Plantio,Manha,0
892,2026-03-29 06:46:00,EQ-012,Lucas do Rio Verde,100.0,43.9,29.0,1.0,618.0,3.2,322,7.3,92,Encharcado,Pulverizacao,Manha,1
500,2026-03-17 10:41:00,EQ-038,Rio Verde,68.7,11.2,31.0,9.3,921.0,3.0,146,5.9,81,Argiloso,Transporte,Manha,0
1945,2026-05-01 14:43:00,EQ-001,Barreiras,100.0,22.0,-99.0,2.3,427.0,11.2,204,8.8,103,Misto,Colheita,Tarde,1
4157,2026-07-10 07:18:00,EQ-023,Lucas do Rio Verde,18.8,0.0,26.0,4.4,718.0,6.9,580,5.7,69,Argiloso,Pulverizacao,Manha,0
720,2026-03-23 19:39:00,EQ-012,Lucas do Rio Verde,100.0,51.5,30.5,4.7,1850.0,3.2,277,10.4,61,Misto,Pulverizacao,Noite,0
1295,2026-04-10 14:49:00,EQ-027,Barreiras,74.6,10.9,28.5,3.6,2368.0,16.9,177,7.2,95,Misto,Plantio,Tarde,0
768,2026-03-25 07:46:00,EQ-040,Não-Me-Toque,60.2,0.0,20.2,14.6,1142.0,13.1,47,8.9,95,Misto,Colheita,Manha,0
4622,2026-07-25 14:49:00,EQ-022,Rio Verde,39.9,0.0,24.7,15.5,242.0,3.8,349,8.7,100,Misto,Transporte,Tarde,1
2766,2026-05-27 15:17:00,EQ-020,Barreiras,37.3,2.6,20.0,12.9,1865.0,1.6,221,11.3,100,Arenoso,Colheita,Tarde,0
2603,2026-05-22 09:55:00,EQ-023,Lucas do Rio Verde,36.8,0.0,30.2,1.2,222.0,6.7,332,6.5,85,Argiloso,Pulverizacao,Manha,0
4837,2026-08-01 14:44:00,EQ-015,Sorriso,35.5,0.0,33.2,28.2,581.0,8.3,47,8.6,79,Misto,Plantio,Tarde,0
4311,2026-07-15 08:21:00,EQ-034,Rio Verde,29.6,0.0,32.6,16.2,132.0,8.8,344,10.1,81,Arenoso,Transporte,Manha,1
2464,2026-05-18 06:35:00,EQ-034,Rio Verde,42.8,0.0,25.8,9.4,267.0,8.6,117,7.4,86,Argiloso,Transporte,Manha,0
1080,2026-04-03 16:58:00,EQ-008,Barreiras,93.3,32.9,31.7,2.2,300.0,9.3,415,10.4,85,Encharcado,Colheita,Tarde,1
3955,2026-07-03 20:05:00,EQ-016,Cascavel,71.9,4.0,19.2,1.7,844.0,4.4,262,9.4,82,Argiloso,Colheita,Noite,0
3791,2026-06-28 16:31:00,EQ-016,Não-Me-Toque,59.1,0.0,20.2,7.0,762.0,4.4,237,4.5,94,Argiloso,Colheita,Tarde,0
5303,2026-08-15 19:21:00,EQ-004,Cascavel,100.0,50.3,15.6,15.4,205.0,5.9,279,12.8,48,Argiloso,Colheita,Noite,1
3000,2026-06-04 14:43:00,EQ-038,Rio Verde,24.4,0.0,27.8,12.5,1649.0,3.2,155,2.9,95,Argiloso,Transporte,Tarde,0
3867,2026-07-01 07:05:00,EQ-009,Não-Me-Toque,70.0,8.0,15.9,21.1,1155.0,5.0,13,8.3,101,Misto,Transporte,Manha,0
5235,2026-08-13 23:35:00,EQ-018,Rio Verde,29.2,0.0,25.9,5.2,1907.0,9.4,222,7.8,79,Arenoso,Plantio,Noite,0
4552,2026-07-22 20:13:00,EQ-027,Barreiras,24.9,0.0,20.8,3.9,1743.0,17.2,574,6.1,97,Misto,Colheita,Noite,0
4278,2026-07-14 07:28:00,EQ-004,Cascavel,98.8,10.2,9.2,4.5,536.0,5.8,182,10.2,85,Arenoso,Colheita,Manha,0
649,2026-03-22 06:43:00,EQ-006,Sorriso,77.6,29.9,26.1,1.1,798.0,11.9,125,8.3,61,Argiloso,Pulverizacao,Manha,1
4435,2026-07-19 10:46:00,EQ-003,Lucas do Rio Verde,12.5,0.0,22.2,10.0,353.0,8.6,0,8.4,71,Misto,Pulverizacao,Manha,0
3410,2026-06-17 06:54:00,EQ-011,Barreiras,40.3,0.0,17.4,6.0,192.0,9.2,367,7.3,70,Arenoso,Colheita,Manha,0
385,2026-03-14 08:42:00,EQ-016,Cascavel,52.7,0.0,24.3,2.6,1021.0,4.1,91,2.7,65,Argiloso,Colheita,Manha,0
3846,2026-06-30 07:59:00,EQ-039,Sorriso,24.0,0.0,23.5,5.9,2157.0,2.3,281,8.2,43,Arenoso,Plantio,Manha,0
3660,2026-06-24 16:35:00,EQ-023,Lucas do Rio Verde,19.6,0.0,28.5,6.9,873.0,6.8,485,7.5,65,Misto,Pulverizacao,Tarde,0
1383,2026-04-13 09:26:00,EQ-020,Barreiras,89.1,42.1,30.4,3.8,625.0,1.5,57,7.2,113,Encharcado,Colheita,Manha,0
3123,2026-06-08 07:10:00,EQ-004,Lucas do Rio Verde,29.9,0.0,24.6,3.8,870.0,5.7,336,7.5,62,Arenoso,Colheita,Manha,0
118,2026-03-04 23:30:00,EQ-013,Barreiras,73.9,45.8,31.5,6.2,1973.0,9.1,587,2.3,101,Arenoso,Colheita,Noite,0
4340,2026-07-16 06:31:00,EQ-020,Barreiras,17.6,0.0,29.4,7.9,720.0,1.8,91,10.1,84,Misto,Colheita,Manha,0
2309,2026-05-13 13:19:00,EQ-019,Sorriso,71.5,0.0,17.7,16.0,134.0,4.3,134,7.9,79,Misto,Pulverizacao,Tarde,0
1953,2026-05-01 20:22:00,EQ-032,Sorriso,65.3,0.0,29.5,4.9,858.0,5.8,158,6.3,75,Misto,Pulverizacao,Noite,0
4559,2026-07-23 08:34:00,EQ-039,Sorriso,36.5,24.1,27.8,10.8,341.0,2.4,378,5.5,63,Arenoso,Colheita,Manha,0
4056,2026-07-06 21:29:00,EQ-025,Barreiras,27.7,0.0,23.8,7.7,1742.0,8.2,65,10.4,97,Misto,Colheita,Noite,0
3737,2026-06-27 06:36:00,EQ-032,Sorriso,22.6,0.0,31.4,4.3,309.0,6.0,199,7.4,61,Arenoso,Pulverizacao,Manha,0
196,2026-03-07 17:43:00,EQ-025,Barreiras,75.4,16.1,26.4,11.4,157.0,7.9,93,9.3,89,Arenoso,Colheita,Tarde,0
1764,2026-04-25 13:21:00,EQ-019,Sorriso,58.0,10.0,29.7,12.9,364.0,4.3,72,31.0,65,Argiloso,Pulverizacao,Tarde,0
3458,2026-06-18 13:11:00,EQ-036,Rio Verde,21.7,0.0,26.4,4.8,279.0,6.6,109,6.3,71,Argiloso,Colheita,Tarde,0
3264,2026-06-12 14:38:00,EQ-031,Rio Verde,20.9,0.0,25.6,5.2,507.0,5.5,379,2.7,103,Argiloso,Colheita,Tarde,0
1216,2026-04-08 08:46:00,EQ-032,Sorriso,85.6,7.5,25.8,8.7,339.0,5.8,17,5.8,59,Misto,Pulverizacao,Manha,1
2261,2026-05-12 06:29:00,EQ-004,Cascavel,52.5,33.5,25.6,18.1,1335.0,5.7,183,7.4,84,Misto,Colheita,Manha,0
2271,2026-05-12 09:37:00,EQ-006,Sorriso,95.2,0.0,26.7,11.6,659.0,12.1,30,8.0,75,Misto,Pulverizacao,Manha,0
785,2026-03-25 16:12:00,EQ-038,Rio Verde,89.4,136.9,33.4,4.7,2050.0,3.0,175,9.4,86,Encharcado,Colheita,Tarde,1
1179,2026-04-07 06:17:00,EQ-009,Lucas do Rio Verde,72.1,0.0,26.9,22.6,1662.0,4.8,447,9.6,79,Misto,Colheita,Manha,1
2672,2026-05-24 21:55:00,EQ-010,Sorriso,41.3,0.0,27.1,5.3,2154.0,5.1,100,11.2,113,Misto,Colheita,Noite,0
5636,2026-08-26 13:59:00,EQ-013,Barreiras,18.2,0.0,27.7,2.5,1426.0,9.6,534,10.6,83,Arenoso,Colheita,Tarde,0
5425,2026-08-19 15:00:00,EQ-015,Sorriso,19.2,0.0,30.4,7.4,471.0,8.3,150,6.7,71,Misto,Transporte,Tarde,1
2946,2026-06-02 16:26:00,EQ-035,Lucas do Rio Verde,42.2,0.0,24.6,2.7,188.0,3.0,197,7.9,77,Argiloso,Plantio,Tarde,0
4429,2026-07-19 07:24:00,EQ-009,Lucas do Rio Verde,23.0,0.0,24.6,4.5,47.0,5.0,96,8.5,82,Argiloso,Colheita,Manha,0
3995,2026-07-04 23:54:00,EQ-022,Rio Verde,21.4,0.0,15.7,13.7,2500.0,3.8,262,7.8,101,Misto,Transporte,Noite,0
1209,2026-04-08 07:14:00,EQ-019,Sorriso,89.4,7.5,32.5,3.2,795.0,4.2,398,10.1,80,Misto,Pulverizacao,Manha,0
5441,2026-08-20 07:01:00,EQ-039,Sorriso,22.4,0.0,29.3,8.9,756.0,2.4,456,2.5,102,Arenoso,Colheita,Manha,0
4805,2026-07-31 13:16:00,EQ-005,Sorriso,33.1,0.0,20.9,7.4,1063.0,8.0,217,8.7,74,Misto,Colheita,Tarde,0
2381,2026-05-15 13:26:00,EQ-009,Lucas do Rio Verde,49.0,0.0,22.5,4.4,430.0,4.9,590,7.6,96,Misto,Colheita,Tarde,0
3843,2026-06-30 06:34:00,EQ-026,Sorriso,24.4,0.0,27.6,3.8,1623.0,2.6,674,10.3,76,Arenoso,Transporte,Manha,0
5104,2026-08-09 19:31:00,EQ-010,Sorriso,22.2,0.0,29.8,7.1,374.0,5.3,105,7.7,65,Argiloso,Plantio,Noite,0
1493,2026-04-16 19:56:00,EQ-022,Rio Verde,74.5,13.0,27.7,8.0,440.0,3.6,332,11.4,80,Arenoso,Colheita,Noite,0
977,2026-03-31 13:31:00,EQ-030,Sorriso,95.8,11.9,27.7,8.0,345.0,12.4,361,6.1,83,Argiloso,Colheita,Tarde,1
3017,2026-06-04 22:54:00,EQ-016,Cascavel,88.6,20.1,19.5,22.0,186.0,4.3,126,7.4,90,Misto,Transporte,Noite,1
5364,2026-08-17 16:32:00,EQ-003,Lucas do Rio Verde,18.5,0.0,23.6,1.0,2500.0,8.7,145,9.6,87,Misto,Pulverizacao,Tarde,0
151,2026-03-06 07:55:00,EQ-010,Cascavel,66.2,0.0,29.0,8.2,445.0,4.9,0,5.5,96,Arenoso,Transporte,Manha,0
605,2026-03-20 17:32:00,EQ-028,Sorriso,77.7,33.8,25.9,3.6,1367.0,6.7,528,6.9,67,Misto,Transporte,Tarde,1
909,2026-03-29 16:34:00,EQ-032,Sorriso,100.0,51.3,31.1,9.8,1153.0,5.8,245,10.8,88,Encharcado,Pulverizacao,Tarde,1
784,2026-03-25 15:15:00,EQ-001,Barreiras,92.8,0.0,31.0,8.3,586.0,11.1,21,8.9,83,Encharcado,Colheita,Tarde,1
3576,2026-06-22 08:01:00,EQ-028,Sorriso,18.1,0.0,23.1,7.5,129.0,7.0,305,8.8,80,Arenoso,Transporte,Manha,0
782,2026-03-25 13:59:00,EQ-021,Cascavel,55.7,0.0,22.3,21.9,1698.0,12.9,168,12.6,82,Misto,Colheita,Tarde,0
3572,2026-06-22 07:10:00,EQ-016,Cascavel,82.0,0.0,18.1,0.4,371.0,4.3,204,5.0,106,Argiloso,Transporte,Manha,1
3097,2026-06-07 13:17:00,EQ-025,Barreiras,33.0,7.8,30.9,0.7,1813.0,8.1,233,5.7,75,Arenoso,Colheita,Tarde,1
4174,2026-07-10 13:25:00,EQ-006,Sorriso,14.1,0.0,26.8,3.3,197.0,12.2,6,11.6,90,Argiloso,Pulverizacao,Tarde,0
507,2026-03-17 13:29:00,EQ-031,Rio Verde,72.7,11.2,27.3,4.5,931.0,5.3,45,8.6,99,Misto,Colheita,Tarde,0
2307,2026-05-13 10:24:00,EQ-005,Sorriso,74.8,0.0,25.1,5.9,183.0,7.8,193,15.6,107,Misto,Colheita,Manha,1
4049,2026-07-06 10:31:00,EQ-040,Não-Me-Toque,54.0,0.0,12.2,5.1,841.0,13.4,172,5.5,93,Argiloso,Colheita,Manha,0
2237,2026-05-11 09:32:00,EQ-015,Sorriso,95.5,109.7,27.4,5.1,1682.0,8.1,253,6.7,70,Misto,Plantio,Manha,1
53,2026-03-02 17:25:00,EQ-011,Barreiras,63.8,17.0,26.8,7.5,77.0,8.9,304,11.3,54,Misto,Plantio,Tarde,1
2905,2026-06-01 08:21:00,EQ-009,Lucas do Rio Verde,50.5,0.0,26.2,3.3,566.0,4.9,668,5.3,112,Misto,Colheita,Manha,0
614,2026-03-21 06:03:00,EQ-029,Rio Verde,99.9,17.0,29.4,7.7,1550.0,0.9,0,11.5,69,Encharcado,Plantio,Manha,0
551,2026-03-18 22:56:00,EQ-028,Sorriso,64.2,0.0,29.8,11.9,826.0,6.7,509,7.4,78,Misto,Plantio,Noite,0
1565,2026-04-18 19:12:00,EQ-004,Cascavel,68.8,12.5,27.9,4.4,1468.0,5.6,96,7.6,84,Arenoso,Transporte,noite,0
3318,2026-06-13 17:47:00,EQ-038,Rio Verde,23.2,0.7,25.2,4.6,860.0,3.2,195,9.6,94,Arenoso,Transporte,Tarde,0
578,2026-03-19 22:43:00,EQ-025,Barreiras,88.0,0.0,25.1,3.3,149.0,7.9,147,5.4,75,Arenoso,Colheita,Noite,1
4304,2026-07-15 06:06:00,EQ-038,Rio Verde,23.1,0.0,23.6,16.3,592.0,3.3,28,10.0,73,Misto,Transporte,Manha,0
1181,2026-04-07 06:31:00,EQ-002,Rio Verde,98.3,8.5,30.9,5.2,225.0,7.4,192,8.1,85,Encharcado,Transporte,Manha,1
485,2026-03-17 07:36:00,EQ-018,Rio Verde,75.6,11.2,31.4,3.3,358.0,9.0,193,31.0,94,Argiloso,Transporte,Manha,1
5217,2026-08-13 13:54:00,EQ-020,Barreiras,23.4,0.0,23.3,5.2,576.0,1.8,200,9.0,101,Arenoso,Transporte,Tarde,0
2457,2026-05-17 21:01:00,EQ-019,Sorriso,66.3,0.0,28.5,10.9,1413.0,4.3,160,5.8,51,Misto,Pulverizacao,Noite,0
4370,2026-07-17 06:16:00,EQ-009,Lucas do Rio Verde,12.4,0.0,18.8,6.6,1267.0,5.0,88,7.9,74,Misto,Transporte,Manha,0
191,2026-03-07 15:22:00,EQ-009,Lucas do Rio Verde,96.3,21.1,29.6,6.2,815.0,4.7,323,5.7,89,Encharcado,Plantio,Tarde,0
4347,2026-07-16 09:19:00,EQ-011,Barreiras,19.0,0.0,23.0,2.9,1523.0,9.3,79,5.4,99,Arenoso,Transporte,Manha,0
273,2026-03-10 15:38:00,EQ-005,Sorriso,75.6,1.2,27.3,11.9,762.0,7.6,169,8.4,80,Arenoso,Plantio,Tarde,0
4700,2026-07-28 08:59:00,EQ-040,Não-Me-Toque,78.6,0.0,18.4,8.4,1104.0,13.4,248,4.5,89,Arenoso,Transporte,Manha,0
5820,2026-07-21 10:01:00,EQ-003,Lucas do Rio Verde,35.4,30.0,27.3,5.5,654.0,8.6,8,7.7,59,Argiloso,Pulverizacao,Manha,0
5564,2026-08-24 10:38:00,EQ-020,Barreiras,24.9,0.0,28.2,10.3,454.0,1.9,251,6.2,107,Misto,Transporte,Manha,0
3746,2026-06-27 09:56:00,EQ-014,Sorriso,25.5,0.0,24.8,2.1,391.0,8.3,303,5.5,92,Argiloso,Pulverizacao,Manha,0
1922,2026-04-30 13:30:00,EQ-037,Sorriso,58.7,20.3,27.8,12.1,568.0,20.6,68,9.1,68,Argiloso,Plantio,Tarde,
4647,2026-07-26 14:45:00,EQ-005,Barreiras,22.9,0.0,27.1,1.6,1310.0,8.0,202,2.6,89,Arenoso,Colheita,Tarde,0
1261,2026-04-09 15:54:00,EQ-018,Rio Verde,93.3,14.4,31.6,10.9,93.0,9.1,15,4.0,81,Arenoso,Plantio,Tarde,1
2095,2026-05-06 23:46:00,EQ-026,Sorriso,42.9,0.0,28.6,11.7,1227.0,2.5,420,7.1,83,Misto,Plantio,Noite,0
4936,2026-08-04 17:21:00,EQ-039,Sorriso,27.5,0.0,27.9,10.3,514.0,2.4,407,8.0,53,Misto,Transporte,Tarde,0
2269,2026-05-12 08:27:00,EQ-017,Lucas do Rio Verde,48.7,2.1,23.5,7.4,2500.0,2.0,155,4.8,85,Argiloso,Colheita,Manha,0
90,2026-03-04 07:14:00,EQ-004,Lucas do Rio Verde,93.8,68.4,29.2,4.5,952.0,5.5,267,7.5,88,Argiloso,Colheita,Manha,1
4983,2026-08-06 10:15:00,EQ-015,Sorriso,26.6,0.0,29.0,4.1,525.0,8.3,74,11.3,54,Misto,Transporte,Manha,0
2138,2026-05-08 13:43:00,EQ-023,Lucas do Rio Verde,58.9,0.0,31.1,14.6,764.0,6.7,278,8.2,83,Argiloso,Pulverizacao,Tarde,1
791,2026-03-25 19:51:00,EQ-040,Não-Me-Toque,64.3,0.0,20.1,10.6,248.0,13.1,41,12.9,90,Argiloso,Colheita,Noite,1
4158,2026-07-10 07:20:00,EQ-033,Lucas do Rio Verde,20.4,0.0,21.9,1.2,1077.0,24.4,69,4.0,60,Misto,Plantio,Manha,0
3620,2026-06-23 14:19:00,EQ-005,Sorriso,10.9,1.7,20.1,2.5,206.0,7.9,76,6.2,64,Arenoso,Colheita,Tarde,0
41,2026-03-02 13:28:00,EQ-030,Lucas do Rio Verde,89.2,52.7,30.7,1.2,410.0,12.3,256,7.4,91,Encharcado,Colheita,Tarde,1
3898,2026-07-02 07:32:00,EQ-008,Barreiras,19.2,0.0,20.9,3.4,201.0,9.6,227,7.4,106,Arenoso,Transporte,Manha,0
2711,2026-05-25 22:01:00,EQ-009,Lucas do Rio Verde,27.7,0.0,26.1,7.3,906.0,4.9,638,7.7,91,Arenoso,Transporte,Noite,0
1244,2026-04-09 07:34:00,EQ-018,Rio Verde,92.3,14.4,30.6,18.8,417.0,9.1,11,9.1,51,Encharcado,Plantio,Manha,0
3616,2026-06-23 13:19:00,EQ-008,Barreiras,28.2,0.0,27.2,1.1,841.0,9.5,170,6.0,109,Arenoso,Colheita,Tarde,0
3873,2026-07-01 09:50:00,EQ-037,Sorriso,32.5,0.0,30.8,14.0,2500.0,20.7,348,7.6,72,Misto,Plantio,Manha,0
1453,2026-04-15 07:54:00,EQ-022,Lucas do Rio Verde,92.3,0.0,26.7,9.0,644.0,3.6,321,7.1,61,Encharcado,Plantio,Manha,1
2525,2026-05-19 16:41:00,EQ-014,Sorriso,64.8,0.0,25.1,3.9,1076.0,8.1,159,9.5,72,Misto,Pulverizacao,Tarde,0
1540,2026-04-18 09:02:00,EQ-002,Rio Verde,87.5,12.6,27.5,4.3,994.0,7.4,253,8.0,68,Argiloso,Plantio,Manha,0
1542,2026-04-18 09:14:00,EQ-003,Lucas do Rio Verde,95.5,22.3,32.2,6.2,348.0,8.4,32,8.3,96,Arenoso,Pulverizacao,Manha,1
482,2026-03-17 07:12:00,EQ-029,Rio Verde,81.5,11.2,30.9,7.2,1419.0,0.9,338,10.2,76,Arenoso,Plantio,Manha,0
340,2026-03-12 19:01:00,EQ-012,Lucas do Rio Verde,91.1,0.0,25.2,28.3,1353.0,3.1,219,7.6,66,Argiloso,Pulverizacao,Noite,0
5233,2026-08-13 21:30:00,EQ-007,Cascavel,91.3,23.5,22.3,19.9,1848.0,7.9,65,4.2,92,Misto,COLHEITA,Noite,0
2819,2026-05-29 14:12:00,EQ-019,Sorriso,36.2,0.0,31.5,6.4,475.0,4.4,215,12.4,71,Misto,Pulverizacao,Tarde,0
449,2026-03-15 20:37:00,EQ-012,Lucas do Rio Verde,81.2,0.0,33.5,10.6,1514.0,3.1,244,10.5,79,Misto,Pulverizacao,Noite,0
2014,2026-05-03 16:21:00,EQ-022,Lucas do Rio Verde,64.2,0.0,26.8,3.4,292.0,3.6,389,8.0,88,Argiloso,Colheita,Tarde,0
3238,2026-06-11 13:32:00,EQ-005,Sorriso,24.9,0.0,22.7,9.6,1156.0,7.8,18,11.1,49,Arenoso,Plantio,Tarde,0
5483,2026-08-21 09:35:00,EQ-005,Sorriso,25.3,13.9,24.1,5.9,683.0,8.0,0,8.9,65,Arenoso,Plantio,Manha,0
2935,2026-06-02 07:59:00,EQ-007,Cascavel,92.4,26.5,24.2,9.4,414.0,7.7,168,6.9,85,Encharcado,Colheita,Manha,1
5578,2026-08-24 22:44:00,EQ-010,Sorriso,46.1,0.0,24.1,6.5,192.0,5.3,189,6.6,92,Argiloso,Colheita,Noite,0
990,2026-03-31 22:11:00,EQ-025,Barreiras,100.0,63.3,26.5,2.6,757.0,7.9,200,7.6,72,Encharcado,Colheita,Noite,1
1510,2026-04-17 10:47:00,EQ-007,Cascavel,69.5,12.3,27.1,23.0,813.0,7.6,370,6.5,84,Argiloso,Colheita,Manha,0
1597,2026-04-19 22:36:00,EQ-038,Rio Verde,100.0,43.9,27.0,8.0,317.0,3.1,238,8.8,78,Argiloso,Plantio,Noite,0
2785,2026-05-28 09:40:00,EQ-040,Lucas do Rio Verde,51.9,15.1,24.6,3.3,459.0,13.3,0,5.8,120,Arenoso,Colheita,Manha,0
5075,2026-08-09 06:58:00,EQ-006,Sorriso,40.9,0.0,26.7,4.8,843.0,12.3,138,5.7,73,Misto,Pulverizacao,Manha,0
3601,2026-06-23 06:22:00,EQ-014,Sorriso,12.2,1.7,23.7,0.9,27.0,8.2,282,4.2,78,Misto,Pulverizacao,Manha,0
1065,2026-04-03 08:01:00,EQ-011,Barreiras,87.5,32.9,29.0,18.5,632.0,9.0,9,6.1,57,Encharcado,Transporte,Manha,0
3032,2026-06-05 14:54:00,EQ-012,Lucas do Rio Verde,34.1,0.0,24.6,1.5,499.0,3.4,601,12.9,52,Misto,Pulverizacao,Tarde,0
1799,2026-04-26 13:45:00,EQ-008,Barreiras,70.4,20.2,30.7,10.4,1686.0,9.4,504,6.6,107,Argiloso,Colheita,Tarde,0
1323,2026-04-11 10:45:00,EQ-032,Sorriso,73.5,20.3,22.6,7.1,667.0,5.8,46,7.4,76,Arenoso,Pulverizacao,Manha,0
1054,2026-04-02 23:38:00,EQ-026,Sorriso,100.0,29.2,26.3,15.9,1968.0,2.4,268,6.2,61,Arenoso,Plantio,Noite,0
304,2026-03-11 15:47:00,EQ-003,Lucas do Rio Verde,100.0,32.4,25.9,10.0,240.0,8.3,244,7.7,96,arenoso,Pulverizacao,Tarde,1
4657,2026-07-26 19:59:00,EQ-028,Sorriso,48.5,0.0,26.2,4.6,582.0,7.1,434,10.2,83,Misto,Colheita,Noite,0
5004,2026-08-06 22:50:00,EQ-008,Barreiras,18.5,0.0,23.1,1.9,191.0,9.7,332,10.6,86,Argiloso,Colheita,Noite,0
5284,2026-08-15 10:40:00,EQ-014,Sorriso,25.0,0.0,28.2,7.2,515.0,8.4,116,10.3,91,Argiloso,Pulverizacao,Manha,0
1047,2026-04-02 21:13:00,EQ-009,Lucas do Rio Verde,83.0,10.6,26.8,10.1,399.0,4.8,413,7.4,69,Argiloso,Plantio,Noite,1
3905,2026-07-02 09:36:00,EQ-999,Não-Me-Toque,67.4,0.0,10.6,15.6,770.0,12.6,134,11.0,119,Argiloso,Colheita,Manha,1
5597,2026-08-25 10:59:00,EQ-036,Rio Verde,21.7,0.0,27.4,1.2,980.0,6.8,104,2.6,91,Misto,Transporte,Manha,0
366,2026-03-13 14:34:00,EQ-012,Lucas do Rio Verde,87.2,3.7,31.2,8.5,538.0,3.1,223,11.9,75,Misto,Pulverizacao,Tarde,0
5649,2026-08-26 21:22:00,EQ-035,Lucas do Rio Verde,45.9,14.8,21.9,8.3,1127.0,3.2,182,8.6,85,Misto,Colheita,Noite,0
1504,2026-04-17 08:58:00,EQ-040,Não-Me-Toque,60.3,1.6,20.4,5.5,1293.0,13.2,170,9.4,101,Misto,Colheita,Manha,0
2133,2026-05-08 09:04:00,EQ-017,Lucas do Rio Verde,58.4,0.0,31.1,3.1,218.0,2.0,141,9.9,83,Arenoso,Colheita,Manha,1
3043,2026-06-05 17:37:00,EQ-003,Lucas do Rio Verde,34.2,0.0,21.7,8.5,559.0,8.5,223,10.0,50,Misto,Pulverizacao,Tarde,0
4012,2026-07-05 10:40:00,EQ-023,Lucas do Rio Verde,13.3,0.0,18.0,1.1,652.0,6.9,551,7.6,60,Misto,Pulverizacao,Manha,0
5551,2026-08-24 06:21:00,EQ-003,Lucas do Rio Verde,"26,9",0.0,25.0,17.7,920.0,8.7,177,4.9,96,Misto,Pulverizacao,Manha,0
5083,2026-08-09 08:45:00,EQ-015,Sorriso,29.0,0.0,29.3,13.3,171.0,8.3,95,5.8,86,Argiloso,Colheita,Manha,0
2867,2026-05-31 08:52:00,EQ-023,Lucas do Rio Verde,45.5,0.0,37.8,5.2,518.0,6.8,362,9.0,74,Argiloso,Pulverizacao,Manha,0
1979,2026-05-02 16:40:00,EQ-036,Rio Verde,71.0,2.0,29.2,11.4,150.0,6.4,181,8.1,120,Argiloso,Transporte,Tarde,1
4932,2026-08-04 16:29:00,EQ-031,Rio Verde,34.7,0.0,30.3,2.6,385.0,5.7,183,4.7,105,Misto,Transporte,Tarde,0
583,2026-03-20 07:06:00,EQ-002,Rio Verde,100.0,17.5,32.9,3.8,375.0,7.4,114,7.5,49,Misto,Plantio,Manha,1
1164,2026-04-06 14:09:00,EQ-020,Barreiras,97.7,30.7,24.7,4.1,236.0,1.5,37,3.3,72,Misto,Colheita,Tarde,1
3069,2026-06-06 13:52:00,EQ-010,Sorriso,25.0,0.0,32.1,9.4,441.0,5.1,164,7.8,88,Argiloso,Colheita,Tarde,1
4491,2026-07-20 21:09:00,EQ-019,Sorriso,24.1,1.9,24.9,11.5,1304.0,4.5,432,3.1,67,Arenoso,Pulverizacao,Noite,0
1598,2026-04-19 23:15:00,EQ-030,Não-Me-Toque,60.9,2.3,26.3,33.4,1406.0,12.4,424,7.4,76,Misto,Colheita,Noite,
4207,2026-07-11 13:35:00,EQ-001,Barreiras,19.0,0.0,21.0,4.0,511.0,11.4,195,8.9,104,Misto,Colheita,Tarde,0
4448,2026-07-19 16:25:00,EQ-026,Sorriso,30.8,0.0,24.1,1.6,760.0,2.7,744,8.2,68,Misto,Plantio,Tarde,0
1978,2026-05-02 15:45:00,EQ-034,Rio Verde,65.8,2.0,25.6,7.0,461.0,8.6,49,11.6,75,Arenoso,Transporte,Tarde,1
1669,2026-04-22 07:36:00,EQ-033,Lucas do Rio Verde,,186.9,21.8,4.6,919.0,24.1,146,11.2,111,Arenoso,Colheita,Manha,0
688,2026-03-22 22:27:00,EQ-020,Barreiras,90.7,43.7,25.5,3.5,600.0,1.4,351,7.9,80,arenoso,Transporte,Noite,0
1120,2026-04-05 07:52:00,EQ-036,Rio Verde,81.8,29.7,29.3,2.7,423.0,6.4,54,11.3,81,Argiloso,Colheita,Manha,1
5507,2026-08-22 07:18:00,EQ-013,Barreiras,21.2,0.0,37.7,1.1,837.0,9.6,506,8.6,88,Misto,Transporte,Manha,0
3162,2026-06-09 07:49:00,EQ-014,Sorriso,29.5,0.0,26.0,6.6,896.0,8.2,212,8.8,69,Misto,Pulverizacao,Manha,0
5540,2026-08-23 10:42:00,EQ-017,Lucas do Rio Verde,20.7,0.0,23.2,4.5,653.0,2.2,111,5.7,92,Misto,Colheita,Manha,0
1917,2026-04-30 10:03:00,EQ-012,Lucas do Rio Verde,74.9,0.0,26.8,4.6,491.0,3.3,444,8.4,92,Misto,Pulverizacao,Manha,1
4336,2026-07-15 21:16:00,EQ-031,Rio Verde,23.5,0.0,27.8,4.5,272.0,5.6,80,4.0,87,Arenoso,Colheita,Noite,0
4851,2026-08-02 07:21:00,EQ-033,Lucas do Rio Verde,31.0,0.0,29.6,,702.0,24.4,186,4.8,94,Arenoso,Transporte,Manha,0
5627,2026-08-26 08:39:00,EQ-021,Cascavel,92.8,55.9,19.3,11.4,636.0,13.3,58,6.2,49,Encharcado,Colheita,Manha,1
4570,2026-07-23 13:34:00,EQ-024,Cascavel,100.0,21.6,20.2,26.5,1426.0,8.0,335,7.6,71,Misto,Pulverizacao,Tarde,0
1354,2026-04-12 09:10:00,EQ-013,Barreiras,72.7,0.0,29.8,11.8,241.0,9.2,740,5.0,95,Misto,Colheita,Manha,0
76,2026-03-03 16:09:00,EQ-011,Não-Me-Toque,59.9,0.0,23.0,11.8,198.0,8.9,316,8.5,81,Misto,Plantio,Tarde,1
3801,2026-06-28 21:08:00,EQ-012,Lucas do Rio Verde,18.2,0.0,25.1,4.5,1123.0,3.4,721,6.7,57,Arenoso,Pulverizacao,Noite,0
3907,2026-07-02 10:37:00,EQ-011,Barreiras,26.7,0.0,28.4,5.9,300.0,9.2,26,10.1,64,Misto,Transporte,Manha,1
670,2026-03-22 13:54:00,EQ-021,Cascavel,,0.0,27.3,14.7,,12.9,157,9.3,86,Argiloso,Transporte,Tarde,0
5622,2026-08-26 06:38:00,EQ-011,Barreiras,20.7,0.0,22.1,8.5,271.0,9.4,215,10.2,100,Misto,Transporte,Manha,0
1449,2026-04-14 22:25:00,EQ-010,Sorriso,78.0,0.0,31.4,6.8,647.0,5.0,194,9.2,57,Argiloso,Plantio,Noite,0
3008,2026-06-04 17:02:00,EQ-024,Não-Me-Toque,71.0,0.0,26.9,12.2,610.0,7.9,99,7.5,50,Misto,Pulverizacao,Tarde,0
3600,2026-06-22 23:50:00,EQ-004,Cascavel,81.4,0.0,18.2,4.9,494.0,5.8,100,9.3,81,Argiloso,Colheita,Noite,1
3188,2026-06-09 21:30:00,EQ-010,Sorriso,25.3,0.0,26.1,5.2,1058.0,5.1,192,8.9,54,Misto,Colheita,Noite,0
4510,2026-07-21 10:18:00,EQ-026,Sorriso,27.7,1.5,25.2,8.6,481.0,2.7,751,12.1,63,Misto,Plantio,MANHÃ,0
931,2026-03-30 08:57:00,EQ-017,Lucas do Rio Verde,87.8,9.8,35.8,2.5,336.0,1.8,262,3.3,73,Argiloso,Colheita,Manha,1
4036,2026-07-05 23:33:00,EQ-017,Lucas do Rio Verde,19.6,0.0,21.5,6.5,532.0,2.1,116,8.1,85,Arenoso,Colheita,Noite,0
4882,2026-08-03 08:07:00,EQ-023,Lucas do Rio Verde,28.3,0.0,20.9,9.2,1015.0,6.9,58,10.1,68,Misto,Pulverizacao,Manha,0
1056,2026-04-03 06:21:00,EQ-008,Barreiras,78.7,32.9,30.6,2.7,621.0,9.3,411,7.3,94,Argiloso,Colheita,Manha,0
1589,2026-04-19 13:54:00,EQ-016,Cascavel,82.6,10.3,23.5,11.2,949.0,4.2,265,6.4,73,Argiloso,Colheita,Tarde,0
3820,2026-06-29 13:44:00,EQ-002,Rio Verde,19.9,0.0,23.6,20.5,1302.0,7.6,232,8.1,96,Argiloso,Transporte,Tarde,0
3099,2026-06-07 13:57:00,EQ-008,Barreiras,41.1,7.8,25.5,17.4,2500.0,9.5,98,7.8,70,Misto,Colheita,Tarde,0
2629,2026-05-23 09:26:00,EQ-004,Cascavel,83.0,21.4,14.2,19.4,514.0,5.7,253,6.4,65,Misto,Colheita,Manha,1
891,2026-03-29 06:02:00,EQ-017,Lucas do Rio Verde,100.0,43.9,23.6,10.5,411.0,1.8,254,7.1,83,Arenoso,Colheita,Manha,1
1820,2026-04-27 07:35:00,EQ-029,Rio Verde,76.2,27.8,28.0,8.5,693.0,1.0,152,7.3,103,Arenoso,Transporte,Manha,0
3986,2026-07-04 16:10:00,EQ-011,Barreiras,26.0,0.0,27.5,6.6,1063.0,9.2,39,10.6,61,Misto,Plantio,Tarde,0
2687,2026-05-25 09:58:00,EQ-034,Rio Verde,40.8,0.0,28.4,10.9,1473.0,8.6,143,8.1,88,Misto,Colheita,Manha,0
2760,2026-05-27 13:09:00,EQ-009,Barreiras,21.5,2.6,37.3,4.1,413.0,4.9,649,2.5,103,Arenoso,Transporte,Tarde,0
1700,2026-04-23 08:40:00,EQ-039,Sorriso,73.3,0.0,27.5,3.4,279.0,2.1,617,8.2,97,Argiloso,Transporte,Manha,1
5520,2026-08-22 17:01:00,EQ-031,Rio Verde,21.4,0.0,25.8,8.5,239.0,5.7,275,10.4,104,Argiloso,Colheita,Tarde,0
5302,2026-08-15 19:11:00,EQ-010,Sorriso,39.4,0.0,27.4,3.9,510.0,5.3,150,7.9,105,Misto,Colheita,Noite,0
341,2026-03-12 19:22:00,EQ-032,Sorriso,98.8,83.1,33.8,9.7,817.0,5.7,158,5.5,83,Argiloso,Pulverizacao,Noite,1
3228,2026-06-11 06:38:00,EQ-034,Rio Verde,28.5,0.0,29.6,3.5,405.0,8.7,211,2.5,82,Argiloso,Transporte,Manha,0
149,2026-03-06 06:36:00,EQ-018,Rio Verde,87.0,37.7,23.3,6.1,889.0,9.0,169,3.4,81,Encharcado,Plantio,Manha,0
2050,2026-05-05 09:20:00,EQ-038,Rio Verde,64.3,0.0,27.8,6.9,1085.0,3.1,30,8.9,73,Arenoso,Colheita,Manha,0
4431,2026-07-19 08:31:00,EQ-013,Barreiras,18.6,0.0,28.2,5.8,1790.0,9.5,350,6.6,92,Arenoso,Colheita,Manha,0
1370,2026-04-12 19:04:00,EQ-018,Rio Verde,94.2,12.7,29.9,12.2,609.0,9.1,32,6.5,69,Argiloso,Plantio,Noite,1
2478,2026-05-18 13:57:00,EQ-030,Não-Me-Toque,79.3,65.7,19.9,26.5,946.0,12.5,555,7.5,89,Misto,Colheita,Tarde,1
2979,2026-06-03 21:46:00,EQ-030,Não-Me-Toque,77.4,0.0,18.5,1.8,1098.0,12.6,636,10.3,81,Misto,Colheita,Noite,1
5252,2026-08-14 14:19:00,EQ-035,Lucas do Rio Verde,26.0,0.0,28.3,1.0,638.0,3.2,139,4.7,85,Misto,Transporte,Tarde,0
302,2026-03-11 14:28:00,EQ-009,Lucas do Rio Verde,95.0,32.4,35.3,12.3,1006.0,4.7,341,14.1,69,Encharcado,Colheita,Tarde,1
2515,2026-05-19 08:49:00,EQ-033,Lucas do Rio Verde,41.5,0.0,24.4,2.6,2275.0,24.2,272,7.1,79,Argiloso,Colheita,Manha,1
565,2026-03-19 13:15:00,EQ-020,Lucas do Rio Verde,85.6,29.2,22.6,8.1,715.0,1.4,338,9.5,94,Encharcado,Colheita,Tarde,1
4442,2026-07-19 14:16:00,EQ-035,Lucas do Rio Verde,18.0,0.0,25.9,1.7,418.0,3.1,38,3.9,88,Misto,Transporte,Tarde,0
5746,2026-08-30 08:41:00,EQ-018,Rio Verde,"20,7",0.0,25.6,11.3,841.0,9.5,11,7.0,88,Arenoso,Transporte,Manha,0
4316,2026-07-15 10:06:00,EQ-008,Barreiras,22.6,0.0,22.3,4.2,1295.0,9.6,285,6.5,87,Arenoso,Colheita,Manha,0
5151,2026-08-11 09:24:00,EQ-033,Lucas do Rio Verde,20.5,0.0,27.1,11.8,535.0,24.4,226,9.6,80,Misto,Plantio,Manha,0
1728,2026-04-24 07:34:00,EQ-024,Cascavel,80.2,0.0,25.1,14.0,1040.0,7.8,349,7.5,86,Misto,Pulverizacao,Manha,1
4664,2026-07-27 06:57:00,EQ-009,Lucas do Rio Verde,31.1,0.0,22.7,1.6,385.0,5.1,131,12.3,89,Arenoso,Transporte,Manha,0
5357,2026-08-17 15:01:00,EQ-015,Sorriso,24.5,0.0,27.1,1.0,959.0,8.3,134,9.1,89,Argiloso,Colheita,Tarde,0
5404,2026-08-18 21:58:00,EQ-005,Sorriso,23.6,0.6,22.6,24.4,521.0,8.0,280,7.0,92,Misto,Colheita,Noite,0
2767,2026-05-27 15:24:00,EQ-010,Sorriso,48.3,0.0,26.8,5.6,1191.0,5.1,114,13.0,85,Arenoso,Plantio,Tarde,0
4147,2026-07-09 17:19:00,EQ-015,Sorriso,19.1,0.0,23.4,8.2,255.0,8.2,255,3.1,98,Argiloso,Transporte,Tarde,1
3648,2026-06-24 09:19:00,EQ-025,Não-Me-Toque,88.5,13.9,16.2,11.3,1075.0,8.2,16,8.1,99,Argiloso,Colheita,Manha,0
1805,2026-04-26 16:42:00,EQ-020,Barreiras,66.4,20.2,25.1,2.3,655.0,1.5,133,6.7,89,Misto,Colheita,Tarde,0
1317,2026-04-11 08:39:00,EQ-040,Não-Me-Toque,68.1,7.9,23.7,11.6,412.0,13.1,124,5.6,99,Arenoso,Colheita,Manha,1
2750,2026-05-27 07:46:00,EQ-022,Rio Verde,29.8,0.0,23.9,6.3,1420.0,3.7,55,10.3,70,Arenoso,Colheita,Manha,0
2532,2026-05-19 20:08:00,EQ-009,Lucas do Rio Verde,41.9,0.0,28.0,9.3,1621.0,4.9,612,12.3,91,Arenoso,Colheita,Noite,0
2879,2026-05-31 15:04:00,EQ-022,Rio Verde,21.8,0.0,,6.0,497.0,3.7,77,7.2,78,Arenoso,Plantio,Tarde,0
950,2026-03-30 17:12:00,EQ-004,Cascavel,140.0,3.0,30.0,29.4,702.0,5.5,22,3.6,53,Arenoso,Colheita,Tarde,0
3918,2026-07-02 16:33:00,EQ-038,Rio Verde,16.6,0.0,25.5,11.5,222.0,3.3,255,11.0,80,Misto,Plantio,Tarde,0
3037,2026-06-05 16:03:00,EQ-010,Sorriso,36.2,0.0,29.6,6.9,1079.0,5.1,157,7.5,86,Arenoso,Colheita,Tarde,0
925,2026-03-30 07:21:00,EQ-018,Rio Verde,67.7,0.0,35.9,3.9,988.0,9.0,265,9.2,81,Arenoso,Colheita,Manha,0
3609,2026-06-23 10:16:00,EQ-036,Rio Verde,21.4,0.8,20.2,12.4,2018.0,6.6,143,6.9,101,Argiloso,Colheita,Manha,0
4811,2026-07-31 16:09:00,EQ-004,Cascavel,88.7,0.0,13.4,35.6,234.0,5.9,235,6.6,96,Encharcado,Colheita,Tarde,1
3156,2026-06-09 06:11:00,EQ-017,Não-Me-Toque,70.6,15.3,20.3,15.3,145.0,2.0,15,5.7,99,Argiloso,Colheita,Manha,1
1254,2026-04-09 13:45:00,EQ-027,Barreiras,80.7,0.0,32.3,9.6,646.0,16.9,168,9.0,80,Argiloso,Plantio,Tarde,1
186,2026-03-07 10:12:00,EQ-002,Rio Verde,97.2,9.9,26.6,4.7,164.0,7.3,23,7.9,88,Encharcado,Colheita,Manha,1
5150,2026-08-11 09:23:00,EQ-012,Lucas do Rio Verde,24.6,0.0,35.3,8.5,991.0,3.5,141,9.6,57,Arenoso,Pulverizacao,Manha,0
1817,2026-04-27 07:13:00,EQ-017,Lucas do Rio Verde,78.1,2.3,28.8,8.5,1241.0,1.9,99,11.4,95,Misto,Colheita,Manha,0
2839,2026-05-30 09:35:00,EQ-031,Rio Verde,31.5,0.0,32.6,22.3,507.0,5.5,339,6.8,82,Arenoso,Colheita,Manha,0
4672,2026-07-27 10:58:00,EQ-031,Rio Verde,40.0,0.0,22.1,3.4,441.0,5.6,152,10.7,78,Arenoso,Colheita,Manha,0
2885,2026-05-31 16:57:00,EQ-029,Rio Verde,44.3,0.0,27.2,4.9,217.0,1.1,297,5.9,95,Argiloso,Transporte,Tarde,1
5652,2026-08-27 06:04:00,EQ-026,Lucas do Rio Verde,49.8,0.0,27.6,6.6,268.0,2.8,155,7.2,74,Misto,Transporte,Manha,0
4438,2026-07-19 13:32:00,EQ-012,Lucas do Rio Verde,26.3,0.0,27.3,4.8,723.0,3.5,21,6.4,83,Argiloso,Pulverizacao,Tarde,0
1581,2026-04-19 09:20:00,EQ-032,Barreiras,79.6,4.1,33.6,4.3,604.0,5.8,79,11.2,90,Argiloso,Pulverizacao,Manha,1
4876,2026-08-02 23:59:00,EQ-014,Sorriso,43.2,2.0,28.3,0.7,46.0,8.4,72,10.1,79,Arenoso,Pulverizacao,Noite,0
185,2026-03-07 09:23:00,EQ-005,Sorriso,95.1,9.0,24.1,1.4,336.0,7.6,157,11.6,66,Argiloso,Plantio,Manha,1
2583,2026-05-21 16:25:00,EQ-018,Rio Verde,47.2,0.0,22.7,5.8,1649.0,9.2,190,3.5,83,Misto,Colheita,Tarde,0
4548,2026-07-22 17:31:00,EQ-003,Lucas do Rio Verde,37.6,0.0,24.1,9.2,1111.0,8.6,16,8.5,65,Misto,Pulverizacao,Tarde,0
40,2026-03-02 13:22:00,EQ-010,Sorriso,72.7,15.8,28.6,3.0,449.0,4.8,253,6.4,63,Misto,Plantio,Tarde,0
1716,2026-04-23 17:25:00,EQ-015,Sorriso,71.8,0.0,31.0,3.4,244.0,8.0,168,5.2,79,Arenoso,Plantio,Tarde,0
2047,2026-05-05 07:04:00,EQ-009,Lucas do Rio Verde,55.1,18.3,30.9,0.7,972.0,4.8,536,7.0,104,Misto,Transporte,Manha,0
2593,2026-05-22 06:31:00,EQ-029,Lucas do Rio Verde,26.9,0.0,25.2,8.2,337.0,1.1,257,7.6,96,Argiloso,Transporte,Manha,0
687,2026-03-22 19:41:00,EQ-015,Sorriso,140.0,29.9,30.0,4.2,533.0,7.9,261,7.1,78,Argiloso,Plantio,Noite,1
5585,2026-08-25 08:01:00,EQ-030,Não-Me-Toque,94.5,20.1,26.7,4.4,24.0,12.8,388,6.3,49,Encharcado,Colheita,Manha,1
1842,2026-04-27 16:40:00,EQ-030,Não-Me-Toque,60.7,0.0,30.1,18.5,968.0,12.5,455,3.7,78,Misto,Colheita,Tarde,0
3179,2026-06-09 16:46:00,EQ-029,Rio Verde,27.9,0.0,25.8,3.7,1721.0,1.1,325,5.9,85,Arenoso,Transporte,Tarde,0
2886,2026-05-31 17:14:00,EQ-011,Barreiras,30.9,0.0,26.0,9.8,1264.0,9.1,281,3.7,67,Arenoso,Plantio,Tarde,0
5126,2026-08-10 13:10:00,EQ-015,Sorriso,27.3,0.0,25.3,4.6,1616.0,8.3,101,10.0,60,Misto,Colheita,Tarde,0
4636,2026-07-26 07:08:00,EQ-029,Rio Verde,37.1,0.0,22.0,5.9,913.0,1.2,146,2.2,72,Argiloso,Colheita,Manha,0
824,2026-03-27 07:48:00,EQ-028,Sorriso,97.6,46.3,28.6,8.6,497.0,6.8,563,8.2,78,Encharcado,Plantio,Manha,1
4134,2026-07-09 10:53:00,EQ-032,Sorriso,27.6,0.0,26.6,3.7,424.0,6.0,252,4.8,86,Argiloso,Pulverizacao,Manha,0
742,2026-03-24 13:51:00,EQ-008,Barreiras,92.1,95.7,30.0,5.7,839.0,9.3,379,11.0,93,Encharcado,Colheita,Tarde,1
1767,2026-04-25 13:56:00,EQ-035,Barreiras,62.9,13.6,26.8,8.6,1050.0,2.9,41,5.4,66,Misto,Plantio,Tarde,1
4108,2026-07-08 16:24:00,EQ-013,Barreiras,18.0,0.0,27.9,2.7,1248.0,9.4,291,7.8,88,Arenoso,Colheita,Tarde,0
1875,2026-04-28 21:05:00,EQ-018,Rio Verde,,0.0,22.5,,503.0,9.1,107,6.9,84,Misto,Plantio,Noite,1
3864,2026-06-30 23:08:00,EQ-016,Cascavel,93.8,8.1,10.4,1.6,110.0,4.4,248,7.6,,Encharcado,Transporte,Noite,1
3006,2026-06-04 16:37:00,EQ-025,Barreiras,22.9,0.0,22.3,8.6,1184.0,8.1,219,8.0,99,Arenoso,Transporte,Tarde,0
510,2026-03-17 14:25:00,EQ-014,Sorriso,63.3,0.0,30.3,9.1,1223.0,8.0,214,10.2,49,Arenoso,Pulverizacao,Tarde,0
3611,2026-06-23 10:41:00,EQ-008,Barreiras,26.5,0.0,17.0,1.1,303.0,9.5,166,7.9,89,Arenoso,Colheita,Manha,0
4954,2026-08-05 13:34:00,EQ-020,Rio Verde,34.6,0.0,29.3,1.4,560.0,1.8,167,8.9,96,Misto,Colheita,Tarde,0
2199,2026-05-10 08:14:00,EQ-005,Sorriso,94.5,114.3,32.5,2.1,657.0,7.7,171,7.2,79,Encharcado,Transporte,Manha,1
4085,2026-07-07 20:27:00,EQ-036,Rio Verde,18.2,0.0,28.9,1.4,205.0,6.6,197,11.3,75,Argiloso,Transporte,Noite,1
1677,2026-04-22 10:54:00,EQ-039,Cascavel,74.4,0.0,22.0,12.5,884.0,2.1,605,5.6,85,Argiloso,Transporte,Manha,0
4727,2026-07-28 17:40:00,EQ-008,Barreiras,22.1,0.0,26.2,,,9.6,318,8.7,92,Argiloso,Colheita,Tarde,0
