leitura_id,data_hora,equipamento_id,regiao,umidade_solo_pct,precipitacao_24h_mm,temperatura_c,tipo_solo,declividade_graus,distancia_corpo_dagua_m,tipo_operacao,idade_equipamento_anos,horas_desde_manutencao,horas_operacao_dia,carga_pct,periodo_dia,houve_sinistro
1,2026-02-18 06:17:00,EQ-016,Nao-Me-Toque,62.1,119.8,32.9,Encharcado,4.8,554.0,Pulverizacao,4.0,63.0,8.6,82.0,Tarde,1
2,2026-02-18 06:17:00,EQ-030,Sorriso,49.6,34.6,17.6,Encharcado,12.2,997.0,Pulverizacao,4.0,45.0,6.7,88.0,Manha,0
3,2026-02-18 06:40:00,EQ-017,Nao-Me-Toque,55.8,44.0,38.9,Arenoso,3.9,785.0,Colheita,1.0,33.0,3.7,62.0,Tarde,0
4,2026-02-18 07:14:00,EQ-040,Rio Verde,46.8,76.9,22.6,Argiloso,6.9,369.0,Colheita,5.0,151.0,9.3,63.0,Manha,0
5,2026-02-18 07:23:00,EQ-032,Nao-Me-Toque,68.5,58.2,28.9,Misto,2.6,389.0,Plantio,4.0,76.0,5.6,83.0,Tarde,1
6,2026-02-18 07:24:00,EQ-040,Rio Verde,30.4,35.8,29.3,Arenoso,11.1,915.0,Plantio,13.0,135.0,8.0,90.0,Noite,0
7,2026-02-18 07:43:00,EQ-001,Rio Verde,66.8,33.3,27.0,Arenoso,8.4,1829.0,Transporte,1.0,124.0,10.2,79.0,Manha,0
8,2026-02-18 08:34:00,EQ-013,Barreiras,45.3,4.2,23.2,Arenoso,7.6,978.0,Plantio,6.0,520.0,4.1,71.0,Noite,0
9,2026-02-18 09:00:00,EQ-036,Cascavel,52.4,37.6,27.2,Argiloso,10.2,540.0,Colheita,4.0,384.0,8.7,108.0,Manha,0
10,2026-02-18 09:25:00,EQ-015,Nao-Me-Toque,96.1,54.8,17.8,Misto,7.3,687.0,Colheita,4.0,432.0,8.1,52.0,Tarde,0
11,2026-02-18 10:16:00,EQ-009,Cascavel,50.6,11.3,30.7,Misto,12.4,1510.0,Colheita,5.0,218.0,7.7,88.0,Tarde,0
12,2026-02-18 11:02:00,EQ-003,Lucas do Rio Verde,69.8,64.4,21.8,Arenoso,19.8,206.0,Transporte,3.0,115.0,9.6,63.0,Manha,1
13,2026-02-18 12:25:00,EQ-017,Nao-Me-Toque,73.0,25.6,24.1,Encharcado,24.1,120.0,Transporte,10.0,104.0,8.9,57.0,Tarde,1
14,2026-02-18 12:32:00,EQ-022,Rio Verde,42.8,78.2,23.2,Arenoso,35.1,475.0,Pulverizacao,3.0,182.0,7.8,83.0,Tarde,0
15,2026-02-18 12:46:00,EQ-038,Lucas do Rio Verde,29.9,50.6,41.5,Encharcado,23.3,909.0,Colheita,3.0,199.0,6.6,57.0,Tarde,0
16,2026-02-18 13:26:00,EQ-020,Nao-Me-Toque,74.9,8.9,31.0,Arenoso,7.1,701.0,Pulverizacao,3.0,120.0,6.7,60.0,Tarde,0
17,2026-02-18 13:58:00,EQ-001,Cascavel,31.2,16.4,39.3,Argiloso,3.6,321.0,Pulverizacao,7.0,321.0,6.8,79.0,Manha,0
18,2026-02-18 14:25:00,EQ-037,Lucas do Rio Verde,67.1,42.0,28.8,Encharcado,5.6,819.0,Transporte,25.0,270.0,8.2,58.0,Tarde,1
19,2026-02-18 14:28:00,EQ-003,Cascavel,95.6,37.7,37.4,Argiloso,16.5,681.0,Colheita,10.0,284.0,12.6,120.0,Tarde,1
20,2026-02-18 14:58:00,EQ-013,Barreiras,44.8,4.1,18.1,Argiloso,11.2,1259.0,Transporte,6.0,52.0,6.2,77.0,Noite,0
21,2026-02-18 15:15:00,EQ-003,Rio Verde,5.0,23.7,28.0,Arenoso,7.4,829.0,Plantio,4.0,269.0,11.6,93.0,Manha,0
22,2026-02-18 15:18:00,EQ-027,Nao-Me-Toque,63.7,10.5,16.5,Arenoso,1.9,1061.0,Colheita,5.0,51.0,6.7,83.0,Tarde,0
23,2026-02-18 15:36:00,EQ-006,Sorriso,48.5,29.9,29.3,Misto,6.0,1650.0,Pulverizacao,5.0,48.0,3.0,59.0,Noite,0
24,2026-02-18 15:50:00,EQ-033,Lucas do Rio Verde,39.8,21.2,30.0,Arenoso,4.3,1273.0,Transporte,4.0,119.0,9.8,89.0,Manha,0
25,2026-02-18 16:20:00,EQ-038,Nao-Me-Toque,59.2,35.6,27.7,Arenoso,17.8,310.0,Pulverizacao,10.0,100.0,7.4,105.0,Manha,0
26,2026-02-18 16:26:00,EQ-037,Rio Verde,40.1,77.1,17.3,Argiloso,4.3,229.0,Plantio,25.0,143.0,9.5,120.0,Tarde,1
27,2026-02-18 16:32:00,EQ-021,Barreiras,13.3,17.3,26.3,Argiloso,24.4,263.0,Transporte,19.0,166.0,11.4,88.0,Manha,1
28,2026-02-18 17:03:00,EQ-017,Nao-Me-Toque,47.2,57.9,33.7,Misto,9.0,1367.0,Plantio,10.0,48.0,7.1,71.0,Tarde,0
29,2026-02-18 17:10:00,EQ-019,Cascavel,78.2,20.9,20.6,Arenoso,24.5,1181.0,Transporte,11.0,133.0,8.8,88.0,Manha,0
30,2026-02-18 17:28:00,EQ-040,Lucas do Rio Verde,8.5,18.7,20.2,Arenoso,5.4,806.0,Plantio,8.0,62.0,10.7,65.0,Manha,0
31,2026-02-18 19:15:00,EQ-019,Nao-Me-Toque,48.1,48.0,27.5,Encharcado,9.6,852.0,Colheita,6.0,286.0,5.4,92.0,Tarde,0
32,2026-02-18 19:45:00,EQ-005,Lucas do Rio Verde,75.5,11.6,20.5,Arenoso,14.2,364.0,Transporte,3.0,55.0,8.9,74.0,Manha,1
33,2026-02-18 20:44:00,EQ-039,Rio Verde,17.8,5.2,12.3,Argiloso,27.5,809.0,Plantio,7.0,303.0,7.3,107.0,Tarde,1
34,2026-02-18 21:50:00,EQ-034,Lucas do Rio Verde,58.4,21.3,19.8,Misto,9.0,629.0,Plantio,6.0,141.0,9.8,49.0,Tarde,0
35,2026-02-18 22:00:00,EQ-036,Rio Verde,51.9,69.7,23.6,Argiloso,16.1,734.0,Plantio,9.0,267.0,6.1,90.0,Manha,1
36,2026-02-18 22:06:00,EQ-037,Sorriso,34.5,71.7,15.1,Encharcado,11.3,308.0,Colheita,5.0,194.0,8.3,73.0,Noite,1
37,2026-02-18 23:19:00,EQ-032,Nao-Me-Toque,32.8,20.6,29.9,Arenoso,4.5,981.0,Plantio,10.0,264.0,5.9,77.0,Tarde,0
38,2026-02-19 00:46:00,EQ-033,Sorriso,59.1,32.4,31.2,Encharcado,20.2,701.0,Colheita,6.0,600.0,9.8,99.0,Noite,1
39,2026-02-19 01:07:00,EQ-002,Barreiras,63.3,5.6,38.1,Arenoso,11.8,296.0,Colheita,6.0,135.0,5.2,69.0,Tarde,1
40,2026-02-19 01:12:00,EQ-021,Lucas do Rio Verde,65.4,69.2,45.0,Misto,9.9,1375.0,Colheita,6.0,96.0,6.6,96.0,Tarde,0
41,2026-02-19 01:20:00,EQ-009,Sorriso,48.0,37.0,26.4,Argiloso,15.9,216.0,Colheita,6.0,128.0,10.3,81.0,Manha,1
42,2026-02-19 01:28:00,EQ-023,Sorriso,55.9,98.5,21.0,Arenoso,3.1,663.0,Colheita,11.0,261.0,4.8,91.0,Manha,0
43,2026-02-19 01:49:00,EQ-016,Sorriso,51.4,108.6,26.4,Misto,4.7,165.0,Transporte,12.0,457.0,6.1,73.0,Tarde,0
44,2026-02-19 02:30:00,EQ-036,Lucas do Rio Verde,31.1,49.9,26.7,Arenoso,24.0,418.0,Transporte,3.0,39.0,9.2,105.0,Tarde,0
45,2026-02-19 03:11:00,EQ-020,Nao-Me-Toque,33.7,39.4,24.8,Encharcado,5.5,402.0,Pulverizacao,12.0,75.0,6.5,96.0,Noite,0
46,2026-02-19 03:42:00,EQ-001,Barreiras,34.7,39.5,28.5,Argiloso,6.7,771.0,Plantio,2.0,110.0,9.2,72.0,Noite,0
47,2026-02-19 03:59:00,EQ-021,Barreiras,63.1,26.4,42.0,Misto,2.9,755.0,Colheita,10.0,48.0,9.8,91.0,Manha,0
48,2026-02-19 04:30:00,EQ-004,Barreiras,49.5,13.3,26.6,Argiloso,10.1,1165.0,Transporte,5.0,274.0,8.2,75.0,Tarde,1
49,2026-02-19 04:41:00,EQ-021,Barreiras,34.5,64.9,35.1,Argiloso,24.8,80.0,Pulverizacao,13.0,56.0,12.6,74.0,Tarde,1
50,2026-02-19 04:59:00,EQ-014,Rio Verde,58.5,20.6,27.9,Arenoso,13.6,509.0,Plantio,4.0,200.0,7.2,92.0,Noite,0
51,2026-02-19 05:21:00,EQ-005,Nao-Me-Toque,37.0,8.7,27.8,Arenoso,8.2,190.0,Colheita,13.0,138.0,6.4,108.0,Manha,0
52,2026-02-19 05:24:00,EQ-019,Rio Verde,19.0,26.7,21.5,Arenoso,10.4,532.0,Colheita,3.0,257.0,11.1,68.0,Tarde,0
53,2026-02-19 05:45:00,EQ-015,Sorriso,71.1,133.9,28.3,Argiloso,1.7,213.0,Colheita,24.0,127.0,5.0,64.0,Tarde,1
54,2026-02-19 06:41:00,EQ-035,Nao-Me-Toque,40.0,25.5,25.3,Arenoso,7.6,124.0,Colheita,4.0,281.0,6.5,58.0,Tarde,0
55,2026-02-19 06:47:00,EQ-038,Nao-Me-Toque,63.8,15.9,34.0,Argiloso,5.3,478.0,Pulverizacao,11.0,340.0,2.4,83.0,Manha,1
56,2026-02-19 06:47:00,EQ-017,Cascavel,72.4,21.5,25.2,Argiloso,9.2,564.0,Transporte,10.0,49.0,7.2,100.0,Noite,1
57,2026-02-19 06:50:00,EQ-011,Sorriso,11.8,42.7,32.1,Misto,6.3,734.0,Plantio,2.0,336.0,12.8,78.0,Tarde,0
58,2026-02-19 07:54:00,EQ-040,Cascavel,14.7,31.9,25.7,Encharcado,5.2,232.0,Plantio,5.0,60.0,3.7,84.0,Tarde,0
59,2026-02-19 08:04:00,EQ-021,Nao-Me-Toque,85.9,38.3,33.3,Misto,9.4,505.0,Colheita,5.0,79.0,6.3,58.0,Tarde,1
60,2026-02-19 08:18:00,EQ-013,Sorriso,22.0,12.7,26.0,Arenoso,2.6,303.0,Plantio,7.0,186.0,7.2,98.0,Tarde,0
61,2026-02-19 08:28:00,EQ-016,Cascavel,60.1,17.9,20.6,Argiloso,16.8,265.0,Plantio,0.0,228.0,7.4,99.0,Manha,1
62,2026-02-19 08:55:00,EQ-019,Nao-Me-Toque,44.2,49.6,31.1,Encharcado,3.4,516.0,Plantio,8.0,298.0,10.5,106.0,Manha,0
63,2026-02-19 08:56:00,EQ-020,Barreiras,72.5,22.5,32.0,Arenoso,12.5,1195.0,Colheita,10.0,229.0,6.9,80.0,Noite,1
64,2026-02-19 08:58:00,EQ-003,Lucas do Rio Verde,52.6,17.4,29.2,Misto,25.1,1010.0,Plantio,10.0,284.0,10.2,70.0,Manha,0
65,2026-02-19 09:00:00,EQ-023,Rio Verde,48.7,30.6,26.1,Argiloso,20.7,222.0,Plantio,4.0,131.0,10.1,43.0,Tarde,0
66,2026-02-19 09:28:00,EQ-031,Nao-Me-Toque,73.0,33.4,35.3,Misto,8.5,469.0,Transporte,4.0,144.0,10.9,60.0,Manha,1
67,2026-02-19 09:43:00,EQ-004,Rio Verde,75.2,30.3,25.7,Arenoso,23.1,140.0,Plantio,2.0,143.0,4.4,82.0,Noite,1
68,2026-02-19 09:57:00,EQ-007,Sorriso,71.2,50.4,22.1,Argiloso,25.0,257.0,Colheita,1.0,244.0,7.7,70.0,Manha,1
69,2026-02-19 10:07:00,EQ-027,Rio Verde,76.7,8.2,29.7,Argiloso,7.6,821.0,Plantio,4.0,365.0,8.0,68.0,Manha,0
70,2026-02-19 10:22:00,EQ-026,Lucas do Rio Verde,17.8,82.4,24.3,Encharcado,16.2,1497.0,Pulverizacao,8.0,258.0,7.4,49.0,Tarde,0
71,2026-02-19 10:30:00,EQ-025,Barreiras,8.6,24.1,30.1,Argiloso,2.0,556.0,Transporte,3.0,118.0,8.3,83.0,Manha,0
72,2026-02-19 10:41:00,EQ-039,Cascavel,51.8,30.4,33.2,Arenoso,11.5,914.0,Colheita,17.0,198.0,2.3,40.0,Tarde,0
73,2026-02-19 11:15:00,EQ-008,Rio Verde,67.2,121.1,28.0,Misto,7.2,1421.0,Plantio,13.0,224.0,4.0,57.0,Manha,0
74,2026-02-19 11:39:00,EQ-003,Sorriso,100.0,4.5,22.5,Argiloso,6.5,175.0,Pulverizacao,6.0,261.0,8.6,94.0,Tarde,1
75,2026-02-19 11:49:00,EQ-029,Nao-Me-Toque,59.1,123.2,16.4,Arenoso,1.3,335.0,Colheita,8.0,564.0,2.2,75.0,Tarde,0
76,2026-02-19 11:53:00,EQ-021,Lucas do Rio Verde,59.7,49.3,22.4,Arenoso,11.6,1610.0,Colheita,7.0,164.0,8.4,110.0,Manha,0
77,2026-02-19 11:53:00,EQ-016,Lucas do Rio Verde,48.9,55.1,28.5,Misto,13.0,746.0,Plantio,7.0,93.0,7.6,77.0,Tarde,0
78,2026-02-19 12:10:00,EQ-040,Barreiras,38.4,4.8,27.5,Misto,9.8,381.0,Transporte,10.0,575.0,3.6,89.0,Noite,0
79,2026-02-19 12:56:00,EQ-003,Sorriso,64.7,9.0,31.1,Argiloso,1.7,334.0,Pulverizacao,5.0,32.0,11.1,110.0,Tarde,1
80,2026-02-19 13:51:00,EQ-009,Barreiras,87.8,18.4,29.1,Misto,6.0,1405.0,Plantio,9.0,62.0,10.3,64.0,Manha,0
81,2026-02-19 14:01:00,EQ-037,Lucas do Rio Verde,34.3,36.9,32.2,Arenoso,4.7,2000.0,Plantio,3.0,272.0,6.9,55.0,Manha,0
82,2026-02-19 14:39:00,EQ-022,Rio Verde,73.5,58.4,21.0,Encharcado,18.0,453.0,Pulverizacao,15.0,11.0,9.4,103.0,Tarde,1
83,2026-02-19 14:54:00,EQ-032,Sorriso,37.5,29.3,30.1,Arenoso,13.4,1779.0,Plantio,4.0,185.0,8.4,108.0,Manha,0
84,2026-02-19 14:56:00,EQ-013,Sorriso,12.4,31.3,39.0,Encharcado,23.3,67.0,Colheita,1.0,27.0,9.1,64.0,Manha,0
85,2026-02-19 15:00:00,EQ-034,Barreiras,42.4,24.9,15.0,Arenoso,17.9,460.0,Plantio,5.0,358.0,6.0,82.0,Tarde,0
86,2026-02-19 15:41:00,EQ-039,Barreiras,73.2,19.2,34.1,Arenoso,9.7,292.0,Pulverizacao,7.0,86.0,7.3,88.0,Tarde,0
87,2026-02-19 15:52:00,EQ-026,Lucas do Rio Verde,66.2,61.5,32.7,Misto,21.1,177.0,Plantio,4.0,266.0,10.6,68.0,Noite,1
88,2026-02-19 16:42:00,EQ-034,Cascavel,76.1,24.5,32.8,Misto,37.7,390.0,Transporte,4.0,43.0,13.2,91.0,Manha,1
89,2026-02-19 17:59:00,EQ-015,Lucas do Rio Verde,47.7,21.3,25.7,Arenoso,3.2,217.0,Pulverizacao,6.0,232.0,6.6,88.0,Manha,0
90,2026-02-19 17:59:00,EQ-003,Lucas do Rio Verde,45.7,30.7,29.4,Argiloso,24.8,894.0,Plantio,5.0,68.0,7.3,58.0,Noite,0
91,2026-02-19 18:14:00,EQ-013,Rio Verde,61.1,81.4,30.5,Misto,11.4,127.0,Plantio,12.0,135.0,11.6,103.0,Noite,1
92,2026-02-19 18:24:00,EQ-027,Barreiras,72.7,8.5,13.1,Misto,28.1,1391.0,Plantio,7.0,39.0,9.8,89.0,Tarde,1
93,2026-02-19 18:25:00,EQ-002,Rio Verde,45.9,5.7,23.4,Argiloso,27.5,312.0,Plantio,8.0,25.0,8.9,66.0,Manha,0
94,2026-02-19 18:42:00,EQ-031,Lucas do Rio Verde,40.9,12.8,26.2,Arenoso,16.9,567.0,Plantio,2.0,135.0,4.5,97.0,Noite,0
95,2026-02-19 18:51:00,EQ-002,Nao-Me-Toque,62.8,7.9,30.3,Misto,4.1,635.0,Colheita,1.0,212.0,4.9,78.0,Noite,0
96,2026-02-19 18:52:00,EQ-029,Cascavel,49.6,37.0,35.9,Encharcado,4.0,45.0,Pulverizacao,6.0,270.0,6.8,40.0,Manha,0
97,2026-02-19 19:03:00,EQ-030,Cascavel,43.3,27.1,35.8,Argiloso,4.9,342.0,Colheita,2.0,200.0,8.1,101.0,Manha,0
98,2026-02-19 19:45:00,EQ-018,Sorriso,59.1,4.4,20.9,Misto,17.5,1058.0,Plantio,5.0,89.0,6.8,71.0,Manha,0
99,2026-02-19 19:53:00,EQ-021,Barreiras,28.5,47.8,28.7,Misto,6.5,321.0,Plantio,1.0,151.0,5.2,68.0,Manha,0
100,2026-02-19 19:58:00,EQ-032,Sorriso,64.4,34.7,22.5,Argiloso,6.4,1205.0,Colheita,3.0,373.0,7.7,82.0,Manha,1
101,2026-02-19 20:00:00,EQ-009,Sorriso,83.5,12.7,15.2,Arenoso,11.7,917.0,Transporte,13.0,17.0,10.8,85.0,Manha,0
102,2026-02-19 20:05:00,EQ-018,Sorriso,68.3,31.5,29.9,Arenoso,8.3,36.0,Plantio,0.0,237.0,5.9,70.0,Noite,1
103,2026-02-19 20:06:00,EQ-005,Nao-Me-Toque,17.4,12.9,23.3,Arenoso,22.0,461.0,Pulverizacao,13.0,266.0,9.6,85.0,Tarde,0
104,2026-02-19 20:25:00,EQ-022,Rio Verde,51.5,30.5,20.5,Arenoso,10.0,240.0,Colheita,13.0,187.0,7.8,58.0,Manha,0
105,2026-02-19 21:44:00,EQ-015,Barreiras,64.0,28.2,28.7,Argiloso,4.9,585.0,Pulverizacao,18.0,102.0,10.4,96.0,Tarde,0
106,2026-02-19 21:48:00,EQ-013,Barreiras,51.6,61.4,25.9,Misto,21.5,1518.0,Colheita,5.0,47.0,11.9,120.0,Tarde,0
107,2026-02-19 22:03:00,EQ-014,Sorriso,49.7,39.6,31.7,Misto,5.6,691.0,Pulverizacao,21.0,164.0,7.6,81.0,Tarde,0
108,2026-02-19 22:04:00,EQ-026,Sorriso,60.9,12.1,17.8,Misto,10.7,516.0,Colheita,3.0,81.0,8.7,76.0,Noite,0
109,2026-02-19 22:32:00,EQ-013,Sorriso,49.4,70.4,36.7,Encharcado,9.7,368.0,Plantio,12.0,150.0,7.9,97.0,Manha,0
110,2026-02-19 23:02:00,EQ-036,Barreiras,66.2,3.0,29.0,Encharcado,6.7,286.0,Plantio,4.0,168.0,6.6,107.0,Manha,0
111,2026-02-19 23:07:00,EQ-016,Sorriso,52.9,22.4,26.3,Arenoso,9.0,598.0,Colheita,8.0,210.0,6.8,64.0,Manha,0
112,2026-02-19 23:39:00,EQ-040,Barreiras,90.0,39.5,24.9,Argiloso,14.9,900.0,Pulverizacao,5.0,260.0,7.5,74.0,Manha,0
113,2026-02-19 23:40:00,EQ-020,Nao-Me-Toque,48.9,38.8,33.6,Arenoso,6.7,452.0,Plantio,6.0,200.0,9.5,96.0,Noite,0
114,2026-02-19 23:58:00,EQ-007,Nao-Me-Toque,72.1,8.5,20.9,Arenoso,10.1,293.0,Pulverizacao,8.0,453.0,10.4,109.0,Tarde,1
115,2026-02-20 00:11:00,EQ-006,Barreiras,62.7,40.8,27.1,Misto,10.3,1981.0,Transporte,19.0,66.0,11.6,95.0,Tarde,0
116,2026-02-20 00:17:00,EQ-033,Rio Verde,69.4,26.7,12.4,Encharcado,3.8,353.0,Transporte,3.0,192.0,10.5,88.0,Tarde,1
117,2026-02-20 00:44:00,EQ-026,Barreiras,5.0,30.7,20.6,Arenoso,19.4,534.0,Pulverizacao,11.0,43.0,11.2,56.0,Manha,0
118,2026-02-20 01:08:00,EQ-007,Sorriso,51.7,46.4,23.0,Argiloso,14.9,524.0,Colheita,10.0,145.0,13.4,81.0,Tarde,0
119,2026-02-20 02:07:00,EQ-020,Lucas do Rio Verde,27.8,25.0,24.2,Arenoso,12.4,1072.0,Pulverizacao,4.0,347.0,5.1,72.0,Noite,0
120,2026-02-20 02:27:00,EQ-009,Barreiras,75.9,5.8,33.5,Arenoso,10.3,216.0,Pulverizacao,4.0,292.0,12.3,92.0,Noite,1
121,2026-02-20 02:40:00,EQ-015,Sorriso,62.9,9.3,24.5,Argiloso,11.3,258.0,Plantio,5.0,181.0,10.1,109.0,Manha,1
122,2026-02-20 03:31:00,EQ-029,Barreiras,42.8,18.6,28.8,Argiloso,14.9,196.0,Plantio,12.0,134.0,8.1,87.0,Manha,0
123,2026-02-20 03:57:00,EQ-007,Nao-Me-Toque,59.5,42.1,27.8,Encharcado,6.8,888.0,Plantio,25.0,26.0,8.7,105.0,Tarde,0
124,2026-02-20 04:12:00,EQ-025,Lucas do Rio Verde,66.6,80.7,20.5,Argiloso,10.3,776.0,Pulverizacao,5.0,71.0,4.9,93.0,Noite,1
125,2026-02-20 04:41:00,EQ-025,Cascavel,49.5,18.8,19.8,Misto,21.0,843.0,Colheita,6.0,264.0,6.6,99.0,Noite,0
126,2026-02-20 04:51:00,EQ-003,Lucas do Rio Verde,66.0,22.1,19.4,Misto,2.2,450.0,Transporte,18.0,243.0,13.4,101.0,Tarde,0
127,2026-02-20 05:00:00,EQ-021,Cascavel,66.3,3.5,29.9,Arenoso,5.7,155.0,Colheita,8.0,138.0,8.6,86.0,Tarde,0
128,2026-02-20 05:58:00,EQ-010,Barreiras,36.9,24.6,30.7,Argiloso,8.5,2000.0,Plantio,13.0,297.0,5.6,64.0,Tarde,0
129,2026-02-20 06:11:00,EQ-036,Sorriso,33.1,29.1,30.4,Argiloso,7.6,1078.0,Pulverizacao,3.0,149.0,8.2,67.0,Tarde,0
130,2026-02-20 06:56:00,EQ-028,Rio Verde,56.4,20.6,18.5,Arenoso,2.9,300.0,Pulverizacao,5.0,272.0,8.5,93.0,Manha,0
131,2026-02-20 07:10:00,EQ-035,Rio Verde,74.9,29.6,17.6,Encharcado,16.1,629.0,Pulverizacao,5.0,233.0,6.7,65.0,Manha,0
132,2026-02-20 07:23:00,EQ-008,Lucas do Rio Verde,22.9,57.0,26.7,Misto,15.7,620.0,Plantio,0.0,252.0,13.8,62.0,Tarde,0
133,2026-02-20 07:47:00,EQ-026,Rio Verde,17.2,5.4,33.8,Arenoso,11.8,1440.0,Pulverizacao,3.0,5.0,8.5,71.0,Manha,0
134,2026-02-20 07:47:00,EQ-033,Cascavel,25.5,22.3,28.1,Arenoso,7.7,460.0,Colheita,24.0,178.0,9.8,40.0,Tarde,0
135,2026-02-20 08:00:00,EQ-039,Barreiras,43.1,7.6,30.6,Argiloso,9.9,406.0,Plantio,3.0,255.0,9.4,120.0,Manha,0
136,2026-02-20 08:18:00,EQ-015,Nao-Me-Toque,58.8,23.0,25.1,Arenoso,7.4,297.0,Colheita,20.0,47.0,9.3,69.0,Manha,0
137,2026-02-20 08:35:00,EQ-008,Barreiras,51.5,57.0,32.2,Misto,20.9,205.0,Transporte,8.0,54.0,1.0,49.0,Tarde,0
138,2026-02-20 08:47:00,EQ-014,Sorriso,58.6,23.8,36.9,Misto,15.8,360.0,Colheita,8.0,95.0,10.5,73.0,Tarde,0
139,2026-02-20 08:57:00,EQ-015,Cascavel,84.0,20.3,33.9,Argiloso,11.8,849.0,Plantio,13.0,160.0,7.1,96.0,Tarde,0
140,2026-02-20 09:00:00,EQ-033,Sorriso,62.8,47.2,27.6,Arenoso,22.5,1380.0,Colheita,5.0,188.0,6.0,66.0,Tarde,0
141,2026-02-20 09:19:00,EQ-025,Barreiras,72.9,17.6,25.5,Arenoso,29.5,953.0,Colheita,11.0,288.0,4.8,114.0,Tarde,0
142,2026-02-20 09:30:00,EQ-017,Cascavel,19.5,72.9,26.7,Arenoso,5.9,340.0,Colheita,2.0,190.0,9.1,66.0,Manha,0
143,2026-02-20 09:59:00,EQ-029,Sorriso,36.4,4.5,30.7,Arenoso,9.1,506.0,Plantio,7.0,256.0,7.6,106.0,Tarde,0
144,2026-02-20 10:48:00,EQ-028,Nao-Me-Toque,61.3,74.8,41.0,Argiloso,3.5,1011.0,Plantio,7.0,445.0,10.4,83.0,Manha,0
145,2026-02-20 10:52:00,EQ-036,Nao-Me-Toque,39.4,68.0,38.1,Encharcado,18.3,88.0,Transporte,4.0,147.0,9.1,94.0,Manha,1
146,2026-02-20 12:10:00,EQ-010,Lucas do Rio Verde,19.8,48.6,23.5,Argiloso,4.7,543.0,Plantio,5.0,89.0,9.6,112.0,Tarde,0
147,2026-02-20 12:10:00,EQ-035,Cascavel,87.7,145.1,25.5,Misto,11.4,190.0,Colheita,12.0,74.0,5.9,78.0,Noite,1
148,2026-02-20 12:56:00,EQ-036,Barreiras,38.3,8.0,22.8,Argiloso,14.5,1255.0,Colheita,6.0,78.0,10.2,79.0,Manha,1
149,2026-02-20 13:26:00,EQ-018,Nao-Me-Toque,68.5,34.3,24.0,Argiloso,23.9,687.0,Plantio,3.0,3.0,7.9,57.0,Noite,0
150,2026-02-20 13:51:00,EQ-027,Barreiras,13.5,32.8,25.1,Misto,3.6,667.0,Colheita,2.0,106.0,5.3,86.0,Manha,0
151,2026-02-20 14:15:00,EQ-015,Barreiras,91.7,79.1,14.1,Arenoso,8.1,1424.0,Plantio,4.0,38.0,8.9,74.0,Noite,0
152,2026-02-20 15:03:00,EQ-006,Lucas do Rio Verde,49.8,44.0,24.3,Arenoso,11.9,640.0,Pulverizacao,8.0,129.0,8.2,70.0,Manha,0
153,2026-02-20 15:18:00,EQ-035,Barreiras,45.5,48.2,24.3,Misto,9.6,907.0,Colheita,2.0,240.0,5.9,75.0,Noite,0
154,2026-02-20 15:55:00,EQ-009,Sorriso,38.1,53.8,32.4,Argiloso,3.0,417.0,Transporte,5.0,155.0,12.6,86.0,Manha,1
155,2026-02-20 16:08:00,EQ-005,Rio Verde,53.7,92.8,19.1,Argiloso,10.0,1954.0,Pulverizacao,7.0,360.0,8.7,90.0,Noite,1
156,2026-02-20 16:12:00,EQ-016,Rio Verde,61.6,45.0,27.2,Arenoso,24.2,303.0,Colheita,10.0,58.0,15.8,73.0,Tarde,1
157,2026-02-20 16:29:00,EQ-015,Barreiras,63.0,9.6,24.2,Arenoso,12.9,654.0,Plantio,7.0,249.0,11.1,90.0,Manha,0
158,2026-02-20 16:35:00,EQ-005,Rio Verde,25.8,28.9,21.6,Arenoso,6.0,105.0,Colheita,7.0,79.0,10.6,64.0,Tarde,0
159,2026-02-20 17:42:00,EQ-001,Rio Verde,46.2,21.6,28.8,Arenoso,6.8,1475.0,Plantio,1.0,146.0,11.2,115.0,Noite,0
160,2026-02-20 18:19:00,EQ-025,Barreiras,34.7,104.2,17.4,Encharcado,3.4,413.0,Transporte,7.0,139.0,7.3,110.0,Tarde,1
161,2026-02-20 18:27:00,EQ-019,Nao-Me-Toque,82.3,3.6,31.1,Argiloso,10.4,893.0,Pulverizacao,6.0,135.0,7.7,96.0,Manha,0
162,2026-02-20 18:31:00,EQ-027,Sorriso,66.5,49.4,21.8,Misto,12.4,267.0,Transporte,8.0,76.0,13.1,116.0,Tarde,0
163,2026-02-20 18:32:00,EQ-005,Rio Verde,16.3,21.0,33.7,Misto,10.1,1152.0,Transporte,5.0,140.0,14.8,111.0,Noite,0
164,2026-02-20 18:48:00,EQ-011,Lucas do Rio Verde,61.1,46.6,22.7,Misto,30.8,1296.0,Pulverizacao,2.0,466.0,6.4,67.0,Noite,0
165,2026-02-20 18:58:00,EQ-006,Barreiras,82.2,16.0,21.6,Argiloso,3.3,1559.0,Plantio,2.0,600.0,8.3,74.0,Tarde,0
166,2026-02-20 19:11:00,EQ-037,Barreiras,72.5,15.5,20.2,Argiloso,16.2,497.0,Colheita,6.0,104.0,2.4,84.0,Tarde,1
167,2026-02-20 19:18:00,EQ-040,Barreiras,69.5,60.5,38.5,Misto,5.2,1079.0,Transporte,6.0,159.0,14.1,63.0,Manha,0
168,2026-02-20 19:28:00,EQ-018,Lucas do Rio Verde,42.6,69.2,17.7,Arenoso,0.9,232.0,Transporte,11.0,67.0,6.3,54.0,Manha,0
169,2026-02-20 19:40:00,EQ-040,Lucas do Rio Verde,69.4,26.1,27.4,Encharcado,6.2,808.0,Plantio,16.0,274.0,12.4,80.0,Tarde,0
170,2026-02-20 20:11:00,EQ-020,Barreiras,70.5,70.8,28.6,Arenoso,3.3,386.0,Pulverizacao,9.0,305.0,12.2,100.0,Manha,1
171,2026-02-20 20:54:00,EQ-014,Nao-Me-Toque,23.9,60.3,26.0,Encharcado,2.8,776.0,Pulverizacao,5.0,70.0,10.3,77.0,Tarde,0
172,2026-02-20 20:56:00,EQ-025,Rio Verde,53.9,24.3,19.6,Encharcado,14.9,312.0,Transporte,21.0,65.0,7.4,110.0,Manha,1
173,2026-02-20 20:59:00,EQ-038,Nao-Me-Toque,21.3,5.4,36.3,Misto,6.8,1163.0,Plantio,13.0,95.0,1.4,103.0,Tarde,0
174,2026-02-20 22:43:00,EQ-034,Barreiras,38.6,9.6,24.0,Arenoso,12.5,916.0,Transporte,2.0,70.0,3.8,83.0,Tarde,0
175,2026-02-20 23:03:00,EQ-008,Barreiras,77.9,25.5,30.7,Arenoso,4.5,179.0,Plantio,3.0,470.0,10.0,58.0,Manha,1
176,2026-02-20 23:13:00,EQ-036,Barreiras,66.4,7.2,28.9,Encharcado,11.0,594.0,Plantio,17.0,265.0,5.9,113.0,Noite,1
177,2026-02-21 00:24:00,EQ-024,Sorriso,67.7,21.9,30.4,Argiloso,16.5,104.0,Pulverizacao,1.0,216.0,0.5,106.0,Manha,1
178,2026-02-21 00:30:00,EQ-023,Lucas do Rio Verde,39.4,13.4,23.4,Misto,17.2,544.0,Pulverizacao,2.0,205.0,10.9,75.0,Tarde,0
179,2026-02-21 00:55:00,EQ-030,Cascavel,39.3,25.1,21.4,Misto,4.1,426.0,Colheita,2.0,97.0,6.3,72.0,Manha,0
180,2026-02-21 01:16:00,EQ-006,Cascavel,50.2,20.0,24.7,Arenoso,33.6,214.0,Transporte,5.0,202.0,4.8,100.0,Tarde,0
181,2026-02-21 01:42:00,EQ-008,Lucas do Rio Verde,60.4,44.0,29.3,Encharcado,4.1,1339.0,Transporte,10.0,112.0,7.4,63.0,Tarde,0
182,2026-02-21 02:27:00,EQ-005,Nao-Me-Toque,80.7,30.5,23.4,Arenoso,20.5,481.0,Pulverizacao,19.0,238.0,9.2,68.0,Manha,1
183,2026-02-21 03:09:00,EQ-013,Rio Verde,35.2,124.7,29.1,Misto,8.5,1492.0,Pulverizacao,4.0,89.0,11.6,98.0,Tarde,0
184,2026-02-21 03:21:00,EQ-005,Rio Verde,63.1,19.3,22.3,Arenoso,11.6,1027.0,Plantio,6.0,83.0,6.7,88.0,Noite,0
185,2026-02-21 03:54:00,EQ-012,Sorriso,67.1,22.7,32.4,Misto,12.0,93.0,Pulverizacao,11.0,66.0,13.1,78.0,Noite,1
186,2026-02-21 05:24:00,EQ-005,Sorriso,61.3,38.9,20.2,Arenoso,5.2,444.0,Pulverizacao,4.0,39.0,8.2,101.0,Manha,1
187,2026-02-21 05:48:00,EQ-012,Rio Verde,45.4,47.3,31.1,Encharcado,10.3,1689.0,Transporte,9.0,232.0,7.2,93.0,Tarde,0
188,2026-02-21 05:57:00,EQ-016,Cascavel,80.7,29.3,18.3,Arenoso,19.5,337.0,Transporte,4.0,88.0,11.8,85.0,Manha,1
189,2026-02-21 05:58:00,EQ-008,Barreiras,45.4,55.3,30.6,Arenoso,13.5,865.0,Pulverizacao,2.0,215.0,5.4,52.0,Manha,1
190,2026-02-21 06:25:00,EQ-001,Barreiras,66.0,61.4,21.4,Arenoso,18.7,795.0,Colheita,7.0,256.0,14.2,104.0,Manha,1
191,2026-02-21 06:39:00,EQ-035,Lucas do Rio Verde,48.3,15.6,24.0,Misto,5.2,1378.0,Colheita,12.0,188.0,5.4,88.0,Manha,0
192,2026-02-21 06:46:00,EQ-007,Barreiras,77.6,5.0,35.7,Encharcado,3.3,143.0,Transporte,5.0,138.0,8.3,88.0,Manha,1
193,2026-02-21 07:05:00,EQ-016,Barreiras,57.3,94.9,25.3,Arenoso,8.9,832.0,Plantio,3.0,280.0,8.4,59.0,Tarde,0
194,2026-02-21 07:08:00,EQ-007,Nao-Me-Toque,55.6,10.0,29.2,Encharcado,3.0,982.0,Plantio,4.0,204.0,6.7,52.0,Manha,0
195,2026-02-21 08:04:00,EQ-013,Rio Verde,72.2,19.1,31.0,Misto,2.3,495.0,Colheita,9.0,419.0,7.2,82.0,Manha,1
196,2026-02-21 08:33:00,EQ-008,Rio Verde,59.4,14.6,26.8,Argiloso,18.3,478.0,Colheita,1.0,68.0,7.6,70.0,Manha,0
197,2026-02-21 09:25:00,EQ-017,Rio Verde,38.7,32.4,24.5,Misto,22.3,576.0,Colheita,8.0,106.0,4.5,94.0,Tarde,0
198,2026-02-21 10:01:00,EQ-004,Nao-Me-Toque,59.5,127.3,22.5,Argiloso,10.6,1612.0,Plantio,7.0,178.0,10.5,79.0,Manha,1
199,2026-02-21 10:07:00,EQ-001,Rio Verde,48.5,2.7,22.2,Argiloso,10.8,109.0,Pulverizacao,11.0,141.0,3.0,80.0,Tarde,0
200,2026-02-21 10:30:00,EQ-017,Rio Verde,65.3,35.1,28.8,Encharcado,2.7,157.0,Pulverizacao,13.0,502.0,13.5,96.0,Manha,1
201,2026-02-21 10:59:00,EQ-025,Cascavel,50.5,145.2,29.6,Argiloso,6.9,823.0,Colheita,11.0,158.0,7.6,103.0,Tarde,1
202,2026-02-21 11:01:00,EQ-007,Cascavel,46.0,27.9,39.2,Arenoso,9.9,762.0,Plantio,20.0,287.0,14.1,68.0,Tarde,0
203,2026-02-21 11:32:00,EQ-031,Lucas do Rio Verde,46.8,37.2,32.2,Misto,15.4,839.0,Pulverizacao,5.0,99.0,10.8,67.0,Noite,0
204,2026-02-21 12:12:00,EQ-012,Sorriso,45.9,69.4,18.0,Arenoso,3.2,1329.0,Pulverizacao,9.0,204.0,8.5,110.0,Noite,0
205,2026-02-21 12:36:00,EQ-019,Rio Verde,33.3,87.7,31.2,Argiloso,42.3,1260.0,Colheita,10.0,72.0,11.5,82.0,Tarde,1
206,2026-02-21 12:39:00,EQ-037,Lucas do Rio Verde,34.4,26.0,25.2,Misto,2.7,900.0,Transporte,12.0,58.0,4.2,63.0,Manha,0
207,2026-02-21 12:41:00,EQ-010,Nao-Me-Toque,61.8,60.0,42.8,Misto,13.5,177.0,Colheita,5.0,303.0,9.2,52.0,Manha,1
208,2026-02-21 12:45:00,EQ-024,Rio Verde,58.5,46.8,32.8,Encharcado,3.0,95.0,Pulverizacao,4.0,190.0,5.5,97.0,Noite,0
209,2026-02-21 12:48:00,EQ-011,Rio Verde,62.4,16.6,29.1,Encharcado,9.4,750.0,Transporte,15.0,19.0,11.9,106.0,Manha,1
210,2026-02-21 12:56:00,EQ-020,Cascavel,54.7,26.6,23.8,Argiloso,10.6,149.0,Plantio,3.0,86.0,10.9,88.0,Tarde,0
211,2026-02-21 13:05:00,EQ-009,Rio Verde,47.7,76.3,31.1,Arenoso,11.4,771.0,Colheita,4.0,46.0,5.0,89.0,Tarde,0
212,2026-02-21 13:17:00,EQ-016,Lucas do Rio Verde,67.2,37.4,28.1,Arenoso,6.2,394.0,Colheita,4.0,211.0,12.0,106.0,Noite,0
213,2026-02-21 13:41:00,EQ-040,Lucas do Rio Verde,45.3,58.6,26.5,Argiloso,4.1,699.0,Plantio,7.0,115.0,8.5,86.0,Noite,0
214,2026-02-21 14:08:00,EQ-024,Rio Verde,31.0,65.4,29.5,Arenoso,4.8,344.0,Plantio,8.0,20.0,6.7,54.0,Manha,0
215,2026-02-21 14:17:00,EQ-001,Rio Verde,100.0,1.0,30.6,Argiloso,1.8,515.0,Colheita,10.0,256.0,4.6,92.0,Manha,1
216,2026-02-21 14:37:00,EQ-012,Cascavel,46.1,68.2,22.7,Argiloso,14.6,703.0,Plantio,3.0,359.0,10.1,70.0,Manha,0
217,2026-02-21 15:14:00,EQ-018,Sorriso,35.2,7.2,24.0,Misto,14.7,173.0,Colheita,6.0,33.0,8.3,78.0,Manha,0
218,2026-02-21 15:27:00,EQ-020,Sorriso,60.1,28.0,43.3,Misto,13.1,357.0,Transporte,7.0,276.0,11.7,60.0,Tarde,1
219,2026-02-21 15:30:00,EQ-019,Lucas do Rio Verde,22.1,33.3,27.1,Argiloso,3.2,1002.0,Transporte,25.0,146.0,8.8,63.0,Manha,0
220,2026-02-21 16:03:00,EQ-030,Cascavel,60.4,32.4,24.6,Arenoso,4.2,999.0,Transporte,8.0,144.0,6.4,67.0,Tarde,0
221,2026-02-21 16:18:00,EQ-030,Sorriso,35.9,46.9,22.9,Misto,7.5,526.0,Plantio,9.0,76.0,7.4,75.0,Noite,0
222,2026-02-21 16:30:00,EQ-027,Sorriso,37.7,42.0,22.7,Arenoso,6.1,317.0,Pulverizacao,4.0,243.0,8.4,97.0,Tarde,0
223,2026-02-21 16:34:00,EQ-027,Nao-Me-Toque,59.5,22.6,28.5,Encharcado,5.5,505.0,Transporte,8.0,155.0,8.9,89.0,Tarde,0
224,2026-02-21 17:19:00,EQ-017,Lucas do Rio Verde,37.1,17.3,23.4,Misto,20.6,401.0,Pulverizacao,3.0,228.0,6.2,81.0,Manha,0
225,2026-02-21 17:56:00,EQ-034,Rio Verde,44.1,10.1,19.4,Misto,18.2,1098.0,Plantio,3.0,153.0,8.3,95.0,Manha,0
226,2026-02-21 18:25:00,EQ-033,Lucas do Rio Verde,63.4,3.4,13.7,Encharcado,9.5,556.0,Colheita,2.0,158.0,9.2,100.0,Tarde,1
227,2026-02-21 18:26:00,EQ-023,Lucas do Rio Verde,58.3,128.3,34.2,Argiloso,11.3,380.0,Pulverizacao,17.0,146.0,8.6,105.0,Tarde,1
228,2026-02-21 18:31:00,EQ-013,Sorriso,52.1,46.6,16.5,Argiloso,14.5,463.0,Transporte,8.0,299.0,7.9,79.0,Tarde,1
229,2026-02-21 19:59:00,EQ-008,Barreiras,46.1,12.4,32.3,Arenoso,5.8,116.0,Pulverizacao,11.0,379.0,5.1,72.0,Tarde,0
230,2026-02-21 20:05:00,EQ-035,Lucas do Rio Verde,30.8,49.5,40.2,Misto,12.9,762.0,Transporte,4.0,129.0,8.3,94.0,Tarde,0
231,2026-02-21 20:33:00,EQ-001,Sorriso,60.2,54.4,23.1,Encharcado,15.6,493.0,Pulverizacao,11.0,56.0,7.1,84.0,Tarde,1
232,2026-02-21 20:37:00,EQ-034,Lucas do Rio Verde,45.4,41.1,22.2,Arenoso,6.0,493.0,Transporte,8.0,341.0,8.0,82.0,Tarde,1
233,2026-02-21 21:42:00,EQ-006,Barreiras,59.9,6.6,19.8,Argiloso,43.3,251.0,Colheita,4.0,141.0,9.6,48.0,Tarde,0
234,2026-02-21 21:55:00,EQ-008,Lucas do Rio Verde,38.0,42.0,27.5,Arenoso,4.5,1252.0,Transporte,2.0,104.0,10.8,77.0,Tarde,0
235,2026-02-21 22:21:00,EQ-021,Lucas do Rio Verde,59.5,24.9,34.8,Arenoso,16.1,137.0,Colheita,0.0,264.0,12.4,120.0,Manha,0
236,2026-02-21 22:32:00,EQ-009,Nao-Me-Toque,66.8,29.0,21.0,Argiloso,29.3,1543.0,Transporte,4.0,231.0,4.4,120.0,Manha,1
237,2026-02-21 22:48:00,EQ-002,Nao-Me-Toque,80.6,49.1,23.0,Argiloso,7.3,456.0,Plantio,18.0,297.0,9.2,94.0,Tarde,1
238,2026-02-22 00:39:00,EQ-024,Lucas do Rio Verde,49.4,25.8,44.4,Arenoso,3.5,361.0,Plantio,19.0,122.0,2.9,78.0,Manha,0
239,2026-02-22 01:58:00,EQ-023,Rio Verde,14.2,76.8,31.6,Argiloso,16.0,1223.0,Transporte,21.0,91.0,14.2,90.0,Noite,0
240,2026-02-22 02:06:00,EQ-026,Sorriso,37.7,15.2,25.9,Arenoso,13.4,81.0,Plantio,3.0,74.0,6.7,73.0,Tarde,1
241,2026-02-22 02:34:00,EQ-032,Barreiras,36.0,35.1,22.0,Arenoso,25.1,370.0,Colheita,5.0,368.0,5.5,63.0,Tarde,0
242,2026-02-22 03:24:00,EQ-039,Cascavel,43.6,36.2,15.8,Arenoso,6.2,834.0,Plantio,3.0,127.0,6.7,52.0,Manha,0
243,2026-02-22 04:20:00,EQ-016,Sorriso,63.1,15.2,38.0,Arenoso,18.3,307.0,Pulverizacao,10.0,355.0,7.2,83.0,Manha,1
244,2026-02-22 04:21:00,EQ-019,Sorriso,41.6,63.2,32.6,Arenoso,18.5,611.0,Transporte,7.0,245.0,7.7,69.0,Manha,0
245,2026-02-22 04:33:00,EQ-028,Nao-Me-Toque,62.3,13.2,35.6,Argiloso,1.9,196.0,Pulverizacao,9.0,227.0,0.4,45.0,Tarde,1
246,2026-02-22 04:46:00,EQ-024,Barreiras,28.2,29.7,29.6,Argiloso,9.0,98.0,Plantio,5.0,254.0,7.3,85.0,Manha,0
247,2026-02-22 04:49:00,EQ-035,Nao-Me-Toque,27.8,3.5,18.8,Arenoso,7.7,155.0,Pulverizacao,10.0,97.0,8.4,102.0,Tarde,0
248,2026-02-22 04:55:00,EQ-001,Lucas do Rio Verde,60.0,24.4,28.7,Argiloso,2.5,568.0,Pulverizacao,2.0,289.0,10.9,71.0,Noite,0
249,2026-02-22 05:00:00,EQ-030,Nao-Me-Toque,63.8,19.1,23.9,Encharcado,32.4,439.0,Pulverizacao,8.0,256.0,12.2,80.0,Tarde,1
250,2026-02-22 05:05:00,EQ-026,Cascavel,88.8,26.0,20.9,Argiloso,10.0,671.0,Colheita,13.0,179.0,5.1,84.0,Manha,0
251,2026-02-22 05:11:00,EQ-028,Barreiras,71.6,34.5,27.4,Arenoso,5.4,345.0,Plantio,9.0,201.0,11.1,60.0,Manha,1
252,2026-02-22 05:37:00,EQ-017,Barreiras,39.0,24.2,33.1,Misto,9.8,1191.0,Colheita,5.0,208.0,5.4,57.0,Tarde,0
253,2026-02-22 06:05:00,EQ-032,Rio Verde,70.7,66.8,39.1,Encharcado,22.9,917.0,Plantio,1.0,49.0,8.1,105.0,Noite,0
254,2026-02-22 06:29:00,EQ-028,Rio Verde,56.5,18.7,21.7,Arenoso,4.5,1540.0,Colheita,12.0,147.0,6.7,70.0,Manha,0
255,2026-02-22 06:38:00,EQ-005,Barreiras,38.5,19.0,29.9,Arenoso,3.3,1154.0,Plantio,2.0,62.0,8.7,97.0,Tarde,0
256,2026-02-22 06:52:00,EQ-033,Sorriso,73.8,52.7,27.2,Arenoso,3.5,855.0,Plantio,12.0,266.0,9.1,96.0,Tarde,0
257,2026-02-22 07:46:00,EQ-034,Cascavel,72.9,30.1,31.2,Arenoso,9.1,297.0,Pulverizacao,5.0,58.0,5.5,67.0,Manha,0
258,2026-02-22 08:07:00,EQ-024,Barreiras,9.9,14.1,28.0,Argiloso,19.3,749.0,Pulverizacao,2.0,13.0,6.1,58.0,Tarde,0
259,2026-02-22 08:24:00,EQ-014,Barreiras,77.3,16.0,23.9,Argiloso,13.3,1243.0,Transporte,3.0,49.0,11.4,120.0,Manha,0
260,2026-02-22 08:24:00,EQ-002,Lucas do Rio Verde,54.0,79.0,13.0,Misto,7.2,773.0,Transporte,4.0,70.0,9.6,89.0,Manha,0
261,2026-02-22 08:25:00,EQ-013,Cascavel,50.2,97.2,31.1,Misto,5.4,220.0,Colheita,21.0,190.0,11.4,66.0,Tarde,0
262,2026-02-22 08:28:00,EQ-001,Nao-Me-Toque,91.4,3.3,21.0,Arenoso,5.6,675.0,Plantio,2.0,200.0,5.7,74.0,Tarde,0
263,2026-02-22 08:34:00,EQ-015,Cascavel,62.0,60.5,35.1,Argiloso,18.1,250.0,Colheita,7.0,301.0,13.6,40.0,Tarde,0
264,2026-02-22 08:43:00,EQ-018,Nao-Me-Toque,43.7,51.5,41.1,Encharcado,4.1,841.0,Pulverizacao,7.0,348.0,10.8,82.0,Tarde,0
265,2026-02-22 08:51:00,EQ-018,Cascavel,88.0,13.6,28.9,Encharcado,14.0,471.0,Plantio,5.0,331.0,6.9,73.0,Manha,0
266,2026-02-22 09:14:00,EQ-009,Nao-Me-Toque,63.2,32.0,39.5,Arenoso,1.6,157.0,Plantio,3.0,62.0,9.5,82.0,Tarde,0
267,2026-02-22 09:59:00,EQ-036,Cascavel,64.6,15.5,35.9,Argiloso,12.7,270.0,Colheita,1.0,262.0,5.8,105.0,Tarde,1
268,2026-02-22 10:02:00,EQ-030,Cascavel,78.1,35.3,42.3,Misto,1.5,568.0,Colheita,9.0,225.0,4.3,76.0,Tarde,0
269,2026-02-22 10:17:00,EQ-014,Nao-Me-Toque,55.8,39.6,22.3,Arenoso,8.8,121.0,Plantio,11.0,77.0,9.0,76.0,Tarde,0
270,2026-02-22 11:18:00,EQ-025,Cascavel,82.1,72.3,19.8,Arenoso,7.2,404.0,Pulverizacao,3.0,240.0,8.1,96.0,Manha,1
271,2026-02-22 11:47:00,EQ-006,Rio Verde,54.7,20.6,27.8,Misto,7.2,349.0,Transporte,6.0,34.0,7.4,67.0,Noite,0
272,2026-02-22 11:56:00,EQ-019,Sorriso,62.1,58.1,34.2,Argiloso,16.6,38.0,Colheita,5.0,37.0,7.2,93.0,Manha,1
273,2026-02-22 11:56:00,EQ-031,Sorriso,58.6,58.7,32.5,Misto,16.1,2000.0,Plantio,1.0,148.0,7.9,50.0,Manha,0
274,2026-02-22 12:02:00,EQ-030,Sorriso,80.8,96.3,38.7,Misto,8.3,605.0,Pulverizacao,6.0,181.0,8.3,75.0,Manha,0
275,2026-02-22 12:09:00,EQ-034,Barreiras,92.8,36.1,41.0,Argiloso,10.4,2000.0,Colheita,8.0,217.0,12.1,78.0,Tarde,1
276,2026-02-22 12:10:00,EQ-004,Barreiras,63.1,6.9,12.7,Encharcado,8.3,786.0,Colheita,9.0,279.0,3.8,83.0,Noite,1
277,2026-02-22 12:17:00,EQ-021,Nao-Me-Toque,68.0,4.1,29.0,Misto,12.9,423.0,Pulverizacao,2.0,88.0,11.7,101.0,Manha,1
278,2026-02-22 12:51:00,EQ-037,Lucas do Rio Verde,32.0,106.7,35.3,Arenoso,7.7,200.0,Pulverizacao,1.0,207.0,9.4,77.0,Tarde,0
279,2026-02-22 12:54:00,EQ-015,Sorriso,67.8,28.9,27.9,Argiloso,21.1,2000.0,Colheita,8.0,23.0,10.8,65.0,Noite,0
280,2026-02-22 13:21:00,EQ-021,Lucas do Rio Verde,51.8,68.6,24.6,Argiloso,19.5,343.0,Colheita,15.0,71.0,9.1,120.0,Manha,0
281,2026-02-22 13:44:00,EQ-006,Sorriso,70.0,24.2,18.9,Encharcado,11.1,743.0,Transporte,10.0,198.0,16.0,50.0,Manha,0
282,2026-02-22 13:50:00,EQ-035,Sorriso,73.5,47.7,22.2,Argiloso,39.2,1084.0,Plantio,18.0,117.0,8.6,91.0,Manha,0
283,2026-02-22 14:09:00,EQ-004,Lucas do Rio Verde,60.1,25.9,27.0,Misto,12.6,438.0,Pulverizacao,4.0,331.0,11.2,88.0,Manha,1
284,2026-02-22 14:40:00,EQ-036,Rio Verde,16.3,6.8,21.5,Arenoso,2.8,258.0,Plantio,7.0,474.0,7.5,88.0,Manha,0
285,2026-02-22 15:09:00,EQ-032,Sorriso,48.4,28.0,30.5,Argiloso,18.4,700.0,Plantio,6.0,55.0,8.2,95.0,Noite,0
286,2026-02-22 15:25:00,EQ-025,Lucas do Rio Verde,52.6,26.7,23.0,Encharcado,12.1,285.0,Plantio,25.0,227.0,3.2,100.0,Manha,0
287,2026-02-22 15:42:00,EQ-028,Lucas do Rio Verde,49.1,45.2,31.2,Arenoso,5.7,1214.0,Pulverizacao,4.0,169.0,5.5,52.0,Tarde,0
288,2026-02-22 15:48:00,EQ-001,Lucas do Rio Verde,67.1,46.4,33.7,Misto,12.1,452.0,Transporte,9.0,204.0,6.1,89.0,Manha,1
289,2026-02-22 16:01:00,EQ-019,Lucas do Rio Verde,51.7,86.1,24.4,Misto,7.2,821.0,Plantio,5.0,301.0,7.7,85.0,Tarde,0
290,2026-02-22 16:54:00,EQ-035,Cascavel,50.4,8.3,22.8,Argiloso,17.5,604.0,Transporte,3.0,174.0,9.0,63.0,Tarde,1
291,2026-02-22 17:12:00,EQ-040,Rio Verde,59.2,29.6,37.7,Argiloso,6.4,621.0,Plantio,5.0,310.0,8.9,52.0,Manha,0
292,2026-02-22 17:39:00,EQ-023,Sorriso,11.1,82.7,23.0,Misto,2.6,1228.0,Pulverizacao,17.0,138.0,5.5,70.0,Manha,0
293,2026-02-22 18:06:00,EQ-002,Cascavel,49.7,45.1,25.6,Misto,21.1,424.0,Pulverizacao,6.0,154.0,10.6,82.0,Tarde,1
294,2026-02-22 18:12:00,EQ-029,Cascavel,65.1,88.3,32.2,Argiloso,5.2,998.0,Plantio,10.0,24.0,6.0,81.0,Tarde,1
295,2026-02-22 18:49:00,EQ-004,Rio Verde,100.0,26.4,22.7,Arenoso,8.2,499.0,Pulverizacao,5.0,55.0,9.5,76.0,Tarde,1
296,2026-02-22 19:14:00,EQ-001,Cascavel,77.6,30.4,28.5,Arenoso,15.3,507.0,Plantio,4.0,102.0,7.9,99.0,Noite,0
297,2026-02-22 19:15:00,EQ-008,Cascavel,41.6,39.0,23.8,Argiloso,22.6,427.0,Colheita,13.0,67.0,9.6,72.0,Manha,0
298,2026-02-22 19:23:00,EQ-007,Lucas do Rio Verde,91.8,22.1,22.3,Argiloso,16.6,76.0,Colheita,4.0,9.0,8.6,75.0,Manha,1
299,2026-02-22 19:27:00,EQ-003,Lucas do Rio Verde,56.0,30.7,30.0,Encharcado,6.2,908.0,Colheita,25.0,324.0,5.6,59.0,Manha,1
300,2026-02-22 19:49:00,EQ-033,Lucas do Rio Verde,49.4,23.3,16.5,Arenoso,9.3,377.0,Plantio,7.0,195.0,10.9,109.0,Tarde,0
301,2026-02-22 20:30:00,EQ-031,Lucas do Rio Verde,86.7,62.2,35.1,Argiloso,5.8,864.0,Pulverizacao,8.0,77.0,10.0,56.0,Tarde,0
302,2026-02-22 20:56:00,EQ-036,Rio Verde,28.5,90.5,11.3,Arenoso,9.8,516.0,Colheita,4.0,156.0,11.0,88.0,Manha,0
303,2026-02-22 21:07:00,EQ-018,Nao-Me-Toque,46.0,129.3,27.1,Arenoso,13.6,640.0,Colheita,3.0,41.0,4.5,69.0,Manha,0
304,2026-02-22 21:08:00,EQ-011,Barreiras,54.8,10.9,25.1,Misto,16.0,918.0,Colheita,7.0,110.0,6.8,68.0,Tarde,0
305,2026-02-22 21:45:00,EQ-005,Barreiras,58.4,21.2,22.8,Arenoso,4.1,168.0,Pulverizacao,7.0,48.0,6.3,98.0,Manha,0
306,2026-02-22 22:03:00,EQ-036,Sorriso,16.8,13.8,33.2,Argiloso,10.0,528.0,Pulverizacao,11.0,47.0,14.8,72.0,Tarde,0
307,2026-02-22 22:24:00,EQ-012,Lucas do Rio Verde,74.4,9.7,26.2,Misto,20.4,176.0,Plantio,4.0,474.0,11.9,90.0,Tarde,1
308,2026-02-22 22:27:00,EQ-020,Cascavel,17.1,22.1,26.7,Misto,5.4,623.0,Plantio,6.0,62.0,10.8,87.0,Manha,0
309,2026-02-22 23:03:00,EQ-010,Barreiras,35.1,22.4,38.7,Argiloso,23.4,206.0,Colheita,16.0,184.0,7.2,77.0,Tarde,1
310,2026-02-22 23:33:00,EQ-004,Sorriso,5.0,11.3,19.2,Misto,9.4,642.0,Plantio,13.0,429.0,16.0,86.0,Manha,0
311,2026-02-22 23:33:00,EQ-027,Barreiras,65.0,32.3,35.3,Arenoso,12.3,1751.0,Colheita,11.0,24.0,6.3,69.0,Tarde,0
312,2026-02-22 23:48:00,EQ-025,Lucas do Rio Verde,83.3,15.2,32.9,Arenoso,8.1,847.0,Plantio,2.0,91.0,8.8,91.0,Tarde,0
313,2026-02-23 00:25:00,EQ-034,Rio Verde,11.1,35.3,34.5,Encharcado,14.2,2000.0,Plantio,8.0,180.0,4.0,117.0,Manha,0
314,2026-02-23 00:34:00,EQ-032,Lucas do Rio Verde,65.5,8.9,21.0,Misto,12.2,1079.0,Colheita,13.0,158.0,7.5,96.0,Tarde,0
315,2026-02-23 00:46:00,EQ-023,Barreiras,37.1,66.2,26.2,Argiloso,7.7,1055.0,Pulverizacao,8.0,195.0,7.7,67.0,Tarde,0
316,2026-02-23 01:17:00,EQ-002,Nao-Me-Toque,25.9,37.7,27.4,Misto,2.6,1821.0,Plantio,10.0,365.0,7.7,91.0,Noite,0
317,2026-02-23 01:21:00,EQ-017,Nao-Me-Toque,61.7,12.6,29.5,Argiloso,18.8,1189.0,Pulverizacao,3.0,241.0,8.5,104.0,Noite,0
318,2026-02-23 01:35:00,EQ-037,Lucas do Rio Verde,41.1,20.2,31.6,Arenoso,3.7,451.0,Plantio,8.0,31.0,5.6,94.0,Noite,0
319,2026-02-23 01:40:00,EQ-032,Nao-Me-Toque,53.7,21.4,33.4,Misto,4.8,680.0,Colheita,9.0,8.0,12.8,86.0,Noite,0
320,2026-02-23 01:47:00,EQ-037,Sorriso,52.3,28.6,17.8,Misto,18.6,727.0,Colheita,25.0,148.0,14.4,79.0,Manha,0
321,2026-02-23 01:47:00,EQ-030,Cascavel,51.9,5.9,25.0,Misto,2.9,588.0,Colheita,9.0,200.0,9.4,69.0,Noite,0
322,2026-02-23 02:16:00,EQ-038,Lucas do Rio Verde,45.8,19.4,23.0,Misto,2.7,560.0,Plantio,7.0,20.0,3.5,70.0,Noite,0
323,2026-02-23 02:19:00,EQ-027,Barreiras,75.0,22.9,35.0,Argiloso,1.2,603.0,Colheita,8.0,64.0,6.3,79.0,Tarde,0
324,2026-02-23 02:21:00,EQ-004,Rio Verde,38.0,18.7,18.5,Arenoso,13.3,840.0,Colheita,0.0,201.0,5.2,81.0,Manha,0
325,2026-02-23 04:12:00,EQ-038,Cascavel,77.8,30.4,19.5,Misto,8.8,359.0,Colheita,11.0,277.0,9.5,75.0,Noite,1
326,2026-02-23 04:23:00,EQ-029,Sorriso,100.0,18.5,23.9,Arenoso,9.3,328.0,Plantio,5.0,99.0,8.4,71.0,Tarde,0
327,2026-02-23 04:39:00,EQ-010,Barreiras,77.5,14.8,27.0,Argiloso,1.2,148.0,Transporte,13.0,41.0,11.2,75.0,Noite,1
328,2026-02-23 04:53:00,EQ-021,Nao-Me-Toque,86.2,15.7,28.5,Misto,5.1,382.0,Colheita,3.0,249.0,12.7,93.0,Manha,0
329,2026-02-23 06:01:00,EQ-005,Cascavel,53.3,7.7,30.4,Argiloso,22.9,371.0,Colheita,15.0,238.0,6.6,60.0,Manha,1
330,2026-02-23 06:22:00,EQ-016,Lucas do Rio Verde,67.6,18.8,20.4,Arenoso,18.8,551.0,Plantio,7.0,159.0,1.5,90.0,Tarde,1
331,2026-02-23 06:28:00,EQ-011,Barreiras,54.0,12.2,23.9,Argiloso,11.1,934.0,Colheita,13.0,346.0,8.7,112.0,Tarde,0
332,2026-02-23 07:04:00,EQ-037,Cascavel,62.6,13.7,22.7,Argiloso,14.2,2000.0,Colheita,14.0,34.0,6.0,70.0,Manha,0
333,2026-02-23 07:12:00,EQ-024,Sorriso,52.2,31.9,21.1,Misto,3.3,699.0,Pulverizacao,11.0,73.0,8.2,49.0,Manha,0
334,2026-02-23 08:20:00,EQ-025,Cascavel,48.5,15.2,19.3,Misto,18.5,442.0,Pulverizacao,3.0,144.0,7.0,103.0,Manha,0
335,2026-02-23 08:23:00,EQ-023,Sorriso,37.6,29.9,26.0,Misto,21.4,432.0,Colheita,9.0,465.0,9.6,70.0,Noite,0
336,2026-02-23 08:34:00,EQ-022,Lucas do Rio Verde,66.4,45.4,38.7,Misto,4.6,672.0,Plantio,1.0,240.0,8.0,73.0,Tarde,0
337,2026-02-23 08:36:00,EQ-024,Lucas do Rio Verde,54.0,54.3,20.7,Arenoso,3.1,834.0,Plantio,3.0,172.0,7.8,86.0,Noite,0
338,2026-02-23 08:54:00,EQ-003,Nao-Me-Toque,56.5,40.4,23.6,Misto,3.3,311.0,Pulverizacao,4.0,240.0,6.3,84.0,Manha,0
339,2026-02-23 08:54:00,EQ-031,Barreiras,35.3,30.7,22.5,Argiloso,1.7,1204.0,Colheita,13.0,217.0,8.2,91.0,Manha,0
340,2026-02-23 10:40:00,EQ-034,Barreiras,47.6,28.7,36.6,Arenoso,11.6,232.0,Colheita,5.0,192.0,9.2,60.0,Tarde,1
341,2026-02-23 10:48:00,EQ-038,Cascavel,48.4,23.6,26.8,Misto,8.4,562.0,Plantio,0.0,84.0,6.5,94.0,Manha,0
342,2026-02-23 10:49:00,EQ-015,Nao-Me-Toque,41.2,16.4,24.1,Misto,19.6,495.0,Plantio,8.0,270.0,3.0,112.0,Manha,0
343,2026-02-23 11:11:00,EQ-008,Rio Verde,30.5,60.5,29.5,Misto,8.6,421.0,Pulverizacao,2.0,127.0,8.2,92.0,Tarde,0
344,2026-02-23 11:12:00,EQ-038,Nao-Me-Toque,21.0,17.9,31.8,Argiloso,23.1,1278.0,Transporte,12.0,75.0,12.2,74.0,Tarde,0
345,2026-02-23 11:21:00,EQ-004,Rio Verde,45.4,20.1,17.0,Misto,3.3,1017.0,Colheita,13.0,74.0,9.2,103.0,Tarde,0
346,2026-02-23 11:53:00,EQ-025,Sorriso,33.8,65.6,23.7,Encharcado,8.8,1334.0,Plantio,1.0,141.0,5.6,65.0,Noite,0
347,2026-02-23 12:16:00,EQ-029,Lucas do Rio Verde,90.6,63.2,16.8,Argiloso,12.6,567.0,Pulverizacao,12.0,51.0,10.4,74.0,Tarde,1
348,2026-02-23 12:28:00,EQ-020,Barreiras,41.7,13.2,28.3,Argiloso,2.4,1837.0,Transporte,2.0,88.0,8.4,59.0,Manha,0
349,2026-02-23 13:26:00,EQ-037,Nao-Me-Toque,88.0,27.6,24.7,Misto,4.3,989.0,Plantio,8.0,93.0,1.0,61.0,Manha,0
350,2026-02-23 13:32:00,EQ-033,Nao-Me-Toque,96.3,31.4,16.9,Misto,2.7,112.0,Colheita,13.0,347.0,5.0,89.0,Manha,1
351,2026-02-23 13:42:00,EQ-024,Barreiras,58.3,36.9,13.8,Misto,3.6,1133.0,Pulverizacao,13.0,7.0,8.9,97.0,Noite,0
352,2026-02-23 14:38:00,EQ-036,Nao-Me-Toque,92.6,49.8,32.0,Misto,5.9,2000.0,Colheita,7.0,31.0,3.9,84.0,Tarde,0
353,2026-02-23 14:42:00,EQ-023,Sorriso,68.5,56.8,28.3,Argiloso,17.8,718.0,Pulverizacao,6.0,109.0,5.0,69.0,Manha,0
354,2026-02-23 14:58:00,EQ-033,Sorriso,10.1,24.1,23.7,Argiloso,8.8,426.0,Transporte,23.0,407.0,11.9,81.0,Tarde,0
355,2026-02-23 15:20:00,EQ-029,Cascavel,76.5,32.1,20.1,Misto,12.5,489.0,Plantio,6.0,333.0,10.9,76.0,Manha,1
356,2026-02-23 15:24:00,EQ-024,Nao-Me-Toque,58.5,49.3,35.8,Arenoso,19.5,621.0,Pulverizacao,3.0,207.0,4.9,80.0,Tarde,0
357,2026-02-23 16:09:00,EQ-006,Sorriso,67.7,18.4,25.8,Argiloso,11.7,292.0,Colheita,7.0,98.0,7.5,88.0,Manha,1
358,2026-02-23 16:24:00,EQ-013,Rio Verde,68.0,20.1,30.8,Argiloso,16.5,182.0,Colheita,3.0,136.0,6.7,76.0,Manha,0
359,2026-02-23 16:28:00,EQ-027,Rio Verde,34.2,47.8,24.7,Misto,7.1,430.0,Plantio,6.0,125.0,6.4,111.0,Noite,0
360,2026-02-23 16:35:00,EQ-031,Barreiras,72.8,83.0,31.4,Argiloso,12.6,543.0,Plantio,3.0,405.0,3.8,65.0,Noite,1
361,2026-02-23 18:14:00,EQ-040,Barreiras,56.0,3.7,33.5,Argiloso,1.3,720.0,Plantio,17.0,176.0,4.2,120.0,Noite,0
362,2026-02-23 18:34:00,EQ-018,Nao-Me-Toque,59.7,16.8,25.3,Argiloso,4.2,829.0,Pulverizacao,5.0,110.0,9.1,115.0,Manha,0
363,2026-02-23 19:00:00,EQ-010,Rio Verde,42.5,54.8,22.1,Misto,8.1,809.0,Colheita,25.0,206.0,9.5,92.0,Manha,0
364,2026-02-23 19:28:00,EQ-012,Lucas do Rio Verde,53.2,90.7,23.0,Misto,11.7,1567.0,Pulverizacao,14.0,61.0,12.3,56.0,Manha,0
365,2026-02-23 20:27:00,EQ-040,Rio Verde,42.7,50.6,35.4,Arenoso,8.0,1060.0,Pulverizacao,18.0,82.0,1.9,101.0,Manha,0
366,2026-02-23 22:03:00,EQ-025,Rio Verde,60.3,11.3,28.1,Arenoso,12.5,851.0,Plantio,2.0,226.0,9.8,120.0,Tarde,0
367,2026-02-23 22:29:00,EQ-015,Cascavel,70.6,8.4,30.8,Arenoso,3.0,1272.0,Pulverizacao,11.0,587.0,5.5,54.0,Tarde,0
368,2026-02-23 23:53:00,EQ-015,Nao-Me-Toque,71.4,11.6,23.8,Arenoso,10.6,612.0,Transporte,15.0,65.0,13.4,89.0,Tarde,0
369,2026-02-24 00:03:00,EQ-038,Sorriso,35.1,12.1,20.8,Arenoso,8.8,557.0,Pulverizacao,2.0,33.0,9.1,70.0,Tarde,0
370,2026-02-24 00:30:00,EQ-026,Lucas do Rio Verde,47.6,34.0,32.2,Misto,6.9,445.0,Pulverizacao,1.0,69.0,11.1,51.0,Manha,1
371,2026-02-24 00:50:00,EQ-031,Nao-Me-Toque,58.0,12.3,34.1,Argiloso,5.2,945.0,Plantio,9.0,91.0,10.9,76.0,Manha,0
372,2026-02-24 00:50:00,EQ-001,Rio Verde,7.4,76.3,34.4,Argiloso,4.3,427.0,Pulverizacao,7.0,54.0,4.3,69.0,Tarde,0
373,2026-02-24 01:28:00,EQ-008,Rio Verde,19.3,50.9,29.7,Arenoso,7.1,678.0,Colheita,7.0,32.0,4.7,61.0,Tarde,0
374,2026-02-24 01:41:00,EQ-015,Nao-Me-Toque,5.4,35.7,33.7,Arenoso,9.4,866.0,Colheita,14.0,73.0,8.8,103.0,Manha,0
375,2026-02-24 01:53:00,EQ-019,Nao-Me-Toque,66.1,115.2,16.7,Misto,1.7,1289.0,Plantio,3.0,72.0,5.4,62.0,Noite,0
376,2026-02-24 02:40:00,EQ-019,Rio Verde,85.6,41.5,37.1,Misto,10.3,273.0,Colheita,9.0,29.0,8.6,69.0,Tarde,1
377,2026-02-24 02:42:00,EQ-037,Cascavel,63.7,46.7,31.6,Argiloso,25.3,303.0,Plantio,5.0,98.0,2.8,75.0,Manha,1
378,2026-02-24 03:24:00,EQ-030,Lucas do Rio Verde,75.9,17.9,34.2,Misto,11.1,990.0,Transporte,7.0,206.0,5.5,76.0,Manha,0
379,2026-02-24 03:37:00,EQ-027,Barreiras,61.2,24.8,26.2,Argiloso,18.5,520.0,Plantio,6.0,98.0,6.1,82.0,Manha,1
380,2026-02-24 04:12:00,EQ-016,Barreiras,62.8,29.8,28.4,Arenoso,29.3,459.0,Plantio,2.0,165.0,9.0,75.0,Tarde,1
381,2026-02-24 05:31:00,EQ-025,Sorriso,55.2,37.4,34.7,Encharcado,19.4,296.0,Pulverizacao,7.0,195.0,13.3,82.0,Manha,1
382,2026-02-24 06:06:00,EQ-022,Sorriso,49.9,34.1,34.2,Misto,3.4,488.0,Pulverizacao,4.0,24.0,2.9,80.0,Manha,0
383,2026-02-24 06:19:00,EQ-006,Nao-Me-Toque,87.5,28.3,28.1,Misto,9.0,298.0,Pulverizacao,4.0,376.0,7.0,40.0,Tarde,0
384,2026-02-24 06:39:00,EQ-012,Sorriso,32.5,31.1,25.4,Arenoso,14.5,992.0,Colheita,12.0,196.0,9.6,112.0,Tarde,0
385,2026-02-24 06:53:00,EQ-013,Sorriso,72.7,24.3,31.8,Arenoso,12.5,1305.0,Colheita,3.0,363.0,3.3,62.0,Manha,0
386,2026-02-24 07:13:00,EQ-008,Sorriso,63.5,43.9,34.1,Arenoso,4.9,883.0,Pulverizacao,13.0,138.0,8.7,40.0,Tarde,0
387,2026-02-24 07:21:00,EQ-007,Barreiras,54.2,33.2,34.8,Arenoso,2.2,540.0,Pulverizacao,16.0,22.0,9.5,94.0,Manha,0
388,2026-02-24 08:08:00,EQ-021,Sorriso,38.6,22.2,30.0,Argiloso,11.3,2000.0,Pulverizacao,7.0,45.0,12.6,62.0,Noite,0
389,2026-02-24 08:14:00,EQ-005,Sorriso,83.2,44.9,20.6,Misto,16.7,696.0,Colheita,0.0,36.0,7.7,108.0,Noite,1
390,2026-02-24 08:42:00,EQ-024,Barreiras,95.9,39.3,21.3,Misto,7.3,233.0,Colheita,5.0,238.0,7.8,109.0,Manha,1
391,2026-02-24 09:58:00,EQ-002,Cascavel,43.6,34.5,11.5,Argiloso,6.2,433.0,Colheita,1.0,234.0,1.6,84.0,Noite,1
392,2026-02-24 10:07:00,EQ-005,Rio Verde,23.6,7.7,22.4,Encharcado,13.3,613.0,Plantio,13.0,108.0,3.8,80.0,Tarde,0
393,2026-02-24 10:08:00,EQ-005,Nao-Me-Toque,58.9,66.9,24.2,Argiloso,28.7,392.0,Transporte,5.0,173.0,8.7,110.0,Tarde,1
394,2026-02-24 10:14:00,EQ-034,Rio Verde,70.1,28.6,24.7,Misto,12.1,423.0,Transporte,4.0,241.0,6.1,72.0,Tarde,0
395,2026-02-24 10:25:00,EQ-016,Lucas do Rio Verde,36.6,11.2,27.2,Argiloso,14.6,582.0,Plantio,15.0,178.0,8.7,74.0,Noite,0
396,2026-02-24 10:58:00,EQ-007,Lucas do Rio Verde,72.3,28.7,31.5,Argiloso,8.5,45.0,Pulverizacao,10.0,46.0,2.4,72.0,Manha,0
397,2026-02-24 11:09:00,EQ-019,Barreiras,42.8,52.7,21.7,Misto,20.4,722.0,Plantio,25.0,175.0,7.7,80.0,Manha,0
398,2026-02-24 11:26:00,EQ-014,Nao-Me-Toque,71.1,29.7,30.1,Argiloso,11.0,843.0,Transporte,3.0,9.0,9.0,97.0,Manha,0
399,2026-02-24 11:52:00,EQ-022,Nao-Me-Toque,77.8,6.3,31.3,Arenoso,11.5,137.0,Colheita,7.0,301.0,7.1,77.0,Noite,1
400,2026-02-24 12:09:00,EQ-012,Nao-Me-Toque,62.6,76.1,27.0,Arenoso,7.7,1097.0,Plantio,13.0,387.0,0.9,78.0,Tarde,0
401,2026-02-24 12:09:00,EQ-034,Barreiras,58.7,9.3,24.3,Misto,19.8,489.0,Plantio,5.0,121.0,10.0,74.0,Manha,1
402,2026-02-24 12:11:00,EQ-028,Sorriso,42.1,9.3,27.7,Argiloso,1.9,925.0,Plantio,9.0,155.0,13.7,63.0,Manha,0
403,2026-02-24 12:53:00,EQ-001,Lucas do Rio Verde,61.2,64.0,21.6,Arenoso,10.3,357.0,Pulverizacao,5.0,13.0,6.7,77.0,Manha,0
404,2026-02-24 13:08:00,EQ-033,Cascavel,52.0,45.0,32.2,Misto,5.0,1082.0,Plantio,12.0,184.0,7.7,106.0,Tarde,0
405,2026-02-24 13:43:00,EQ-025,Lucas do Rio Verde,83.5,14.4,25.1,Argiloso,8.8,238.0,Plantio,8.0,75.0,4.0,71.0,Manha,1
406,2026-02-24 14:22:00,EQ-029,Lucas do Rio Verde,58.1,21.6,30.2,Arenoso,17.5,495.0,Colheita,11.0,194.0,2.8,63.0,Manha,0
407,2026-02-24 15:25:00,EQ-013,Rio Verde,71.1,60.7,22.6,Argiloso,9.6,751.0,Plantio,16.0,111.0,9.6,72.0,Manha,0
408,2026-02-24 15:28:00,EQ-013,Nao-Me-Toque,35.7,4.5,25.8,Encharcado,31.7,922.0,Pulverizacao,9.0,131.0,12.2,88.0,Noite,1
409,2026-02-24 15:30:00,EQ-014,Lucas do Rio Verde,71.1,50.9,23.9,Encharcado,11.3,1668.0,Colheita,18.0,105.0,8.2,61.0,Manha,0
410,2026-02-24 16:18:00,EQ-014,Rio Verde,50.6,10.1,29.9,Argiloso,6.1,761.0,Transporte,7.0,83.0,5.3,76.0,Manha,1
411,2026-02-24 16:59:00,EQ-036,Barreiras,64.0,32.7,32.9,Argiloso,15.5,547.0,Colheita,21.0,509.0,10.3,78.0,Noite,1
412,2026-02-24 17:02:00,EQ-035,Barreiras,58.6,34.2,40.2,Arenoso,18.0,380.0,Colheita,6.0,232.0,10.2,53.0,Tarde,0
413,2026-02-24 17:07:00,EQ-007,Cascavel,56.4,40.3,31.6,Arenoso,11.9,685.0,Plantio,10.0,121.0,4.8,73.0,Tarde,0
414,2026-02-24 17:09:00,EQ-020,Cascavel,52.9,2.1,27.4,Argiloso,20.5,393.0,Plantio,10.0,66.0,10.1,75.0,Tarde,1
415,2026-02-24 17:23:00,EQ-017,Rio Verde,66.1,128.4,27.5,Encharcado,10.9,678.0,Colheita,1.0,49.0,6.3,72.0,Tarde,1
416,2026-02-24 17:28:00,EQ-024,Barreiras,12.5,5.2,22.6,Misto,1.1,201.0,Pulverizacao,6.0,50.0,7.7,47.0,Tarde,0
417,2026-02-24 18:03:00,EQ-003,Cascavel,53.9,47.8,23.2,Encharcado,14.1,402.0,Colheita,6.0,76.0,5.1,75.0,Tarde,0
418,2026-02-24 18:05:00,EQ-016,Sorriso,46.2,44.9,24.7,Arenoso,8.6,236.0,Pulverizacao,12.0,142.0,8.9,80.0,Manha,0
419,2026-02-24 18:26:00,EQ-006,Nao-Me-Toque,34.2,42.9,34.1,Arenoso,24.5,694.0,Colheita,9.0,142.0,7.2,98.0,Noite,0
420,2026-02-24 18:38:00,EQ-029,Cascavel,7.3,51.0,20.5,Arenoso,6.1,822.0,Colheita,6.0,94.0,9.4,61.0,Tarde,0
421,2026-02-24 18:52:00,EQ-009,Barreiras,59.2,27.4,25.4,Misto,31.8,671.0,Pulverizacao,9.0,218.0,8.9,56.0,Tarde,0
422,2026-02-24 19:18:00,EQ-037,Rio Verde,77.7,40.9,31.3,Arenoso,7.1,1584.0,Pulverizacao,25.0,289.0,9.0,69.0,Tarde,0
423,2026-02-24 19:32:00,EQ-024,Cascavel,93.3,79.6,10.9,Argiloso,1.8,724.0,Colheita,12.0,99.0,7.7,76.0,Manha,0
424,2026-02-24 19:46:00,EQ-020,Lucas do Rio Verde,40.6,29.8,26.9,Encharcado,11.7,233.0,Colheita,6.0,213.0,0.7,82.0,Manha,0
425,2026-02-24 19:48:00,EQ-019,Rio Verde,80.2,21.0,22.1,Arenoso,9.8,1269.0,Transporte,16.0,58.0,10.5,85.0,Tarde,0
426,2026-02-24 19:51:00,EQ-028,Rio Verde,33.1,37.1,26.7,Arenoso,6.5,99.0,Colheita,9.0,150.0,5.2,52.0,Manha,1
427,2026-02-24 20:14:00,EQ-015,Nao-Me-Toque,84.6,53.0,22.7,Argiloso,9.3,428.0,Plantio,16.0,157.0,11.9,83.0,Tarde,1
428,2026-02-24 21:01:00,EQ-025,Cascavel,58.4,31.7,30.7,Misto,12.9,550.0,Pulverizacao,8.0,228.0,12.4,67.0,Tarde,0
429,2026-02-24 21:45:00,EQ-030,Sorriso,7.9,37.7,18.8,Arenoso,1.0,260.0,Colheita,6.0,149.0,6.0,73.0,Manha,0
430,2026-02-24 22:20:00,EQ-028,Lucas do Rio Verde,28.7,55.3,32.9,Misto,3.3,927.0,Plantio,25.0,186.0,11.0,92.0,Manha,1
431,2026-02-24 23:00:00,EQ-040,Sorriso,37.0,14.7,24.3,Argiloso,10.0,987.0,Colheita,2.0,86.0,4.6,53.0,Manha,0
432,2026-02-24 23:24:00,EQ-004,Cascavel,64.0,5.8,29.5,Argiloso,7.2,680.0,Pulverizacao,2.0,436.0,3.5,120.0,Manha,0
433,2026-02-24 23:33:00,EQ-040,Nao-Me-Toque,41.9,34.3,21.2,Argiloso,6.1,490.0,Colheita,6.0,99.0,15.4,86.0,Noite,0
434,2026-02-24 23:42:00,EQ-016,Rio Verde,59.0,12.9,10.8,Encharcado,6.5,1320.0,Colheita,25.0,237.0,6.4,93.0,Manha,0
435,2026-02-25 00:13:00,EQ-002,Sorriso,82.4,51.6,19.4,Misto,6.8,459.0,Colheita,19.0,11.0,4.5,58.0,Manha,1
436,2026-02-25 00:28:00,EQ-002,Barreiras,61.8,42.4,28.3,Arenoso,12.5,796.0,Transporte,6.0,194.0,7.6,78.0,Manha,0
437,2026-02-25 00:50:00,EQ-002,Sorriso,34.6,35.6,25.8,Encharcado,3.8,188.0,Plantio,9.0,174.0,12.0,88.0,Manha,0
438,2026-02-25 01:39:00,EQ-040,Cascavel,61.2,32.9,30.1,Misto,9.0,345.0,Colheita,3.0,93.0,3.2,74.0,Manha,1
439,2026-02-25 01:49:00,EQ-013,Sorriso,57.2,11.8,29.9,Arenoso,16.7,915.0,Transporte,5.0,158.0,5.7,54.0,Manha,0
440,2026-02-25 02:08:00,EQ-026,Sorriso,65.0,20.9,37.6,Argiloso,10.1,1092.0,Colheita,7.0,96.0,11.1,101.0,Noite,0
441,2026-02-25 02:47:00,EQ-016,Rio Verde,46.8,29.7,15.4,Arenoso,2.8,578.0,Plantio,3.0,158.0,8.0,76.0,Manha,0
442,2026-02-25 02:58:00,EQ-030,Cascavel,64.5,20.8,27.4,Argiloso,3.7,632.0,Transporte,7.0,140.0,2.2,64.0,Tarde,0
443,2026-02-25 03:14:00,EQ-033,Lucas do Rio Verde,50.1,24.3,23.6,Misto,15.0,1432.0,Pulverizacao,0.0,205.0,7.9,65.0,Manha,0
444,2026-02-25 03:17:00,EQ-008,Barreiras,46.8,16.7,28.2,Misto,13.2,1134.0,Transporte,1.0,151.0,5.4,103.0,Manha,0
445,2026-02-25 03:38:00,EQ-004,Sorriso,61.7,28.6,34.0,Misto,19.5,794.0,Pulverizacao,5.0,211.0,8.7,101.0,Tarde,0
446,2026-02-25 03:55:00,EQ-003,Sorriso,48.0,48.4,20.6,Misto,44.1,975.0,Transporte,7.0,125.0,10.2,65.0,Manha,0
447,2026-02-25 03:55:00,EQ-028,Nao-Me-Toque,48.4,16.0,37.9,Arenoso,12.3,221.0,Transporte,20.0,39.0,10.0,55.0,Manha,0
448,2026-02-25 03:57:00,EQ-020,Sorriso,71.5,13.2,32.8,Arenoso,3.7,1650.0,Pulverizacao,8.0,41.0,4.5,120.0,Manha,0
449,2026-02-25 04:11:00,EQ-035,Sorriso,87.6,60.4,20.2,Misto,3.3,331.0,Transporte,11.0,249.0,7.8,46.0,Noite,1
450,2026-02-25 04:15:00,EQ-022,Rio Verde,49.0,81.0,35.1,Misto,4.5,942.0,Plantio,8.0,182.0,5.9,108.0,Tarde,0
451,2026-02-25 05:04:00,EQ-023,Nao-Me-Toque,41.2,91.2,22.7,Misto,2.2,823.0,Transporte,6.0,203.0,10.1,40.0,Tarde,0
452,2026-02-25 05:18:00,EQ-021,Rio Verde,41.4,43.4,20.9,Misto,7.9,212.0,Plantio,9.0,68.0,8.1,85.0,Tarde,0
453,2026-02-25 06:21:00,EQ-008,Cascavel,59.6,37.6,30.8,Arenoso,3.3,466.0,Plantio,4.0,344.0,8.8,94.0,Manha,1
454,2026-02-25 07:08:00,EQ-028,Sorriso,34.6,44.5,26.7,Misto,6.7,225.0,Pulverizacao,4.0,205.0,3.7,64.0,Tarde,0
455,2026-02-25 07:29:00,EQ-017,Barreiras,77.6,29.5,27.8,Arenoso,12.7,662.0,Transporte,14.0,102.0,6.6,116.0,Tarde,0
456,2026-02-25 07:37:00,EQ-014,Barreiras,63.6,28.9,29.8,Misto,8.4,148.0,Colheita,10.0,221.0,8.2,84.0,Manha,1
457,2026-02-25 08:08:00,EQ-030,Rio Verde,44.5,8.2,29.6,Misto,4.9,445.0,Transporte,6.0,182.0,10.4,70.0,Manha,0
458,2026-02-25 08:23:00,EQ-027,Lucas do Rio Verde,64.9,21.5,32.2,Argiloso,8.1,1236.0,Transporte,12.0,143.0,6.9,81.0,Tarde,0
459,2026-02-25 08:30:00,EQ-032,Lucas do Rio Verde,37.4,18.5,25.7,Arenoso,18.1,532.0,Colheita,4.0,100.0,3.3,79.0,Manha,0
460,2026-02-25 09:52:00,EQ-012,Nao-Me-Toque,62.9,18.3,21.1,Argiloso,12.8,433.0,Plantio,8.0,56.0,6.8,67.0,Manha,1
461,2026-02-25 10:25:00,EQ-019,Cascavel,23.8,27.2,28.7,Argiloso,16.9,691.0,Pulverizacao,18.0,121.0,4.3,118.0,Tarde,0
462,2026-02-25 10:38:00,EQ-018,Sorriso,60.4,69.2,29.1,Misto,9.0,423.0,Colheita,1.0,101.0,7.2,71.0,Tarde,1
463,2026-02-25 10:47:00,EQ-009,Barreiras,81.2,23.8,25.8,Arenoso,6.6,97.0,Transporte,3.0,263.0,9.6,67.0,Manha,0
464,2026-02-25 10:51:00,EQ-002,Barreiras,67.9,49.3,20.1,Misto,27.8,56.0,Colheita,5.0,112.0,3.2,96.0,Tarde,1
465,2026-02-25 11:16:00,EQ-017,Barreiras,42.3,42.3,28.9,Misto,8.5,1912.0,Pulverizacao,9.0,35.0,8.7,120.0,Noite,0
466,2026-02-25 11:32:00,EQ-005,Cascavel,45.8,92.3,39.0,Misto,11.7,548.0,Pulverizacao,3.0,61.0,11.8,55.0,Noite,0
467,2026-02-25 11:35:00,EQ-007,Lucas do Rio Verde,58.3,69.8,33.7,Arenoso,0.9,222.0,Transporte,21.0,375.0,9.7,72.0,Manha,1
468,2026-02-25 11:44:00,EQ-025,Rio Verde,54.4,21.9,29.3,Encharcado,7.0,133.0,Colheita,14.0,229.0,9.0,120.0,Tarde,1
469,2026-02-25 12:16:00,EQ-025,Rio Verde,40.8,12.4,33.6,Argiloso,27.6,1026.0,Plantio,19.0,600.0,5.7,69.0,Tarde,0
470,2026-02-25 12:27:00,EQ-037,Rio Verde,73.0,40.9,19.2,Argiloso,4.8,85.0,Transporte,4.0,100.0,14.6,97.0,Tarde,1
471,2026-02-25 12:49:00,EQ-003,Barreiras,60.4,16.2,30.6,Argiloso,16.3,218.0,Colheita,3.0,121.0,7.7,52.0,Manha,1
472,2026-02-25 13:15:00,EQ-006,Sorriso,30.7,69.5,26.9,Misto,10.7,174.0,Colheita,10.0,20.0,6.6,78.0,Tarde,0
473,2026-02-25 13:18:00,EQ-028,Nao-Me-Toque,18.8,35.4,16.3,Misto,12.2,839.0,Plantio,12.0,21.0,6.7,103.0,Noite,0
474,2026-02-25 13:21:00,EQ-015,Lucas do Rio Verde,100.0,35.1,26.4,Misto,6.4,951.0,Colheita,12.0,219.0,8.9,68.0,Noite,1
475,2026-02-25 13:23:00,EQ-037,Lucas do Rio Verde,59.9,66.9,25.3,Misto,5.2,290.0,Transporte,2.0,94.0,14.7,88.0,Noite,1
476,2026-02-25 13:25:00,EQ-038,Rio Verde,64.6,8.4,25.7,Encharcado,13.5,1156.0,Colheita,9.0,131.0,3.2,84.0,Manha,1
477,2026-02-25 14:04:00,EQ-009,Rio Verde,35.2,46.9,23.9,Argiloso,18.8,658.0,Transporte,21.0,55.0,4.9,76.0,Manha,1
478,2026-02-25 14:23:00,EQ-016,Cascavel,29.0,51.5,38.1,Arenoso,14.2,159.0,Pulverizacao,6.0,53.0,4.3,51.0,Manha,0
479,2026-02-25 15:17:00,EQ-037,Nao-Me-Toque,69.9,14.8,37.5,Argiloso,9.2,2000.0,Transporte,24.0,97.0,0.0,58.0,Tarde,0
480,2026-02-25 15:20:00,EQ-022,Barreiras,34.5,4.6,21.2,Misto,14.7,293.0,Pulverizacao,15.0,182.0,8.3,97.0,Manha,0
481,2026-02-25 15:25:00,EQ-017,Nao-Me-Toque,41.1,45.3,32.7,Argiloso,8.7,20.0,Colheita,5.0,185.0,6.4,64.0,Noite,1
482,2026-02-25 15:27:00,EQ-031,Cascavel,51.4,29.0,29.2,Misto,3.7,264.0,Colheita,16.0,141.0,7.2,53.0,Noite,0
483,2026-02-25 16:06:00,EQ-027,Sorriso,42.1,5.4,27.5,Misto,20.6,1750.0,Plantio,2.0,104.0,7.6,89.0,Manha,0
484,2026-02-25 16:08:00,EQ-002,Sorriso,49.7,35.4,27.9,Arenoso,8.6,870.0,Pulverizacao,5.0,129.0,7.5,77.0,Tarde,0
485,2026-02-25 17:10:00,EQ-006,Sorriso,73.4,94.0,30.4,Argiloso,7.6,1257.0,Transporte,5.0,114.0,6.3,102.0,Manha,1
486,2026-02-25 19:46:00,EQ-031,Lucas do Rio Verde,74.7,28.6,31.5,Arenoso,15.8,226.0,Colheita,5.0,97.0,9.4,56.0,Noite,1
487,2026-02-25 19:46:00,EQ-032,Lucas do Rio Verde,48.4,9.7,22.8,Arenoso,5.9,394.0,Transporte,6.0,73.0,6.6,60.0,Manha,0
488,2026-02-25 20:04:00,EQ-018,Cascavel,58.7,21.2,36.8,Encharcado,3.6,249.0,Plantio,7.0,92.0,8.5,105.0,Manha,1
489,2026-02-25 20:14:00,EQ-031,Cascavel,58.3,23.8,21.7,Misto,6.5,255.0,Pulverizacao,4.0,81.0,4.9,84.0,Noite,0
490,2026-02-25 20:35:00,EQ-017,Sorriso,51.7,12.8,21.9,Arenoso,1.8,28.0,Plantio,2.0,91.0,4.6,40.0,Tarde,0
491,2026-02-25 21:32:00,EQ-012,Barreiras,79.6,7.6,30.3,Arenoso,18.8,258.0,Pulverizacao,3.0,421.0,6.2,106.0,Tarde,1
492,2026-02-25 21:37:00,EQ-017,Sorriso,87.5,51.1,20.8,Arenoso,3.5,674.0,Plantio,5.0,185.0,9.5,103.0,Manha,0
493,2026-02-25 21:52:00,EQ-033,Barreiras,18.4,26.9,24.3,Misto,6.0,618.0,Pulverizacao,7.0,26.0,10.9,86.0,Manha,0
494,2026-02-25 22:23:00,EQ-026,Barreiras,15.8,61.9,35.8,Misto,7.4,544.0,Plantio,21.0,72.0,5.2,40.0,Tarde,0
495,2026-02-25 23:04:00,EQ-017,Nao-Me-Toque,79.7,14.2,32.4,Argiloso,4.9,409.0,Pulverizacao,5.0,213.0,11.9,79.0,Noite,1
496,2026-02-25 23:22:00,EQ-040,Nao-Me-Toque,68.1,22.6,28.5,Arenoso,9.8,538.0,Pulverizacao,9.0,259.0,5.3,77.0,Manha,0
497,2026-02-25 23:29:00,EQ-029,Rio Verde,67.4,35.3,31.6,Arenoso,11.9,231.0,Transporte,11.0,179.0,5.2,71.0,Manha,0
498,2026-02-26 00:01:00,EQ-036,Cascavel,65.2,10.2,23.5,Arenoso,5.0,516.0,Transporte,25.0,211.0,6.3,61.0,Manha,0
499,2026-02-26 00:02:00,EQ-022,Lucas do Rio Verde,52.7,44.5,34.2,Arenoso,23.0,664.0,Colheita,9.0,148.0,5.0,82.0,Noite,0
500,2026-02-26 00:05:00,EQ-011,Rio Verde,28.7,11.2,33.2,Argiloso,3.0,446.0,Colheita,3.0,59.0,15.9,60.0,Noite,1
501,2026-02-26 00:15:00,EQ-033,Sorriso,48.8,13.1,28.4,Argiloso,17.8,467.0,Colheita,6.0,123.0,6.9,79.0,Tarde,1
502,2026-02-26 00:16:00,EQ-008,Rio Verde,60.8,38.1,28.1,Misto,4.4,514.0,Plantio,14.0,193.0,2.0,108.0,Noite,0
503,2026-02-26 00:36:00,EQ-015,Lucas do Rio Verde,46.5,56.7,35.6,Arenoso,9.1,415.0,Plantio,3.0,141.0,13.3,56.0,Manha,1
504,2026-02-26 01:15:00,EQ-018,Sorriso,65.7,24.1,41.3,Misto,20.2,621.0,Plantio,3.0,207.0,9.5,65.0,Tarde,0
505,2026-02-26 03:07:00,EQ-015,Sorriso,46.5,54.3,18.0,Misto,14.0,160.0,Colheita,18.0,139.0,3.7,89.0,Tarde,0
506,2026-02-26 03:24:00,EQ-002,Sorriso,67.9,34.5,17.9,Arenoso,5.3,921.0,Transporte,7.0,118.0,2.2,89.0,Noite,0
507,2026-02-26 03:33:00,EQ-015,Lucas do Rio Verde,52.0,8.8,28.9,Misto,4.8,1095.0,Plantio,2.0,129.0,6.8,74.0,Manha,0
508,2026-02-26 03:50:00,EQ-014,Nao-Me-Toque,32.2,4.9,27.5,Arenoso,5.4,980.0,Pulverizacao,3.0,173.0,4.6,107.0,Tarde,0
509,2026-02-26 03:53:00,EQ-039,Lucas do Rio Verde,79.8,149.8,23.6,Arenoso,11.9,360.0,Colheita,6.0,192.0,11.2,67.0,Noite,1
510,2026-02-26 03:59:00,EQ-018,Barreiras,59.4,31.2,21.0,Misto,3.3,1301.0,Plantio,15.0,241.0,10.5,95.0,Tarde,0
511,2026-02-26 04:00:00,EQ-037,Rio Verde,55.3,7.9,22.3,Argiloso,1.9,476.0,Pulverizacao,9.0,333.0,8.2,81.0,Tarde,0
512,2026-02-26 06:32:00,EQ-006,Cascavel,21.9,15.7,28.8,Encharcado,11.1,879.0,Colheita,7.0,119.0,11.1,57.0,Tarde,0
513,2026-02-26 07:46:00,EQ-033,Barreiras,17.6,7.0,24.6,Encharcado,17.0,507.0,Pulverizacao,25.0,260.0,6.7,94.0,Tarde,0
514,2026-02-26 08:12:00,EQ-029,Sorriso,55.0,28.5,27.2,Misto,7.4,647.0,Colheita,2.0,119.0,12.1,120.0,Noite,0
515,2026-02-26 08:23:00,EQ-014,Cascavel,59.4,35.4,20.7,Misto,10.6,150.0,Plantio,6.0,449.0,11.7,89.0,Noite,0
516,2026-02-26 08:41:00,EQ-020,Sorriso,39.5,16.1,39.9,Encharcado,2.7,755.0,Plantio,5.0,353.0,9.2,100.0,Tarde,0
517,2026-02-26 09:09:00,EQ-014,Lucas do Rio Verde,47.3,17.6,29.4,Misto,12.1,689.0,Colheita,6.0,175.0,9.8,78.0,Tarde,1
518,2026-02-26 09:13:00,EQ-031,Sorriso,52.2,32.6,26.5,Encharcado,5.6,430.0,Pulverizacao,7.0,405.0,11.4,40.0,Tarde,0
519,2026-02-26 09:20:00,EQ-022,Nao-Me-Toque,78.0,23.7,28.5,Argiloso,11.2,2000.0,Pulverizacao,5.0,121.0,6.2,92.0,Manha,0
520,2026-02-26 09:40:00,EQ-039,Rio Verde,69.3,27.0,30.8,Misto,3.1,80.0,Colheita,6.0,111.0,3.5,92.0,Tarde,1
521,2026-02-26 10:15:00,EQ-011,Nao-Me-Toque,62.6,83.5,41.3,Misto,19.0,1487.0,Pulverizacao,7.0,118.0,9.0,73.0,Tarde,0
522,2026-02-26 10:53:00,EQ-003,Barreiras,65.9,26.0,20.3,Argiloso,3.8,806.0,Plantio,3.0,281.0,3.7,77.0,Noite,0
523,2026-02-26 11:02:00,EQ-024,Sorriso,42.7,9.7,26.3,Misto,14.0,269.0,Colheita,2.0,17.0,14.9,66.0,Manha,0
524,2026-02-26 11:15:00,EQ-013,Rio Verde,66.6,61.7,27.2,Misto,21.7,2000.0,Plantio,1.0,171.0,6.8,103.0,Tarde,0
525,2026-02-26 11:18:00,EQ-004,Sorriso,64.2,16.9,21.9,Arenoso,2.1,572.0,Plantio,9.0,101.0,8.4,51.0,Tarde,0
526,2026-02-26 13:04:00,EQ-002,Nao-Me-Toque,74.4,47.4,21.8,Argiloso,20.4,944.0,Pulverizacao,5.0,238.0,6.1,55.0,Tarde,0
527,2026-02-26 13:28:00,EQ-009,Nao-Me-Toque,36.4,49.8,29.3,Argiloso,15.5,1479.0,Plantio,6.0,67.0,6.3,92.0,Tarde,0
528,2026-02-26 13:48:00,EQ-019,Sorriso,45.7,41.8,26.4,Argiloso,9.6,130.0,Plantio,4.0,106.0,10.1,72.0,Manha,0
529,2026-02-26 14:04:00,EQ-015,Rio Verde,77.9,31.9,29.8,Argiloso,8.1,1151.0,Plantio,2.0,82.0,6.4,83.0,Noite,0
530,2026-02-26 14:05:00,EQ-014,Rio Verde,67.8,82.5,35.0,Arenoso,10.8,825.0,Colheita,13.0,143.0,4.3,48.0,Tarde,0
531,2026-02-26 14:14:00,EQ-025,Barreiras,31.1,4.7,30.0,Arenoso,13.8,360.0,Colheita,8.0,257.0,2.5,74.0,Manha,1
532,2026-02-26 14:28:00,EQ-023,Cascavel,46.4,14.6,31.3,Encharcado,2.6,146.0,Pulverizacao,15.0,119.0,9.2,65.0,Tarde,1
533,2026-02-26 14:33:00,EQ-038,Lucas do Rio Verde,61.5,40.3,29.5,Arenoso,12.6,217.0,Pulverizacao,6.0,415.0,6.7,95.0,Manha,0
534,2026-02-26 14:34:00,EQ-020,Cascavel,93.0,19.2,34.8,Encharcado,9.2,878.0,Transporte,7.0,293.0,10.3,114.0,Manha,1
535,2026-02-26 15:02:00,EQ-021,Sorriso,34.8,10.0,34.5,Argiloso,4.6,1048.0,Colheita,8.0,160.0,8.1,66.0,Tarde,0
536,2026-02-26 15:06:00,EQ-018,Rio Verde,62.9,40.2,35.0,Misto,6.9,1460.0,Transporte,4.0,76.0,10.2,69.0,Manha,0
537,2026-02-26 15:09:00,EQ-039,Sorriso,45.1,16.2,32.6,Misto,5.2,1500.0,Pulverizacao,13.0,50.0,15.3,63.0,Noite,0
538,2026-02-26 15:10:00,EQ-019,Nao-Me-Toque,90.6,30.3,33.4,Misto,22.0,1589.0,Transporte,7.0,32.0,9.6,65.0,Manha,0
539,2026-02-26 15:24:00,EQ-033,Rio Verde,62.4,33.4,31.4,Argiloso,33.5,416.0,Pulverizacao,6.0,456.0,16.0,75.0,Tarde,1
540,2026-02-26 15:33:00,EQ-006,Nao-Me-Toque,67.3,27.1,28.3,Encharcado,22.0,321.0,Pulverizacao,1.0,83.0,13.4,66.0,Manha,0
541,2026-02-26 15:50:00,EQ-038,Lucas do Rio Verde,46.2,32.3,19.2,Arenoso,6.8,212.0,Colheita,14.0,507.0,8.4,55.0,Noite,1
542,2026-02-26 16:17:00,EQ-017,Rio Verde,40.0,17.9,23.5,Misto,3.7,516.0,Colheita,17.0,386.0,2.0,72.0,Tarde,1
543,2026-02-26 16:29:00,EQ-004,Nao-Me-Toque,53.2,34.6,38.1,Argiloso,16.5,124.0,Transporte,7.0,178.0,7.2,91.0,Manha,0
544,2026-02-26 16:30:00,EQ-019,Barreiras,68.0,38.0,26.1,Argiloso,5.2,565.0,Pulverizacao,1.0,76.0,7.1,108.0,Manha,1
545,2026-02-26 16:56:00,EQ-025,Rio Verde,58.5,24.9,21.0,Argiloso,11.2,889.0,Colheita,13.0,249.0,9.0,56.0,Manha,0
546,2026-02-26 17:20:00,EQ-031,Sorriso,100.0,28.3,24.0,Arenoso,1.8,977.0,Plantio,4.0,35.0,7.3,88.0,Manha,0
547,2026-02-26 17:23:00,EQ-023,Sorriso,80.5,7.1,32.0,Misto,14.0,292.0,Colheita,2.0,232.0,6.7,69.0,Noite,1
548,2026-02-26 17:48:00,EQ-010,Sorriso,18.7,12.7,23.4,Encharcado,24.4,377.0,Pulverizacao,12.0,213.0,3.2,73.0,Tarde,0
549,2026-02-26 17:49:00,EQ-023,Lucas do Rio Verde,50.1,11.0,22.7,Arenoso,9.3,471.0,Plantio,3.0,42.0,8.5,61.0,Tarde,0
550,2026-02-26 17:50:00,EQ-031,Lucas do Rio Verde,94.9,38.6,29.4,Argiloso,9.8,202.0,Pulverizacao,2.0,127.0,11.7,72.0,Manha,1
551,2026-02-26 18:09:00,EQ-009,Cascavel,91.0,70.6,23.0,Argiloso,11.8,650.0,Plantio,10.0,200.0,10.2,61.0,Manha,0
552,2026-02-26 18:10:00,EQ-001,Nao-Me-Toque,39.3,25.8,24.7,Misto,21.9,842.0,Plantio,18.0,256.0,10.3,51.0,Noite,0
553,2026-02-26 18:35:00,EQ-015,Barreiras,55.2,75.1,22.5,Argiloso,19.1,829.0,Plantio,6.0,224.0,7.7,68.0,Manha,0
554,2026-02-26 18:46:00,EQ-037,Sorriso,65.9,46.4,18.1,Arenoso,10.7,2000.0,Pulverizacao,5.0,284.0,9.0,86.0,Tarde,0
555,2026-02-26 19:12:00,EQ-015,Sorriso,58.6,22.9,22.8,Misto,5.8,541.0,Pulverizacao,7.0,182.0,8.6,59.0,Manha,0
556,2026-02-26 19:16:00,EQ-006,Rio Verde,67.6,8.6,24.6,Argiloso,5.0,295.0,Pulverizacao,1.0,97.0,6.4,64.0,Tarde,0
557,2026-02-26 20:41:00,EQ-025,Sorriso,65.5,14.3,26.2,Arenoso,9.1,286.0,Pulverizacao,6.0,339.0,11.5,84.0,Manha,1
558,2026-02-26 21:04:00,EQ-029,Nao-Me-Toque,43.8,5.1,32.5,Misto,7.7,1143.0,Colheita,9.0,351.0,12.3,57.0,Manha,0
559,2026-02-26 21:05:00,EQ-017,Cascavel,74.8,25.4,24.6,Misto,11.2,693.0,Plantio,4.0,349.0,7.0,77.0,Noite,1
560,2026-02-26 21:05:00,EQ-013,Cascavel,45.3,29.4,28.8,Arenoso,22.2,141.0,Colheita,5.0,265.0,14.3,78.0,Tarde,0
561,2026-02-26 21:17:00,EQ-040,Sorriso,77.2,10.1,27.9,Argiloso,5.7,543.0,Pulverizacao,19.0,378.0,8.2,71.0,Manha,1
562,2026-02-26 21:26:00,EQ-007,Sorriso,100.0,20.7,27.9,Misto,12.5,95.0,Colheita,8.0,263.0,6.5,74.0,Manha,1
563,2026-02-26 21:32:00,EQ-030,Barreiras,56.4,9.5,19.7,Arenoso,1.9,1319.0,Plantio,5.0,324.0,4.8,71.0,Manha,0
564,2026-02-26 21:58:00,EQ-034,Lucas do Rio Verde,55.3,74.5,31.5,Argiloso,9.1,859.0,Colheita,7.0,310.0,10.0,65.0,Tarde,0
565,2026-02-26 22:29:00,EQ-037,Nao-Me-Toque,37.3,40.2,27.5,Misto,4.3,1080.0,Plantio,6.0,157.0,5.6,83.0,Manha,0
566,2026-02-26 22:32:00,EQ-003,Sorriso,19.7,20.4,24.5,Misto,8.5,302.0,Plantio,4.0,134.0,11.1,99.0,Tarde,0
567,2026-02-26 23:01:00,EQ-016,Rio Verde,12.7,16.1,30.2,Argiloso,3.7,66.0,Pulverizacao,17.0,91.0,7.2,72.0,Noite,0
568,2026-02-26 23:12:00,EQ-002,Cascavel,60.2,42.6,31.5,Arenoso,30.3,1570.0,Colheita,2.0,97.0,5.7,72.0,Noite,0
569,2026-02-26 23:15:00,EQ-025,Cascavel,53.7,72.8,29.7,Argiloso,3.3,1368.0,Plantio,12.0,161.0,13.5,115.0,Manha,0
570,2026-02-26 23:40:00,EQ-027,Lucas do Rio Verde,42.6,5.7,25.5,Arenoso,8.2,128.0,Plantio,9.0,54.0,6.1,70.0,Tarde,0
571,2026-02-26 23:57:00,EQ-037,Sorriso,79.0,53.3,24.7,Misto,12.0,1960.0,Plantio,9.0,25.0,3.5,90.0,Manha,1
572,2026-02-26 23:59:00,EQ-001,Barreiras,60.2,41.4,22.8,Misto,6.9,737.0,Plantio,18.0,50.0,10.4,81.0,Tarde,0
573,2026-02-27 00:02:00,EQ-014,Nao-Me-Toque,82.1,73.7,15.0,Arenoso,13.5,297.0,Plantio,5.0,423.0,10.4,73.0,Tarde,0
574,2026-02-27 00:14:00,EQ-007,Barreiras,51.3,38.2,41.6,Arenoso,2.9,731.0,Colheita,6.0,295.0,13.1,66.0,Tarde,0
575,2026-02-27 00:16:00,EQ-033,Rio Verde,27.8,23.7,38.1,Argiloso,6.9,727.0,Transporte,7.0,135.0,8.6,107.0,Manha,0
576,2026-02-27 00:34:00,EQ-011,Lucas do Rio Verde,42.3,33.0,33.0,Misto,0.9,178.0,Transporte,4.0,49.0,4.7,84.0,Noite,0
577,2026-02-27 01:18:00,EQ-035,Rio Verde,25.2,14.7,25.7,Argiloso,20.9,591.0,Colheita,5.0,224.0,6.8,57.0,Tarde,1
578,2026-02-27 01:42:00,EQ-025,Lucas do Rio Verde,51.8,23.8,28.0,Misto,6.6,961.0,Colheita,2.0,2.0,8.5,54.0,Manha,0
579,2026-02-27 01:44:00,EQ-014,Cascavel,30.5,48.9,37.9,Argiloso,13.7,984.0,Colheita,24.0,152.0,9.1,89.0,Noite,1
580,2026-02-27 04:01:00,EQ-012,Barreiras,30.8,36.8,26.0,Arenoso,0.5,867.0,Colheita,7.0,273.0,3.9,95.0,Manha,0
581,2026-02-27 04:33:00,EQ-022,Lucas do Rio Verde,71.9,7.9,20.7,Misto,12.9,503.0,Pulverizacao,6.0,79.0,9.7,91.0,Tarde,1
582,2026-02-27 04:54:00,EQ-017,Lucas do Rio Verde,20.5,58.0,19.7,Misto,7.4,379.0,Colheita,4.0,312.0,7.0,95.0,Manha,1
583,2026-02-27 05:12:00,EQ-002,Cascavel,86.0,63.3,32.9,Encharcado,5.8,245.0,Pulverizacao,7.0,108.0,7.6,65.0,Manha,1
584,2026-02-27 05:21:00,EQ-008,Barreiras,68.4,65.5,21.1,Argiloso,16.1,655.0,Colheita,2.0,169.0,6.6,46.0,Manha,0
585,2026-02-27 05:50:00,EQ-031,Rio Verde,61.1,69.5,23.1,Misto,25.3,611.0,Pulverizacao,12.0,453.0,8.5,78.0,Tarde,0
586,2026-02-27 06:03:00,EQ-001,Barreiras,64.9,21.0,19.4,Argiloso,4.0,686.0,Colheita,8.0,183.0,7.7,120.0,Noite,0
587,2026-02-27 06:14:00,EQ-035,Barreiras,50.3,19.9,24.7,Arenoso,7.7,1137.0,Plantio,9.0,161.0,11.0,47.0,Tarde,0
588,2026-02-27 06:36:00,EQ-012,Nao-Me-Toque,36.5,11.9,25.1,Arenoso,7.5,1149.0,Plantio,12.0,50.0,11.7,82.0,Manha,0
589,2026-02-27 07:01:00,EQ-002,Lucas do Rio Verde,55.3,10.9,24.3,Arenoso,4.4,212.0,Transporte,1.0,228.0,6.0,46.0,Tarde,0
590,2026-02-27 07:04:00,EQ-009,Rio Verde,44.8,86.8,26.0,Arenoso,9.0,1126.0,Colheita,3.0,299.0,6.1,87.0,Noite,0
591,2026-02-27 07:05:00,EQ-030,Sorriso,18.4,30.5,30.7,Argiloso,4.2,1605.0,Pulverizacao,7.0,409.0,6.3,50.0,Manha,0
592,2026-02-27 07:10:00,EQ-019,Barreiras,99.6,20.8,32.3,Argiloso,8.5,554.0,Transporte,7.0,196.0,8.4,52.0,Tarde,1
593,2026-02-27 07:40:00,EQ-001,Cascavel,61.0,75.5,25.1,Arenoso,3.9,785.0,Transporte,1.0,110.0,5.2,88.0,Tarde,0
594,2026-02-27 07:57:00,EQ-025,Lucas do Rio Verde,54.5,21.5,23.6,Encharcado,8.6,416.0,Transporte,4.0,97.0,1.4,63.0,Tarde,0
595,2026-02-27 08:16:00,EQ-025,Nao-Me-Toque,48.9,10.7,24.6,Argiloso,34.8,962.0,Transporte,7.0,447.0,11.5,79.0,Manha,1
596,2026-02-27 08:37:00,EQ-002,Sorriso,51.7,65.8,22.0,Arenoso,9.9,785.0,Colheita,25.0,80.0,9.2,62.0,Manha,1
597,2026-02-27 08:39:00,EQ-029,Nao-Me-Toque,57.3,15.1,29.4,Argiloso,13.7,492.0,Colheita,3.0,196.0,10.0,96.0,Manha,0
598,2026-02-27 08:45:00,EQ-011,Lucas do Rio Verde,38.4,23.6,24.7,Arenoso,0.7,208.0,Colheita,5.0,87.0,6.2,90.0,Manha,0
599,2026-02-27 08:47:00,EQ-028,Lucas do Rio Verde,60.7,97.1,18.7,Misto,2.0,1202.0,Plantio,3.0,335.0,3.9,66.0,Tarde,0
600,2026-02-27 09:02:00,EQ-004,Cascavel,66.1,56.4,22.7,Arenoso,12.9,369.0,Pulverizacao,4.0,209.0,7.1,72.0,Tarde,0
601,2026-02-27 09:22:00,EQ-032,Sorriso,31.0,18.3,19.5,Argiloso,3.2,747.0,Colheita,4.0,111.0,12.7,77.0,Tarde,0
602,2026-02-27 09:49:00,EQ-003,Rio Verde,18.0,20.5,28.4,Misto,6.7,417.0,Transporte,2.0,205.0,6.9,102.0,Manha,0
603,2026-02-27 09:51:00,EQ-036,Rio Verde,26.6,51.9,28.9,Arenoso,11.9,1944.0,Transporte,16.0,76.0,7.5,94.0,Manha,0
604,2026-02-27 10:03:00,EQ-001,Lucas do Rio Verde,34.3,68.3,39.8,Argiloso,18.3,966.0,Pulverizacao,3.0,101.0,8.4,60.0,Tarde,0
605,2026-02-27 12:21:00,EQ-025,Barreiras,72.7,29.9,34.2,Argiloso,3.2,681.0,Colheita,4.0,61.0,10.4,93.0,Tarde,0
606,2026-02-27 12:39:00,EQ-037,Lucas do Rio Verde,58.4,5.4,28.3,Misto,29.4,1253.0,Plantio,6.0,80.0,2.9,54.0,Noite,0
607,2026-02-27 12:47:00,EQ-034,Sorriso,64.3,44.8,24.6,Argiloso,12.0,992.0,Plantio,2.0,106.0,8.8,107.0,Manha,0
608,2026-02-27 12:57:00,EQ-004,Rio Verde,48.8,37.8,36.6,Encharcado,6.5,1095.0,Colheita,9.0,86.0,6.6,81.0,Manha,0
609,2026-02-27 13:25:00,EQ-033,Nao-Me-Toque,69.6,15.1,33.1,Argiloso,18.7,893.0,Plantio,7.0,246.0,4.4,72.0,Tarde,0
610,2026-02-27 13:41:00,EQ-012,Nao-Me-Toque,87.3,70.6,28.7,Misto,11.3,1031.0,Plantio,5.0,487.0,8.8,74.0,Manha,1
611,2026-02-27 13:44:00,EQ-025,Nao-Me-Toque,69.1,15.0,23.3,Argiloso,8.2,1238.0,Plantio,1.0,163.0,8.7,89.0,Manha,0
612,2026-02-27 13:46:00,EQ-031,Cascavel,52.7,27.1,22.0,Misto,2.1,934.0,Colheita,4.0,256.0,11.6,86.0,Noite,0
613,2026-02-27 15:10:00,EQ-017,Nao-Me-Toque,45.1,36.8,25.2,Arenoso,11.6,334.0,Pulverizacao,2.0,388.0,12.5,95.0,Manha,0
614,2026-02-27 15:58:00,EQ-002,Rio Verde,46.9,24.5,27.3,Encharcado,4.6,743.0,Pulverizacao,7.0,104.0,7.8,86.0,Tarde,0
615,2026-02-27 16:50:00,EQ-004,Nao-Me-Toque,46.1,19.9,26.5,Argiloso,7.3,288.0,Transporte,7.0,154.0,4.1,86.0,Tarde,0
616,2026-02-27 16:53:00,EQ-040,Sorriso,32.7,23.0,31.9,Arenoso,22.6,1336.0,Colheita,12.0,229.0,9.9,96.0,Manha,0
617,2026-02-27 17:06:00,EQ-008,Barreiras,91.7,34.6,19.8,Argiloso,5.4,1012.0,Pulverizacao,16.0,144.0,8.5,54.0,Noite,0
618,2026-02-27 18:12:00,EQ-026,Rio Verde,58.0,24.1,30.1,Arenoso,13.8,1107.0,Colheita,3.0,90.0,10.8,43.0,Noite,0
619,2026-02-27 18:38:00,EQ-021,Sorriso,94.0,45.9,23.7,Misto,13.6,1634.0,Transporte,2.0,335.0,8.0,84.0,Tarde,0
620,2026-02-27 18:39:00,EQ-025,Sorriso,77.5,10.8,31.8,Misto,5.3,282.0,Plantio,20.0,169.0,6.1,64.0,Noite,0
621,2026-02-27 19:01:00,EQ-010,Sorriso,48.3,43.0,30.1,Encharcado,21.1,1455.0,Pulverizacao,1.0,224.0,2.7,56.0,Manha,0
622,2026-02-27 19:15:00,EQ-038,Lucas do Rio Verde,33.3,4.1,24.9,Argiloso,10.7,375.0,Plantio,3.0,308.0,8.5,73.0,Noite,0
623,2026-02-27 19:27:00,EQ-026,Sorriso,36.1,18.0,20.0,Arenoso,13.7,1068.0,Colheita,2.0,91.0,12.3,86.0,Manha,0
624,2026-02-27 19:35:00,EQ-016,Barreiras,48.7,73.2,22.7,Argiloso,3.8,800.0,Plantio,5.0,161.0,8.8,81.0,Manha,0
625,2026-02-27 19:42:00,EQ-030,Lucas do Rio Verde,29.4,53.8,28.4,Arenoso,6.4,961.0,Colheita,11.0,111.0,1.5,64.0,Manha,0
626,2026-02-27 20:34:00,EQ-014,Cascavel,79.8,59.5,33.5,Argiloso,24.3,248.0,Pulverizacao,5.0,49.0,9.7,80.0,Manha,1
627,2026-02-27 20:40:00,EQ-036,Rio Verde,78.8,23.6,20.3,Argiloso,12.8,872.0,Transporte,9.0,275.0,9.8,76.0,Manha,0
628,2026-02-27 20:57:00,EQ-035,Sorriso,73.2,40.6,27.9,Argiloso,4.5,575.0,Plantio,10.0,186.0,6.7,62.0,Manha,1
629,2026-02-27 20:59:00,EQ-011,Barreiras,70.5,12.9,26.7,Misto,2.4,942.0,Colheita,5.0,25.0,12.6,61.0,Manha,0
630,2026-02-27 21:18:00,EQ-010,Nao-Me-Toque,92.6,36.3,18.7,Encharcado,2.8,296.0,Plantio,2.0,199.0,4.8,100.0,Manha,1
631,2026-02-27 21:33:00,EQ-008,Barreiras,51.9,95.8,26.8,Misto,1.5,510.0,Pulverizacao,6.0,184.0,7.9,102.0,Manha,0
632,2026-02-27 21:49:00,EQ-002,Rio Verde,56.5,16.4,26.2,Arenoso,3.5,783.0,Pulverizacao,10.0,259.0,2.4,76.0,Manha,0
633,2026-02-27 22:00:00,EQ-006,Rio Verde,42.3,108.1,27.8,Encharcado,13.6,561.0,Pulverizacao,1.0,216.0,12.0,51.0,Manha,1
634,2026-02-27 22:03:00,EQ-013,Barreiras,65.9,44.7,18.8,Argiloso,18.3,34.0,Transporte,2.0,106.0,5.7,87.0,Tarde,1
635,2026-02-27 22:27:00,EQ-023,Nao-Me-Toque,100.0,18.1,32.4,Misto,13.7,1280.0,Pulverizacao,7.0,44.0,12.2,75.0,Tarde,0
636,2026-02-27 23:00:00,EQ-010,Lucas do Rio Verde,17.9,15.1,23.4,Misto,25.6,371.0,Transporte,6.0,210.0,2.6,70.0,Manha,0
637,2026-02-28 00:05:00,EQ-024,Rio Verde,61.6,59.5,27.0,Misto,9.6,604.0,Plantio,11.0,441.0,10.3,77.0,Tarde,1
638,2026-02-28 00:09:00,EQ-038,Cascavel,66.3,11.9,25.8,Encharcado,5.7,1464.0,Plantio,9.0,98.0,7.3,60.0,Manha,0
639,2026-02-28 00:29:00,EQ-008,Rio Verde,28.4,15.1,20.2,Arenoso,4.6,1046.0,Plantio,3.0,59.0,2.9,92.0,Tarde,0
640,2026-02-28 00:51:00,EQ-003,Nao-Me-Toque,77.2,14.8,33.0,Misto,9.5,437.0,Pulverizacao,25.0,192.0,8.0,61.0,Noite,1
641,2026-02-28 01:04:00,EQ-012,Nao-Me-Toque,92.2,7.9,21.8,Argiloso,3.2,774.0,Plantio,4.0,406.0,11.7,78.0,Manha,1
642,2026-02-28 01:06:00,EQ-011,Nao-Me-Toque,56.1,39.9,29.1,Arenoso,4.4,65.0,Pulverizacao,1.0,55.0,1.1,94.0,Manha,0
643,2026-02-28 01:45:00,EQ-013,Barreiras,49.0,42.0,30.6,Argiloso,6.9,862.0,Colheita,12.0,237.0,3.7,58.0,Noite,0
644,2026-02-28 02:03:00,EQ-013,Barreiras,51.7,61.1,20.9,Encharcado,14.5,722.0,Colheita,8.0,253.0,5.6,96.0,Tarde,1
645,2026-02-28 02:24:00,EQ-032,Nao-Me-Toque,57.0,10.9,30.5,Encharcado,4.5,131.0,Pulverizacao,6.0,58.0,9.2,48.0,Manha,0
646,2026-02-28 02:56:00,EQ-035,Nao-Me-Toque,51.9,53.7,23.2,Argiloso,10.5,674.0,Pulverizacao,11.0,55.0,6.7,79.0,Manha,0
647,2026-02-28 03:06:00,EQ-037,Barreiras,5.0,37.5,31.2,Argiloso,10.0,567.0,Pulverizacao,7.0,15.0,11.2,70.0,Manha,0
648,2026-02-28 03:13:00,EQ-002,Rio Verde,42.6,23.2,14.7,Arenoso,26.1,91.0,Colheita,3.0,31.0,9.8,42.0,Manha,0
649,2026-02-28 03:18:00,EQ-035,Lucas do Rio Verde,38.9,23.8,15.8,Argiloso,6.4,1986.0,Pulverizacao,10.0,514.0,4.7,114.0,Manha,0
650,2026-02-28 03:29:00,EQ-002,Sorriso,53.7,32.3,29.4,Misto,5.8,261.0,Transporte,3.0,110.0,5.8,62.0,Manha,0
651,2026-02-28 05:04:00,EQ-031,Cascavel,84.6,43.2,24.2,Misto,7.2,1975.0,Pulverizacao,5.0,166.0,5.1,90.0,Manha,0
652,2026-02-28 06:48:00,EQ-024,Sorriso,74.9,85.9,27.1,Arenoso,10.1,452.0,Colheita,5.0,220.0,7.4,81.0,Manha,1
653,2026-02-28 07:00:00,EQ-004,Nao-Me-Toque,73.6,15.0,13.8,Argiloso,6.9,688.0,Colheita,10.0,233.0,8.2,85.0,Tarde,0
654,2026-02-28 07:03:00,EQ-006,Lucas do Rio Verde,42.9,15.6,23.3,Arenoso,9.1,298.0,Plantio,7.0,190.0,7.1,93.0,Manha,0
655,2026-02-28 07:04:00,EQ-025,Lucas do Rio Verde,66.1,41.4,34.5,Misto,5.3,54.0,Pulverizacao,4.0,48.0,9.6,93.0,Tarde,1
656,2026-02-28 07:09:00,EQ-020,Nao-Me-Toque,54.6,73.0,30.3,Argiloso,7.7,217.0,Transporte,4.0,94.0,15.3,64.0,Tarde,1
657,2026-02-28 07:34:00,EQ-023,Rio Verde,51.9,46.5,28.5,Misto,9.7,205.0,Colheita,2.0,296.0,13.4,78.0,Manha,0
658,2026-02-28 07:51:00,EQ-011,Cascavel,46.2,45.1,19.1,Encharcado,5.0,350.0,Plantio,5.0,136.0,7.0,75.0,Manha,0
659,2026-02-28 07:54:00,EQ-007,Barreiras,66.7,120.1,32.3,Encharcado,17.3,869.0,Plantio,3.0,53.0,3.8,77.0,Manha,1
660,2026-02-28 08:18:00,EQ-003,Nao-Me-Toque,54.2,15.1,24.6,Arenoso,5.6,1023.0,Pulverizacao,6.0,42.0,8.5,101.0,Manha,0
661,2026-02-28 09:42:00,EQ-036,Lucas do Rio Verde,74.6,39.5,17.4,Misto,14.3,639.0,Plantio,3.0,141.0,9.6,82.0,Tarde,0
662,2026-02-28 09:46:00,EQ-031,Nao-Me-Toque,83.3,66.7,27.7,Argiloso,12.8,763.0,Colheita,9.0,253.0,12.2,73.0,Tarde,1
663,2026-02-28 09:58:00,EQ-002,Nao-Me-Toque,32.9,27.6,17.8,Argiloso,8.7,1173.0,Pulverizacao,9.0,4.0,6.2,85.0,Manha,0
664,2026-02-28 09:58:00,EQ-040,Nao-Me-Toque,72.8,41.7,25.1,Arenoso,3.9,282.0,Plantio,16.0,208.0,4.5,65.0,Tarde,1
665,2026-02-28 10:11:00,EQ-026,Lucas do Rio Verde,100.0,36.7,29.6,Arenoso,5.2,959.0,Plantio,4.0,283.0,13.8,100.0,Tarde,0
666,2026-02-28 10:23:00,EQ-033,Nao-Me-Toque,58.4,51.0,15.8,Misto,15.8,1410.0,Plantio,4.0,204.0,10.7,46.0,Noite,0
667,2026-02-28 10:50:00,EQ-032,Cascavel,70.0,40.3,28.4,Argiloso,32.6,639.0,Transporte,18.0,163.0,3.3,71.0,Manha,1
668,2026-02-28 10:51:00,EQ-014,Rio Verde,50.4,37.1,26.7,Arenoso,17.8,338.0,Plantio,5.0,307.0,6.6,49.0,Tarde,0
669,2026-02-28 11:01:00,EQ-038,Lucas do Rio Verde,21.9,44.8,26.4,Argiloso,11.9,177.0,Transporte,12.0,311.0,9.0,41.0,Manha,0
670,2026-02-28 11:09:00,EQ-028,Rio Verde,92.8,76.2,23.4,Arenoso,25.8,469.0,Colheita,3.0,86.0,5.1,93.0,Tarde,1
671,2026-02-28 12:17:00,EQ-015,Lucas do Rio Verde,93.3,11.9,30.2,Arenoso,10.0,777.0,Colheita,4.0,122.0,15.9,82.0,Manha,0
672,2026-02-28 12:29:00,EQ-031,Barreiras,51.3,39.5,26.9,Misto,13.6,806.0,Plantio,1.0,260.0,8.3,67.0,Manha,0
673,2026-02-28 13:21:00,EQ-012,Nao-Me-Toque,61.4,62.9,31.7,Encharcado,41.8,1119.0,Plantio,9.0,413.0,8.9,70.0,Noite,0
674,2026-02-28 13:53:00,EQ-039,Sorriso,33.0,49.4,32.0,Arenoso,15.1,363.0,Pulverizacao,9.0,46.0,8.0,65.0,Manha,0
675,2026-02-28 14:32:00,EQ-005,Nao-Me-Toque,62.6,38.3,37.8,Encharcado,18.5,540.0,Plantio,6.0,109.0,5.1,63.0,Tarde,1
676,2026-02-28 14:55:00,EQ-025,Barreiras,62.0,24.9,29.3,Misto,13.5,622.0,Colheita,8.0,18.0,10.7,101.0,Tarde,0
677,2026-02-28 15:14:00,EQ-038,Barreiras,75.6,55.3,25.8,Misto,4.4,1636.0,Pulverizacao,4.0,126.0,12.1,97.0,Manha,0
678,2026-02-28 15:22:00,EQ-020,Nao-Me-Toque,67.7,31.2,28.6,Arenoso,5.1,758.0,Pulverizacao,6.0,140.0,10.6,76.0,Tarde,0
679,2026-02-28 15:30:00,EQ-037,Barreiras,58.6,69.7,34.1,Argiloso,13.4,172.0,Colheita,7.0,211.0,6.7,79.0,Tarde,0
680,2026-02-28 16:28:00,EQ-029,Nao-Me-Toque,87.5,17.8,24.5,Arenoso,13.3,457.0,Plantio,17.0,105.0,7.8,84.0,Manha,1
681,2026-02-28 16:39:00,EQ-004,Nao-Me-Toque,35.3,48.2,39.0,Misto,8.9,254.0,Colheita,6.0,86.0,11.4,91.0,Tarde,1
682,2026-02-28 16:44:00,EQ-005,Rio Verde,53.9,4.4,17.0,Arenoso,8.1,227.0,Colheita,5.0,112.0,7.9,95.0,Manha,0
683,2026-02-28 17:07:00,EQ-035,Nao-Me-Toque,54.4,26.5,31.9,Misto,7.5,928.0,Plantio,3.0,136.0,6.2,93.0,Manha,0
684,2026-02-28 17:18:00,EQ-014,Rio Verde,87.9,48.9,23.2,Arenoso,15.2,919.0,Pulverizacao,2.0,214.0,8.9,40.0,Tarde,0
685,2026-02-28 17:19:00,EQ-020,Barreiras,27.9,36.5,28.7,Arenoso,8.5,601.0,Plantio,5.0,164.0,9.4,88.0,Manha,0
686,2026-02-28 17:24:00,EQ-006,Lucas do Rio Verde,22.0,8.1,32.9,Encharcado,3.3,129.0,Colheita,8.0,254.0,5.6,95.0,Manha,0
687,2026-02-28 18:09:00,EQ-015,Rio Verde,59.3,35.0,28.6,Misto,4.4,158.0,Transporte,14.0,245.0,2.4,66.0,Tarde,1
688,2026-02-28 19:01:00,EQ-003,Lucas do Rio Verde,38.5,27.7,28.0,Arenoso,8.0,249.0,Transporte,5.0,86.0,6.1,56.0,Manha,0
689,2026-02-28 19:13:00,EQ-023,Lucas do Rio Verde,57.8,44.1,25.0,Misto,7.9,368.0,Transporte,8.0,273.0,6.0,97.0,Tarde,1
690,2026-02-28 19:29:00,EQ-005,Rio Verde,48.5,19.5,24.8,Arenoso,25.1,2000.0,Plantio,10.0,104.0,8.0,106.0,Tarde,0
691,2026-02-28 19:40:00,EQ-019,Sorriso,62.2,18.4,31.9,Arenoso,2.2,1066.0,Colheita,0.0,97.0,8.1,90.0,Manha,0
692,2026-02-28 19:53:00,EQ-022,Nao-Me-Toque,69.8,21.7,33.8,Argiloso,10.4,355.0,Pulverizacao,11.0,87.0,10.3,73.0,Noite,0
693,2026-02-28 19:59:00,EQ-038,Barreiras,69.3,12.6,22.1,Arenoso,5.1,588.0,Plantio,6.0,195.0,10.2,107.0,Tarde,0
694,2026-02-28 20:24:00,EQ-003,Sorriso,67.3,62.6,35.2,Arenoso,12.4,536.0,Pulverizacao,13.0,170.0,9.6,91.0,Noite,1
695,2026-02-28 20:25:00,EQ-005,Cascavel,77.2,35.6,35.8,Encharcado,13.9,491.0,Colheita,19.0,511.0,7.9,71.0,Manha,1
696,2026-02-28 20:58:00,EQ-040,Cascavel,82.4,32.4,35.8,Argiloso,7.2,199.0,Plantio,3.0,135.0,10.8,94.0,Manha,0
697,2026-02-28 21:30:00,EQ-012,Nao-Me-Toque,41.5,31.9,36.1,Argiloso,6.0,1564.0,Transporte,6.0,182.0,4.5,54.0,Manha,0
698,2026-02-28 21:43:00,EQ-031,Cascavel,56.4,30.1,18.3,Arenoso,8.7,134.0,Colheita,6.0,421.0,2.5,99.0,Manha,0
699,2026-02-28 23:15:00,EQ-028,Cascavel,89.2,26.8,31.5,Encharcado,6.2,349.0,Colheita,1.0,180.0,5.7,74.0,Noite,1
700,2026-02-28 23:18:00,EQ-031,Rio Verde,69.3,4.5,22.4,Arenoso,37.1,550.0,Plantio,0.0,110.0,14.4,60.0,Tarde,1
701,2026-02-28 23:23:00,EQ-015,Rio Verde,76.7,14.9,31.8,Misto,15.4,1936.0,Plantio,4.0,40.0,9.3,48.0,Manha,0
702,2026-02-28 23:47:00,EQ-034,Cascavel,40.1,6.1,23.2,Misto,8.7,1286.0,Transporte,7.0,199.0,10.2,52.0,Noite,0
703,2026-03-01 00:44:00,EQ-004,Cascavel,50.1,47.1,34.4,Arenoso,16.0,815.0,Transporte,2.0,148.0,11.7,83.0,Tarde,0
704,2026-03-01 00:46:00,EQ-012,Sorriso,50.3,64.7,34.2,Argiloso,10.6,588.0,Colheita,4.0,117.0,10.4,97.0,Manha,1
705,2026-03-01 00:51:00,EQ-028,Nao-Me-Toque,32.6,64.5,31.6,Misto,45.0,295.0,Pulverizacao,6.0,43.0,8.4,86.0,Noite,0
706,2026-03-01 01:09:00,EQ-020,Lucas do Rio Verde,64.0,97.8,25.5,Arenoso,4.6,203.0,Plantio,6.0,159.0,8.9,80.0,Tarde,0
707,2026-03-01 01:11:00,EQ-011,Rio Verde,59.8,31.0,25.3,Argiloso,9.9,1004.0,Transporte,8.0,93.0,10.0,87.0,Noite,0
708,2026-03-01 02:32:00,EQ-027,Sorriso,50.3,27.1,34.4,Argiloso,20.1,1155.0,Transporte,12.0,64.0,7.9,60.0,Noite,1
709,2026-03-01 02:34:00,EQ-009,Barreiras,93.5,8.8,23.5,Argiloso,4.9,702.0,Pulverizacao,16.0,175.0,7.2,99.0,Tarde,0
710,2026-03-01 02:45:00,EQ-020,Cascavel,52.9,21.7,19.2,Arenoso,2.8,398.0,Colheita,23.0,168.0,7.6,72.0,Manha,0
711,2026-03-01 02:47:00,EQ-010,Cascavel,37.2,53.7,25.2,Arenoso,9.4,1167.0,Colheita,16.0,335.0,8.1,98.0,Manha,1
712,2026-03-01 03:11:00,EQ-008,Rio Verde,31.3,7.6,17.9,Argiloso,12.9,713.0,Pulverizacao,12.0,7.0,2.5,81.0,Noite,0
713,2026-03-01 03:56:00,EQ-007,Rio Verde,38.3,46.3,20.7,Argiloso,5.4,302.0,Colheita,5.0,354.0,7.0,70.0,Tarde,1
714,2026-03-01 04:26:00,EQ-015,Nao-Me-Toque,66.3,30.9,25.2,Misto,17.8,1465.0,Plantio,9.0,111.0,3.9,62.0,Manha,0
715,2026-03-01 05:42:00,EQ-017,Cascavel,32.0,19.3,31.6,Argiloso,16.1,1489.0,Pulverizacao,20.0,190.0,7.8,57.0,Noite,0
716,2026-03-01 06:35:00,EQ-037,Barreiras,35.3,1.8,19.8,Argiloso,5.0,1238.0,Colheita,12.0,86.0,4.0,63.0,Tarde,0
717,2026-03-01 06:45:00,EQ-040,Lucas do Rio Verde,28.4,33.3,27.4,Argiloso,8.8,851.0,Colheita,9.0,56.0,7.0,65.0,Noite,0
718,2026-03-01 07:36:00,EQ-029,Rio Verde,39.9,14.1,15.8,Encharcado,11.3,604.0,Plantio,6.0,439.0,5.1,48.0,Tarde,0
719,2026-03-01 07:58:00,EQ-022,Barreiras,54.5,48.1,30.0,Argiloso,9.6,145.0,Colheita,7.0,56.0,4.9,83.0,Tarde,0
720,2026-03-01 08:02:00,EQ-017,Lucas do Rio Verde,59.0,43.9,25.7,Encharcado,17.4,836.0,Colheita,23.0,184.0,12.1,109.0,Tarde,0
721,2026-03-01 08:13:00,EQ-020,Barreiras,36.6,40.2,23.9,Misto,14.4,361.0,Pulverizacao,2.0,304.0,3.0,78.0,Tarde,0
722,2026-03-01 08:35:00,EQ-017,Sorriso,51.9,64.8,14.2,Arenoso,31.3,682.0,Colheita,9.0,40.0,5.9,49.0,Manha,0
723,2026-03-01 08:37:00,EQ-020,Rio Verde,35.8,18.2,33.8,Arenoso,30.0,115.0,Pulverizacao,2.0,141.0,5.9,66.0,Manha,0
724,2026-03-01 08:44:00,EQ-037,Sorriso,29.6,18.5,24.8,Argiloso,3.8,393.0,Plantio,16.0,41.0,4.8,72.0,Manha,0
725,2026-03-01 09:11:00,EQ-037,Lucas do Rio Verde,82.4,21.2,28.4,Arenoso,11.7,938.0,Plantio,4.0,27.0,9.2,120.0,Manha,0
726,2026-03-01 09:16:00,EQ-036,Cascavel,53.7,54.7,28.2,Encharcado,13.9,417.0,Pulverizacao,11.0,200.0,11.8,108.0,Manha,0
727,2026-03-01 10:05:00,EQ-001,Lucas do Rio Verde,34.2,30.3,29.2,Arenoso,17.4,469.0,Pulverizacao,6.0,299.0,12.0,81.0,Noite,0
728,2026-03-01 10:37:00,EQ-005,Cascavel,35.2,114.8,20.6,Misto,6.8,205.0,Plantio,9.0,388.0,9.2,84.0,Noite,1
729,2026-03-01 10:52:00,EQ-013,Sorriso,20.8,71.9,27.0,Argiloso,4.3,1792.0,Colheita,6.0,117.0,5.4,88.0,Noite,0
730,2026-03-01 11:24:00,EQ-038,Cascavel,56.7,13.3,30.9,Arenoso,17.2,207.0,Colheita,11.0,43.0,9.2,80.0,Tarde,0
731,2026-03-01 12:01:00,EQ-019,Barreiras,62.9,3.9,34.1,Argiloso,14.4,531.0,Transporte,8.0,130.0,7.2,65.0,Tarde,1
732,2026-03-01 13:00:00,EQ-015,Nao-Me-Toque,8.8,7.3,33.8,Encharcado,23.0,84.0,Pulverizacao,4.0,294.0,0.5,89.0,Tarde,0
733,2026-03-01 13:43:00,EQ-033,Nao-Me-Toque,50.2,31.5,28.9,Argiloso,6.2,127.0,Pulverizacao,17.0,186.0,4.7,40.0,Tarde,0
734,2026-03-01 14:02:00,EQ-036,Cascavel,69.8,19.7,14.6,Misto,29.9,339.0,Transporte,16.0,367.0,13.9,87.0,Manha,1
735,2026-03-01 15:14:00,EQ-002,Sorriso,65.4,42.8,24.5,Misto,9.7,1416.0,Pulverizacao,19.0,95.0,6.6,86.0,Manha,0
736,2026-03-01 15:38:00,EQ-004,Barreiras,36.9,3.1,25.1,Misto,4.3,991.0,Transporte,3.0,51.0,0.6,97.0,Tarde,0
737,2026-03-01 16:07:00,EQ-040,Rio Verde,76.2,33.4,27.0,Argiloso,1.4,998.0,Colheita,12.0,228.0,4.9,72.0,Manha,0
738,2026-03-01 16:14:00,EQ-037,Barreiras,58.5,108.4,25.9,Argiloso,5.8,926.0,Pulverizacao,0.0,163.0,7.7,40.0,Manha,1
739,2026-03-01 16:21:00,EQ-032,Cascavel,63.2,31.0,34.4,Argiloso,15.4,350.0,Plantio,9.0,68.0,4.9,109.0,Tarde,1
740,2026-03-01 16:39:00,EQ-028,Rio Verde,26.6,37.2,27.8,Argiloso,21.1,887.0,Transporte,4.0,145.0,11.0,64.0,Tarde,0
741,2026-03-01 17:53:00,EQ-010,Nao-Me-Toque,58.7,47.8,28.0,Argiloso,22.0,372.0,Plantio,1.0,111.0,5.5,94.0,Manha,0
742,2026-03-01 19:23:00,EQ-010,Lucas do Rio Verde,84.2,17.0,22.1,Misto,10.9,499.0,Pulverizacao,6.0,177.0,5.7,76.0,Tarde,1
743,2026-03-01 20:21:00,EQ-005,Lucas do Rio Verde,46.2,22.4,38.1,Argiloso,21.9,455.0,Pulverizacao,6.0,189.0,6.6,63.0,Tarde,0
744,2026-03-01 20:38:00,EQ-027,Cascavel,42.5,75.3,27.5,Misto,5.7,846.0,Pulverizacao,18.0,411.0,5.1,77.0,Manha,0
745,2026-03-01 21:10:00,EQ-017,Cascavel,41.7,28.1,26.7,Misto,8.4,402.0,Pulverizacao,15.0,328.0,7.6,84.0,Noite,0
746,2026-03-01 22:16:00,EQ-016,Sorriso,51.2,43.2,42.0,Arenoso,17.5,1193.0,Pulverizacao,3.0,148.0,3.6,112.0,Noite,0
747,2026-03-01 22:18:00,EQ-032,Cascavel,42.5,17.7,24.8,Argiloso,15.8,12.0,Transporte,2.0,52.0,6.8,65.0,Manha,0
748,2026-03-01 22:36:00,EQ-005,Rio Verde,83.1,73.3,23.8,Argiloso,14.6,343.0,Pulverizacao,9.0,261.0,10.0,101.0,Manha,1
749,2026-03-01 22:46:00,EQ-017,Nao-Me-Toque,70.6,10.1,30.4,Arenoso,13.5,636.0,Pulverizacao,4.0,32.0,9.4,82.0,Manha,0
750,2026-03-01 23:18:00,EQ-036,Cascavel,34.3,20.3,36.2,Misto,14.8,380.0,Plantio,3.0,38.0,7.9,89.0,Tarde,0
751,2026-03-01 23:19:00,EQ-005,Rio Verde,74.4,10.3,28.7,Arenoso,4.8,81.0,Plantio,4.0,44.0,2.2,81.0,Tarde,0
752,2026-03-01 23:23:00,EQ-031,Nao-Me-Toque,54.8,21.2,26.1,Encharcado,4.3,1682.0,Colheita,2.0,127.0,3.8,79.0,Manha,0
753,2026-03-01 23:23:00,EQ-010,Nao-Me-Toque,55.1,68.9,20.4,Misto,6.6,331.0,Plantio,25.0,193.0,6.7,85.0,Tarde,1
754,2026-03-01 23:36:00,EQ-006,Cascavel,41.9,46.9,33.2,Encharcado,3.1,401.0,Plantio,7.0,394.0,12.2,68.0,Tarde,0
755,2026-03-01 23:57:00,EQ-038,Sorriso,53.7,7.5,25.5,Arenoso,6.3,1528.0,Pulverizacao,8.0,177.0,11.8,95.0,Manha,0
756,2026-03-02 01:24:00,EQ-029,Nao-Me-Toque,50.0,54.2,24.3,Arenoso,13.9,377.0,Colheita,5.0,210.0,8.9,90.0,Manha,0
757,2026-03-02 02:45:00,EQ-024,Cascavel,54.5,29.9,35.3,Misto,12.6,718.0,Pulverizacao,1.0,174.0,4.1,41.0,Tarde,0
758,2026-03-02 02:58:00,EQ-006,Nao-Me-Toque,57.3,23.3,32.1,Arenoso,10.5,1174.0,Transporte,16.0,252.0,13.3,63.0,Manha,0
759,2026-03-02 03:26:00,EQ-040,Barreiras,74.9,29.4,31.9,Misto,11.0,603.0,Plantio,0.0,231.0,12.1,93.0,Tarde,0
760,2026-03-02 04:06:00,EQ-010,Cascavel,55.9,30.6,31.3,Argiloso,7.2,904.0,Colheita,12.0,94.0,8.3,86.0,Manha,0
761,2026-03-02 04:27:00,EQ-003,Rio Verde,31.6,22.5,32.0,Arenoso,3.2,328.0,Plantio,7.0,232.0,10.2,96.0,Tarde,0
762,2026-03-02 04:29:00,EQ-016,Sorriso,46.1,30.6,27.6,Argiloso,8.2,175.0,Colheita,6.0,186.0,11.2,78.0,Manha,0
763,2026-03-02 05:12:00,EQ-003,Nao-Me-Toque,68.2,5.3,26.3,Misto,6.9,1290.0,Plantio,1.0,149.0,11.3,54.0,Manha,0
764,2026-03-02 05:15:00,EQ-040,Lucas do Rio Verde,50.0,55.5,27.0,Argiloso,22.3,2000.0,Pulverizacao,4.0,170.0,7.6,92.0,Noite,0
765,2026-03-02 05:23:00,EQ-022,Lucas do Rio Verde,43.8,64.5,25.5,Arenoso,3.5,204.0,Colheita,7.0,111.0,9.4,66.0,Noite,0
766,2026-03-02 05:31:00,EQ-003,Sorriso,49.2,14.7,26.6,Arenoso,7.9,780.0,Plantio,15.0,80.0,8.8,60.0,Noite,0
767,2026-03-02 06:46:00,EQ-035,Nao-Me-Toque,60.7,41.4,28.5,Arenoso,8.9,1628.0,Plantio,5.0,100.0,12.0,79.0,Manha,0
768,2026-03-02 06:52:00,EQ-014,Barreiras,54.7,19.6,25.8,Misto,8.7,1886.0,Colheita,8.0,193.0,7.3,101.0,Tarde,0
769,2026-03-02 06:59:00,EQ-017,Lucas do Rio Verde,66.2,69.4,42.0,Arenoso,31.6,1033.0,Pulverizacao,2.0,171.0,9.3,80.0,Manha,0
770,2026-03-02 07:11:00,EQ-018,Sorriso,28.4,2.1,27.4,Arenoso,1.4,1153.0,Plantio,2.0,200.0,9.5,80.0,Manha,0
771,2026-03-02 07:13:00,EQ-033,Nao-Me-Toque,24.9,24.3,26.3,Misto,19.5,1686.0,Transporte,5.0,100.0,10.8,84.0,Manha,0
772,2026-03-02 07:50:00,EQ-006,Barreiras,23.7,69.3,29.9,Argiloso,10.3,973.0,Colheita,4.0,255.0,7.8,86.0,Manha,0
773,2026-03-02 08:51:00,EQ-039,Cascavel,32.8,32.8,29.0,Arenoso,21.1,727.0,Plantio,1.0,135.0,10.5,81.0,Tarde,0
774,2026-03-02 09:02:00,EQ-004,Barreiras,27.6,32.4,38.6,Misto,14.5,772.0,Pulverizacao,9.0,193.0,7.4,103.0,Manha,0
775,2026-03-02 09:15:00,EQ-027,Nao-Me-Toque,53.9,49.9,27.6,Encharcado,5.9,989.0,Plantio,8.0,329.0,7.9,67.0,Manha,0
776,2026-03-02 09:17:00,EQ-027,Sorriso,64.5,89.4,28.9,Arenoso,8.9,2000.0,Transporte,10.0,97.0,7.1,66.0,Manha,0
777,2026-03-02 09:30:00,EQ-035,Lucas do Rio Verde,63.0,75.3,20.6,Argiloso,9.9,620.0,Pulverizacao,1.0,148.0,12.5,79.0,Manha,0
778,2026-03-02 10:00:00,EQ-025,Nao-Me-Toque,49.6,17.0,31.4,Encharcado,5.1,1000.0,Colheita,14.0,109.0,7.0,72.0,Manha,0
779,2026-03-02 11:02:00,EQ-007,Cascavel,55.7,22.1,28.7,Argiloso,15.5,512.0,Colheita,6.0,294.0,1.2,77.0,Manha,0
780,2026-03-02 12:01:00,EQ-034,Barreiras,41.8,33.2,44.8,Argiloso,9.4,185.0,Plantio,1.0,227.0,8.2,81.0,Manha,0
781,2026-03-02 12:35:00,EQ-018,Sorriso,49.3,84.3,32.5,Argiloso,3.3,1174.0,Transporte,11.0,126.0,11.4,73.0,Tarde,0
782,2026-03-02 12:51:00,EQ-035,Sorriso,74.6,20.8,24.1,Arenoso,5.2,1088.0,Pulverizacao,19.0,54.0,5.1,82.0,Tarde,0
783,2026-03-02 13:06:00,EQ-031,Nao-Me-Toque,22.0,33.2,25.3,Argiloso,16.4,873.0,Transporte,15.0,212.0,6.7,76.0,Tarde,0
784,2026-03-02 13:14:00,EQ-021,Rio Verde,58.6,5.7,31.9,Misto,4.2,323.0,Transporte,2.0,392.0,7.6,84.0,Manha,0
785,2026-03-02 13:28:00,EQ-018,Lucas do Rio Verde,81.5,15.2,29.7,Argiloso,34.2,1016.0,Colheita,4.0,133.0,11.7,71.0,Tarde,1
786,2026-03-02 13:31:00,EQ-014,Rio Verde,44.3,28.8,28.1,Arenoso,18.6,487.0,Plantio,12.0,399.0,7.0,69.0,Tarde,1
787,2026-03-02 13:40:00,EQ-020,Nao-Me-Toque,59.9,10.2,24.0,Arenoso,5.1,578.0,Colheita,3.0,171.0,8.4,88.0,Tarde,0
788,2026-03-02 14:04:00,EQ-028,Sorriso,59.6,8.2,26.8,Arenoso,19.2,1480.0,Pulverizacao,6.0,127.0,5.5,102.0,Manha,0
789,2026-03-02 14:18:00,EQ-018,Barreiras,63.2,49.7,32.6,Argiloso,38.7,41.0,Colheita,3.0,152.0,10.7,78.0,Manha,1
790,2026-03-02 14:22:00,EQ-034,Nao-Me-Toque,33.6,10.4,30.6,Misto,1.2,787.0,Colheita,4.0,241.0,6.5,68.0,Noite,1
791,2026-03-02 14:48:00,EQ-040,Barreiras,22.8,49.6,25.0,Arenoso,19.4,296.0,Plantio,9.0,112.0,3.5,114.0,Tarde,0
792,2026-03-02 15:16:00,EQ-013,Cascavel,46.0,25.8,42.0,Arenoso,4.0,165.0,Plantio,2.0,50.0,11.7,84.0,Manha,0
793,2026-03-02 15:49:00,EQ-034,Rio Verde,10.2,4.9,29.8,Arenoso,14.1,155.0,Colheita,12.0,80.0,5.8,97.0,Manha,0
794,2026-03-02 16:35:00,EQ-032,Cascavel,83.1,18.5,28.2,Argiloso,2.9,582.0,Plantio,3.0,295.0,5.9,61.0,Manha,1
795,2026-03-02 16:47:00,EQ-024,Lucas do Rio Verde,64.1,44.5,26.9,Arenoso,14.7,649.0,Pulverizacao,11.0,118.0,8.7,81.0,Manha,0
796,2026-03-02 16:53:00,EQ-036,Sorriso,41.5,22.5,34.0,Arenoso,6.0,219.0,Plantio,8.0,222.0,7.5,41.0,Manha,0
797,2026-03-02 17:27:00,EQ-011,Lucas do Rio Verde,62.9,2.9,29.7,Arenoso,0.2,582.0,Plantio,5.0,56.0,9.4,112.0,Tarde,0
798,2026-03-02 17:34:00,EQ-022,Lucas do Rio Verde,57.4,34.6,31.3,Argiloso,6.8,1135.0,Pulverizacao,7.0,255.0,10.2,43.0,Manha,0
799,2026-03-02 18:15:00,EQ-020,Sorriso,38.3,15.6,25.7,Misto,12.2,333.0,Plantio,5.0,36.0,12.1,71.0,Noite,0
800,2026-03-02 18:18:00,EQ-030,Sorriso,10.7,3.6,26.4,Arenoso,9.6,234.0,Colheita,9.0,116.0,6.0,98.0,Manha,0
801,2026-03-02 18:20:00,EQ-003,Rio Verde,68.9,58.5,25.9,Arenoso,13.3,2000.0,Pulverizacao,5.0,250.0,4.2,78.0,Noite,0
802,2026-03-02 18:28:00,EQ-025,Lucas do Rio Verde,54.8,79.1,24.5,Misto,5.6,401.0,Pulverizacao,11.0,83.0,5.5,93.0,Manha,0
803,2026-03-02 18:43:00,EQ-019,Rio Verde,78.3,8.5,31.8,Arenoso,2.7,462.0,Transporte,1.0,390.0,6.6,89.0,Manha,1
804,2026-03-02 18:54:00,EQ-002,Lucas do Rio Verde,76.6,61.3,18.7,Misto,18.8,640.0,Plantio,1.0,212.0,6.9,99.0,Manha,1
805,2026-03-02 19:11:00,EQ-016,Lucas do Rio Verde,47.0,26.8,15.7,Arenoso,2.8,535.0,Transporte,13.0,343.0,6.9,108.0,Manha,1
806,2026-03-02 19:59:00,EQ-020,Rio Verde,73.7,25.5,17.7,Argiloso,14.8,1098.0,Colheita,9.0,135.0,2.5,85.0,Manha,1
807,2026-03-02 20:05:00,EQ-016,Rio Verde,59.0,40.5,23.6,Arenoso,9.7,1423.0,Pulverizacao,6.0,364.0,9.8,93.0,Manha,0
808,2026-03-02 20:10:00,EQ-027,Sorriso,18.6,21.4,21.2,Arenoso,13.3,347.0,Plantio,12.0,600.0,7.3,110.0,Tarde,0
809,2026-03-02 20:26:00,EQ-003,Nao-Me-Toque,59.2,59.4,35.3,Encharcado,9.1,398.0,Plantio,22.0,96.0,6.6,80.0,Tarde,1
810,2026-03-02 20:59:00,EQ-005,Nao-Me-Toque,87.1,18.7,26.2,Arenoso,7.9,749.0,Pulverizacao,7.0,275.0,10.8,84.0,Manha,0
811,2026-03-02 21:25:00,EQ-008,Barreiras,69.5,7.4,32.0,Misto,10.0,1038.0,Pulverizacao,6.0,218.0,9.3,42.0,Manha,0
812,2026-03-02 21:39:00,EQ-001,Lucas do Rio Verde,55.1,100.8,37.4,Arenoso,13.6,1401.0,Pulverizacao,6.0,277.0,6.9,73.0,Tarde,0
813,2026-03-02 21:55:00,EQ-005,Sorriso,55.6,112.4,22.7,Argiloso,7.3,2000.0,Transporte,24.0,388.0,4.9,96.0,Tarde,1
814,2026-03-02 22:04:00,EQ-015,Rio Verde,59.4,54.8,35.9,Arenoso,1.7,687.0,Transporte,3.0,253.0,6.5,91.0,Manha,0
815,2026-03-02 22:34:00,EQ-031,Cascavel,64.4,66.7,23.5,Encharcado,5.4,1300.0,Plantio,9.0,119.0,1.0,74.0,Noite,0
816,2026-03-02 22:44:00,EQ-034,Nao-Me-Toque,40.9,55.8,35.9,Encharcado,19.6,1857.0,Colheita,5.0,158.0,9.3,59.0,Noite,0
817,2026-03-02 22:47:00,EQ-008,Lucas do Rio Verde,37.4,98.9,35.0,Encharcado,4.6,142.0,Pulverizacao,7.0,303.0,4.0,86.0,Noite,1
818,2026-03-02 22:51:00,EQ-040,Cascavel,26.7,5.6,35.4,Arenoso,19.1,301.0,Colheita,14.0,191.0,3.8,86.0,Manha,1
819,2026-03-02 22:52:00,EQ-006,Cascavel,52.3,28.4,15.4,Misto,15.9,190.0,Transporte,2.0,283.0,6.4,91.0,Manha,0
820,2026-03-02 23:24:00,EQ-033,Rio Verde,24.2,82.3,27.2,Misto,13.3,569.0,Plantio,7.0,125.0,9.4,101.0,Manha,0
821,2026-03-03 00:05:00,EQ-012,Barreiras,23.7,38.5,34.9,Misto,5.8,588.0,Plantio,10.0,58.0,3.2,85.0,Tarde,0
822,2026-03-03 00:49:00,EQ-035,Lucas do Rio Verde,93.9,9.0,27.8,Encharcado,1.4,424.0,Pulverizacao,1.0,149.0,12.9,100.0,Manha,1
823,2026-03-03 00:59:00,EQ-001,Barreiras,14.2,17.6,24.1,Argiloso,27.5,499.0,Pulverizacao,7.0,109.0,5.6,89.0,Tarde,0
824,2026-03-03 01:24:00,EQ-030,Cascavel,28.0,30.0,28.5,Arenoso,1.9,828.0,Pulverizacao,12.0,134.0,9.7,59.0,Tarde,0
825,2026-03-03 01:42:00,EQ-017,Lucas do Rio Verde,61.4,31.7,23.0,Encharcado,5.0,620.0,Plantio,7.0,18.0,7.8,91.0,Manha,0
826,2026-03-03 03:24:00,EQ-009,Nao-Me-Toque,79.7,20.4,16.0,Argiloso,5.7,298.0,Plantio,3.0,151.0,9.9,87.0,Noite,1
827,2026-03-03 03:27:00,EQ-009,Lucas do Rio Verde,45.1,15.5,39.6,Arenoso,0.8,1063.0,Colheita,11.0,163.0,5.7,119.0,Manha,0
828,2026-03-03 04:06:00,EQ-013,Nao-Me-Toque,52.6,41.4,26.4,Argiloso,5.6,1026.0,Plantio,5.0,305.0,9.3,82.0,Tarde,0
829,2026-03-03 04:11:00,EQ-004,Rio Verde,73.7,8.0,32.7,Arenoso,6.4,1443.0,Colheita,2.0,292.0,10.4,77.0,Manha,0
830,2026-03-03 05:33:00,EQ-032,Barreiras,48.4,11.4,28.1,Encharcado,9.2,198.0,Colheita,3.0,30.0,11.8,49.0,Manha,0
831,2026-03-03 05:42:00,EQ-003,Sorriso,26.5,66.2,31.5,Arenoso,18.8,288.0,Pulverizacao,12.0,128.0,8.0,84.0,Noite,0
832,2026-03-03 06:01:00,EQ-009,Cascavel,43.7,65.2,25.7,Argiloso,6.5,541.0,Pulverizacao,7.0,138.0,9.5,107.0,Noite,0
833,2026-03-03 06:16:00,EQ-038,Sorriso,83.8,59.9,22.8,Argiloso,21.1,1377.0,Colheita,25.0,437.0,8.0,72.0,Manha,1
834,2026-03-03 07:10:00,EQ-007,Rio Verde,62.2,9.8,27.7,Arenoso,4.8,308.0,Pulverizacao,4.0,254.0,7.3,99.0,Noite,0
835,2026-03-03 07:12:00,EQ-013,Sorriso,70.9,18.5,27.1,Encharcado,13.1,671.0,Transporte,3.0,94.0,7.4,85.0,Manha,0
836,2026-03-03 07:27:00,EQ-002,Rio Verde,33.5,5.3,18.5,Argiloso,12.9,382.0,Pulverizacao,23.0,288.0,4.5,87.0,Tarde,0
837,2026-03-03 08:13:00,EQ-021,Lucas do Rio Verde,57.7,117.2,34.3,Misto,6.6,469.0,Transporte,22.0,78.0,4.4,74.0,Tarde,1
838,2026-03-03 09:28:00,EQ-007,Lucas do Rio Verde,84.6,39.1,39.7,Arenoso,34.4,1681.0,Colheita,18.0,29.0,9.4,75.0,Manha,0
839,2026-03-03 09:33:00,EQ-016,Rio Verde,57.9,28.7,25.8,Argiloso,4.6,400.0,Colheita,7.0,320.0,4.8,64.0,Manha,0
840,2026-03-03 09:35:00,EQ-015,Barreiras,44.1,21.1,23.8,Encharcado,1.9,1358.0,Colheita,5.0,122.0,4.5,81.0,Manha,0
841,2026-03-03 10:05:00,EQ-031,Barreiras,50.2,11.5,28.9,Misto,33.9,630.0,Pulverizacao,4.0,235.0,9.3,79.0,Noite,0
842,2026-03-03 12:21:00,EQ-005,Lucas do Rio Verde,95.7,10.5,16.8,Misto,6.5,440.0,Colheita,10.0,42.0,3.4,76.0,Manha,0
843,2026-03-03 12:26:00,EQ-008,Rio Verde,62.2,7.0,28.1,Argiloso,11.7,475.0,Pulverizacao,6.0,94.0,6.8,65.0,Tarde,0
844,2026-03-03 12:33:00,EQ-006,Cascavel,59.7,27.7,22.1,Encharcado,4.7,305.0,Transporte,4.0,332.0,7.4,78.0,Manha,0
845,2026-03-03 14:14:00,EQ-033,Sorriso,65.2,18.0,32.6,Misto,15.4,1118.0,Plantio,14.0,163.0,7.6,70.0,Tarde,0
846,2026-03-03 15:55:00,EQ-031,Cascavel,61.2,74.6,36.7,Encharcado,32.8,1083.0,Transporte,2.0,33.0,9.3,100.0,Tarde,1
847,2026-03-03 15:56:00,EQ-004,Sorriso,44.3,31.1,34.0,Misto,5.3,753.0,Pulverizacao,15.0,85.0,9.5,80.0,Manha,0
848,2026-03-03 16:54:00,EQ-025,Barreiras,34.9,8.7,31.3,Arenoso,8.6,545.0,Pulverizacao,7.0,122.0,5.0,77.0,Manha,0
849,2026-03-03 17:19:00,EQ-014,Sorriso,42.5,36.1,23.0,Misto,21.1,501.0,Pulverizacao,11.0,109.0,9.5,104.0,Tarde,0
850,2026-03-03 17:51:00,EQ-015,Rio Verde,82.6,23.3,22.9,Misto,5.5,344.0,Colheita,6.0,140.0,6.7,97.0,Tarde,1
851,2026-03-03 18:04:00,EQ-021,Sorriso,91.4,21.6,35.9,Argiloso,10.0,210.0,Transporte,25.0,129.0,5.5,112.0,Tarde,1
852,2026-03-03 18:32:00,EQ-032,Cascavel,67.1,27.7,12.0,Misto,6.9,1022.0,Transporte,5.0,107.0,3.7,68.0,Manha,0
853,2026-03-03 18:39:00,EQ-039,Cascavel,39.8,12.7,31.2,Argiloso,13.7,392.0,Pulverizacao,4.0,259.0,8.2,71.0,Tarde,0
854,2026-03-03 18:43:00,EQ-022,Rio Verde,57.1,100.7,17.0,Argiloso,5.4,1312.0,Colheita,4.0,101.0,9.0,67.0,Tarde,1
855,2026-03-03 19:02:00,EQ-033,Barreiras,23.3,24.0,27.0,Misto,12.6,934.0,Colheita,4.0,600.0,12.6,50.0,Tarde,0
856,2026-03-03 19:05:00,EQ-028,Barreiras,46.8,31.6,25.8,Misto,13.5,271.0,Plantio,7.0,164.0,8.0,63.0,Tarde,0
857,2026-03-03 19:05:00,EQ-024,Cascavel,29.9,47.6,30.9,Argiloso,2.6,286.0,Plantio,3.0,253.0,7.2,80.0,Tarde,0
858,2026-03-03 19:25:00,EQ-005,Sorriso,37.4,40.2,29.6,Arenoso,12.8,233.0,Pulverizacao,11.0,85.0,4.7,78.0,Manha,0
859,2026-03-03 19:30:00,EQ-013,Rio Verde,51.9,48.6,26.9,Argiloso,7.4,5.0,Pulverizacao,4.0,51.0,5.6,97.0,Tarde,0
860,2026-03-03 19:34:00,EQ-001,Nao-Me-Toque,80.5,29.1,35.3,Arenoso,17.4,529.0,Pulverizacao,4.0,152.0,9.1,76.0,Tarde,1
861,2026-03-03 19:37:00,EQ-036,Nao-Me-Toque,14.9,84.8,21.6,Argiloso,14.2,742.0,Transporte,5.0,109.0,8.8,60.0,Tarde,1
862,2026-03-03 19:48:00,EQ-028,Barreiras,59.3,63.0,31.6,Misto,15.1,387.0,Transporte,6.0,535.0,10.4,116.0,Tarde,0
863,2026-03-03 19:58:00,EQ-035,Lucas do Rio Verde,54.0,18.0,32.5,Misto,14.0,946.0,Transporte,12.0,83.0,6.7,57.0,Tarde,0
864,2026-03-03 20:30:00,EQ-037,Sorriso,71.7,21.5,30.7,Argiloso,7.5,225.0,Colheita,11.0,309.0,10.2,75.0,Manha,0
865,2026-03-03 21:11:00,EQ-033,Lucas do Rio Verde,66.1,19.1,33.4,Argiloso,1.2,432.0,Plantio,4.0,214.0,11.7,88.0,Manha,0
866,2026-03-03 21:26:00,EQ-005,Lucas do Rio Verde,66.6,19.0,40.6,Arenoso,9.6,190.0,Plantio,17.0,263.0,7.5,96.0,Manha,1
867,2026-03-03 21:33:00,EQ-027,Sorriso,53.0,22.7,12.6,Argiloso,17.0,1084.0,Colheita,8.0,38.0,7.2,86.0,Noite,0
868,2026-03-03 21:56:00,EQ-016,Rio Verde,19.4,96.7,36.0,Arenoso,10.7,996.0,Transporte,2.0,26.0,7.5,83.0,Tarde,0
869,2026-03-03 22:04:00,EQ-028,Nao-Me-Toque,60.7,4.1,25.6,Misto,13.3,2000.0,Plantio,5.0,472.0,6.2,88.0,Tarde,0
870,2026-03-03 22:06:00,EQ-025,Cascavel,40.1,48.8,32.8,Misto,7.5,1697.0,Plantio,15.0,27.0,9.5,76.0,Tarde,0
871,2026-03-03 22:55:00,EQ-018,Lucas do Rio Verde,44.2,10.3,24.6,Arenoso,5.7,375.0,Colheita,3.0,135.0,6.7,56.0,Tarde,0
872,2026-03-03 22:57:00,EQ-028,Sorriso,64.6,87.7,23.2,Encharcado,17.2,471.0,Plantio,4.0,113.0,6.1,67.0,Manha,1
873,2026-03-03 23:03:00,EQ-024,Sorriso,77.6,60.3,24.4,Encharcado,6.5,1189.0,Colheita,1.0,211.0,10.0,79.0,Manha,0
874,2026-03-03 23:25:00,EQ-005,Barreiras,59.0,24.7,18.3,Misto,4.4,1380.0,Plantio,5.0,193.0,13.4,78.0,Manha,0
875,2026-03-03 23:25:00,EQ-011,Sorriso,67.4,55.4,22.3,Arenoso,9.2,333.0,Pulverizacao,10.0,376.0,5.8,68.0,Noite,1
876,2026-03-03 23:28:00,EQ-010,Barreiras,31.8,16.0,31.9,Misto,16.6,982.0,Plantio,10.0,289.0,9.2,120.0,Tarde,0
877,2026-03-03 23:28:00,EQ-032,Barreiras,59.8,24.4,22.9,Misto,16.0,568.0,Transporte,12.0,119.0,8.6,85.0,Tarde,0
878,2026-03-04 00:08:00,EQ-024,Rio Verde,66.9,13.3,20.4,Argiloso,8.1,253.0,Pulverizacao,11.0,28.0,6.8,56.0,Tarde,0
879,2026-03-04 00:24:00,EQ-029,Lucas do Rio Verde,60.8,47.9,24.0,Argiloso,15.4,353.0,Transporte,17.0,307.0,9.4,63.0,Tarde,1
880,2026-03-04 00:28:00,EQ-006,Nao-Me-Toque,64.7,41.1,28.4,Arenoso,18.3,452.0,Colheita,7.0,133.0,7.2,62.0,Tarde,1
881,2026-03-04 00:48:00,EQ-008,Barreiras,48.4,25.5,25.0,Misto,8.5,299.0,Colheita,7.0,182.0,8.5,92.0,Manha,1
882,2026-03-04 01:10:00,EQ-024,Rio Verde,67.5,34.5,18.1,Misto,14.7,282.0,Colheita,9.0,45.0,12.7,91.0,Manha,1
883,2026-03-04 01:31:00,EQ-023,Barreiras,81.8,40.5,24.9,Misto,8.0,1314.0,Pulverizacao,4.0,33.0,5.5,105.0,Tarde,0
884,2026-03-04 01:33:00,EQ-021,Lucas do Rio Verde,32.2,49.1,38.7,Encharcado,39.7,900.0,Plantio,7.0,209.0,6.8,67.0,Manha,1
885,2026-03-04 01:47:00,EQ-031,Lucas do Rio Verde,27.3,20.5,22.7,Misto,4.0,970.0,Colheita,4.0,444.0,9.6,40.0,Tarde,0
886,2026-03-04 02:41:00,EQ-028,Barreiras,66.0,58.3,24.9,Misto,13.9,947.0,Pulverizacao,3.0,256.0,10.6,44.0,Manha,1
887,2026-03-04 03:17:00,EQ-029,Barreiras,79.6,53.5,19.3,Misto,4.5,631.0,Colheita,4.0,101.0,6.4,57.0,Noite,1
888,2026-03-04 03:18:00,EQ-023,Cascavel,39.6,110.7,25.5,Encharcado,17.7,802.0,Transporte,5.0,31.0,11.3,71.0,Manha,1
889,2026-03-04 03:25:00,EQ-006,Nao-Me-Toque,56.4,17.6,27.8,Misto,22.7,1198.0,Colheita,1.0,172.0,9.8,80.0,Manha,0
890,2026-03-04 03:59:00,EQ-026,Cascavel,24.0,86.8,25.9,Encharcado,24.2,198.0,Pulverizacao,5.0,146.0,10.2,92.0,Noite,1
891,2026-03-04 04:17:00,EQ-026,Sorriso,30.5,7.1,25.2,Arenoso,3.9,677.0,Colheita,16.0,199.0,9.3,93.0,Manha,0
892,2026-03-04 05:15:00,EQ-001,Nao-Me-Toque,23.0,30.7,32.4,Misto,6.6,511.0,Plantio,10.0,143.0,4.4,89.0,Tarde,0
893,2026-03-04 05:29:00,EQ-002,Rio Verde,100.0,61.0,17.2,Misto,8.3,432.0,Colheita,15.0,111.0,7.3,85.0,Manha,1
894,2026-03-04 05:32:00,EQ-004,Cascavel,100.0,38.8,35.1,Arenoso,1.8,802.0,Colheita,9.0,113.0,9.6,81.0,Manha,0
895,2026-03-04 05:47:00,EQ-020,Cascavel,46.2,12.7,23.0,Misto,11.0,1041.0,Plantio,7.0,360.0,11.7,100.0,Manha,0
896,2026-03-04 05:53:00,EQ-026,Cascavel,76.5,40.0,30.3,Misto,15.5,301.0,Colheita,15.0,255.0,8.0,74.0,Tarde,1
897,2026-03-04 06:00:00,EQ-036,Barreiras,42.2,33.2,24.5,Encharcado,8.3,2000.0,Transporte,2.0,201.0,12.2,88.0,Tarde,1
898,2026-03-04 06:00:00,EQ-008,Barreiras,82.4,33.3,39.9,Arenoso,7.3,311.0,Pulverizacao,3.0,100.0,10.3,96.0,Tarde,1
899,2026-03-04 06:11:00,EQ-032,Rio Verde,97.6,11.1,30.3,Arenoso,4.2,687.0,Pulverizacao,8.0,121.0,8.0,96.0,Manha,0
900,2026-03-04 06:19:00,EQ-020,Nao-Me-Toque,78.8,8.0,28.2,Arenoso,11.5,753.0,Colheita,10.0,88.0,9.3,77.0,Tarde,0
901,2026-03-04 06:25:00,EQ-028,Sorriso,54.5,28.4,38.2,Argiloso,16.8,1133.0,Plantio,11.0,313.0,5.1,61.0,Manha,0
902,2026-03-04 06:56:00,EQ-004,Nao-Me-Toque,24.6,53.4,34.9,Misto,10.3,638.0,Pulverizacao,1.0,323.0,8.1,67.0,Tarde,0
903,2026-03-04 07:12:00,EQ-028,Lucas do Rio Verde,48.9,34.0,28.9,Encharcado,6.5,287.0,Colheita,16.0,248.0,8.1,86.0,Manha,0
904,2026-03-04 07:42:00,EQ-038,Lucas do Rio Verde,57.6,14.0,30.4,Misto,5.7,491.0,Colheita,4.0,173.0,10.1,75.0,Noite,0
905,2026-03-04 09:20:00,EQ-009,Nao-Me-Toque,36.1,36.2,28.0,Arenoso,2.6,1108.0,Transporte,12.0,153.0,8.3,75.0,Manha,0
906,2026-03-04 10:09:00,EQ-015,Rio Verde,57.1,25.8,22.2,Misto,16.4,432.0,Colheita,2.0,22.0,3.4,69.0,Noite,0
907,2026-03-04 10:23:00,EQ-009,Cascavel,47.3,1.4,32.2,Argiloso,36.2,497.0,Plantio,2.0,135.0,6.1,104.0,Manha,0
908,2026-03-04 10:29:00,EQ-020,Nao-Me-Toque,86.2,14.0,24.1,Misto,10.1,1008.0,Transporte,2.0,88.0,5.0,79.0,Manha,0
909,2026-03-04 10:47:00,EQ-023,Nao-Me-Toque,63.6,66.5,22.7,Argiloso,5.1,656.0,Plantio,5.0,228.0,5.1,82.0,Manha,0
910,2026-03-04 10:49:00,EQ-004,Sorriso,62.8,21.0,25.8,Argiloso,10.3,637.0,Plantio,7.0,128.0,5.3,62.0,Tarde,0
911,2026-03-04 10:54:00,EQ-032,Nao-Me-Toque,39.3,29.0,35.3,Misto,13.2,945.0,Plantio,10.0,167.0,7.4,67.0,Manha,0
912,2026-03-04 10:58:00,EQ-039,Rio Verde,56.2,17.4,15.2,Argiloso,7.0,2000.0,Pulverizacao,6.0,270.0,6.4,56.0,Manha,0
913,2026-03-04 11:12:00,EQ-036,Barreiras,70.3,33.6,32.2,Arenoso,10.3,768.0,Plantio,12.0,253.0,9.7,90.0,Tarde,1
914,2026-03-04 11:34:00,EQ-015,Lucas do Rio Verde,56.4,5.8,35.8,Arenoso,9.9,634.0,Plantio,1.0,505.0,10.2,120.0,Tarde,0
915,2026-03-04 11:36:00,EQ-009,Nao-Me-Toque,73.7,7.2,33.8,Arenoso,8.3,2000.0,Colheita,1.0,137.0,1.1,63.0,Manha,0
916,2026-03-04 11:52:00,EQ-005,Cascavel,56.7,94.8,15.0,Encharcado,24.5,513.0,Plantio,3.0,139.0,7.4,86.0,Manha,1
917,2026-03-04 11:56:00,EQ-018,Sorriso,78.0,24.2,21.8,Misto,11.7,582.0,Plantio,5.0,247.0,7.4,77.0,Tarde,1
918,2026-03-04 12:22:00,EQ-014,Lucas do Rio Verde,56.4,34.3,23.9,Argiloso,8.9,532.0,Colheita,14.0,165.0,12.4,63.0,Tarde,0
919,2026-03-04 12:43:00,EQ-019,Lucas do Rio Verde,47.7,22.9,29.3,Misto,11.1,351.0,Transporte,24.0,131.0,9.6,66.0,Manha,0
920,2026-03-04 13:02:00,EQ-016,Cascavel,15.1,55.9,15.5,Misto,12.3,485.0,Transporte,0.0,213.0,7.5,90.0,Tarde,0
921,2026-03-04 13:28:00,EQ-028,Cascavel,59.3,15.2,28.7,Argiloso,15.7,1931.0,Pulverizacao,3.0,37.0,6.6,46.0,Tarde,0
922,2026-03-04 13:34:00,EQ-008,Barreiras,53.8,48.6,28.8,Argiloso,5.1,577.0,Plantio,3.0,212.0,9.6,68.0,Manha,0
923,2026-03-04 13:51:00,EQ-029,Cascavel,49.3,78.9,23.0,Misto,22.4,633.0,Colheita,6.0,59.0,4.5,40.0,Noite,0
924,2026-03-04 14:37:00,EQ-008,Barreiras,60.2,27.2,22.1,Misto,23.8,705.0,Transporte,6.0,33.0,9.8,40.0,Tarde,0
925,2026-03-04 15:11:00,EQ-013,Nao-Me-Toque,69.1,3.7,24.5,Argiloso,6.3,576.0,Pulverizacao,9.0,29.0,4.7,96.0,Manha,1
926,2026-03-04 15:19:00,EQ-023,Nao-Me-Toque,59.5,18.6,33.1,Arenoso,8.7,718.0,Transporte,5.0,133.0,5.0,74.0,Manha,0
927,2026-03-04 15:40:00,EQ-033,Nao-Me-Toque,75.7,19.8,19.5,Arenoso,3.6,118.0,Pulverizacao,13.0,118.0,9.3,90.0,Manha,1
928,2026-03-04 16:28:00,EQ-005,Sorriso,75.0,9.2,21.5,Misto,10.5,873.0,Pulverizacao,5.0,50.0,4.4,51.0,Manha,0
929,2026-03-04 17:13:00,EQ-007,Nao-Me-Toque,38.8,32.4,36.2,Argiloso,4.9,804.0,Pulverizacao,12.0,255.0,4.8,90.0,Manha,0
930,2026-03-04 17:13:00,EQ-014,Barreiras,11.3,32.8,33.1,Arenoso,12.8,627.0,Plantio,4.0,425.0,6.9,69.0,Noite,0
931,2026-03-04 17:29:00,EQ-012,Lucas do Rio Verde,32.1,70.7,34.7,Misto,9.3,342.0,Plantio,1.0,80.0,8.7,73.0,Manha,0
932,2026-03-04 17:45:00,EQ-029,Rio Verde,100.0,26.3,29.0,Arenoso,9.8,499.0,Colheita,3.0,106.0,11.5,85.0,Tarde,0
933,2026-03-04 18:27:00,EQ-032,Rio Verde,83.0,43.4,27.2,Misto,18.2,198.0,Plantio,11.0,461.0,2.4,69.0,Tarde,1
934,2026-03-04 19:46:00,EQ-017,Nao-Me-Toque,67.8,26.2,29.6,Misto,8.6,128.0,Colheita,12.0,227.0,8.4,78.0,Noite,1
935,2026-03-04 20:40:00,EQ-028,Lucas do Rio Verde,31.6,92.0,29.3,Misto,9.9,344.0,Pulverizacao,5.0,321.0,11.5,91.0,Manha,0
936,2026-03-04 20:46:00,EQ-036,Cascavel,59.7,48.5,22.9,Argiloso,16.0,672.0,Pulverizacao,14.0,229.0,7.0,50.0,Tarde,1
937,2026-03-04 21:31:00,EQ-011,Cascavel,51.1,9.9,29.0,Misto,23.9,487.0,Plantio,12.0,51.0,7.7,109.0,Manha,0
938,2026-03-04 21:33:00,EQ-002,Nao-Me-Toque,55.9,110.3,32.3,Encharcado,2.6,449.0,Colheita,7.0,98.0,6.6,71.0,Manha,1
939,2026-03-04 22:02:00,EQ-028,Lucas do Rio Verde,65.6,46.9,26.4,Argiloso,21.9,848.0,Colheita,25.0,181.0,6.6,100.0,Manha,0
940,2026-03-04 22:14:00,EQ-028,Lucas do Rio Verde,33.2,27.2,30.7,Arenoso,9.2,319.0,Colheita,4.0,258.0,9.0,114.0,Manha,0
941,2026-03-04 22:27:00,EQ-004,Sorriso,53.8,56.7,34.0,Misto,8.1,1946.0,Transporte,2.0,44.0,4.6,74.0,Manha,0
942,2026-03-04 23:43:00,EQ-011,Cascavel,26.6,38.4,33.3,Encharcado,3.6,703.0,Colheita,7.0,202.0,4.2,81.0,Noite,0
943,2026-03-05 00:09:00,EQ-021,Barreiras,70.4,37.3,16.0,Misto,15.6,520.0,Plantio,8.0,9.0,5.6,92.0,Manha,0
944,2026-03-05 00:10:00,EQ-011,Nao-Me-Toque,66.0,58.0,25.0,Argiloso,8.4,1453.0,Plantio,14.0,161.0,6.7,75.0,Manha,0
945,2026-03-05 01:47:00,EQ-002,Sorriso,48.3,57.7,30.3,Argiloso,8.4,379.0,Pulverizacao,1.0,187.0,4.4,56.0,Tarde,0
946,2026-03-05 02:12:00,EQ-012,Nao-Me-Toque,77.5,101.4,31.6,Argiloso,8.7,380.0,Colheita,17.0,512.0,6.8,58.0,Tarde,1
947,2026-03-05 02:49:00,EQ-029,Rio Verde,72.0,18.3,29.5,Encharcado,38.9,1243.0,Colheita,17.0,278.0,9.1,88.0,Manha,0
948,2026-03-05 03:09:00,EQ-002,Rio Verde,65.8,58.3,24.3,Arenoso,22.9,920.0,Plantio,10.0,217.0,5.5,76.0,Manha,0
949,2026-03-05 04:22:00,EQ-013,Rio Verde,29.4,16.6,29.9,Misto,6.9,337.0,Colheita,10.0,59.0,8.4,49.0,Manha,0
950,2026-03-05 04:23:00,EQ-030,Rio Verde,36.8,51.1,26.0,Arenoso,14.8,2000.0,Colheita,3.0,136.0,9.9,88.0,Tarde,0
951,2026-03-05 05:10:00,EQ-020,Nao-Me-Toque,26.1,22.8,21.7,Encharcado,19.8,178.0,Transporte,11.0,183.0,11.6,73.0,Noite,1
952,2026-03-05 05:11:00,EQ-006,Barreiras,63.0,80.5,31.2,Arenoso,5.5,387.0,Plantio,12.0,129.0,11.6,76.0,Noite,1
953,2026-03-05 05:15:00,EQ-021,Barreiras,34.4,4.3,33.9,Argiloso,2.5,178.0,Plantio,6.0,100.0,12.8,93.0,Tarde,0
954,2026-03-05 05:31:00,EQ-026,Nao-Me-Toque,56.4,42.2,17.4,Arenoso,9.0,800.0,Pulverizacao,16.0,283.0,11.5,102.0,Manha,0
955,2026-03-05 05:53:00,EQ-032,Nao-Me-Toque,47.7,29.0,24.3,Argiloso,8.6,926.0,Plantio,6.0,316.0,7.2,61.0,Tarde,0
956,2026-03-05 06:25:00,EQ-020,Sorriso,43.3,64.8,24.1,Misto,9.7,371.0,Pulverizacao,3.0,130.0,10.2,99.0,Manha,0
957,2026-03-05 06:28:00,EQ-025,Lucas do Rio Verde,41.4,38.6,32.3,Misto,1.7,1241.0,Plantio,5.0,75.0,4.4,83.0,Manha,0
958,2026-03-05 06:57:00,EQ-015,Lucas do Rio Verde,36.1,64.5,39.9,Misto,3.5,236.0,Colheita,6.0,79.0,10.3,117.0,Manha,0
959,2026-03-05 07:12:00,EQ-003,Rio Verde,27.1,21.6,32.7,Misto,9.3,424.0,Transporte,21.0,211.0,9.9,52.0,Tarde,0
960,2026-03-05 07:54:00,EQ-017,Nao-Me-Toque,30.1,3.4,25.3,Arenoso,6.3,820.0,Transporte,7.0,257.0,4.4,115.0,Tarde,0
961,2026-03-05 07:55:00,EQ-023,Barreiras,55.0,7.4,43.1,Argiloso,5.1,200.0,Plantio,10.0,254.0,8.6,72.0,Manha,0
962,2026-03-05 08:07:00,EQ-024,Lucas do Rio Verde,30.7,63.1,29.0,Argiloso,3.0,954.0,Plantio,7.0,242.0,5.8,62.0,Tarde,0
963,2026-03-05 08:30:00,EQ-032,Sorriso,44.1,24.5,28.9,Misto,7.5,101.0,Plantio,3.0,68.0,7.6,87.0,Tarde,0
964,2026-03-05 09:28:00,EQ-033,Sorriso,59.2,5.2,33.3,Arenoso,7.0,208.0,Pulverizacao,3.0,408.0,6.2,64.0,Tarde,0
965,2026-03-05 09:39:00,EQ-015,Lucas do Rio Verde,14.1,6.0,25.9,Misto,2.3,451.0,Transporte,2.0,93.0,6.3,82.0,Manha,0
966,2026-03-05 10:10:00,EQ-039,Rio Verde,52.0,63.9,22.3,Arenoso,5.6,1865.0,Plantio,1.0,26.0,5.3,107.0,Manha,0
967,2026-03-05 10:12:00,EQ-011,Barreiras,86.4,49.0,25.7,Misto,10.9,442.0,Pulverizacao,2.0,179.0,7.1,97.0,Tarde,1
968,2026-03-05 10:40:00,EQ-032,Lucas do Rio Verde,57.7,45.9,39.7,Arenoso,7.4,1601.0,Transporte,12.0,124.0,7.0,82.0,Manha,0
969,2026-03-05 10:50:00,EQ-028,Rio Verde,38.1,153.2,22.5,Arenoso,21.2,650.0,Pulverizacao,2.0,600.0,8.7,75.0,Manha,0
970,2026-03-05 11:07:00,EQ-006,Nao-Me-Toque,56.8,61.1,21.6,Arenoso,2.7,621.0,Plantio,6.0,187.0,12.4,120.0,Manha,0
971,2026-03-05 11:19:00,EQ-031,Sorriso,70.3,15.4,27.0,Misto,13.8,799.0,Plantio,8.0,139.0,5.9,115.0,Tarde,1
972,2026-03-05 11:20:00,EQ-007,Cascavel,25.6,91.2,33.2,Arenoso,7.4,1003.0,Plantio,13.0,203.0,8.2,100.0,Tarde,0
973,2026-03-05 11:54:00,EQ-032,Barreiras,62.3,37.1,31.2,Arenoso,3.0,1595.0,Colheita,4.0,71.0,11.4,108.0,Tarde,0
974,2026-03-05 12:02:00,EQ-040,Barreiras,93.3,10.5,38.6,Misto,6.6,611.0,Transporte,16.0,207.0,7.1,97.0,Noite,0
975,2026-03-05 12:11:00,EQ-018,Lucas do Rio Verde,58.9,25.4,12.2,Misto,4.8,1792.0,Colheita,7.0,137.0,8.6,48.0,Manha,0
976,2026-03-05 12:15:00,EQ-017,Barreiras,64.7,29.4,27.6,Encharcado,11.8,803.0,Plantio,0.0,30.0,7.8,111.0,Noite,1
977,2026-03-05 12:22:00,EQ-001,Rio Verde,76.8,37.2,27.2,Encharcado,10.3,773.0,Colheita,5.0,55.0,11.0,70.0,Tarde,1
978,2026-03-05 12:24:00,EQ-013,Cascavel,92.5,22.1,31.4,Misto,2.4,1309.0,Plantio,1.0,41.0,12.5,80.0,Tarde,0
979,2026-03-05 12:49:00,EQ-038,Barreiras,42.2,133.6,30.1,Arenoso,14.1,564.0,Plantio,9.0,244.0,8.4,68.0,Tarde,0
980,2026-03-05 13:00:00,EQ-014,Rio Verde,41.8,23.0,32.1,Arenoso,5.3,969.0,Pulverizacao,9.0,149.0,9.2,72.0,Manha,0
981,2026-03-05 13:28:00,EQ-031,Lucas do Rio Verde,82.4,10.1,28.4,Misto,3.7,981.0,Colheita,10.0,82.0,7.7,84.0,Tarde,0
982,2026-03-05 13:51:00,EQ-007,Rio Verde,88.0,25.5,28.7,Arenoso,12.6,472.0,Colheita,3.0,464.0,2.9,69.0,Tarde,1
983,2026-03-05 14:01:00,EQ-011,Sorriso,49.4,18.3,30.9,Arenoso,5.1,2000.0,Plantio,6.0,24.0,12.8,68.0,Tarde,0
984,2026-03-05 14:34:00,EQ-035,Barreiras,86.4,18.6,33.4,Argiloso,6.3,689.0,Plantio,5.0,137.0,7.8,77.0,Noite,0
985,2026-03-05 14:52:00,EQ-003,Barreiras,35.3,17.1,28.5,Misto,23.1,539.0,Pulverizacao,2.0,61.0,8.4,70.0,Manha,0
986,2026-03-05 15:17:00,EQ-004,Sorriso,62.3,38.4,27.4,Argiloso,6.4,1286.0,Pulverizacao,18.0,43.0,8.9,109.0,Manha,0
987,2026-03-05 15:27:00,EQ-012,Barreiras,62.5,4.3,27.2,Arenoso,11.4,435.0,Plantio,9.0,158.0,4.2,51.0,Manha,0
988,2026-03-05 16:46:00,EQ-039,Barreiras,52.5,8.7,32.9,Misto,16.7,885.0,Transporte,10.0,128.0,9.3,95.0,Tarde,0
989,2026-03-05 18:28:00,EQ-039,Lucas do Rio Verde,37.5,19.3,29.3,Argiloso,12.8,631.0,Transporte,2.0,351.0,7.8,95.0,Noite,1
990,2026-03-05 20:29:00,EQ-017,Sorriso,70.6,32.5,37.3,Argiloso,19.9,308.0,Plantio,5.0,440.0,2.6,75.0,Tarde,1
991,2026-03-05 20:38:00,EQ-006,Lucas do Rio Verde,99.3,61.7,29.9,Misto,3.0,1726.0,Transporte,9.0,215.0,9.5,79.0,Tarde,1
992,2026-03-05 20:42:00,EQ-026,Lucas do Rio Verde,43.1,29.1,23.8,Arenoso,23.5,780.0,Plantio,1.0,153.0,6.5,57.0,Manha,0
993,2026-03-05 22:09:00,EQ-028,Nao-Me-Toque,34.6,18.2,14.8,Misto,0.7,222.0,Plantio,6.0,62.0,4.6,71.0,Tarde,0
994,2026-03-05 22:44:00,EQ-025,Sorriso,34.1,43.4,22.9,Encharcado,7.6,372.0,Colheita,6.0,130.0,5.7,87.0,Tarde,0
995,2026-03-05 22:46:00,EQ-006,Nao-Me-Toque,70.4,21.0,14.4,Arenoso,21.0,699.0,Pulverizacao,7.0,350.0,8.6,66.0,Tarde,0
996,2026-03-05 22:47:00,EQ-029,Nao-Me-Toque,74.3,27.7,19.2,Misto,9.2,902.0,Pulverizacao,7.0,188.0,8.5,85.0,Manha,0
997,2026-03-05 22:50:00,EQ-038,Nao-Me-Toque,58.8,9.3,23.0,Misto,1.4,812.0,Transporte,9.0,122.0,4.9,40.0,Tarde,0
998,2026-03-05 23:42:00,EQ-012,Sorriso,55.2,44.1,21.9,Misto,3.6,758.0,Pulverizacao,10.0,147.0,8.2,94.0,Manha,0
999,2026-03-05 23:43:00,EQ-038,Sorriso,54.3,18.5,25.0,Arenoso,7.4,1377.0,Plantio,7.0,181.0,1.4,74.0,Noite,0
1000,2026-03-05 23:53:00,EQ-029,Rio Verde,88.9,8.1,18.9,Misto,5.9,613.0,Colheita,3.0,91.0,15.8,82.0,Manha,0
1001,2026-03-05 23:54:00,EQ-001,Sorriso,19.9,44.8,23.5,Encharcado,14.5,263.0,Plantio,23.0,163.0,16.0,79.0,Noite,0
1002,2026-03-06 00:28:00,EQ-039,Rio Verde,50.3,8.6,35.4,Arenoso,18.6,244.0,Transporte,5.0,360.0,8.0,91.0,Manha,1
1003,2026-03-06 00:36:00,EQ-022,Rio Verde,29.0,64.2,26.8,Encharcado,7.4,372.0,Transporte,4.0,41.0,6.5,120.0,Manha,0
1004,2026-03-06 01:02:00,EQ-011,Cascavel,44.7,12.8,28.3,Argiloso,12.3,681.0,Colheita,25.0,218.0,4.1,101.0,Tarde,0
1005,2026-03-06 01:30:00,EQ-032,Rio Verde,34.5,28.6,27.3,Misto,18.7,747.0,Plantio,1.0,242.0,8.3,89.0,Manha,0
1006,2026-03-06 02:15:00,EQ-014,Lucas do Rio Verde,50.3,20.3,37.6,Arenoso,8.6,606.0,Pulverizacao,4.0,213.0,3.2,89.0,Noite,0
1007,2026-03-06 02:24:00,EQ-023,Lucas do Rio Verde,47.5,30.2,37.6,Arenoso,11.0,449.0,Pulverizacao,9.0,181.0,8.5,72.0,Manha,0
1008,2026-03-06 02:41:00,EQ-022,Barreiras,65.2,14.6,35.3,Argiloso,7.4,1879.0,Transporte,6.0,160.0,6.9,90.0,Tarde,0
1009,2026-03-06 03:06:00,EQ-033,Lucas do Rio Verde,70.2,13.3,23.8,Misto,12.8,860.0,Colheita,4.0,259.0,10.9,68.0,Tarde,0
1010,2026-03-06 03:12:00,EQ-036,Cascavel,55.3,12.5,16.9,Misto,9.0,207.0,Transporte,7.0,209.0,12.0,101.0,Manha,1
1011,2026-03-06 03:31:00,EQ-005,Cascavel,78.9,47.6,18.9,Arenoso,5.1,245.0,Colheita,10.0,77.0,5.7,73.0,Tarde,1
1012,2026-03-06 03:33:00,EQ-013,Barreiras,51.4,58.2,26.0,Argiloso,29.8,755.0,Plantio,2.0,21.0,3.8,81.0,Manha,0
1013,2026-03-06 03:51:00,EQ-034,Nao-Me-Toque,48.8,24.8,30.3,Arenoso,8.2,324.0,Pulverizacao,14.0,212.0,9.3,88.0,Tarde,0
1014,2026-03-06 03:57:00,EQ-024,Lucas do Rio Verde,29.9,8.7,29.8,Encharcado,10.3,223.0,Pulverizacao,3.0,140.0,7.4,89.0,Manha,0
1015,2026-03-06 04:07:00,EQ-004,Sorriso,63.5,53.2,31.1,Encharcado,9.1,285.0,Transporte,10.0,191.0,6.6,84.0,Manha,1
1016,2026-03-06 04:17:00,EQ-031,Rio Verde,74.4,11.7,20.2,Misto,7.6,1175.0,Pulverizacao,10.0,335.0,4.4,88.0,Manha,0
1017,2026-03-06 04:21:00,EQ-031,Barreiras,79.1,49.7,34.8,Argiloso,14.0,300.0,Colheita,10.0,166.0,12.1,59.0,Tarde,1
1018,2026-03-06 04:48:00,EQ-017,Sorriso,26.1,22.7,25.2,Misto,5.7,946.0,Pulverizacao,8.0,332.0,7.4,93.0,Tarde,0
1019,2026-03-06 04:54:00,EQ-019,Barreiras,63.1,62.6,31.3,Misto,17.3,379.0,Plantio,15.0,46.0,10.6,63.0,Tarde,1
1020,2026-03-06 04:54:00,EQ-005,Rio Verde,70.5,50.6,20.6,Argiloso,8.7,1592.0,Plantio,13.0,36.0,9.3,91.0,Tarde,0
1021,2026-03-06 05:03:00,EQ-007,Lucas do Rio Verde,26.8,27.4,22.3,Encharcado,4.0,1149.0,Plantio,9.0,80.0,11.6,65.0,Tarde,0
1022,2026-03-06 05:06:00,EQ-032,Cascavel,80.8,36.9,22.5,Argiloso,6.9,606.0,Colheita,3.0,43.0,11.6,101.0,Manha,1
1023,2026-03-06 05:07:00,EQ-016,Sorriso,42.4,22.3,23.7,Arenoso,3.6,1250.0,Plantio,7.0,195.0,4.3,43.0,Tarde,0
1024,2026-03-06 05:08:00,EQ-034,Sorriso,67.6,41.5,29.9,Misto,17.5,790.0,Colheita,9.0,286.0,6.8,105.0,Tarde,1
1025,2026-03-06 06:11:00,EQ-001,Rio Verde,59.6,41.6,25.5,Misto,17.8,526.0,Pulverizacao,5.0,52.0,5.2,82.0,Noite,0
1026,2026-03-06 06:23:00,EQ-005,Barreiras,46.5,10.1,25.6,Argiloso,19.0,1732.0,Colheita,12.0,215.0,8.4,74.0,Tarde,1
1027,2026-03-06 06:32:00,EQ-030,Barreiras,74.3,25.7,25.6,Arenoso,5.7,291.0,Transporte,4.0,104.0,6.5,49.0,Tarde,1
1028,2026-03-06 07:08:00,EQ-020,Lucas do Rio Verde,87.1,22.5,29.3,Arenoso,8.7,510.0,Colheita,2.0,151.0,7.4,97.0,Noite,1
1029,2026-03-06 07:26:00,EQ-023,Barreiras,86.0,23.7,28.3,Misto,5.2,850.0,Pulverizacao,11.0,204.0,8.5,67.0,Tarde,0
1030,2026-03-06 08:00:00,EQ-009,Rio Verde,47.3,17.9,19.9,Argiloso,12.9,169.0,Colheita,18.0,69.0,7.4,69.0,Manha,0
1031,2026-03-06 08:13:00,EQ-028,Nao-Me-Toque,42.6,44.8,21.6,Misto,12.3,765.0,Pulverizacao,9.0,127.0,12.8,85.0,Tarde,0
1032,2026-03-06 08:32:00,EQ-009,Cascavel,9.5,91.3,21.6,Encharcado,1.9,805.0,Colheita,8.0,195.0,6.1,91.0,Noite,0
1033,2026-03-06 08:50:00,EQ-023,Nao-Me-Toque,62.9,61.4,29.2,Arenoso,17.7,50.0,Plantio,8.0,269.0,12.1,72.0,Tarde,0
1034,2026-03-06 08:59:00,EQ-038,Sorriso,75.2,15.3,17.6,Argiloso,7.9,382.0,Transporte,7.0,266.0,8.5,64.0,Tarde,0
1035,2026-03-06 09:20:00,EQ-030,Nao-Me-Toque,85.4,14.3,33.6,Misto,6.0,389.0,Colheita,1.0,190.0,3.8,91.0,Manha,1
1036,2026-03-06 09:24:00,EQ-039,Barreiras,67.3,20.9,28.2,Arenoso,2.7,531.0,Pulverizacao,0.0,148.0,3.9,90.0,Manha,0
1037,2026-03-06 09:57:00,EQ-007,Lucas do Rio Verde,61.5,42.7,26.0,Arenoso,17.4,325.0,Plantio,5.0,260.0,8.3,83.0,Tarde,0
1038,2026-03-06 10:39:00,EQ-006,Lucas do Rio Verde,53.2,58.1,37.8,Misto,6.1,233.0,Colheita,9.0,21.0,5.2,61.0,Noite,0
1039,2026-03-06 10:55:00,EQ-005,Nao-Me-Toque,58.4,5.3,32.9,Arenoso,12.5,864.0,Transporte,7.0,85.0,7.0,97.0,Tarde,0
1040,2026-03-06 10:55:00,EQ-011,Cascavel,29.2,23.3,27.7,Argiloso,3.1,320.0,Colheita,2.0,68.0,5.3,63.0,Tarde,0
1041,2026-03-06 11:05:00,EQ-033,Lucas do Rio Verde,39.8,31.9,26.4,Arenoso,11.7,621.0,Transporte,11.0,494.0,7.3,87.0,Tarde,0
1042,2026-03-06 11:20:00,EQ-016,Nao-Me-Toque,74.9,52.7,12.8,Arenoso,13.1,262.0,Colheita,8.0,181.0,8.1,59.0,Noite,1
1043,2026-03-06 12:21:00,EQ-010,Rio Verde,28.6,72.6,26.1,Argiloso,9.2,470.0,Pulverizacao,16.0,264.0,13.9,120.0,Manha,0
1044,2026-03-06 12:35:00,EQ-025,Cascavel,61.3,44.3,25.7,Misto,4.9,520.0,Pulverizacao,6.0,572.0,7.1,120.0,Manha,0
1045,2026-03-06 13:07:00,EQ-013,Lucas do Rio Verde,73.8,21.1,16.5,Misto,11.1,480.0,Plantio,6.0,40.0,5.5,75.0,Manha,0
1046,2026-03-06 13:11:00,EQ-040,Nao-Me-Toque,62.9,65.4,25.6,Misto,10.1,486.0,Colheita,2.0,76.0,10.1,64.0,Manha,1
1047,2026-03-06 13:44:00,EQ-028,Nao-Me-Toque,12.8,34.3,24.9,Argiloso,15.2,167.0,Plantio,2.0,65.0,5.3,75.0,Manha,0
1048,2026-03-06 13:52:00,EQ-004,Lucas do Rio Verde,100.0,52.3,27.3,Arenoso,13.5,399.0,Colheita,1.0,600.0,2.4,64.0,Tarde,1
1049,2026-03-06 14:12:00,EQ-038,Barreiras,64.5,49.7,35.9,Misto,7.7,1498.0,Colheita,1.0,252.0,5.8,57.0,Noite,0
1050,2026-03-06 14:22:00,EQ-009,Sorriso,28.5,44.1,28.9,Arenoso,22.1,876.0,Colheita,1.0,388.0,11.5,53.0,Manha,0
1051,2026-03-06 14:39:00,EQ-004,Cascavel,31.2,20.1,26.5,Encharcado,22.1,549.0,Colheita,2.0,305.0,5.1,67.0,Tarde,0
1052,2026-03-06 14:55:00,EQ-011,Lucas do Rio Verde,33.5,49.5,30.2,Argiloso,10.2,1600.0,Plantio,7.0,74.0,11.1,83.0,Tarde,0
1053,2026-03-06 15:08:00,EQ-029,Cascavel,43.7,27.6,29.8,Argiloso,7.1,1169.0,Colheita,8.0,191.0,9.1,120.0,Noite,0
1054,2026-03-06 15:16:00,EQ-030,Rio Verde,73.6,12.5,24.5,Arenoso,11.0,934.0,Colheita,8.0,298.0,8.6,70.0,Manha,0
1055,2026-03-06 15:25:00,EQ-033,Lucas do Rio Verde,37.0,34.4,29.6,Misto,9.2,497.0,Pulverizacao,1.0,71.0,10.6,83.0,Tarde,0
1056,2026-03-06 15:26:00,EQ-018,Sorriso,85.5,34.1,24.6,Arenoso,17.0,885.0,Colheita,6.0,59.0,6.7,94.0,Noite,0
1057,2026-03-06 15:29:00,EQ-023,Nao-Me-Toque,50.6,46.2,35.3,Argiloso,17.2,845.0,Plantio,2.0,103.0,9.1,88.0,Tarde,1
1058,2026-03-06 15:30:00,EQ-008,Lucas do Rio Verde,53.9,100.0,22.0,Misto,11.8,1116.0,Pulverizacao,2.0,245.0,11.7,62.0,Manha,0
1059,2026-03-06 15:58:00,EQ-027,Nao-Me-Toque,35.1,11.8,29.1,Arenoso,14.6,307.0,Colheita,11.0,58.0,5.9,72.0,Manha,0
1060,2026-03-06 16:07:00,EQ-023,Rio Verde,79.4,9.0,30.9,Arenoso,3.1,679.0,Pulverizacao,17.0,125.0,6.2,56.0,Manha,0
1061,2026-03-06 16:23:00,EQ-037,Sorriso,28.9,25.7,30.0,Misto,19.3,550.0,Pulverizacao,4.0,105.0,10.3,85.0,Manha,0
1062,2026-03-06 17:20:00,EQ-010,Cascavel,63.4,42.1,33.0,Argiloso,10.6,147.0,Pulverizacao,6.0,196.0,12.6,81.0,Noite,1
1063,2026-03-06 18:09:00,EQ-028,Lucas do Rio Verde,28.8,7.0,31.6,Misto,17.6,495.0,Transporte,10.0,215.0,9.0,95.0,Manha,0
1064,2026-03-06 18:38:00,EQ-015,Barreiras,56.1,50.8,21.3,Misto,8.8,504.0,Colheita,3.0,21.0,7.0,74.0,Manha,0
1065,2026-03-06 19:44:00,EQ-015,Rio Verde,52.7,52.5,32.1,Argiloso,12.4,2000.0,Plantio,3.0,80.0,7.4,62.0,Tarde,0
1066,2026-03-06 19:55:00,EQ-020,Barreiras,53.7,56.4,29.4,Misto,19.5,261.0,Colheita,8.0,276.0,1.8,83.0,Noite,1
1067,2026-03-06 19:55:00,EQ-014,Rio Verde,55.4,175.1,25.1,Misto,5.5,97.0,Colheita,3.0,252.0,9.3,70.0,Tarde,1
1068,2026-03-06 20:31:00,EQ-038,Nao-Me-Toque,38.3,17.0,20.9,Encharcado,7.6,789.0,Colheita,5.0,123.0,2.7,67.0,Manha,0
1069,2026-03-06 20:39:00,EQ-037,Sorriso,62.1,14.0,21.8,Misto,7.5,483.0,Plantio,14.0,266.0,11.6,68.0,Noite,0
1070,2026-03-06 20:50:00,EQ-040,Nao-Me-Toque,88.5,15.2,26.7,Encharcado,17.9,587.0,Plantio,2.0,37.0,4.8,101.0,Manha,1
1071,2026-03-06 21:00:00,EQ-034,Cascavel,62.0,38.0,28.0,Encharcado,2.4,759.0,Colheita,15.0,387.0,12.3,75.0,Tarde,1
1072,2026-03-06 21:10:00,EQ-017,Cascavel,99.0,40.1,32.2,Arenoso,23.3,2000.0,Plantio,11.0,545.0,5.2,72.0,Tarde,0
1073,2026-03-06 21:50:00,EQ-038,Cascavel,36.4,44.5,34.5,Misto,16.7,537.0,Colheita,8.0,209.0,12.9,85.0,Noite,0
1074,2026-03-06 21:57:00,EQ-007,Lucas do Rio Verde,44.0,17.0,28.9,Arenoso,9.9,508.0,Pulverizacao,9.0,306.0,6.1,69.0,Manha,0
1075,2026-03-06 22:30:00,EQ-040,Barreiras,39.3,34.6,29.6,Arenoso,4.5,678.0,Plantio,11.0,600.0,10.1,60.0,Noite,1
1076,2026-03-06 22:36:00,EQ-006,Sorriso,62.4,52.7,31.2,Argiloso,5.3,1183.0,Pulverizacao,9.0,196.0,2.7,51.0,Noite,1
1077,2026-03-06 23:05:00,EQ-017,Barreiras,94.0,47.2,24.1,Argiloso,6.7,467.0,Pulverizacao,16.0,320.0,2.8,120.0,Tarde,1
1078,2026-03-06 23:49:00,EQ-014,Nao-Me-Toque,26.8,48.9,19.5,Argiloso,10.9,113.0,Plantio,5.0,59.0,3.7,82.0,Tarde,0
1079,2026-03-07 01:51:00,EQ-011,Cascavel,70.9,50.2,25.4,Argiloso,13.0,104.0,Plantio,4.0,194.0,5.8,68.0,Tarde,1
1080,2026-03-07 02:00:00,EQ-005,Nao-Me-Toque,64.1,15.4,32.5,Arenoso,9.1,210.0,Colheita,8.0,57.0,8.5,102.0,Manha,1
1081,2026-03-07 03:05:00,EQ-015,Barreiras,48.3,18.1,22.4,Encharcado,15.0,134.0,Plantio,2.0,207.0,9.3,109.0,Manha,0
1082,2026-03-07 03:07:00,EQ-007,Lucas do Rio Verde,43.4,66.4,26.4,Arenoso,14.4,458.0,Colheita,12.0,234.0,8.4,73.0,Manha,0
1083,2026-03-07 03:21:00,EQ-034,Barreiras,49.9,48.3,38.0,Argiloso,16.8,1813.0,Plantio,5.0,54.0,8.7,57.0,Manha,0
1084,2026-03-07 03:47:00,EQ-008,Lucas do Rio Verde,75.1,14.6,23.5,Argiloso,4.9,331.0,Transporte,14.0,111.0,8.3,82.0,Noite,1
1085,2026-03-07 04:10:00,EQ-036,Cascavel,57.6,19.8,22.2,Arenoso,23.8,905.0,Pulverizacao,7.0,171.0,5.6,70.0,Tarde,0
1086,2026-03-07 04:52:00,EQ-015,Sorriso,44.9,17.1,31.3,Arenoso,12.3,937.0,Colheita,9.0,78.0,8.9,76.0,Manha,0
1087,2026-03-07 05:04:00,EQ-003,Lucas do Rio Verde,41.6,40.7,29.0,Arenoso,15.0,359.0,Colheita,1.0,178.0,8.1,84.0,Tarde,0
1088,2026-03-07 05:16:00,EQ-007,Barreiras,18.2,12.1,27.6,Misto,6.3,1502.0,Colheita,3.0,207.0,12.9,56.0,Noite,0
1089,2026-03-07 05:18:00,EQ-029,Lucas do Rio Verde,83.6,13.8,32.0,Argiloso,11.3,569.0,Colheita,9.0,249.0,8.4,71.0,Tarde,1
1090,2026-03-07 06:02:00,EQ-003,Sorriso,61.7,25.6,28.0,Misto,27.6,842.0,Pulverizacao,3.0,89.0,5.2,65.0,Manha,0
1091,2026-03-07 06:39:00,EQ-011,Lucas do Rio Verde,94.2,60.6,29.9,Argiloso,2.2,251.0,Plantio,5.0,48.0,8.1,89.0,Tarde,0
1092,2026-03-07 08:24:00,EQ-024,Sorriso,47.4,6.6,23.2,Misto,0.8,162.0,Plantio,0.0,600.0,4.6,96.0,Manha,1
1093,2026-03-07 08:26:00,EQ-001,Rio Verde,59.9,39.4,32.3,Arenoso,4.4,852.0,Pulverizacao,11.0,268.0,9.1,69.0,Tarde,0
1094,2026-03-07 08:47:00,EQ-016,Lucas do Rio Verde,44.5,67.4,35.6,Arenoso,23.7,194.0,Transporte,11.0,76.0,10.6,61.0,Manha,0
1095,2026-03-07 08:56:00,EQ-010,Barreiras,48.0,55.9,26.5,Misto,3.9,721.0,Plantio,7.0,600.0,11.0,85.0,Tarde,0
1096,2026-03-07 09:22:00,EQ-031,Barreiras,48.2,29.8,16.4,Arenoso,5.7,697.0,Colheita,5.0,160.0,12.3,81.0,Tarde,0
1097,2026-03-07 09:25:00,EQ-032,Sorriso,33.9,47.2,23.0,Arenoso,24.3,416.0,Colheita,2.0,325.0,6.0,85.0,Noite,1
1098,2026-03-07 09:40:00,EQ-030,Rio Verde,49.6,28.7,24.6,Misto,27.0,1250.0,Pulverizacao,2.0,233.0,8.8,109.0,Manha,0
1099,2026-03-07 10:26:00,EQ-029,Cascavel,62.0,37.5,34.7,Argiloso,20.2,1023.0,Colheita,8.0,177.0,10.5,87.0,Noite,0
1100,2026-03-07 10:51:00,EQ-036,Rio Verde,35.3,13.1,31.1,Misto,7.0,1225.0,Pulverizacao,14.0,89.0,11.8,79.0,Manha,0
1101,2026-03-07 11:22:00,EQ-026,Sorriso,35.1,43.2,30.6,Arenoso,29.6,142.0,Plantio,10.0,186.0,4.2,92.0,Tarde,1
1102,2026-03-07 11:23:00,EQ-034,Lucas do Rio Verde,70.7,26.5,13.5,Encharcado,3.5,556.0,Plantio,11.0,293.0,11.5,79.0,Noite,1
1103,2026-03-07 11:54:00,EQ-009,Lucas do Rio Verde,65.6,48.5,11.8,Encharcado,12.8,352.0,Plantio,1.0,125.0,9.1,74.0,Tarde,0
1104,2026-03-07 12:09:00,EQ-040,Cascavel,58.1,46.9,28.6,Arenoso,5.8,858.0,Pulverizacao,8.0,88.0,13.2,82.0,Manha,0
1105,2026-03-07 12:28:00,EQ-010,Sorriso,47.3,6.9,23.6,Misto,30.3,1075.0,Plantio,9.0,178.0,5.6,82.0,Manha,0
1106,2026-03-07 12:41:00,EQ-025,Sorriso,33.5,17.6,22.4,Argiloso,5.0,432.0,Colheita,14.0,24.0,9.2,75.0,Manha,0
1107,2026-03-07 12:53:00,EQ-004,Lucas do Rio Verde,69.0,27.8,13.8,Argiloso,16.2,699.0,Pulverizacao,8.0,248.0,4.3,84.0,Noite,0
1108,2026-03-07 13:10:00,EQ-002,Nao-Me-Toque,72.8,1.0,28.3,Argiloso,7.6,212.0,Pulverizacao,22.0,291.0,8.3,69.0,Manha,1
1109,2026-03-07 13:57:00,EQ-021,Nao-Me-Toque,60.1,48.5,24.9,Argiloso,9.0,1432.0,Transporte,5.0,61.0,12.4,60.0,Manha,0
1110,2026-03-07 14:20:00,EQ-005,Rio Verde,81.4,15.6,28.7,Encharcado,3.1,509.0,Colheita,12.0,226.0,9.3,77.0,Tarde,1
1111,2026-03-07 14:32:00,EQ-037,Nao-Me-Toque,75.3,23.7,27.3,Arenoso,12.8,351.0,Colheita,9.0,35.0,13.8,80.0,Manha,1
1112,2026-03-07 14:34:00,EQ-023,Barreiras,78.2,17.0,17.9,Argiloso,8.3,1182.0,Pulverizacao,11.0,148.0,9.9,90.0,Tarde,0
1113,2026-03-07 14:46:00,EQ-028,Cascavel,78.5,41.8,39.0,Argiloso,13.5,644.0,Transporte,8.0,124.0,4.0,83.0,Tarde,0
1114,2026-03-07 14:49:00,EQ-037,Lucas do Rio Verde,61.7,29.3,27.1,Misto,10.8,329.0,Plantio,2.0,95.0,10.3,67.0,Manha,0
1115,2026-03-07 15:02:00,EQ-023,Barreiras,32.9,23.5,31.1,Misto,2.9,878.0,Plantio,12.0,66.0,9.5,60.0,Manha,0
1116,2026-03-07 15:15:00,EQ-027,Rio Verde,46.5,50.7,22.7,Arenoso,8.3,473.0,Plantio,8.0,178.0,10.3,77.0,Manha,0
1117,2026-03-07 15:15:00,EQ-005,Barreiras,47.4,24.4,24.4,Argiloso,24.4,123.0,Colheita,4.0,169.0,9.8,78.0,Tarde,1
1118,2026-03-07 15:16:00,EQ-025,Rio Verde,74.3,15.8,22.7,Argiloso,26.8,2000.0,Plantio,5.0,63.0,7.0,103.0,Manha,0
1119,2026-03-07 15:35:00,EQ-002,Cascavel,21.4,81.2,34.6,Argiloso,13.2,1221.0,Pulverizacao,16.0,118.0,5.7,89.0,Manha,1
1120,2026-03-07 16:01:00,EQ-020,Cascavel,67.3,10.4,39.9,Encharcado,4.8,1426.0,Colheita,21.0,92.0,13.8,109.0,Tarde,1
1121,2026-03-07 16:09:00,EQ-012,Nao-Me-Toque,19.9,47.5,25.6,Misto,5.4,118.0,Pulverizacao,6.0,89.0,7.1,57.0,Tarde,0
1122,2026-03-07 16:11:00,EQ-023,Cascavel,59.6,8.3,29.0,Arenoso,24.4,371.0,Transporte,6.0,388.0,8.8,78.0,Manha,0
1123,2026-03-07 16:17:00,EQ-036,Nao-Me-Toque,35.5,81.0,29.8,Encharcado,4.4,558.0,Colheita,7.0,63.0,7.4,84.0,Manha,1
1124,2026-03-07 17:03:00,EQ-026,Rio Verde,58.7,5.4,19.3,Argiloso,9.9,554.0,Colheita,8.0,140.0,1.7,97.0,Tarde,1
1125,2026-03-07 17:04:00,EQ-004,Rio Verde,36.5,42.0,24.0,Arenoso,14.6,557.0,Colheita,6.0,40.0,10.5,68.0,Noite,0
1126,2026-03-07 17:13:00,EQ-027,Sorriso,45.4,31.6,27.7,Encharcado,6.4,376.0,Pulverizacao,5.0,59.0,7.7,69.0,Tarde,1
1127,2026-03-07 17:26:00,EQ-024,Lucas do Rio Verde,76.3,9.3,16.8,Argiloso,16.2,71.0,Pulverizacao,9.0,245.0,6.0,94.0,Noite,1
1128,2026-03-07 17:44:00,EQ-025,Sorriso,30.0,96.7,32.7,Arenoso,6.8,350.0,Plantio,5.0,224.0,6.1,73.0,Tarde,0
1129,2026-03-07 17:57:00,EQ-005,Cascavel,47.6,17.3,26.5,Argiloso,16.9,287.0,Colheita,5.0,141.0,12.5,46.0,Manha,0
1130,2026-03-07 18:31:00,EQ-016,Barreiras,36.1,45.9,22.8,Misto,4.0,287.0,Colheita,5.0,65.0,8.1,67.0,Manha,0
1131,2026-03-07 18:50:00,EQ-013,Cascavel,45.7,13.9,20.5,Argiloso,23.5,832.0,Plantio,10.0,329.0,8.1,66.0,Manha,0
1132,2026-03-07 19:00:00,EQ-019,Cascavel,74.4,17.1,36.7,Argiloso,4.2,1175.0,Plantio,13.0,205.0,6.1,72.0,Tarde,0
1133,2026-03-07 19:26:00,EQ-036,Cascavel,42.8,32.5,28.1,Misto,9.7,655.0,Colheita,18.0,50.0,11.2,99.0,Tarde,1
1134,2026-03-07 19:32:00,EQ-003,Sorriso,21.2,103.2,26.7,Argiloso,9.7,762.0,Colheita,10.0,84.0,4.8,57.0,Tarde,1
1135,2026-03-07 19:46:00,EQ-009,Lucas do Rio Verde,100.0,54.4,35.4,Arenoso,10.8,338.0,Colheita,5.0,119.0,8.1,75.0,Manha,1
1136,2026-03-07 20:04:00,EQ-020,Barreiras,64.4,18.9,26.7,Arenoso,9.8,715.0,Plantio,3.0,105.0,7.3,75.0,Tarde,0
1137,2026-03-07 20:16:00,EQ-016,Nao-Me-Toque,24.3,70.0,35.2,Argiloso,8.7,78.0,Transporte,9.0,119.0,5.9,84.0,Tarde,0
1138,2026-03-07 21:04:00,EQ-025,Barreiras,52.3,9.2,23.3,Argiloso,3.1,432.0,Colheita,2.0,321.0,3.3,77.0,Noite,0
1139,2026-03-07 21:20:00,EQ-037,Rio Verde,83.3,25.9,34.8,Misto,0.6,2000.0,Colheita,11.0,306.0,7.1,75.0,Manha,0
1140,2026-03-07 22:01:00,EQ-026,Rio Verde,83.5,28.4,12.0,Misto,10.3,414.0,Plantio,1.0,135.0,11.1,65.0,Tarde,0
1141,2026-03-07 22:19:00,EQ-020,Lucas do Rio Verde,26.2,41.4,27.1,Arenoso,8.3,999.0,Plantio,4.0,71.0,12.4,80.0,Tarde,0
1142,2026-03-07 23:28:00,EQ-013,Nao-Me-Toque,65.8,56.2,25.4,Misto,26.2,292.0,Pulverizacao,12.0,296.0,5.3,62.0,Manha,1
1143,2026-03-07 23:43:00,EQ-002,Nao-Me-Toque,40.5,60.5,25.4,Arenoso,9.3,1002.0,Plantio,12.0,38.0,16.0,89.0,Tarde,0
1144,2026-03-07 23:56:00,EQ-006,Nao-Me-Toque,45.2,22.1,27.5,Misto,4.4,377.0,Plantio,8.0,204.0,5.0,54.0,Tarde,0
1145,2026-03-08 00:25:00,EQ-011,Lucas do Rio Verde,97.4,18.2,25.3,Argiloso,22.9,980.0,Plantio,1.0,125.0,4.2,66.0,Manha,0
1146,2026-03-08 01:15:00,EQ-029,Sorriso,72.9,23.1,27.2,Arenoso,12.8,512.0,Transporte,5.0,259.0,11.6,102.0,Manha,1
1147,2026-03-08 02:19:00,EQ-008,Barreiras,62.3,11.0,27.6,Argiloso,17.8,557.0,Colheita,3.0,284.0,4.1,99.0,Manha,0
1148,2026-03-08 02:28:00,EQ-031,Lucas do Rio Verde,53.9,45.2,19.8,Arenoso,10.9,31.0,Colheita,8.0,59.0,9.2,120.0,Manha,1
1149,2026-03-08 02:59:00,EQ-039,Barreiras,23.0,39.5,15.2,Misto,9.7,479.0,Transporte,5.0,20.0,3.5,78.0,Tarde,1
1150,2026-03-08 03:07:00,EQ-009,Nao-Me-Toque,70.2,5.4,21.4,Arenoso,15.9,287.0,Colheita,4.0,278.0,10.4,120.0,Manha,1
1151,2026-03-08 03:19:00,EQ-020,Lucas do Rio Verde,72.8,31.3,25.1,Arenoso,8.9,394.0,Plantio,9.0,263.0,1.3,49.0,Manha,0
1152,2026-03-08 03:56:00,EQ-013,Lucas do Rio Verde,58.6,15.0,22.3,Arenoso,4.6,537.0,Plantio,2.0,180.0,7.3,90.0,Noite,0
1153,2026-03-08 03:57:00,EQ-014,Barreiras,71.8,72.9,35.4,Misto,5.3,523.0,Pulverizacao,15.0,37.0,10.5,90.0,Tarde,1
1154,2026-03-08 04:10:00,EQ-012,Nao-Me-Toque,50.2,111.9,34.0,Misto,6.5,574.0,Pulverizacao,8.0,79.0,8.6,90.0,Manha,0
1155,2026-03-08 04:48:00,EQ-035,Nao-Me-Toque,79.5,20.5,25.8,Encharcado,12.5,544.0,Plantio,9.0,74.0,5.3,82.0,Manha,1
1156,2026-03-08 04:55:00,EQ-001,Cascavel,27.4,28.5,27.1,Encharcado,12.8,1068.0,Pulverizacao,6.0,427.0,9.6,89.0,Tarde,0
1157,2026-03-08 05:22:00,EQ-005,Barreiras,51.2,6.8,33.2,Arenoso,9.3,934.0,Pulverizacao,3.0,38.0,8.2,67.0,Tarde,0
1158,2026-03-08 05:24:00,EQ-031,Lucas do Rio Verde,99.2,35.9,25.0,Arenoso,12.1,989.0,Colheita,3.0,72.0,7.5,72.0,Manha,0
1159,2026-03-08 05:45:00,EQ-003,Lucas do Rio Verde,65.9,56.4,30.6,Misto,2.5,188.0,Plantio,3.0,354.0,7.2,76.0,Tarde,1
1160,2026-03-08 05:49:00,EQ-029,Lucas do Rio Verde,38.1,54.9,30.1,Encharcado,10.3,490.0,Colheita,6.0,485.0,6.6,54.0,Manha,0
1161,2026-03-08 06:16:00,EQ-014,Rio Verde,26.6,26.1,29.4,Misto,3.4,1410.0,Transporte,5.0,135.0,5.3,62.0,Tarde,0
1162,2026-03-08 06:27:00,EQ-001,Lucas do Rio Verde,26.1,8.5,18.3,Arenoso,7.9,918.0,Colheita,10.0,390.0,10.2,81.0,Noite,0
1163,2026-03-08 07:12:00,EQ-005,Lucas do Rio Verde,74.5,28.5,31.4,Argiloso,17.2,303.0,Pulverizacao,7.0,113.0,6.7,84.0,Tarde,1
1164,2026-03-08 07:13:00,EQ-013,Cascavel,45.6,28.8,31.5,Argiloso,4.4,172.0,Colheita,7.0,96.0,9.4,44.0,Tarde,0
1165,2026-03-08 07:23:00,EQ-005,Barreiras,71.5,83.4,27.9,Misto,18.9,50.0,Transporte,4.0,228.0,6.4,101.0,Manha,1
1166,2026-03-08 08:06:00,EQ-004,Sorriso,36.1,54.6,22.3,Arenoso,12.7,861.0,Plantio,5.0,191.0,6.7,83.0,Manha,0
1167,2026-03-08 08:27:00,EQ-035,Lucas do Rio Verde,53.1,15.7,28.3,Argiloso,4.8,166.0,Colheita,7.0,193.0,7.5,58.0,Tarde,0
1168,2026-03-08 08:53:00,EQ-010,Lucas do Rio Verde,56.3,67.2,19.5,Misto,10.5,725.0,Pulverizacao,9.0,23.0,9.0,83.0,Manha,1
1169,2026-03-08 09:04:00,EQ-014,Lucas do Rio Verde,53.4,90.1,19.2,Arenoso,18.2,1531.0,Transporte,17.0,283.0,9.1,80.0,Manha,0
1170,2026-03-08 10:26:00,EQ-022,Nao-Me-Toque,33.3,74.6,31.6,Argiloso,4.5,431.0,Colheita,14.0,23.0,7.6,70.0,Manha,0
1171,2026-03-08 10:55:00,EQ-036,Nao-Me-Toque,71.2,57.8,31.1,Arenoso,21.9,588.0,Transporte,20.0,141.0,11.9,78.0,Manha,1
1172,2026-03-08 10:55:00,EQ-030,Barreiras,55.5,32.3,18.1,Misto,15.7,227.0,Colheita,4.0,197.0,5.8,96.0,Manha,0
1173,2026-03-08 10:57:00,EQ-016,Rio Verde,69.0,20.4,27.7,Encharcado,5.9,760.0,Plantio,7.0,312.0,8.5,71.0,Manha,0
1174,2026-03-08 11:11:00,EQ-020,Barreiras,76.0,34.9,27.4,Misto,11.1,727.0,Pulverizacao,14.0,128.0,5.5,106.0,Manha,0
1175,2026-03-08 11:58:00,EQ-010,Barreiras,38.1,75.9,31.8,Argiloso,2.7,1059.0,Pulverizacao,8.0,171.0,6.5,65.0,Tarde,0
1176,2026-03-08 12:09:00,EQ-038,Barreiras,25.6,18.7,23.6,Arenoso,15.8,139.0,Transporte,4.0,171.0,7.9,78.0,Manha,0
1177,2026-03-08 12:13:00,EQ-016,Lucas do Rio Verde,47.6,21.2,25.6,Encharcado,5.8,740.0,Colheita,21.0,77.0,9.5,85.0,Tarde,0
1178,2026-03-08 12:46:00,EQ-016,Sorriso,47.3,49.8,34.0,Misto,5.6,604.0,Pulverizacao,15.0,220.0,10.1,49.0,Noite,1
1179,2026-03-08 12:49:00,EQ-001,Barreiras,51.3,7.1,30.9,Misto,5.3,208.0,Pulverizacao,9.0,64.0,7.0,114.0,Manha,0
1180,2026-03-08 13:00:00,EQ-037,Lucas do Rio Verde,61.1,38.0,27.0,Encharcado,10.8,224.0,Colheita,1.0,152.0,8.1,72.0,Manha,1
1181,2026-03-08 13:09:00,EQ-039,Rio Verde,19.6,38.1,22.4,Arenoso,6.7,551.0,Colheita,13.0,155.0,10.0,91.0,Tarde,0
1182,2026-03-08 14:00:00,EQ-036,Sorriso,20.2,29.7,26.4,Encharcado,10.5,2000.0,Pulverizacao,25.0,177.0,5.4,66.0,Tarde,0
1183,2026-03-08 14:08:00,EQ-022,Lucas do Rio Verde,71.7,95.0,39.0,Misto,2.2,956.0,Colheita,3.0,289.0,13.5,70.0,Noite,0
1184,2026-03-08 14:48:00,EQ-035,Sorriso,55.1,7.7,26.9,Misto,28.3,801.0,Transporte,3.0,469.0,10.7,88.0,Manha,1
1185,2026-03-08 15:46:00,EQ-033,Lucas do Rio Verde,18.9,45.3,30.2,Arenoso,25.1,179.0,Pulverizacao,5.0,305.0,9.9,90.0,Tarde,0
1186,2026-03-08 16:40:00,EQ-001,Lucas do Rio Verde,67.1,18.5,27.6,Arenoso,3.3,1120.0,Pulverizacao,4.0,128.0,10.6,86.0,Manha,0
1187,2026-03-08 16:44:00,EQ-022,Rio Verde,48.6,20.1,26.1,Argiloso,16.9,364.0,Colheita,9.0,109.0,9.2,78.0,Manha,0
1188,2026-03-08 17:25:00,EQ-026,Rio Verde,56.3,44.8,15.1,Misto,22.7,490.0,Transporte,9.0,218.0,6.1,63.0,Tarde,0
1189,2026-03-08 17:43:00,EQ-012,Nao-Me-Toque,7.4,34.5,35.1,Misto,20.9,827.0,Colheita,20.0,265.0,8.1,72.0,Manha,0
1190,2026-03-08 17:58:00,EQ-003,Cascavel,41.6,45.6,30.7,Arenoso,7.1,2000.0,Plantio,2.0,345.0,7.0,55.0,Tarde,0
1191,2026-03-08 18:02:00,EQ-016,Sorriso,45.7,53.3,20.7,Encharcado,2.2,673.0,Colheita,5.0,143.0,9.3,113.0,Manha,0
1192,2026-03-08 18:32:00,EQ-003,Lucas do Rio Verde,79.5,9.3,21.0,Argiloso,2.2,196.0,Transporte,5.0,393.0,8.9,64.0,Manha,1
1193,2026-03-08 18:42:00,EQ-035,Cascavel,70.2,39.4,22.0,Misto,7.1,2000.0,Colheita,10.0,119.0,1.1,81.0,Noite,0
1194,2026-03-08 19:02:00,EQ-001,Cascavel,51.6,5.3,34.7,Misto,7.7,1137.0,Colheita,10.0,121.0,9.1,62.0,Manha,0
1195,2026-03-08 20:21:00,EQ-022,Cascavel,56.1,26.3,19.1,Arenoso,8.6,385.0,Colheita,10.0,248.0,7.7,89.0,Tarde,0
1196,2026-03-08 20:41:00,EQ-039,Rio Verde,87.3,35.2,21.4,Argiloso,5.2,532.0,Plantio,4.0,69.0,7.2,112.0,Manha,0
1197,2026-03-08 21:02:00,EQ-008,Sorriso,58.9,7.0,26.0,Arenoso,1.0,1148.0,Transporte,14.0,57.0,9.9,80.0,Manha,0
1198,2026-03-08 21:42:00,EQ-028,Nao-Me-Toque,58.9,27.8,20.0,Arenoso,25.0,597.0,Transporte,4.0,25.0,10.5,102.0,Manha,0
1199,2026-03-08 22:17:00,EQ-001,Cascavel,65.9,17.6,20.8,Argiloso,13.7,1167.0,Colheita,12.0,134.0,10.3,62.0,Manha,0
1200,2026-03-08 23:18:00,EQ-012,Lucas do Rio Verde,9.8,3.3,27.0,Arenoso,2.8,530.0,Plantio,5.0,111.0,13.1,85.0,Tarde,0
1201,2026-03-08 23:19:00,EQ-004,Cascavel,26.5,48.0,20.3,Encharcado,32.4,1060.0,Colheita,6.0,209.0,5.2,82.0,Tarde,0
1202,2026-03-08 23:21:00,EQ-010,Nao-Me-Toque,25.0,72.5,26.6,Arenoso,6.4,65.0,Pulverizacao,9.0,33.0,7.5,64.0,Manha,0
1203,2026-03-08 23:31:00,EQ-020,Nao-Me-Toque,31.3,24.2,20.9,Encharcado,6.7,849.0,Transporte,5.0,391.0,13.4,68.0,Manha,1
1204,2026-03-08 23:36:00,EQ-017,Cascavel,37.9,18.0,38.6,Encharcado,10.9,864.0,Pulverizacao,2.0,249.0,7.4,78.0,Tarde,0
1205,2026-03-08 23:37:00,EQ-024,Cascavel,69.3,36.3,30.7,Misto,7.5,631.0,Plantio,7.0,199.0,6.1,103.0,Manha,0
1206,2026-03-09 00:00:00,EQ-010,Nao-Me-Toque,19.5,0.7,38.5,Arenoso,10.5,679.0,Colheita,4.0,348.0,6.8,67.0,Noite,0
1207,2026-03-09 00:02:00,EQ-018,Lucas do Rio Verde,71.5,46.7,19.4,Misto,9.6,861.0,Pulverizacao,8.0,83.0,16.0,51.0,Manha,0
1208,2026-03-09 00:19:00,EQ-037,Lucas do Rio Verde,28.3,7.4,30.3,Arenoso,2.1,844.0,Plantio,15.0,113.0,8.0,103.0,Manha,0
1209,2026-03-09 00:28:00,EQ-015,Rio Verde,29.1,13.5,7.9,Argiloso,45.0,404.0,Plantio,7.0,259.0,5.7,59.0,Tarde,0
1210,2026-03-09 00:31:00,EQ-002,Sorriso,61.0,15.1,29.4,Misto,18.3,913.0,Colheita,20.0,111.0,9.9,104.0,Noite,0
1211,2026-03-09 00:51:00,EQ-021,Lucas do Rio Verde,51.4,24.9,25.8,Arenoso,9.4,915.0,Pulverizacao,7.0,44.0,8.6,60.0,Manha,0
1212,2026-03-09 01:12:00,EQ-008,Rio Verde,54.5,10.4,31.4,Argiloso,9.0,962.0,Transporte,3.0,133.0,7.9,108.0,Tarde,0
1213,2026-03-09 01:34:00,EQ-030,Lucas do Rio Verde,74.4,34.7,20.5,Misto,5.2,301.0,Colheita,9.0,171.0,7.8,118.0,Tarde,1
1214,2026-03-09 01:34:00,EQ-009,Sorriso,100.0,58.8,27.1,Encharcado,20.0,308.0,Colheita,5.0,122.0,7.0,73.0,Tarde,1
1215,2026-03-09 01:38:00,EQ-022,Cascavel,28.2,52.0,28.2,Misto,3.4,72.0,Transporte,8.0,81.0,6.9,75.0,Manha,0
1216,2026-03-09 01:46:00,EQ-035,Lucas do Rio Verde,53.0,66.3,26.7,Arenoso,9.1,580.0,Pulverizacao,7.0,246.0,8.0,76.0,Noite,0
1217,2026-03-09 01:48:00,EQ-030,Barreiras,71.5,51.0,30.1,Encharcado,27.8,359.0,Colheita,4.0,362.0,8.6,54.0,Manha,1
1218,2026-03-09 02:21:00,EQ-012,Cascavel,64.6,13.1,25.7,Arenoso,3.4,447.0,Pulverizacao,4.0,176.0,5.8,107.0,Noite,1
1219,2026-03-09 02:24:00,EQ-035,Barreiras,63.4,5.1,13.2,Argiloso,18.9,338.0,Pulverizacao,6.0,600.0,12.0,85.0,Manha,1
1220,2026-03-09 02:46:00,EQ-006,Lucas do Rio Verde,29.6,35.7,26.8,Arenoso,11.9,2000.0,Plantio,11.0,27.0,7.7,63.0,Noite,0
1221,2026-03-09 02:49:00,EQ-002,Sorriso,54.1,31.0,29.6,Argiloso,10.5,1823.0,Plantio,11.0,112.0,10.0,72.0,Tarde,0
1222,2026-03-09 02:49:00,EQ-010,Sorriso,63.8,65.6,16.6,Argiloso,17.0,199.0,Plantio,3.0,19.0,6.6,66.0,Manha,1
1223,2026-03-09 04:14:00,EQ-033,Nao-Me-Toque,41.0,28.0,20.3,Arenoso,9.8,15.0,Colheita,4.0,211.0,10.0,52.0,Tarde,0
1224,2026-03-09 04:43:00,EQ-022,Barreiras,87.8,29.3,30.9,Encharcado,17.2,982.0,Colheita,12.0,54.0,6.8,68.0,Manha,0
1225,2026-03-09 05:13:00,EQ-007,Sorriso,46.8,40.9,27.5,Encharcado,13.5,202.0,Colheita,11.0,135.0,5.1,98.0,Noite,0
1226,2026-03-09 05:37:00,EQ-026,Barreiras,44.3,23.4,28.4,Encharcado,8.5,509.0,Pulverizacao,5.0,186.0,5.4,47.0,Noite,0
1227,2026-03-09 06:04:00,EQ-018,Lucas do Rio Verde,34.5,58.2,26.4,Arenoso,17.9,496.0,Plantio,4.0,24.0,5.7,64.0,Tarde,0
1228,2026-03-09 06:05:00,EQ-015,Lucas do Rio Verde,62.9,33.4,28.1,Encharcado,14.8,569.0,Transporte,12.0,208.0,10.6,105.0,Noite,1
1229,2026-03-09 06:25:00,EQ-040,Sorriso,57.1,26.2,32.2,Arenoso,13.1,977.0,Plantio,5.0,86.0,0.1,89.0,Manha,0
1230,2026-03-09 07:01:00,EQ-027,Lucas do Rio Verde,62.7,5.8,25.0,Arenoso,4.7,2000.0,Pulverizacao,6.0,259.0,3.7,92.0,Manha,0
1231,2026-03-09 07:07:00,EQ-032,Sorriso,52.3,31.5,22.6,Argiloso,5.7,852.0,Colheita,16.0,327.0,5.5,73.0,Manha,0
1232,2026-03-09 07:11:00,EQ-040,Sorriso,52.0,44.0,30.2,Arenoso,9.6,376.0,Plantio,13.0,211.0,8.7,120.0,Noite,0
1233,2026-03-09 07:23:00,EQ-019,Rio Verde,49.4,7.4,20.9,Arenoso,3.8,1227.0,Colheita,4.0,178.0,9.7,111.0,Tarde,0
1234,2026-03-09 07:38:00,EQ-010,Rio Verde,40.9,63.2,28.0,Misto,9.3,462.0,Pulverizacao,19.0,171.0,9.7,88.0,Manha,0
1235,2026-03-09 08:22:00,EQ-013,Cascavel,73.7,50.3,43.9,Argiloso,1.0,572.0,Plantio,2.0,34.0,7.2,85.0,Tarde,1
1236,2026-03-09 09:14:00,EQ-015,Lucas do Rio Verde,49.9,9.1,38.2,Arenoso,11.9,587.0,Colheita,21.0,2.0,5.8,68.0,Manha,0
1237,2026-03-09 09:22:00,EQ-010,Rio Verde,94.6,13.9,21.3,Misto,10.0,214.0,Transporte,10.0,269.0,7.6,95.0,Tarde,1
1238,2026-03-09 09:28:00,EQ-037,Sorriso,42.4,24.6,32.1,Arenoso,10.7,2000.0,Colheita,12.0,15.0,10.2,78.0,Noite,0
1239,2026-03-09 09:31:00,EQ-015,Lucas do Rio Verde,79.4,28.6,24.5,Misto,20.9,1003.0,Transporte,3.0,48.0,8.9,97.0,Tarde,0
1240,2026-03-09 10:40:00,EQ-025,Rio Verde,50.4,27.5,12.3,Argiloso,12.9,1071.0,Colheita,5.0,270.0,6.1,103.0,Manha,0
1241,2026-03-09 11:42:00,EQ-027,Nao-Me-Toque,61.8,11.1,22.2,Argiloso,13.8,378.0,Plantio,11.0,94.0,9.8,59.0,Manha,1
1242,2026-03-09 11:44:00,EQ-039,Nao-Me-Toque,40.8,35.9,20.8,Misto,11.5,267.0,Plantio,11.0,126.0,7.9,65.0,Tarde,0
1243,2026-03-09 11:45:00,EQ-033,Lucas do Rio Verde,52.1,48.5,30.2,Arenoso,8.9,864.0,Pulverizacao,3.0,20.0,6.8,65.0,Tarde,0
1244,2026-03-09 11:54:00,EQ-027,Barreiras,53.1,56.2,26.9,Argiloso,13.5,71.0,Pulverizacao,7.0,213.0,9.2,65.0,Manha,0
1245,2026-03-09 11:55:00,EQ-001,Cascavel,40.7,24.0,27.9,Misto,6.8,590.0,Transporte,2.0,317.0,10.4,112.0,Noite,0
1246,2026-03-09 12:25:00,EQ-020,Barreiras,55.7,45.2,23.8,Arenoso,0.6,379.0,Colheita,8.0,76.0,6.6,76.0,Tarde,1
1247,2026-03-09 12:31:00,EQ-013,Barreiras,42.6,64.5,33.8,Argiloso,29.4,39.0,Pulverizacao,10.0,333.0,13.9,74.0,Noite,0
1248,2026-03-09 12:58:00,EQ-039,Sorriso,70.0,12.2,36.0,Misto,5.1,340.0,Plantio,1.0,198.0,6.8,80.0,Noite,0
1249,2026-03-09 13:02:00,EQ-008,Nao-Me-Toque,43.1,30.6,24.9,Argiloso,10.2,470.0,Colheita,1.0,158.0,7.8,65.0,Noite,0
1250,2026-03-09 13:30:00,EQ-008,Lucas do Rio Verde,74.3,33.7,35.5,Arenoso,16.9,559.0,Colheita,11.0,4.0,8.2,77.0,Noite,0
1251,2026-03-09 13:36:00,EQ-023,Nao-Me-Toque,32.8,49.1,34.7,Misto,14.7,447.0,Colheita,13.0,143.0,7.9,83.0,Manha,0
1252,2026-03-09 14:03:00,EQ-001,Lucas do Rio Verde,25.6,47.2,16.7,Misto,10.2,365.0,Pulverizacao,17.0,180.0,10.2,93.0,Tarde,0
1253,2026-03-09 14:14:00,EQ-032,Barreiras,51.8,24.4,32.4,Argiloso,7.6,416.0,Transporte,10.0,179.0,3.0,95.0,Manha,0
1254,2026-03-09 14:18:00,EQ-029,Barreiras,42.6,11.7,28.0,Encharcado,16.0,596.0,Pulverizacao,10.0,129.0,8.8,86.0,Manha,0
1255,2026-03-09 15:13:00,EQ-010,Nao-Me-Toque,33.9,3.6,25.4,Misto,18.3,640.0,Plantio,3.0,149.0,5.4,70.0,Tarde,0
1256,2026-03-09 15:16:00,EQ-016,Lucas do Rio Verde,68.0,107.4,28.3,Encharcado,20.8,637.0,Plantio,25.0,293.0,10.0,105.0,Noite,1
1257,2026-03-09 15:25:00,EQ-001,Rio Verde,46.4,55.7,28.2,Argiloso,10.6,103.0,Plantio,2.0,186.0,12.6,96.0,Manha,1
1258,2026-03-09 15:26:00,EQ-035,Cascavel,55.0,39.1,38.6,Argiloso,31.3,1295.0,Pulverizacao,7.0,191.0,6.1,65.0,Tarde,1
1259,2026-03-09 15:32:00,EQ-031,Sorriso,87.1,59.0,28.4,Argiloso,33.2,426.0,Transporte,21.0,54.0,4.5,80.0,Tarde,0
1260,2026-03-09 15:53:00,EQ-014,Nao-Me-Toque,63.0,13.2,21.3,Misto,13.4,237.0,Colheita,6.0,121.0,10.8,51.0,Manha,1
1261,2026-03-09 16:17:00,EQ-019,Barreiras,89.5,23.6,37.4,Argiloso,10.1,950.0,Pulverizacao,4.0,136.0,6.5,113.0,Tarde,1
1262,2026-03-09 16:17:00,EQ-023,Barreiras,75.0,19.6,39.4,Argiloso,10.1,478.0,Plantio,2.0,69.0,3.1,67.0,Manha,1
1263,2026-03-09 16:27:00,EQ-007,Barreiras,43.9,23.7,29.0,Arenoso,14.1,242.0,Plantio,4.0,97.0,5.6,107.0,Tarde,0
1264,2026-03-09 16:33:00,EQ-038,Nao-Me-Toque,39.3,34.8,35.0,Arenoso,8.7,356.0,Transporte,4.0,129.0,7.4,43.0,Noite,0
1265,2026-03-09 16:44:00,EQ-011,Lucas do Rio Verde,48.9,38.8,34.1,Misto,7.0,562.0,Transporte,12.0,146.0,9.2,84.0,Tarde,0
1266,2026-03-09 16:57:00,EQ-036,Sorriso,24.8,66.2,28.6,Misto,9.0,591.0,Plantio,2.0,99.0,6.0,86.0,Manha,0
1267,2026-03-09 17:09:00,EQ-025,Sorriso,71.4,28.7,32.3,Misto,17.8,879.0,Transporte,10.0,433.0,4.8,68.0,Tarde,1
1268,2026-03-09 17:15:00,EQ-017,Cascavel,54.8,5.0,32.6,Argiloso,13.3,202.0,Plantio,6.0,210.0,9.5,97.0,Noite,0
1269,2026-03-09 17:32:00,EQ-002,Lucas do Rio Verde,50.1,15.7,15.5,Argiloso,4.9,1095.0,Colheita,5.0,164.0,10.2,57.0,Manha,0
1270,2026-03-09 17:40:00,EQ-006,Cascavel,38.4,3.5,30.0,Argiloso,9.5,2000.0,Transporte,9.0,96.0,9.5,79.0,Noite,0
1271,2026-03-09 17:41:00,EQ-008,Nao-Me-Toque,47.1,110.7,31.0,Misto,8.8,584.0,Plantio,10.0,125.0,6.8,59.0,Manha,0
1272,2026-03-09 17:42:00,EQ-019,Lucas do Rio Verde,63.6,24.3,28.7,Encharcado,12.0,1098.0,Plantio,3.0,322.0,9.6,73.0,Tarde,1
1273,2026-03-09 17:56:00,EQ-036,Sorriso,35.8,36.8,32.5,Arenoso,23.5,669.0,Transporte,21.0,134.0,6.9,81.0,Manha,1
1274,2026-03-09 18:01:00,EQ-015,Rio Verde,81.8,23.3,19.9,Arenoso,16.5,930.0,Pulverizacao,10.0,600.0,8.6,88.0,Tarde,1
1275,2026-03-09 18:08:00,EQ-022,Lucas do Rio Verde,45.8,50.6,42.4,Arenoso,13.9,1355.0,Colheita,1.0,204.0,11.0,78.0,Manha,0
1276,2026-03-09 18:16:00,EQ-010,Cascavel,41.5,58.9,30.9,Encharcado,19.3,850.0,Pulverizacao,7.0,239.0,6.7,55.0,Noite,0
1277,2026-03-09 19:38:00,EQ-013,Rio Verde,51.2,35.7,28.6,Misto,19.2,168.0,Pulverizacao,8.0,138.0,7.9,69.0,Noite,0
1278,2026-03-09 19:50:00,EQ-014,Cascavel,30.8,22.7,28.1,Arenoso,13.5,908.0,Plantio,8.0,186.0,6.6,60.0,Noite,0
1279,2026-03-09 20:11:00,EQ-015,Barreiras,39.7,20.7,22.1,Arenoso,6.6,517.0,Pulverizacao,5.0,222.0,11.0,64.0,Tarde,0
1280,2026-03-09 20:15:00,EQ-039,Barreiras,45.3,61.0,16.6,Argiloso,2.5,278.0,Transporte,1.0,84.0,10.0,76.0,Tarde,1
1281,2026-03-09 20:47:00,EQ-010,Barreiras,62.9,23.6,21.3,Encharcado,12.9,1086.0,Plantio,10.0,600.0,11.1,54.0,Tarde,0
1282,2026-03-09 20:54:00,EQ-020,Rio Verde,17.2,24.4,19.9,Arenoso,10.5,419.0,Colheita,4.0,116.0,8.9,81.0,Tarde,0
1283,2026-03-09 21:16:00,EQ-018,Cascavel,31.8,79.5,33.6,Encharcado,23.8,627.0,Colheita,4.0,220.0,9.6,85.0,Tarde,0
1284,2026-03-09 22:11:00,EQ-003,Lucas do Rio Verde,78.2,24.0,20.2,Encharcado,22.1,907.0,Colheita,4.0,226.0,6.0,99.0,Manha,1
1285,2026-03-09 22:33:00,EQ-029,Rio Verde,78.9,37.0,16.3,Argiloso,33.0,855.0,Transporte,9.0,300.0,11.5,103.0,Manha,1
1286,2026-03-10 00:37:00,EQ-039,Cascavel,72.4,10.1,40.6,Encharcado,9.9,772.0,Colheita,13.0,75.0,14.8,72.0,Manha,0
1287,2026-03-10 01:41:00,EQ-034,Sorriso,78.0,36.2,26.9,Encharcado,13.9,422.0,Transporte,2.0,305.0,7.0,103.0,Tarde,1
1288,2026-03-10 01:41:00,EQ-036,Cascavel,39.4,84.0,29.4,Arenoso,11.2,476.0,Colheita,4.0,187.0,9.2,96.0,Manha,0
1289,2026-03-10 01:52:00,EQ-033,Barreiras,56.7,52.4,29.8,Misto,11.5,434.0,Plantio,22.0,240.0,7.8,81.0,Tarde,0
1290,2026-03-10 02:21:00,EQ-009,Rio Verde,21.8,57.4,21.0,Encharcado,8.1,34.0,Pulverizacao,3.0,133.0,1.2,96.0,Manha,0
1291,2026-03-10 02:44:00,EQ-010,Cascavel,58.7,33.5,22.6,Arenoso,5.4,1827.0,Colheita,11.0,131.0,8.5,107.0,Tarde,1
1292,2026-03-10 03:02:00,EQ-005,Lucas do Rio Verde,61.8,84.3,31.8,Arenoso,14.5,113.0,Pulverizacao,3.0,600.0,10.0,54.0,Tarde,1
1293,2026-03-10 03:06:00,EQ-018,Sorriso,77.8,29.4,28.9,Misto,9.4,641.0,Pulverizacao,18.0,111.0,15.6,89.0,Manha,0
1294,2026-03-10 03:08:00,EQ-030,Rio Verde,25.7,31.8,39.2,Arenoso,13.7,1640.0,Colheita,11.0,107.0,5.1,82.0,Tarde,0
1295,2026-03-10 03:37:00,EQ-028,Lucas do Rio Verde,61.6,26.2,23.2,Argiloso,1.8,1047.0,Transporte,10.0,135.0,11.5,97.0,Noite,0
1296,2026-03-10 04:25:00,EQ-015,Rio Verde,36.3,19.3,23.3,Arenoso,1.6,1098.0,Pulverizacao,4.0,236.0,6.5,81.0,Manha,0
1297,2026-03-10 04:32:00,EQ-023,Barreiras,52.9,30.6,36.2,Argiloso,5.4,143.0,Colheita,1.0,178.0,12.2,96.0,Manha,0
1298,2026-03-10 04:36:00,EQ-015,Lucas do Rio Verde,57.2,33.3,31.1,Argiloso,2.3,840.0,Plantio,1.0,116.0,5.7,82.0,Manha,0
1299,2026-03-10 04:51:00,EQ-011,Rio Verde,80.9,5.7,31.5,Misto,6.0,736.0,Pulverizacao,5.0,85.0,4.0,118.0,Manha,0
1300,2026-03-10 05:25:00,EQ-020,Barreiras,81.1,35.5,39.0,Encharcado,6.6,1716.0,Colheita,13.0,293.0,8.1,68.0,Tarde,0
1301,2026-03-10 06:25:00,EQ-016,Barreiras,26.7,12.1,26.4,Misto,1.5,1221.0,Pulverizacao,10.0,144.0,9.5,68.0,Manha,0
1302,2026-03-10 07:56:00,EQ-025,Nao-Me-Toque,37.8,77.4,31.7,Encharcado,4.0,291.0,Colheita,13.0,144.0,5.9,95.0,Manha,1
1303,2026-03-10 08:15:00,EQ-008,Barreiras,35.0,14.9,21.3,Encharcado,12.9,543.0,Colheita,7.0,135.0,10.1,92.0,Manha,0
1304,2026-03-10 08:17:00,EQ-040,Sorriso,6.8,28.2,26.9,Argiloso,11.6,241.0,Colheita,2.0,296.0,12.4,73.0,Manha,1
1305,2026-03-10 08:26:00,EQ-001,Cascavel,38.4,28.5,25.2,Misto,8.6,1194.0,Colheita,2.0,40.0,7.6,76.0,Noite,0
1306,2026-03-10 08:39:00,EQ-024,Nao-Me-Toque,70.4,13.0,34.7,Argiloso,7.3,623.0,Transporte,20.0,141.0,10.5,107.0,Noite,0
1307,2026-03-10 09:11:00,EQ-031,Rio Verde,57.0,1.3,37.5,Arenoso,11.4,1095.0,Pulverizacao,6.0,402.0,5.5,85.0,Manha,0
1308,2026-03-10 09:28:00,EQ-026,Barreiras,62.6,28.2,26.6,Misto,11.0,336.0,Pulverizacao,3.0,90.0,9.3,74.0,Manha,1
1309,2026-03-10 10:09:00,EQ-004,Barreiras,86.5,25.6,25.2,Arenoso,15.3,318.0,Plantio,18.0,161.0,9.6,94.0,Manha,1
1310,2026-03-10 10:09:00,EQ-010,Nao-Me-Toque,51.9,4.7,24.6,Misto,10.8,515.0,Pulverizacao,10.0,448.0,14.4,60.0,Noite,0
1311,2026-03-10 10:23:00,EQ-027,Cascavel,52.7,9.5,29.0,Arenoso,9.0,1035.0,Plantio,4.0,332.0,0.5,104.0,Tarde,0
1312,2026-03-10 10:26:00,EQ-019,Rio Verde,65.7,34.3,14.8,Argiloso,21.8,228.0,Pulverizacao,10.0,229.0,2.6,75.0,Tarde,1
1313,2026-03-10 10:33:00,EQ-025,Nao-Me-Toque,41.2,30.8,29.8,Argiloso,1.7,367.0,Pulverizacao,8.0,121.0,7.3,96.0,Noite,0
1314,2026-03-10 10:38:00,EQ-026,Barreiras,60.6,49.1,29.8,Arenoso,8.8,778.0,Colheita,11.0,53.0,4.3,91.0,Tarde,0
1315,2026-03-10 10:55:00,EQ-005,Cascavel,54.8,4.6,32.3,Arenoso,8.4,596.0,Plantio,3.0,144.0,8.1,62.0,Tarde,0
1316,2026-03-10 10:58:00,EQ-001,Rio Verde,47.3,9.2,28.6,Argiloso,8.2,196.0,Colheita,5.0,67.0,2.8,87.0,Noite,0
1317,2026-03-10 11:10:00,EQ-014,Cascavel,46.1,28.3,26.7,Argiloso,10.5,1432.0,Plantio,3.0,183.0,8.0,77.0,Tarde,0
1318,2026-03-10 11:15:00,EQ-040,Nao-Me-Toque,34.8,19.6,25.8,Argiloso,2.5,476.0,Colheita,3.0,284.0,4.5,75.0,Tarde,0
1319,2026-03-10 11:18:00,EQ-003,Rio Verde,44.6,28.7,14.7,Argiloso,2.5,520.0,Colheita,5.0,410.0,10.4,94.0,Tarde,1
1320,2026-03-10 11:44:00,EQ-021,Cascavel,27.0,47.5,20.7,Argiloso,7.7,258.0,Colheita,13.0,144.0,13.1,91.0,Tarde,0
1321,2026-03-10 11:52:00,EQ-026,Sorriso,47.6,32.8,34.8,Encharcado,5.5,298.0,Plantio,2.0,317.0,5.9,64.0,Manha,0
1322,2026-03-10 12:01:00,EQ-019,Barreiras,69.6,89.4,26.8,Misto,12.2,687.0,Colheita,4.0,149.0,8.2,40.0,Manha,0
1323,2026-03-10 12:23:00,EQ-029,Cascavel,38.7,31.2,29.6,Encharcado,20.8,775.0,Pulverizacao,2.0,203.0,5.4,65.0,Manha,0
1324,2026-03-10 12:54:00,EQ-011,Rio Verde,36.0,59.5,30.3,Misto,20.0,766.0,Colheita,4.0,151.0,1.6,62.0,Tarde,0
1325,2026-03-10 13:01:00,EQ-036,Rio Verde,53.3,23.0,37.9,Argiloso,3.8,940.0,Colheita,0.0,168.0,8.2,104.0,Noite,0
1326,2026-03-10 13:04:00,EQ-033,Barreiras,56.6,38.1,19.6,Misto,20.0,535.0,Colheita,3.0,157.0,8.6,88.0,Manha,0
1327,2026-03-10 13:24:00,EQ-022,Rio Verde,25.7,60.1,31.0,Argiloso,4.5,753.0,Plantio,6.0,407.0,3.9,105.0,Manha,0
1328,2026-03-10 13:25:00,EQ-032,Nao-Me-Toque,69.7,51.0,25.8,Arenoso,17.4,374.0,Pulverizacao,6.0,307.0,10.4,75.0,Manha,1
1329,2026-03-10 13:29:00,EQ-008,Sorriso,40.3,34.8,12.1,Arenoso,4.3,171.0,Plantio,8.0,142.0,1.6,87.0,Noite,0
1330,2026-03-10 14:22:00,EQ-022,Sorriso,61.3,19.7,27.5,Argiloso,13.3,1073.0,Colheita,6.0,160.0,12.8,91.0,Tarde,0
1331,2026-03-10 14:24:00,EQ-006,Lucas do Rio Verde,75.1,16.1,29.6,Misto,2.2,1090.0,Colheita,10.0,289.0,11.4,70.0,Tarde,0
1332,2026-03-10 15:18:00,EQ-017,Sorriso,22.6,23.8,24.3,Encharcado,11.7,800.0,Colheita,3.0,153.0,6.7,80.0,Manha,0
1333,2026-03-10 15:22:00,EQ-035,Lucas do Rio Verde,73.0,26.6,20.1,Arenoso,17.6,241.0,Colheita,6.0,148.0,7.0,65.0,Manha,1
1334,2026-03-10 15:56:00,EQ-038,Lucas do Rio Verde,98.1,23.2,21.7,Arenoso,13.2,491.0,Colheita,5.0,236.0,13.6,75.0,Manha,0
1335,2026-03-10 15:58:00,EQ-010,Sorriso,55.2,18.1,25.5,Arenoso,6.8,247.0,Colheita,4.0,67.0,5.3,80.0,Tarde,0
1336,2026-03-10 16:15:00,EQ-037,Barreiras,40.0,8.5,21.8,Misto,14.2,539.0,Plantio,9.0,166.0,10.7,89.0,Manha,0
1337,2026-03-10 16:23:00,EQ-014,Lucas do Rio Verde,69.4,39.6,25.8,Arenoso,4.6,628.0,Plantio,9.0,80.0,9.6,78.0,Manha,0
1338,2026-03-10 16:37:00,EQ-008,Rio Verde,77.4,6.5,19.4,Arenoso,6.1,702.0,Pulverizacao,7.0,600.0,6.1,81.0,Manha,0
1339,2026-03-10 16:58:00,EQ-004,Sorriso,25.6,55.9,30.5,Misto,26.6,2000.0,Colheita,1.0,142.0,8.9,97.0,Manha,0
1340,2026-03-10 17:06:00,EQ-020,Rio Verde,50.4,57.2,26.8,Argiloso,5.4,201.0,Pulverizacao,7.0,78.0,7.7,49.0,Tarde,0
1341,2026-03-10 17:32:00,EQ-040,Nao-Me-Toque,82.3,11.7,36.8,Misto,6.5,479.0,Pulverizacao,5.0,31.0,6.3,106.0,Tarde,1
1342,2026-03-10 18:11:00,EQ-026,Sorriso,45.9,49.3,19.9,Arenoso,3.4,240.0,Transporte,12.0,326.0,9.4,70.0,Noite,0
1343,2026-03-10 18:13:00,EQ-001,Sorriso,73.0,63.1,26.0,Misto,17.9,159.0,Colheita,19.0,117.0,14.4,72.0,Manha,1
1344,2026-03-10 18:20:00,EQ-038,Barreiras,62.4,7.9,18.5,Arenoso,12.3,213.0,Pulverizacao,6.0,148.0,6.6,84.0,Manha,1
1345,2026-03-10 18:23:00,EQ-036,Nao-Me-Toque,42.8,7.3,26.0,Misto,26.9,81.0,Colheita,7.0,299.0,8.2,48.0,Noite,0
1346,2026-03-10 18:53:00,EQ-003,Nao-Me-Toque,63.0,22.8,23.8,Argiloso,3.5,878.0,Pulverizacao,2.0,105.0,6.4,80.0,Tarde,0
1347,2026-03-10 18:54:00,EQ-027,Nao-Me-Toque,37.6,5.7,30.0,Misto,8.3,1510.0,Plantio,4.0,189.0,5.7,69.0,Tarde,0
1348,2026-03-10 19:11:00,EQ-013,Sorriso,62.3,10.3,14.1,Misto,8.0,181.0,Pulverizacao,3.0,121.0,6.5,74.0,Manha,1
1349,2026-03-10 19:47:00,EQ-028,Sorriso,47.4,25.6,33.8,Misto,9.6,927.0,Plantio,13.0,18.0,11.2,79.0,Noite,0
1350,2026-03-10 20:30:00,EQ-009,Sorriso,62.3,19.2,34.0,Encharcado,18.2,378.0,Colheita,3.0,71.0,10.7,79.0,Manha,1
1351,2026-03-10 20:50:00,EQ-023,Cascavel,26.9,64.4,28.0,Misto,8.9,962.0,Plantio,12.0,324.0,2.6,54.0,Tarde,0
1352,2026-03-10 21:04:00,EQ-001,Rio Verde,46.1,52.7,25.6,Argiloso,6.2,411.0,Pulverizacao,2.0,280.0,5.7,73.0,Tarde,0
1353,2026-03-10 21:10:00,EQ-002,Lucas do Rio Verde,42.2,24.1,25.2,Argiloso,6.6,283.0,Colheita,16.0,113.0,5.3,70.0,Tarde,1
1354,2026-03-10 21:10:00,EQ-017,Nao-Me-Toque,40.9,30.7,30.5,Encharcado,4.9,887.0,Colheita,1.0,353.0,11.9,93.0,Tarde,0
1355,2026-03-10 22:04:00,EQ-032,Sorriso,56.8,68.6,22.4,Arenoso,11.1,932.0,Transporte,18.0,189.0,12.7,66.0,Tarde,0
1356,2026-03-10 22:20:00,EQ-029,Lucas do Rio Verde,34.0,73.1,30.1,Encharcado,12.0,573.0,Colheita,4.0,231.0,14.3,79.0,Tarde,1
1357,2026-03-10 22:31:00,EQ-036,Barreiras,64.4,14.2,34.7,Argiloso,9.5,429.0,Pulverizacao,10.0,95.0,12.1,81.0,Tarde,0
1358,2026-03-10 22:32:00,EQ-024,Lucas do Rio Verde,50.0,14.7,38.7,Misto,7.8,907.0,Pulverizacao,10.0,75.0,6.4,87.0,Tarde,0
1359,2026-03-10 23:00:00,EQ-035,Sorriso,38.5,31.5,17.6,Arenoso,12.0,1160.0,Colheita,6.0,401.0,5.8,94.0,Manha,0
1360,2026-03-10 23:07:00,EQ-011,Nao-Me-Toque,44.8,86.7,21.9,Misto,2.3,192.0,Colheita,1.0,87.0,8.9,80.0,Manha,0
1361,2026-03-10 23:08:00,EQ-001,Rio Verde,100.0,85.6,35.8,Argiloso,0.8,621.0,Plantio,4.0,270.0,7.1,65.0,Manha,1
1362,2026-03-10 23:09:00,EQ-025,Barreiras,65.3,10.7,32.0,Argiloso,3.1,639.0,Pulverizacao,3.0,42.0,5.6,64.0,Tarde,0
1363,2026-03-10 23:36:00,EQ-039,Rio Verde,57.0,29.2,32.6,Arenoso,18.0,308.0,Transporte,12.0,120.0,7.8,95.0,Tarde,0
1364,2026-03-10 23:50:00,EQ-007,Barreiras,39.7,78.4,39.4,Encharcado,3.6,2000.0,Plantio,9.0,250.0,10.1,120.0,Tarde,0
1365,2026-03-11 00:32:00,EQ-006,Barreiras,70.8,26.4,27.9,Arenoso,5.7,1319.0,Plantio,5.0,432.0,6.1,40.0,Manha,1
1366,2026-03-11 01:12:00,EQ-003,Barreiras,63.3,16.9,26.6,Encharcado,5.5,1142.0,Transporte,1.0,204.0,5.6,54.0,Manha,0
1367,2026-03-11 01:12:00,EQ-038,Nao-Me-Toque,87.9,23.6,28.1,Encharcado,1.7,859.0,Plantio,8.0,240.0,6.9,112.0,Manha,0
1368,2026-03-11 01:48:00,EQ-008,Sorriso,33.3,52.7,21.0,Encharcado,21.8,512.0,Pulverizacao,9.0,402.0,13.6,54.0,Manha,0
1369,2026-03-11 01:57:00,EQ-023,Cascavel,26.5,19.0,27.7,Encharcado,16.7,690.0,Plantio,12.0,124.0,3.3,59.0,Manha,0
1370,2026-03-11 02:02:00,EQ-030,Lucas do Rio Verde,62.9,17.7,28.7,Encharcado,16.2,296.0,Plantio,8.0,220.0,10.7,86.0,Noite,1
1371,2026-03-11 02:03:00,EQ-036,Rio Verde,47.9,30.2,25.2,Misto,13.6,659.0,Plantio,2.0,292.0,2.8,107.0,Tarde,0
1372,2026-03-11 02:09:00,EQ-024,Lucas do Rio Verde,100.0,48.6,29.3,Argiloso,9.1,436.0,Colheita,12.0,297.0,7.8,81.0,Tarde,1
1373,2026-03-11 02:22:00,EQ-011,Nao-Me-Toque,5.0,30.4,20.3,Arenoso,2.9,769.0,Transporte,7.0,148.0,6.9,84.0,Manha,0
1374,2026-03-11 02:30:00,EQ-023,Sorriso,75.2,14.3,30.6,Misto,3.7,524.0,Plantio,25.0,147.0,5.7,46.0,Tarde,0
1375,2026-03-11 02:50:00,EQ-026,Barreiras,82.2,6.6,23.0,Argiloso,14.6,552.0,Plantio,6.0,115.0,11.4,71.0,Tarde,1
1376,2026-03-11 02:53:00,EQ-027,Barreiras,25.1,22.9,29.6,Encharcado,3.5,1536.0,Colheita,3.0,162.0,10.8,43.0,Manha,0
1377,2026-03-11 03:02:00,EQ-009,Cascavel,51.5,28.0,21.8,Arenoso,3.9,456.0,Transporte,8.0,170.0,8.3,74.0,Noite,1
1378,2026-03-11 03:19:00,EQ-038,Barreiras,38.9,76.1,21.5,Argiloso,18.1,294.0,Colheita,9.0,85.0,9.8,85.0,Manha,1
1379,2026-03-11 03:19:00,EQ-037,Barreiras,54.3,43.9,21.2,Arenoso,7.5,426.0,Plantio,13.0,15.0,13.6,50.0,Manha,0
1380,2026-03-11 03:46:00,EQ-004,Sorriso,29.7,53.7,35.4,Argiloso,8.2,679.0,Colheita,4.0,114.0,10.9,76.0,Manha,1
1381,2026-03-11 03:46:00,EQ-004,Cascavel,30.5,20.6,13.6,Encharcado,3.0,922.0,Plantio,6.0,21.0,7.5,63.0,Manha,0
1382,2026-03-11 04:06:00,EQ-023,Lucas do Rio Verde,27.0,43.1,34.3,Misto,6.3,408.0,Colheita,2.0,200.0,4.5,100.0,Noite,0
1383,2026-03-11 04:20:00,EQ-007,Nao-Me-Toque,29.8,12.8,35.7,Argiloso,23.0,360.0,Transporte,7.0,91.0,3.5,83.0,Manha,0
1384,2026-03-11 04:29:00,EQ-021,Lucas do Rio Verde,53.2,6.0,34.0,Misto,16.6,412.0,Colheita,3.0,367.0,14.3,92.0,Tarde,0
1385,2026-03-11 05:36:00,EQ-019,Rio Verde,68.2,28.1,16.7,Argiloso,4.9,1748.0,Colheita,9.0,153.0,5.9,56.0,Tarde,0
1386,2026-03-11 06:02:00,EQ-039,Rio Verde,36.6,90.3,23.7,Arenoso,17.7,2000.0,Pulverizacao,19.0,269.0,11.5,74.0,Tarde,0
1387,2026-03-11 06:03:00,EQ-010,Rio Verde,19.8,44.8,29.3,Misto,45.0,1072.0,Pulverizacao,9.0,105.0,6.6,74.0,Tarde,0
1388,2026-03-11 06:44:00,EQ-019,Sorriso,35.9,36.8,36.1,Encharcado,4.9,1011.0,Pulverizacao,25.0,67.0,12.5,71.0,Noite,1
1389,2026-03-11 06:46:00,EQ-032,Sorriso,92.1,52.7,35.4,Encharcado,45.0,780.0,Transporte,3.0,302.0,7.6,94.0,Manha,1
1390,2026-03-11 07:52:00,EQ-003,Lucas do Rio Verde,73.5,32.0,36.0,Encharcado,15.6,488.0,Pulverizacao,12.0,310.0,11.6,74.0,Manha,1
1391,2026-03-11 08:29:00,EQ-036,Sorriso,38.8,31.0,27.9,Encharcado,4.8,854.0,Colheita,9.0,190.0,6.3,94.0,Manha,0
1392,2026-03-11 08:34:00,EQ-032,Sorriso,90.7,16.4,20.6,Misto,20.0,280.0,Pulverizacao,4.0,177.0,13.4,71.0,Manha,1
1393,2026-03-11 08:56:00,EQ-004,Rio Verde,29.4,132.6,23.9,Arenoso,10.9,326.0,Colheita,7.0,69.0,11.4,40.0,Manha,0
1394,2026-03-11 09:10:00,EQ-025,Lucas do Rio Verde,56.8,22.2,19.5,Arenoso,16.3,1295.0,Colheita,2.0,180.0,11.1,84.0,Manha,0
1395,2026-03-11 09:28:00,EQ-024,Cascavel,23.3,19.7,35.1,Misto,22.0,562.0,Plantio,4.0,119.0,4.6,76.0,Manha,0
1396,2026-03-11 09:45:00,EQ-005,Lucas do Rio Verde,23.8,16.3,25.0,Arenoso,12.9,1885.0,Plantio,2.0,332.0,10.4,80.0,Manha,0
1397,2026-03-11 10:22:00,EQ-002,Rio Verde,81.6,16.7,37.2,Misto,15.3,464.0,Colheita,9.0,160.0,9.2,83.0,Noite,1
1398,2026-03-11 10:59:00,EQ-027,Lucas do Rio Verde,67.6,33.5,28.0,Argiloso,7.6,1058.0,Colheita,16.0,286.0,5.7,83.0,Manha,1
1399,2026-03-11 11:05:00,EQ-028,Lucas do Rio Verde,64.7,82.1,24.7,Encharcado,5.9,410.0,Transporte,14.0,117.0,3.5,59.0,Noite,1
1400,2026-03-11 11:15:00,EQ-030,Cascavel,44.2,6.3,28.4,Arenoso,13.7,1479.0,Transporte,10.0,146.0,9.3,100.0,Manha,0
1401,2026-03-11 11:24:00,EQ-006,Cascavel,61.5,69.8,25.1,Misto,5.1,180.0,Pulverizacao,1.0,90.0,10.0,100.0,Tarde,0
1402,2026-03-11 11:24:00,EQ-031,Rio Verde,60.0,33.6,24.0,Misto,5.7,92.0,Pulverizacao,17.0,100.0,9.9,93.0,Noite,1
1403,2026-03-11 11:30:00,EQ-021,Lucas do Rio Verde,79.3,18.0,42.4,Arenoso,11.6,259.0,Colheita,18.0,201.0,7.8,108.0,Manha,1
1404,2026-03-11 11:35:00,EQ-010,Lucas do Rio Verde,65.2,41.1,25.8,Misto,4.8,1000.0,Pulverizacao,7.0,293.0,10.9,103.0,Noite,1
1405,2026-03-11 11:50:00,EQ-034,Nao-Me-Toque,45.1,37.6,30.4,Misto,16.1,1207.0,Plantio,1.0,600.0,4.0,57.0,Manha,0
1406,2026-03-11 12:09:00,EQ-009,Sorriso,86.9,13.2,25.1,Arenoso,6.6,1350.0,Plantio,12.0,84.0,9.9,95.0,Tarde,0
1407,2026-03-11 12:26:00,EQ-013,Sorriso,36.9,15.7,28.4,Misto,4.8,665.0,Transporte,25.0,85.0,3.1,48.0,Tarde,0
1408,2026-03-11 13:19:00,EQ-019,Sorriso,51.6,12.4,16.6,Argiloso,12.9,852.0,Colheita,6.0,327.0,9.4,88.0,Tarde,0
1409,2026-03-11 14:23:00,EQ-040,Lucas do Rio Verde,89.4,19.7,28.3,Misto,13.0,585.0,Plantio,3.0,193.0,10.0,76.0,Tarde,1
1410,2026-03-11 14:43:00,EQ-012,Rio Verde,56.6,14.7,34.3,Misto,15.9,989.0,Plantio,15.0,280.0,11.0,89.0,Manha,0
1411,2026-03-11 15:35:00,EQ-034,Barreiras,61.6,2.9,27.8,Arenoso,9.3,486.0,Plantio,11.0,196.0,4.2,66.0,Manha,0
1412,2026-03-11 15:47:00,EQ-033,Rio Verde,53.2,37.1,27.2,Argiloso,8.4,203.0,Plantio,12.0,125.0,9.3,114.0,Tarde,0
1413,2026-03-11 16:46:00,EQ-006,Cascavel,70.0,47.8,28.8,Misto,24.7,244.0,Pulverizacao,5.0,286.0,8.9,93.0,Manha,1
1414,2026-03-11 16:50:00,EQ-020,Nao-Me-Toque,22.6,78.3,30.8,Argiloso,16.5,751.0,Pulverizacao,6.0,227.0,15.8,68.0,Manha,0
1415,2026-03-11 16:52:00,EQ-014,Lucas do Rio Verde,39.0,30.0,27.9,Arenoso,9.2,962.0,Transporte,10.0,59.0,11.4,99.0,Manha,0
1416,2026-03-11 17:10:00,EQ-004,Lucas do Rio Verde,55.1,11.2,39.6,Arenoso,18.1,1069.0,Transporte,7.0,42.0,10.3,106.0,Tarde,0
1417,2026-03-11 17:50:00,EQ-032,Lucas do Rio Verde,40.3,41.9,17.8,Misto,6.5,283.0,Transporte,18.0,348.0,5.0,97.0,Tarde,1
1418,2026-03-11 17:57:00,EQ-014,Nao-Me-Toque,67.0,34.3,27.3,Arenoso,17.6,302.0,Pulverizacao,12.0,341.0,8.2,73.0,Tarde,1
1419,2026-03-11 18:01:00,EQ-001,Barreiras,72.1,3.4,17.5,Arenoso,14.4,385.0,Plantio,10.0,307.0,3.3,56.0,Tarde,0
1420,2026-03-11 18:11:00,EQ-013,Cascavel,65.1,5.4,32.4,Arenoso,13.8,380.0,Pulverizacao,6.0,84.0,7.5,84.0,Noite,1
1421,2026-03-11 18:36:00,EQ-038,Cascavel,20.1,22.2,28.5,Argiloso,5.8,137.0,Colheita,4.0,400.0,1.8,96.0,Manha,0
1422,2026-03-11 19:21:00,EQ-037,Barreiras,16.3,42.9,27.5,Encharcado,1.0,1633.0,Colheita,9.0,215.0,4.6,83.0,Manha,0
1423,2026-03-11 19:30:00,EQ-012,Sorriso,62.9,71.9,26.8,Misto,10.6,952.0,Plantio,8.0,123.0,8.9,79.0,Noite,0
1424,2026-03-11 20:39:00,EQ-002,Barreiras,30.8,34.7,30.8,Misto,2.5,302.0,Plantio,15.0,600.0,4.8,69.0,Tarde,0
1425,2026-03-11 21:13:00,EQ-024,Nao-Me-Toque,54.2,30.0,27.6,Misto,25.3,246.0,Transporte,3.0,144.0,10.6,77.0,Noite,0
1426,2026-03-11 22:24:00,EQ-007,Cascavel,38.6,17.4,34.3,Arenoso,13.1,1104.0,Colheita,4.0,133.0,4.9,55.0,Manha,0
1427,2026-03-11 23:04:00,EQ-023,Rio Verde,41.4,14.1,40.1,Arenoso,7.4,279.0,Plantio,8.0,208.0,7.0,101.0,Tarde,0
1428,2026-03-11 23:06:00,EQ-040,Nao-Me-Toque,61.6,17.9,17.7,Misto,1.7,452.0,Pulverizacao,11.0,58.0,8.4,91.0,Tarde,1
1429,2026-03-11 23:14:00,EQ-008,Barreiras,45.1,58.2,14.8,Misto,2.3,327.0,Plantio,3.0,272.0,9.5,118.0,Tarde,1
1430,2026-03-12 00:13:00,EQ-029,Lucas do Rio Verde,59.0,32.1,18.1,Arenoso,12.3,1201.0,Colheita,11.0,187.0,8.7,60.0,Tarde,0
1431,2026-03-12 00:25:00,EQ-029,Cascavel,63.0,54.3,23.8,Misto,6.1,482.0,Pulverizacao,12.0,61.0,8.6,69.0,Tarde,1
1432,2026-03-12 00:38:00,EQ-028,Sorriso,62.8,11.2,30.1,Argiloso,12.5,782.0,Colheita,4.0,61.0,5.6,84.0,Manha,0
1433,2026-03-12 00:40:00,EQ-020,Nao-Me-Toque,69.6,71.2,26.6,Misto,10.2,723.0,Colheita,11.0,71.0,9.6,95.0,Noite,1
1434,2026-03-12 00:44:00,EQ-035,Sorriso,35.9,50.5,40.0,Misto,4.4,144.0,Transporte,5.0,209.0,8.4,84.0,Noite,0
1435,2026-03-12 00:48:00,EQ-031,Sorriso,40.7,18.8,24.4,Misto,25.8,537.0,Plantio,3.0,384.0,9.9,76.0,Manha,0
1436,2026-03-12 01:13:00,EQ-032,Cascavel,58.2,56.5,21.3,Encharcado,14.6,562.0,Pulverizacao,5.0,36.0,10.3,101.0,Tarde,1
1437,2026-03-12 01:19:00,EQ-020,Nao-Me-Toque,42.0,17.7,33.4,Misto,8.2,252.0,Pulverizacao,6.0,92.0,8.7,113.0,Manha,0
1438,2026-03-12 01:25:00,EQ-002,Cascavel,42.8,37.8,17.6,Misto,5.3,610.0,Pulverizacao,5.0,87.0,7.9,80.0,Tarde,0
1439,2026-03-12 01:31:00,EQ-015,Rio Verde,52.2,38.5,32.4,Argiloso,12.4,774.0,Pulverizacao,8.0,98.0,10.9,81.0,Manha,0
1440,2026-03-12 01:35:00,EQ-020,Barreiras,58.8,29.9,37.2,Misto,1.6,246.0,Pulverizacao,25.0,62.0,2.6,78.0,Manha,0
1441,2026-03-12 02:02:00,EQ-034,Sorriso,52.6,3.8,32.2,Encharcado,5.9,1022.0,Pulverizacao,3.0,479.0,13.0,91.0,Manha,0
1442,2026-03-12 02:15:00,EQ-018,Barreiras,68.1,1.2,27.0,Misto,12.0,649.0,Transporte,14.0,123.0,9.4,84.0,Tarde,0
1443,2026-03-12 02:20:00,EQ-036,Lucas do Rio Verde,56.2,4.7,24.4,Misto,3.9,440.0,Pulverizacao,19.0,197.0,7.6,98.0,Manha,1
1444,2026-03-12 02:22:00,EQ-016,Rio Verde,39.5,32.4,38.2,Encharcado,5.4,544.0,Plantio,8.0,85.0,6.7,43.0,Manha,0
1445,2026-03-12 03:10:00,EQ-027,Nao-Me-Toque,58.1,10.2,28.8,Misto,11.5,747.0,Colheita,8.0,34.0,6.4,95.0,Manha,0
1446,2026-03-12 03:43:00,EQ-015,Nao-Me-Toque,47.5,33.1,26.1,Argiloso,8.0,1221.0,Pulverizacao,7.0,242.0,6.7,71.0,Tarde,0
1447,2026-03-12 04:04:00,EQ-020,Cascavel,31.9,25.9,35.0,Misto,16.5,1038.0,Colheita,20.0,72.0,7.8,79.0,Noite,0
1448,2026-03-12 04:22:00,EQ-023,Barreiras,41.6,18.9,24.8,Arenoso,11.3,1577.0,Colheita,2.0,243.0,6.4,77.0,Tarde,0
1449,2026-03-12 04:53:00,EQ-037,Nao-Me-Toque,48.6,14.1,28.8,Misto,7.3,146.0,Colheita,11.0,44.0,6.3,79.0,Noite,0
1450,2026-03-12 04:57:00,EQ-016,Sorriso,48.0,113.8,20.5,Arenoso,9.3,823.0,Pulverizacao,5.0,114.0,9.5,78.0,Manha,0
1451,2026-03-12 05:50:00,EQ-037,Nao-Me-Toque,54.8,41.4,25.0,Encharcado,5.4,148.0,Transporte,11.0,343.0,3.1,78.0,Manha,1
1452,2026-03-12 06:02:00,EQ-038,Nao-Me-Toque,60.8,13.0,27.6,Misto,10.6,507.0,Pulverizacao,2.0,9.0,11.3,81.0,Manha,1
1453,2026-03-12 06:11:00,EQ-037,Lucas do Rio Verde,64.2,31.0,26.4,Misto,14.3,512.0,Transporte,15.0,170.0,3.0,112.0,Tarde,1
1454,2026-03-12 06:13:00,EQ-004,Lucas do Rio Verde,89.6,67.2,26.9,Arenoso,16.3,477.0,Colheita,5.0,121.0,6.7,72.0,Manha,1
1455,2026-03-12 06:54:00,EQ-001,Lucas do Rio Verde,38.8,59.6,32.4,Misto,13.1,990.0,Pulverizacao,2.0,226.0,9.2,96.0,Tarde,0
1456,2026-03-12 07:38:00,EQ-035,Lucas do Rio Verde,66.5,15.1,25.6,Encharcado,10.7,137.0,Colheita,3.0,600.0,8.4,75.0,Tarde,1
1457,2026-03-12 07:44:00,EQ-003,Barreiras,90.4,19.2,26.6,Arenoso,7.4,528.0,Transporte,7.0,524.0,7.5,61.0,Noite,1
1458,2026-03-12 07:57:00,EQ-001,Barreiras,56.3,12.5,28.1,Arenoso,1.2,127.0,Pulverizacao,1.0,6.0,8.0,77.0,Manha,0
1459,2026-03-12 08:11:00,EQ-002,Lucas do Rio Verde,16.7,9.5,33.4,Misto,6.8,530.0,Colheita,12.0,144.0,8.8,71.0,Tarde,0
1460,2026-03-12 08:16:00,EQ-003,Cascavel,60.2,48.5,27.1,Misto,4.3,507.0,Pulverizacao,5.0,124.0,5.6,95.0,Noite,0
1461,2026-03-12 08:31:00,EQ-005,Cascavel,65.6,37.2,23.7,Argiloso,15.0,180.0,Colheita,2.0,201.0,11.7,91.0,Tarde,1
1462,2026-03-12 08:47:00,EQ-001,Sorriso,5.0,5.5,25.2,Argiloso,7.1,1664.0,Colheita,6.0,106.0,4.1,40.0,Tarde,0
1463,2026-03-12 08:54:00,EQ-005,Rio Verde,70.0,19.7,35.6,Arenoso,13.2,403.0,Plantio,2.0,66.0,10.7,72.0,Noite,0
1464,2026-03-12 09:09:00,EQ-012,Rio Verde,59.9,19.1,35.2,Misto,9.3,596.0,Transporte,5.0,406.0,8.0,64.0,Tarde,1
1465,2026-03-12 10:08:00,EQ-031,Cascavel,100.0,24.5,30.6,Encharcado,13.9,68.0,Plantio,9.0,142.0,5.8,83.0,Manha,1
1466,2026-03-12 10:38:00,EQ-002,Nao-Me-Toque,77.1,85.2,32.3,Argiloso,11.6,335.0,Colheita,3.0,128.0,10.3,57.0,Manha,1
1467,2026-03-12 10:40:00,EQ-034,Sorriso,32.8,108.8,26.5,Arenoso,13.9,389.0,Colheita,2.0,255.0,7.7,93.0,Tarde,0
1468,2026-03-12 11:01:00,EQ-037,Nao-Me-Toque,53.9,40.6,23.2,Arenoso,18.6,514.0,Transporte,7.0,44.0,4.9,67.0,Tarde,0
1469,2026-03-12 12:28:00,EQ-008,Nao-Me-Toque,60.5,6.3,18.6,Arenoso,3.6,710.0,Colheita,4.0,306.0,5.8,68.0,Noite,0
1470,2026-03-12 13:00:00,EQ-001,Rio Verde,31.3,41.2,26.8,Arenoso,7.0,536.0,Plantio,21.0,86.0,5.8,91.0,Tarde,0
1471,2026-03-12 13:15:00,EQ-023,Cascavel,61.7,37.2,21.6,Misto,7.4,1721.0,Transporte,3.0,591.0,8.9,53.0,Manha,0
1472,2026-03-12 13:37:00,EQ-021,Rio Verde,56.6,32.5,30.6,Argiloso,12.5,524.0,Pulverizacao,5.0,337.0,7.1,79.0,Noite,0
1473,2026-03-12 13:51:00,EQ-013,Lucas do Rio Verde,81.3,42.1,25.4,Argiloso,20.4,318.0,Plantio,10.0,25.0,3.1,90.0,Manha,1
1474,2026-03-12 14:01:00,EQ-006,Lucas do Rio Verde,49.4,55.6,35.2,Arenoso,8.0,458.0,Transporte,5.0,61.0,10.6,59.0,Manha,0
1475,2026-03-12 14:08:00,EQ-028,Barreiras,71.4,14.8,20.4,Encharcado,1.6,143.0,Pulverizacao,6.0,77.0,10.9,95.0,Tarde,0
1476,2026-03-12 14:12:00,EQ-017,Cascavel,62.3,16.6,24.0,Encharcado,13.5,154.0,Colheita,5.0,135.0,13.0,56.0,Manha,1
1477,2026-03-12 14:26:00,EQ-010,Cascavel,69.0,57.2,25.7,Misto,6.2,743.0,Plantio,5.0,140.0,5.9,89.0,Noite,0
1478,2026-03-12 14:35:00,EQ-006,Barreiras,13.1,12.2,21.6,Misto,1.9,1200.0,Pulverizacao,9.0,36.0,10.2,87.0,Tarde,0
1479,2026-03-12 15:25:00,EQ-018,Rio Verde,90.2,17.5,23.3,Misto,11.9,152.0,Plantio,5.0,53.0,4.4,82.0,Noite,0
1480,2026-03-12 16:01:00,EQ-003,Cascavel,54.0,12.4,20.4,Argiloso,12.4,1257.0,Colheita,17.0,72.0,9.9,95.0,Tarde,1
1481,2026-03-12 16:13:00,EQ-035,Nao-Me-Toque,52.5,10.2,24.5,Argiloso,7.8,1192.0,Colheita,9.0,107.0,12.6,75.0,Manha,0
1482,2026-03-12 16:13:00,EQ-004,Cascavel,56.8,85.6,26.8,Argiloso,2.9,520.0,Transporte,20.0,52.0,7.1,65.0,Noite,1
1483,2026-03-12 16:14:00,EQ-023,Lucas do Rio Verde,15.5,40.4,28.5,Misto,6.2,525.0,Pulverizacao,6.0,162.0,4.0,85.0,Manha,0
1484,2026-03-12 16:29:00,EQ-010,Rio Verde,100.0,23.0,26.8,Misto,2.9,523.0,Plantio,2.0,325.0,8.0,88.0,Tarde,1
1485,2026-03-12 16:32:00,EQ-031,Cascavel,85.0,35.0,19.2,Argiloso,5.1,882.0,Colheita,12.0,227.0,11.0,59.0,Manha,0
1486,2026-03-12 16:46:00,EQ-023,Barreiras,41.0,44.4,17.5,Argiloso,7.4,884.0,Plantio,9.0,60.0,12.8,120.0,Manha,0
1487,2026-03-12 17:13:00,EQ-022,Barreiras,55.9,45.0,32.2,Argiloso,1.6,318.0,Transporte,6.0,103.0,10.6,120.0,Manha,0
1488,2026-03-12 17:15:00,EQ-005,Lucas do Rio Verde,37.8,13.6,26.4,Misto,5.2,409.0,Pulverizacao,4.0,584.0,7.0,54.0,Manha,0
1489,2026-03-12 17:33:00,EQ-021,Rio Verde,18.8,5.0,24.6,Misto,2.9,958.0,Colheita,12.0,40.0,3.4,78.0,Manha,0
1490,2026-03-12 18:03:00,EQ-012,Nao-Me-Toque,73.7,22.6,20.8,Encharcado,35.3,310.0,Plantio,4.0,450.0,5.5,80.0,Tarde,1
1491,2026-03-12 18:07:00,EQ-004,Cascavel,29.0,42.8,31.8,Arenoso,10.1,206.0,Colheita,1.0,132.0,5.9,73.0,Tarde,0
1492,2026-03-12 18:58:00,EQ-026,Barreiras,100.0,25.7,33.8,Arenoso,4.5,892.0,Plantio,5.0,33.0,6.9,92.0,Manha,0
1493,2026-03-12 19:01:00,EQ-012,Lucas do Rio Verde,60.7,7.2,26.8,Arenoso,5.0,218.0,Plantio,5.0,180.0,8.4,86.0,Noite,0
1494,2026-03-12 19:06:00,EQ-021,Barreiras,68.2,33.3,30.2,Arenoso,10.0,333.0,Transporte,13.0,585.0,7.7,75.0,Noite,1
1495,2026-03-12 19:08:00,EQ-001,Cascavel,40.0,21.2,28.6,Encharcado,7.8,331.0,Colheita,7.0,355.0,5.9,86.0,Tarde,0
1496,2026-03-12 19:48:00,EQ-026,Barreiras,78.9,10.3,38.1,Encharcado,19.3,779.0,Colheita,5.0,355.0,8.7,63.0,Tarde,0
1497,2026-03-12 20:27:00,EQ-024,Cascavel,36.0,32.3,33.7,Arenoso,5.5,737.0,Colheita,5.0,74.0,6.4,112.0,Manha,0
1498,2026-03-12 20:37:00,EQ-031,Sorriso,41.1,34.0,26.7,Misto,2.3,1406.0,Plantio,3.0,160.0,7.3,50.0,Tarde,0
1499,2026-03-12 21:04:00,EQ-015,Nao-Me-Toque,45.8,27.9,30.1,Misto,29.1,857.0,Plantio,2.0,225.0,6.1,91.0,Tarde,0
1500,2026-03-12 21:29:00,EQ-004,Nao-Me-Toque,55.2,11.7,18.7,Misto,22.8,1720.0,Pulverizacao,5.0,350.0,8.7,86.0,Manha,0
1501,2026-03-12 21:39:00,EQ-016,Nao-Me-Toque,90.6,65.8,25.4,Argiloso,7.7,693.0,Plantio,3.0,142.0,4.6,70.0,Tarde,0
1502,2026-03-12 22:24:00,EQ-013,Lucas do Rio Verde,45.2,43.3,32.3,Arenoso,9.3,2000.0,Colheita,16.0,85.0,4.1,72.0,Manha,0
1503,2026-03-12 22:32:00,EQ-029,Nao-Me-Toque,62.8,22.3,35.2,Encharcado,9.1,195.0,Transporte,4.0,22.0,15.0,82.0,Tarde,1
1504,2026-03-12 23:06:00,EQ-007,Barreiras,86.7,59.1,22.7,Misto,2.8,2000.0,Plantio,7.0,88.0,10.6,80.0,Manha,0
1505,2026-03-12 23:14:00,EQ-002,Rio Verde,78.8,57.4,29.4,Argiloso,6.8,421.0,Transporte,19.0,83.0,10.7,54.0,Manha,1
1506,2026-03-12 23:45:00,EQ-017,Lucas do Rio Verde,34.3,14.9,22.3,Misto,16.6,246.0,Colheita,10.0,125.0,10.1,69.0,Manha,0
1507,2026-03-12 23:52:00,EQ-025,Cascavel,33.7,25.6,25.8,Arenoso,3.4,462.0,Pulverizacao,5.0,219.0,7.6,101.0,Manha,0
1508,2026-03-13 01:10:00,EQ-027,Nao-Me-Toque,42.1,31.6,24.7,Arenoso,10.4,2000.0,Transporte,10.0,232.0,7.8,105.0,Noite,0
1509,2026-03-13 01:37:00,EQ-022,Barreiras,48.9,16.6,28.4,Arenoso,13.4,1514.0,Plantio,6.0,151.0,7.1,103.0,Manha,0
1510,2026-03-13 01:59:00,EQ-024,Cascavel,53.1,67.4,15.5,Argiloso,26.5,785.0,Pulverizacao,6.0,103.0,3.1,56.0,Manha,0
1511,2026-03-13 02:28:00,EQ-003,Barreiras,46.0,2.1,31.6,Misto,29.9,319.0,Plantio,4.0,348.0,12.2,75.0,Tarde,1
1512,2026-03-13 03:00:00,EQ-036,Cascavel,25.1,40.0,31.1,Misto,15.5,827.0,Transporte,5.0,70.0,12.1,101.0,Manha,0
1513,2026-03-13 03:43:00,EQ-026,Rio Verde,53.9,6.9,29.6,Misto,17.3,1927.0,Plantio,14.0,111.0,15.3,73.0,Manha,0
1514,2026-03-13 04:31:00,EQ-024,Rio Verde,99.9,34.9,22.3,Argiloso,7.8,392.0,Transporte,3.0,376.0,10.3,57.0,Tarde,1
1515,2026-03-13 05:00:00,EQ-009,Sorriso,82.8,62.9,28.6,Misto,18.5,429.0,Colheita,6.0,148.0,4.0,45.0,Manha,1
1516,2026-03-13 05:24:00,EQ-017,Barreiras,32.2,69.3,32.7,Misto,8.3,609.0,Pulverizacao,4.0,321.0,9.7,85.0,Manha,0
1517,2026-03-13 06:31:00,EQ-036,Sorriso,37.3,20.6,39.5,Argiloso,3.5,495.0,Colheita,10.0,401.0,6.2,87.0,Manha,0
1518,2026-03-13 07:06:00,EQ-039,Lucas do Rio Verde,65.8,84.4,31.3,Misto,23.3,945.0,Colheita,4.0,139.0,6.2,97.0,Tarde,0
1519,2026-03-13 07:06:00,EQ-010,Sorriso,68.6,53.4,32.3,Arenoso,5.5,1366.0,Pulverizacao,5.0,276.0,12.2,94.0,Noite,0
1520,2026-03-13 07:12:00,EQ-003,Rio Verde,44.0,26.1,27.7,Misto,4.5,1559.0,Colheita,10.0,379.0,3.3,82.0,Tarde,0
1521,2026-03-13 07:38:00,EQ-036,Nao-Me-Toque,60.9,28.1,25.6,Argiloso,11.8,366.0,Transporte,10.0,124.0,10.6,96.0,Tarde,1
1522,2026-03-13 07:44:00,EQ-010,Barreiras,77.3,8.6,24.1,Encharcado,6.8,604.0,Plantio,23.0,235.0,9.9,83.0,Tarde,1
1523,2026-03-13 07:59:00,EQ-009,Barreiras,72.3,98.0,24.9,Arenoso,17.7,193.0,Transporte,9.0,80.0,10.1,85.0,Noite,1
1524,2026-03-13 07:59:00,EQ-014,Nao-Me-Toque,20.9,31.2,18.1,Argiloso,9.1,391.0,Colheita,15.0,91.0,11.2,67.0,Noite,0
1525,2026-03-13 08:06:00,EQ-005,Rio Verde,37.2,19.2,23.8,Encharcado,8.7,623.0,Plantio,1.0,173.0,4.7,103.0,Manha,0
1526,2026-03-13 08:21:00,EQ-018,Nao-Me-Toque,77.0,5.4,33.6,Encharcado,13.0,1081.0,Transporte,1.0,143.0,12.3,65.0,Noite,1
1527,2026-03-13 08:22:00,EQ-014,Barreiras,77.0,20.4,17.3,Argiloso,8.1,692.0,Pulverizacao,10.0,244.0,7.8,118.0,Tarde,0
1528,2026-03-13 08:47:00,EQ-029,Lucas do Rio Verde,78.8,80.5,22.1,Arenoso,6.3,635.0,Plantio,4.0,229.0,6.0,102.0,Tarde,1
1529,2026-03-13 09:14:00,EQ-011,Lucas do Rio Verde,65.9,39.2,30.3,Misto,14.9,1593.0,Plantio,6.0,213.0,13.3,90.0,Manha,0
1530,2026-03-13 09:16:00,EQ-008,Cascavel,49.9,6.5,27.1,Misto,1.7,492.0,Plantio,8.0,162.0,11.1,81.0,Manha,0
1531,2026-03-13 09:20:00,EQ-039,Nao-Me-Toque,66.2,105.7,26.4,Argiloso,21.2,1393.0,Pulverizacao,12.0,120.0,12.1,85.0,Noite,1
1532,2026-03-13 09:25:00,EQ-008,Barreiras,71.9,13.2,28.1,Arenoso,2.2,850.0,Plantio,6.0,47.0,5.8,65.0,Manha,0
1533,2026-03-13 09:28:00,EQ-038,Nao-Me-Toque,51.6,56.8,41.3,Encharcado,4.1,1179.0,Transporte,12.0,152.0,6.5,110.0,Manha,1
1534,2026-03-13 09:38:00,EQ-037,Cascavel,25.9,20.1,37.1,Argiloso,4.3,224.0,Colheita,2.0,53.0,6.4,91.0,Noite,0
1535,2026-03-13 09:55:00,EQ-024,Sorriso,78.6,28.0,34.7,Misto,10.0,104.0,Colheita,14.0,71.0,8.0,89.0,Tarde,1
1536,2026-03-13 09:56:00,EQ-001,Sorriso,64.7,15.8,31.2,Misto,16.8,167.0,Plantio,11.0,102.0,8.1,40.0,Tarde,0
1537,2026-03-13 10:54:00,EQ-009,Cascavel,60.0,69.0,15.0,Argiloso,15.1,160.0,Pulverizacao,6.0,74.0,8.3,59.0,Tarde,1
1538,2026-03-13 10:59:00,EQ-030,Sorriso,83.6,97.5,23.7,Encharcado,3.4,879.0,Pulverizacao,14.0,182.0,7.1,76.0,Manha,1
1539,2026-03-13 11:04:00,EQ-021,Cascavel,55.9,31.3,30.7,Misto,3.8,2000.0,Colheita,13.0,108.0,8.9,79.0,Tarde,0
1540,2026-03-13 11:05:00,EQ-004,Rio Verde,52.4,34.0,33.1,Arenoso,41.5,674.0,Transporte,1.0,238.0,11.3,49.0,Tarde,0
1541,2026-03-13 11:09:00,EQ-032,Nao-Me-Toque,71.0,29.0,23.3,Misto,2.6,1028.0,Transporte,11.0,182.0,5.0,81.0,Manha,0
1542,2026-03-13 11:13:00,EQ-007,Nao-Me-Toque,71.6,27.4,37.1,Misto,12.0,1040.0,Colheita,7.0,121.0,4.6,45.0,Tarde,0
1543,2026-03-13 12:06:00,EQ-025,Sorriso,32.3,7.8,29.6,Arenoso,15.7,548.0,Plantio,5.0,80.0,1.3,40.0,Tarde,0
1544,2026-03-13 12:25:00,EQ-034,Barreiras,64.4,9.2,30.3,Arenoso,13.4,112.0,Plantio,4.0,53.0,2.3,78.0,Noite,0
1545,2026-03-13 12:32:00,EQ-025,Barreiras,56.8,25.9,29.8,Arenoso,13.7,188.0,Pulverizacao,9.0,178.0,9.9,49.0,Manha,0
1546,2026-03-13 12:36:00,EQ-034,Sorriso,100.0,18.3,28.1,Misto,13.1,1342.0,Pulverizacao,2.0,181.0,10.3,101.0,Manha,0
1547,2026-03-13 14:07:00,EQ-013,Lucas do Rio Verde,26.5,39.2,24.5,Arenoso,26.1,1221.0,Pulverizacao,6.0,345.0,4.4,81.0,Manha,0
1548,2026-03-13 14:28:00,EQ-034,Lucas do Rio Verde,42.6,22.6,25.8,Misto,40.0,756.0,Transporte,15.0,79.0,7.4,77.0,Tarde,1
1549,2026-03-13 15:20:00,EQ-024,Rio Verde,79.9,19.7,26.0,Misto,7.0,278.0,Plantio,4.0,194.0,2.9,71.0,Noite,0
1550,2026-03-13 15:27:00,EQ-010,Barreiras,60.5,29.8,23.6,Arenoso,12.2,169.0,Plantio,1.0,233.0,7.6,42.0,Tarde,1
1551,2026-03-13 15:35:00,EQ-027,Rio Verde,41.2,10.5,26.4,Arenoso,43.7,266.0,Plantio,13.0,93.0,9.2,70.0,Tarde,1
1552,2026-03-13 15:51:00,EQ-018,Barreiras,44.6,8.1,34.1,Argiloso,9.4,850.0,Plantio,9.0,76.0,9.5,99.0,Manha,0
1553,2026-03-13 16:10:00,EQ-009,Nao-Me-Toque,54.1,117.6,32.8,Arenoso,13.0,480.0,Pulverizacao,3.0,93.0,5.0,76.0,Manha,0
1554,2026-03-13 16:34:00,EQ-015,Nao-Me-Toque,34.8,17.0,30.7,Encharcado,12.4,155.0,Colheita,7.0,142.0,6.6,59.0,Tarde,0
1555,2026-03-13 17:07:00,EQ-019,Nao-Me-Toque,64.7,35.3,28.6,Argiloso,2.3,1138.0,Plantio,4.0,139.0,0.6,86.0,Tarde,0
1556,2026-03-13 17:16:00,EQ-027,Nao-Me-Toque,51.2,37.7,24.1,Arenoso,10.3,38.0,Colheita,10.0,375.0,4.9,88.0,Tarde,1
1557,2026-03-13 17:19:00,EQ-037,Barreiras,32.0,40.2,25.3,Arenoso,6.9,424.0,Pulverizacao,13.0,222.0,2.7,79.0,Tarde,0
1558,2026-03-13 17:41:00,EQ-037,Nao-Me-Toque,34.6,6.5,23.0,Misto,14.5,1268.0,Colheita,3.0,38.0,10.8,85.0,Tarde,0
1559,2026-03-13 17:48:00,EQ-007,Barreiras,34.0,26.3,24.8,Arenoso,3.2,447.0,Pulverizacao,1.0,91.0,10.7,79.0,Tarde,0
1560,2026-03-13 17:52:00,EQ-003,Nao-Me-Toque,41.7,5.6,41.7,Arenoso,8.6,375.0,Plantio,8.0,305.0,6.6,97.0,Tarde,0
1561,2026-03-13 17:58:00,EQ-007,Cascavel,79.9,9.9,28.5,Misto,5.1,1288.0,Plantio,1.0,23.0,11.6,91.0,Manha,0
1562,2026-03-13 18:20:00,EQ-028,Barreiras,58.6,61.9,30.1,Misto,15.1,400.0,Pulverizacao,5.0,96.0,11.5,68.0,Tarde,0
1563,2026-03-13 18:22:00,EQ-018,Nao-Me-Toque,79.6,65.5,27.8,Argiloso,10.0,1096.0,Pulverizacao,8.0,141.0,5.4,85.0,Manha,0
1564,2026-03-13 18:24:00,EQ-009,Nao-Me-Toque,36.5,35.7,28.5,Arenoso,9.8,625.0,Transporte,3.0,20.0,6.9,104.0,Tarde,0
1565,2026-03-13 18:51:00,EQ-033,Sorriso,60.5,97.8,21.4,Arenoso,4.4,276.0,Pulverizacao,16.0,163.0,7.9,86.0,Tarde,1
1566,2026-03-13 19:30:00,EQ-020,Sorriso,41.3,37.1,26.4,Misto,1.9,360.0,Transporte,2.0,369.0,6.2,65.0,Tarde,0
1567,2026-03-13 19:39:00,EQ-026,Rio Verde,65.7,21.4,25.5,Argiloso,30.0,597.0,Pulverizacao,2.0,137.0,7.6,120.0,Manha,1
1568,2026-03-13 19:39:00,EQ-003,Cascavel,50.2,20.7,33.4,Misto,12.3,709.0,Transporte,4.0,126.0,6.5,95.0,Manha,0
1569,2026-03-13 19:52:00,EQ-024,Barreiras,34.1,43.3,22.4,Arenoso,0.3,157.0,Colheita,11.0,24.0,5.8,84.0,Manha,1
1570,2026-03-13 20:45:00,EQ-031,Lucas do Rio Verde,54.2,32.4,19.1,Arenoso,1.9,1136.0,Plantio,10.0,385.0,9.4,80.0,Manha,0
1571,2026-03-13 20:56:00,EQ-010,Cascavel,63.4,11.6,21.3,Misto,16.0,282.0,Plantio,2.0,347.0,4.3,76.0,Tarde,1
1572,2026-03-13 20:57:00,EQ-015,Sorriso,29.0,18.2,29.0,Misto,8.7,789.0,Colheita,4.0,107.0,13.5,59.0,Tarde,0
1573,2026-03-13 21:43:00,EQ-025,Nao-Me-Toque,89.1,50.6,25.6,Argiloso,25.4,459.0,Pulverizacao,4.0,105.0,7.6,102.0,Manha,1
1574,2026-03-13 21:59:00,EQ-009,Lucas do Rio Verde,36.3,27.5,29.2,Misto,9.4,810.0,Pulverizacao,3.0,119.0,5.0,56.0,Manha,0
1575,2026-03-13 22:28:00,EQ-023,Cascavel,48.8,51.0,18.2,Misto,4.0,230.0,Transporte,5.0,256.0,5.3,86.0,Tarde,0
1576,2026-03-13 22:33:00,EQ-026,Sorriso,5.0,52.2,21.0,Argiloso,3.1,1359.0,Plantio,7.0,335.0,6.7,87.0,Tarde,0
1577,2026-03-13 22:38:00,EQ-003,Lucas do Rio Verde,60.6,22.8,20.5,Arenoso,5.5,947.0,Colheita,17.0,547.0,0.1,59.0,Tarde,1
1578,2026-03-13 23:10:00,EQ-014,Cascavel,71.8,29.8,28.5,Argiloso,7.6,1350.0,Plantio,8.0,93.0,7.1,120.0,Manha,0
1579,2026-03-13 23:13:00,EQ-035,Cascavel,58.9,44.6,28.5,Misto,15.4,320.0,Plantio,20.0,171.0,4.3,40.0,Noite,1
1580,2026-03-13 23:21:00,EQ-028,Nao-Me-Toque,84.6,39.0,28.4,Arenoso,36.5,1656.0,Colheita,10.0,102.0,3.7,75.0,Tarde,0
1581,2026-03-13 23:55:00,EQ-012,Barreiras,42.4,70.6,26.9,Misto,18.2,1929.0,Plantio,7.0,146.0,6.4,83.0,Manha,0
1582,2026-03-14 00:04:00,EQ-018,Barreiras,37.1,29.8,21.3,Misto,0.9,1302.0,Plantio,4.0,445.0,14.2,40.0,Manha,0
1583,2026-03-14 00:31:00,EQ-008,Sorriso,54.5,18.8,39.1,Misto,9.6,598.0,Pulverizacao,6.0,111.0,3.6,86.0,Noite,0
1584,2026-03-14 00:34:00,EQ-018,Nao-Me-Toque,89.1,55.8,29.1,Argiloso,9.2,379.0,Transporte,3.0,8.0,8.7,79.0,Manha,1
1585,2026-03-14 00:39:00,EQ-004,Rio Verde,54.0,21.4,27.9,Argiloso,23.2,309.0,Plantio,3.0,241.0,4.0,76.0,Noite,0
1586,2026-03-14 01:11:00,EQ-008,Rio Verde,53.1,37.3,26.2,Encharcado,9.8,189.0,Pulverizacao,3.0,119.0,10.2,94.0,Manha,0
1587,2026-03-14 01:11:00,EQ-002,Cascavel,61.4,145.6,39.0,Encharcado,2.5,349.0,Colheita,3.0,148.0,8.7,85.0,Noite,1
1588,2026-03-14 01:34:00,EQ-031,Sorriso,84.3,60.0,24.1,Arenoso,6.9,106.0,Plantio,6.0,85.0,12.6,87.0,Manha,1
1589,2026-03-14 01:40:00,EQ-014,Sorriso,57.0,31.2,38.4,Misto,4.0,2000.0,Colheita,2.0,70.0,8.0,61.0,Tarde,0
1590,2026-03-14 01:57:00,EQ-024,Barreiras,60.5,47.2,23.3,Misto,2.8,381.0,Transporte,13.0,118.0,11.6,84.0,Tarde,1
1591,2026-03-14 02:05:00,EQ-002,Barreiras,91.0,57.6,40.3,Misto,14.3,608.0,Colheita,3.0,112.0,0.8,64.0,Manha,0
1592,2026-03-14 02:44:00,EQ-009,Cascavel,56.7,43.2,22.4,Misto,18.9,997.0,Pulverizacao,25.0,205.0,9.6,89.0,Noite,0
1593,2026-03-14 03:10:00,EQ-036,Nao-Me-Toque,65.3,9.3,37.3,Misto,2.9,1035.0,Colheita,8.0,400.0,11.0,79.0,Tarde,0
1594,2026-03-14 03:14:00,EQ-030,Lucas do Rio Verde,73.9,20.8,15.1,Misto,5.5,924.0,Plantio,9.0,365.0,12.0,104.0,Noite,0
1595,2026-03-14 03:22:00,EQ-032,Lucas do Rio Verde,38.1,7.5,32.2,Arenoso,22.0,696.0,Plantio,6.0,78.0,11.3,90.0,Tarde,0
1596,2026-03-14 03:37:00,EQ-014,Rio Verde,56.1,58.4,32.3,Arenoso,13.1,414.0,Pulverizacao,11.0,138.0,8.7,69.0,Manha,0
1597,2026-03-14 03:38:00,EQ-036,Cascavel,34.1,7.5,22.2,Arenoso,10.7,698.0,Plantio,9.0,156.0,9.4,64.0,Noite,0
1598,2026-03-14 04:15:00,EQ-017,Nao-Me-Toque,90.4,34.7,26.2,Arenoso,3.6,503.0,Pulverizacao,5.0,122.0,2.3,80.0,Manha,0
1599,2026-03-14 05:15:00,EQ-021,Lucas do Rio Verde,78.0,16.8,30.9,Misto,14.4,2000.0,Pulverizacao,4.0,129.0,11.1,96.0,Tarde,0
1600,2026-03-14 05:38:00,EQ-030,Barreiras,91.3,28.6,35.6,Argiloso,26.8,89.0,Colheita,1.0,131.0,5.5,85.0,Manha,1
1601,2026-03-14 05:59:00,EQ-014,Rio Verde,23.9,27.9,31.3,Arenoso,6.5,328.0,Pulverizacao,9.0,546.0,12.2,48.0,Tarde,0
1602,2026-03-14 06:16:00,EQ-038,Barreiras,100.0,29.6,27.7,Argiloso,6.5,386.0,Plantio,5.0,69.0,4.0,70.0,Manha,1
1603,2026-03-14 06:41:00,EQ-003,Rio Verde,100.0,18.9,34.0,Argiloso,10.6,202.0,Pulverizacao,3.0,229.0,8.1,92.0,Tarde,1
1604,2026-03-14 06:48:00,EQ-005,Lucas do Rio Verde,83.8,92.8,20.5,Arenoso,11.9,514.0,Plantio,2.0,434.0,6.6,84.0,Manha,1
1605,2026-03-14 07:26:00,EQ-015,Sorriso,62.7,56.8,24.8,Argiloso,14.0,177.0,Plantio,1.0,140.0,11.2,81.0,Manha,0
1606,2026-03-14 07:39:00,EQ-007,Sorriso,89.5,10.2,19.0,Misto,17.6,1954.0,Pulverizacao,6.0,243.0,9.4,40.0,Tarde,0
1607,2026-03-14 07:58:00,EQ-021,Barreiras,38.0,25.6,16.6,Arenoso,6.7,1081.0,Colheita,5.0,131.0,9.7,83.0,Manha,0
1608,2026-03-14 08:06:00,EQ-028,Sorriso,57.3,42.1,36.5,Arenoso,17.3,787.0,Transporte,4.0,262.0,3.6,78.0,Manha,0
1609,2026-03-14 08:09:00,EQ-012,Barreiras,57.6,86.7,19.6,Encharcado,6.6,1143.0,Plantio,8.0,301.0,6.3,51.0,Tarde,1
1610,2026-03-14 08:18:00,EQ-033,Barreiras,40.9,16.5,21.1,Misto,25.0,752.0,Plantio,3.0,68.0,4.9,90.0,Tarde,0
1611,2026-03-14 08:28:00,EQ-029,Cascavel,32.0,11.4,28.8,Encharcado,16.3,376.0,Colheita,3.0,189.0,12.1,55.0,Manha,1
1612,2026-03-14 10:01:00,EQ-009,Cascavel,27.5,58.4,43.6,Arenoso,8.0,1979.0,Plantio,6.0,122.0,6.3,75.0,Manha,0
1613,2026-03-14 10:31:00,EQ-020,Rio Verde,16.7,162.1,31.2,Misto,2.3,253.0,Colheita,25.0,62.0,10.1,63.0,Manha,0
1614,2026-03-14 10:45:00,EQ-004,Lucas do Rio Verde,53.6,17.9,24.7,Misto,16.9,834.0,Transporte,5.0,261.0,11.2,67.0,Tarde,0
1615,2026-03-14 11:03:00,EQ-023,Barreiras,52.9,73.0,24.0,Misto,6.7,2000.0,Colheita,15.0,65.0,10.3,41.0,Noite,0
1616,2026-03-14 11:06:00,EQ-031,Barreiras,51.4,69.9,23.9,Arenoso,22.4,633.0,Pulverizacao,4.0,144.0,10.0,88.0,Manha,0
1617,2026-03-14 11:12:00,EQ-008,Sorriso,41.1,11.9,22.7,Argiloso,12.1,175.0,Pulverizacao,6.0,49.0,5.6,113.0,Tarde,0
1618,2026-03-14 11:30:00,EQ-017,Lucas do Rio Verde,38.9,28.8,36.0,Misto,5.1,343.0,Pulverizacao,11.0,96.0,1.7,48.0,Noite,0
1619,2026-03-14 12:08:00,EQ-021,Rio Verde,57.5,9.5,22.8,Argiloso,20.1,601.0,Plantio,7.0,345.0,9.2,68.0,Manha,0
1620,2026-03-14 12:13:00,EQ-014,Sorriso,75.2,51.5,26.2,Argiloso,6.5,296.0,Pulverizacao,7.0,50.0,10.1,75.0,Tarde,1
1621,2026-03-14 12:31:00,EQ-005,Nao-Me-Toque,56.0,21.2,29.1,Misto,4.9,324.0,Plantio,12.0,315.0,9.2,74.0,Tarde,0
1622,2026-03-14 13:13:00,EQ-025,Lucas do Rio Verde,41.0,51.2,32.9,Arenoso,19.9,1567.0,Pulverizacao,6.0,116.0,7.2,69.0,Tarde,0
1623,2026-03-14 13:35:00,EQ-040,Nao-Me-Toque,90.7,79.6,29.3,Arenoso,1.8,1657.0,Plantio,5.0,156.0,10.2,85.0,Manha,0
1624,2026-03-14 13:45:00,EQ-026,Barreiras,55.7,47.0,24.4,Misto,3.0,277.0,Transporte,8.0,404.0,5.4,106.0,Manha,0
1625,2026-03-14 13:58:00,EQ-015,Sorriso,70.9,44.9,21.2,Argiloso,22.5,435.0,Plantio,3.0,162.0,12.4,74.0,Tarde,0
1626,2026-03-14 14:16:00,EQ-011,Barreiras,36.2,63.3,19.8,Misto,3.3,750.0,Plantio,8.0,452.0,0.7,84.0,Manha,0
1627,2026-03-14 14:24:00,EQ-003,Cascavel,33.4,10.1,21.1,Arenoso,3.9,361.0,Plantio,15.0,74.0,7.8,108.0,Tarde,0
1628,2026-03-14 14:25:00,EQ-024,Nao-Me-Toque,39.7,18.8,29.7,Arenoso,20.2,479.0,Pulverizacao,12.0,340.0,4.6,63.0,Manha,0
1629,2026-03-14 14:31:00,EQ-026,Cascavel,30.5,47.5,38.1,Misto,5.3,1014.0,Colheita,6.0,271.0,0.7,110.0,Manha,0
1630,2026-03-14 14:54:00,EQ-003,Sorriso,41.9,5.0,23.5,Argiloso,8.3,511.0,Colheita,4.0,89.0,4.5,91.0,Tarde,0
1631,2026-03-14 14:55:00,EQ-011,Rio Verde,12.6,83.5,24.2,Misto,10.9,795.0,Plantio,3.0,90.0,4.0,102.0,Manha,0
1632,2026-03-14 15:36:00,EQ-023,Rio Verde,55.5,12.1,21.8,Misto,6.5,1106.0,Pulverizacao,6.0,240.0,9.0,78.0,Tarde,0
1633,2026-03-14 15:48:00,EQ-023,Lucas do Rio Verde,36.8,41.0,25.8,Encharcado,5.9,433.0,Plantio,5.0,152.0,11.1,110.0,Manha,0
1634,2026-03-14 15:51:00,EQ-007,Rio Verde,75.4,15.0,18.4,Arenoso,9.8,139.0,Plantio,7.0,340.0,7.0,79.0,Tarde,1
1635,2026-03-14 16:15:00,EQ-018,Rio Verde,24.3,28.7,23.6,Argiloso,14.7,257.0,Colheita,10.0,27.0,13.1,71.0,Tarde,0
1636,2026-03-14 16:51:00,EQ-005,Rio Verde,73.1,35.4,25.1,Argiloso,19.1,865.0,Plantio,0.0,111.0,11.1,63.0,Manha,0
1637,2026-03-14 17:38:00,EQ-029,Lucas do Rio Verde,59.6,10.0,23.3,Misto,11.5,739.0,Plantio,3.0,157.0,3.7,120.0,Tarde,0
1638,2026-03-14 18:03:00,EQ-038,Rio Verde,42.5,113.3,26.1,Argiloso,13.9,378.0,Colheita,13.0,49.0,8.0,101.0,Manha,1
1639,2026-03-14 18:14:00,EQ-024,Nao-Me-Toque,43.3,92.2,25.1,Misto,21.7,437.0,Transporte,12.0,129.0,6.6,71.0,Manha,0
1640,2026-03-14 18:43:00,EQ-022,Sorriso,47.2,18.7,21.7,Arenoso,16.3,811.0,Transporte,24.0,24.0,10.6,56.0,Manha,0
1641,2026-03-14 18:49:00,EQ-012,Rio Verde,48.5,77.1,31.8,Misto,8.5,580.0,Plantio,9.0,79.0,11.9,59.0,Tarde,0
1642,2026-03-14 19:50:00,EQ-010,Lucas do Rio Verde,76.0,13.1,10.5,Misto,8.7,1627.0,Transporte,7.0,146.0,8.8,80.0,Tarde,0
1643,2026-03-14 19:54:00,EQ-011,Cascavel,69.6,62.4,28.2,Misto,7.2,309.0,Plantio,8.0,84.0,9.8,120.0,Noite,1
1644,2026-03-14 22:02:00,EQ-019,Cascavel,58.2,33.3,22.0,Misto,6.7,486.0,Plantio,14.0,145.0,8.0,83.0,Tarde,0
1645,2026-03-14 22:06:00,EQ-030,Cascavel,44.0,8.4,25.8,Misto,19.7,473.0,Plantio,3.0,41.0,8.1,71.0,Manha,0
1646,2026-03-14 22:16:00,EQ-032,Rio Verde,69.9,25.4,38.0,Argiloso,7.9,894.0,Pulverizacao,25.0,281.0,8.3,114.0,Manha,0
1647,2026-03-14 22:41:00,EQ-001,Rio Verde,57.8,25.8,27.7,Arenoso,7.8,157.0,Plantio,7.0,201.0,10.5,106.0,Manha,0
1648,2026-03-14 23:11:00,EQ-030,Lucas do Rio Verde,49.2,10.2,33.8,Argiloso,26.4,797.0,Colheita,10.0,130.0,2.1,90.0,Manha,0
1649,2026-03-14 23:35:00,EQ-023,Nao-Me-Toque,65.2,20.0,22.6,Argiloso,10.0,527.0,Plantio,3.0,168.0,0.5,87.0,Noite,0
1650,2026-03-15 00:44:00,EQ-040,Sorriso,16.7,28.4,30.5,Arenoso,8.4,1152.0,Pulverizacao,3.0,56.0,15.1,76.0,Noite,0
1651,2026-03-15 01:02:00,EQ-005,Sorriso,64.1,34.1,28.9,Misto,12.7,809.0,Pulverizacao,25.0,165.0,10.6,97.0,Tarde,0
1652,2026-03-15 01:29:00,EQ-001,Lucas do Rio Verde,58.7,29.7,24.9,Arenoso,5.9,205.0,Plantio,7.0,157.0,9.7,80.0,Tarde,0
1653,2026-03-15 02:04:00,EQ-015,Nao-Me-Toque,70.2,7.3,16.7,Misto,3.4,1200.0,Transporte,9.0,449.0,7.0,100.0,Manha,0
1654,2026-03-15 02:05:00,EQ-031,Nao-Me-Toque,63.5,14.2,32.2,Arenoso,12.5,1002.0,Colheita,20.0,115.0,6.3,97.0,Noite,0
1655,2026-03-15 02:59:00,EQ-012,Lucas do Rio Verde,64.6,15.1,31.9,Misto,13.2,684.0,Pulverizacao,2.0,292.0,7.8,101.0,Noite,0
1656,2026-03-15 03:10:00,EQ-014,Barreiras,91.2,28.4,24.9,Encharcado,5.1,417.0,Plantio,6.0,82.0,6.6,63.0,Tarde,1
1657,2026-03-15 03:20:00,EQ-014,Barreiras,66.5,31.5,26.7,Misto,8.3,106.0,Transporte,3.0,241.0,9.2,68.0,Tarde,1
1658,2026-03-15 03:36:00,EQ-016,Sorriso,81.2,70.6,22.6,Argiloso,2.9,812.0,Colheita,15.0,21.0,12.3,76.0,Tarde,0
1659,2026-03-15 03:52:00,EQ-018,Rio Verde,90.7,65.5,30.1,Argiloso,8.5,180.0,Pulverizacao,5.0,200.0,8.0,111.0,Tarde,1
1660,2026-03-15 04:09:00,EQ-005,Lucas do Rio Verde,18.3,22.4,17.9,Arenoso,10.5,307.0,Plantio,5.0,82.0,9.9,80.0,Noite,0
1661,2026-03-15 04:12:00,EQ-027,Lucas do Rio Verde,49.8,12.9,23.4,Misto,11.7,255.0,Plantio,9.0,173.0,6.7,81.0,Manha,0
1662,2026-03-15 04:15:00,EQ-036,Cascavel,73.6,15.2,32.8,Argiloso,11.5,1374.0,Plantio,13.0,337.0,6.4,75.0,Tarde,0
1663,2026-03-15 04:51:00,EQ-028,Sorriso,91.2,8.4,39.6,Misto,10.1,849.0,Transporte,2.0,173.0,11.1,86.0,Tarde,0
1664,2026-03-15 06:00:00,EQ-034,Sorriso,44.2,15.1,33.0,Arenoso,5.5,150.0,Plantio,9.0,180.0,0.5,70.0,Tarde,0
1665,2026-03-15 06:25:00,EQ-030,Rio Verde,36.8,28.4,25.8,Misto,5.4,900.0,Plantio,6.0,38.0,8.6,118.0,Tarde,0
1666,2026-03-15 06:40:00,EQ-033,Nao-Me-Toque,51.4,26.1,20.9,Misto,7.0,1016.0,Plantio,9.0,107.0,7.5,100.0,Manha,0
1667,2026-03-15 06:52:00,EQ-040,Rio Verde,55.0,26.5,27.5,Arenoso,14.8,1134.0,Colheita,12.0,136.0,13.4,71.0,Manha,0
1668,2026-03-15 07:08:00,EQ-015,Rio Verde,60.8,53.0,22.8,Misto,2.2,856.0,Pulverizacao,5.0,49.0,6.0,72.0,Manha,0
1669,2026-03-15 07:40:00,EQ-035,Barreiras,40.0,59.6,31.6,Arenoso,7.9,195.0,Colheita,7.0,79.0,5.7,60.0,Manha,0
1670,2026-03-15 08:32:00,EQ-001,Barreiras,21.8,6.8,27.6,Argiloso,9.0,344.0,Transporte,4.0,198.0,9.3,71.0,Tarde,0
1671,2026-03-15 08:43:00,EQ-040,Lucas do Rio Verde,35.9,72.3,6.7,Arenoso,15.1,1603.0,Colheita,4.0,213.0,7.8,86.0,Tarde,0
1672,2026-03-15 08:49:00,EQ-021,Nao-Me-Toque,29.8,39.4,27.6,Misto,12.3,431.0,Colheita,18.0,142.0,7.6,81.0,Manha,0
1673,2026-03-15 09:49:00,EQ-035,Lucas do Rio Verde,52.8,31.7,18.0,Misto,12.7,516.0,Colheita,3.0,253.0,7.1,120.0,Noite,0
1674,2026-03-15 10:05:00,EQ-001,Sorriso,63.2,67.5,29.9,Argiloso,37.2,621.0,Plantio,7.0,186.0,5.0,87.0,Manha,0
1675,2026-03-15 10:30:00,EQ-030,Rio Verde,41.6,53.3,25.4,Misto,9.7,183.0,Pulverizacao,9.0,351.0,6.3,78.0,Noite,0
1676,2026-03-15 10:48:00,EQ-010,Barreiras,44.2,137.1,26.3,Argiloso,3.2,533.0,Colheita,8.0,57.0,11.1,82.0,Manha,1
1677,2026-03-15 11:52:00,EQ-038,Nao-Me-Toque,41.5,14.6,26.2,Arenoso,8.6,211.0,Colheita,7.0,75.0,8.6,88.0,Manha,0
1678,2026-03-15 12:32:00,EQ-033,Nao-Me-Toque,66.9,33.1,37.8,Argiloso,10.6,126.0,Plantio,2.0,20.0,9.0,83.0,Manha,1
1679,2026-03-15 12:47:00,EQ-011,Cascavel,15.2,23.0,29.0,Encharcado,23.1,1035.0,Plantio,4.0,166.0,6.2,75.0,Tarde,0
1680,2026-03-15 12:53:00,EQ-040,Nao-Me-Toque,57.0,43.8,33.3,Argiloso,33.2,319.0,Pulverizacao,7.0,104.0,5.1,77.0,Noite,1
1681,2026-03-15 13:10:00,EQ-006,Nao-Me-Toque,12.9,54.5,30.9,Argiloso,13.0,1286.0,Transporte,14.0,136.0,6.3,97.0,Tarde,0
1682,2026-03-15 14:36:00,EQ-030,Nao-Me-Toque,93.1,66.6,30.1,Argiloso,16.6,861.0,Colheita,4.0,34.0,5.8,60.0,Tarde,0
1683,2026-03-15 14:37:00,EQ-014,Lucas do Rio Verde,33.8,25.9,21.0,Misto,13.8,568.0,Colheita,4.0,170.0,8.4,81.0,Tarde,0
1684,2026-03-15 14:57:00,EQ-029,Nao-Me-Toque,64.5,10.2,20.7,Misto,7.3,1819.0,Plantio,7.0,397.0,13.9,90.0,Tarde,0
1685,2026-03-15 15:09:00,EQ-005,Barreiras,48.5,4.0,27.0,Misto,13.1,309.0,Transporte,8.0,43.0,3.2,45.0,Manha,0
1686,2026-03-15 15:11:00,EQ-009,Barreiras,56.7,11.9,29.4,Argiloso,14.2,449.0,Colheita,0.0,127.0,10.1,98.0,Tarde,0
1687,2026-03-15 15:15:00,EQ-038,Lucas do Rio Verde,58.0,8.5,28.0,Misto,23.0,664.0,Transporte,4.0,93.0,8.9,83.0,Tarde,0
1688,2026-03-15 16:15:00,EQ-018,Barreiras,73.2,64.7,26.4,Argiloso,9.2,521.0,Colheita,1.0,69.0,6.3,91.0,Manha,0
1689,2026-03-15 16:21:00,EQ-027,Cascavel,62.8,44.4,26.7,Misto,6.6,521.0,Pulverizacao,5.0,227.0,7.5,70.0,Manha,0
1690,2026-03-15 16:29:00,EQ-021,Lucas do Rio Verde,33.1,38.2,26.7,Misto,8.5,508.0,Plantio,4.0,128.0,11.0,70.0,Manha,0
1691,2026-03-15 17:06:00,EQ-034,Rio Verde,68.7,97.1,30.1,Misto,7.9,1052.0,Pulverizacao,1.0,343.0,5.1,76.0,Manha,0
1692,2026-03-15 17:08:00,EQ-019,Cascavel,37.8,49.6,27.3,Arenoso,7.1,261.0,Colheita,12.0,252.0,8.1,84.0,Manha,0
1693,2026-03-15 17:09:00,EQ-019,Rio Verde,39.7,41.8,20.3,Argiloso,4.1,310.0,Colheita,20.0,368.0,9.4,44.0,Noite,1
1694,2026-03-15 17:30:00,EQ-001,Barreiras,41.7,8.6,31.3,Misto,18.5,930.0,Pulverizacao,5.0,522.0,11.6,75.0,Manha,0
1695,2026-03-15 17:33:00,EQ-014,Lucas do Rio Verde,48.3,29.2,16.8,Misto,17.5,1551.0,Pulverizacao,1.0,37.0,10.6,91.0,Noite,0
1696,2026-03-15 18:02:00,EQ-015,Lucas do Rio Verde,32.9,7.8,29.1,Misto,7.3,694.0,Colheita,8.0,182.0,6.5,71.0,Tarde,0
1697,2026-03-15 18:31:00,EQ-017,Barreiras,48.0,19.0,30.7,Encharcado,16.8,536.0,Colheita,12.0,251.0,4.4,95.0,Manha,1
1698,2026-03-15 19:06:00,EQ-003,Rio Verde,72.0,35.6,9.2,Arenoso,8.4,1400.0,Pulverizacao,1.0,18.0,7.6,71.0,Tarde,0
1699,2026-03-15 19:18:00,EQ-016,Cascavel,35.1,8.4,28.3,Misto,10.1,722.0,Colheita,3.0,290.0,5.4,72.0,Manha,0
1700,2026-03-15 20:06:00,EQ-001,Nao-Me-Toque,71.3,12.4,29.3,Arenoso,5.3,1160.0,Colheita,3.0,55.0,8.2,72.0,Tarde,0
1701,2026-03-15 20:13:00,EQ-001,Sorriso,20.3,13.3,23.6,Misto,16.0,767.0,Colheita,3.0,122.0,10.7,73.0,Manha,0
1702,2026-03-15 20:45:00,EQ-009,Sorriso,83.9,46.3,31.4,Argiloso,6.3,265.0,Colheita,6.0,521.0,2.0,97.0,Tarde,1
1703,2026-03-15 20:46:00,EQ-006,Lucas do Rio Verde,42.9,20.1,25.8,Misto,12.1,1193.0,Plantio,9.0,70.0,9.9,73.0,Tarde,0
1704,2026-03-15 20:50:00,EQ-028,Barreiras,48.8,20.4,24.1,Argiloso,15.5,177.0,Colheita,3.0,58.0,6.1,77.0,Tarde,0
1705,2026-03-15 21:13:00,EQ-040,Lucas do Rio Verde,56.2,34.0,28.4,Arenoso,8.9,486.0,Colheita,9.0,61.0,7.8,79.0,Tarde,0
1706,2026-03-15 21:46:00,EQ-008,Lucas do Rio Verde,43.3,35.5,30.8,Argiloso,11.2,440.0,Colheita,5.0,326.0,5.4,52.0,Manha,0
1707,2026-03-15 23:04:00,EQ-025,Cascavel,64.9,56.4,29.1,Arenoso,13.1,497.0,Pulverizacao,11.0,258.0,4.4,120.0,Tarde,0
1708,2026-03-15 23:20:00,EQ-029,Rio Verde,39.5,85.1,14.7,Misto,6.8,263.0,Pulverizacao,5.0,50.0,10.5,91.0,Tarde,0
1709,2026-03-15 23:27:00,EQ-029,Barreiras,77.2,49.2,32.7,Argiloso,3.6,254.0,Transporte,4.0,365.0,10.9,75.0,Noite,1
1710,2026-03-16 00:03:00,EQ-039,Nao-Me-Toque,61.7,24.3,22.0,Argiloso,19.2,1240.0,Transporte,3.0,78.0,10.4,99.0,Noite,1
1711,2026-03-16 00:08:00,EQ-029,Sorriso,59.8,10.6,31.3,Encharcado,6.2,297.0,Colheita,14.0,47.0,4.6,63.0,Manha,0
1712,2026-03-16 00:09:00,EQ-014,Lucas do Rio Verde,84.1,63.4,35.4,Misto,4.4,903.0,Plantio,2.0,110.0,2.8,65.0,Manha,0
1713,2026-03-16 00:15:00,EQ-033,Rio Verde,46.2,31.7,32.1,Misto,9.0,1093.0,Plantio,9.0,598.0,2.2,92.0,Manha,0
1714,2026-03-16 00:55:00,EQ-009,Cascavel,55.6,69.1,35.4,Arenoso,8.7,195.0,Plantio,0.0,331.0,8.3,63.0,Tarde,0
1715,2026-03-16 01:21:00,EQ-021,Rio Verde,53.2,7.8,35.4,Arenoso,19.6,188.0,Transporte,6.0,113.0,7.7,65.0,Manha,1
1716,2026-03-16 02:45:00,EQ-036,Nao-Me-Toque,68.7,58.2,29.3,Arenoso,27.8,194.0,Pulverizacao,2.0,16.0,7.2,68.0,Tarde,1
1717,2026-03-16 03:30:00,EQ-015,Sorriso,69.0,10.1,22.1,Arenoso,24.2,509.0,Pulverizacao,1.0,53.0,9.1,86.0,Noite,0
1718,2026-03-16 03:33:00,EQ-002,Barreiras,52.2,24.7,32.6,Misto,29.7,254.0,Plantio,1.0,37.0,11.5,73.0,Tarde,0
1719,2026-03-16 03:52:00,EQ-039,Lucas do Rio Verde,61.5,20.1,35.2,Encharcado,14.0,884.0,Pulverizacao,5.0,371.0,8.8,99.0,Noite,1
1720,2026-03-16 03:58:00,EQ-002,Cascavel,46.8,39.4,35.6,Misto,3.5,542.0,Transporte,4.0,84.0,7.4,85.0,Manha,0
1721,2026-03-16 04:28:00,EQ-026,Rio Verde,48.3,54.6,30.5,Arenoso,1.8,170.0,Pulverizacao,11.0,376.0,8.8,56.0,Tarde,1
1722,2026-03-16 04:36:00,EQ-031,Rio Verde,47.9,28.6,22.8,Arenoso,18.7,648.0,Colheita,4.0,168.0,7.4,92.0,Manha,0
1723,2026-03-16 05:10:00,EQ-002,Rio Verde,35.1,22.3,20.3,Arenoso,2.6,1116.0,Colheita,2.0,246.0,10.1,50.0,Tarde,0
1724,2026-03-16 05:13:00,EQ-028,Lucas do Rio Verde,59.6,100.0,17.9,Misto,18.5,1547.0,Pulverizacao,1.0,129.0,9.9,120.0,Manha,0
1725,2026-03-16 05:54:00,EQ-021,Rio Verde,40.8,29.3,23.3,Argiloso,12.3,1818.0,Plantio,5.0,222.0,0.2,95.0,Tarde,0
1726,2026-03-16 06:13:00,EQ-005,Nao-Me-Toque,53.8,25.0,32.8,Argiloso,28.5,122.0,Colheita,8.0,131.0,8.5,62.0,Tarde,1
1727,2026-03-16 06:35:00,EQ-007,Nao-Me-Toque,66.6,4.9,23.6,Misto,7.3,190.0,Colheita,2.0,110.0,7.8,69.0,Tarde,0
1728,2026-03-16 06:39:00,EQ-013,Lucas do Rio Verde,55.7,47.9,30.8,Arenoso,4.7,139.0,Pulverizacao,5.0,517.0,5.9,87.0,Manha,1
1729,2026-03-16 06:52:00,EQ-013,Rio Verde,75.3,16.6,16.1,Arenoso,8.9,1107.0,Colheita,25.0,121.0,7.7,61.0,Tarde,0
1730,2026-03-16 07:10:00,EQ-039,Cascavel,57.2,47.4,29.6,Arenoso,11.3,2000.0,Pulverizacao,7.0,76.0,11.8,93.0,Noite,0
1731,2026-03-16 07:25:00,EQ-040,Nao-Me-Toque,45.7,39.9,18.3,Arenoso,4.0,396.0,Colheita,16.0,47.0,7.2,75.0,Noite,0
1732,2026-03-16 07:31:00,EQ-008,Rio Verde,40.6,33.7,22.4,Arenoso,3.7,1355.0,Plantio,9.0,369.0,8.3,90.0,Tarde,0
1733,2026-03-16 07:56:00,EQ-033,Nao-Me-Toque,86.4,38.9,18.7,Misto,8.2,493.0,Plantio,3.0,283.0,11.6,69.0,Tarde,0
1734,2026-03-16 08:25:00,EQ-021,Sorriso,81.1,99.0,17.9,Misto,11.4,875.0,Plantio,14.0,283.0,8.3,120.0,Manha,1
1735,2026-03-16 08:34:00,EQ-004,Nao-Me-Toque,62.7,12.5,32.4,Arenoso,7.1,871.0,Colheita,14.0,328.0,7.5,90.0,Tarde,0
1736,2026-03-16 08:46:00,EQ-028,Lucas do Rio Verde,55.8,25.8,29.1,Encharcado,25.9,166.0,Colheita,17.0,211.0,3.9,72.0,Manha,0
1737,2026-03-16 08:53:00,EQ-015,Barreiras,71.1,94.8,14.2,Arenoso,7.6,838.0,Plantio,4.0,96.0,8.2,48.0,Tarde,1
1738,2026-03-16 09:02:00,EQ-001,Nao-Me-Toque,50.7,92.8,28.7,Arenoso,9.0,930.0,Plantio,4.0,349.0,4.8,98.0,Manha,0
1739,2026-03-16 09:03:00,EQ-031,Nao-Me-Toque,60.1,31.1,28.5,Encharcado,3.6,1066.0,Pulverizacao,6.0,176.0,3.6,66.0,Noite,0
1740,2026-03-16 09:30:00,EQ-020,Cascavel,71.9,39.5,22.3,Misto,11.6,742.0,Plantio,12.0,82.0,7.1,93.0,Tarde,0
1741,2026-03-16 09:45:00,EQ-039,Nao-Me-Toque,59.7,36.3,25.2,Misto,33.3,395.0,Colheita,12.0,227.0,7.3,76.0,Manha,0
1742,2026-03-16 09:46:00,EQ-032,Barreiras,66.1,25.1,24.1,Argiloso,16.2,596.0,Pulverizacao,5.0,195.0,6.8,54.0,Tarde,1
1743,2026-03-16 09:54:00,EQ-022,Barreiras,77.1,55.4,27.3,Misto,8.5,118.0,Plantio,4.0,129.0,8.9,92.0,Manha,1
1744,2026-03-16 10:06:00,EQ-027,Sorriso,88.4,44.2,22.2,Arenoso,9.9,273.0,Colheita,5.0,121.0,6.4,88.0,Manha,1
1745,2026-03-16 10:08:00,EQ-002,Sorriso,61.3,139.6,31.6,Misto,4.3,217.0,Pulverizacao,3.0,154.0,7.4,120.0,Manha,1
1746,2026-03-16 10:13:00,EQ-001,Lucas do Rio Verde,48.7,70.3,33.1,Arenoso,16.6,1116.0,Colheita,1.0,163.0,8.9,106.0,Noite,0
1747,2026-03-16 10:16:00,EQ-010,Barreiras,15.5,36.8,23.4,Argiloso,22.0,1056.0,Colheita,4.0,28.0,8.5,81.0,Manha,0
1748,2026-03-16 10:30:00,EQ-033,Lucas do Rio Verde,44.3,13.6,34.0,Arenoso,5.1,548.0,Colheita,1.0,152.0,6.0,50.0,Noite,1
1749,2026-03-16 10:42:00,EQ-015,Cascavel,29.6,84.7,36.4,Misto,16.7,717.0,Pulverizacao,11.0,232.0,7.6,87.0,Manha,0
1750,2026-03-16 10:48:00,EQ-012,Rio Verde,46.5,27.6,21.1,Arenoso,4.8,557.0,Transporte,5.0,171.0,2.2,97.0,Manha,0
1751,2026-03-16 11:22:00,EQ-002,Cascavel,46.8,23.4,30.7,Arenoso,1.3,127.0,Colheita,5.0,438.0,6.8,91.0,Tarde,0
1752,2026-03-16 11:42:00,EQ-003,Sorriso,78.5,11.8,24.5,Encharcado,7.1,795.0,Plantio,17.0,325.0,9.0,80.0,Noite,0
1753,2026-03-16 12:46:00,EQ-009,Sorriso,91.1,44.2,35.3,Misto,43.4,962.0,Plantio,7.0,146.0,11.0,120.0,Manha,1
1754,2026-03-16 13:35:00,EQ-039,Sorriso,31.3,8.1,27.9,Argiloso,12.2,864.0,Colheita,17.0,243.0,3.5,84.0,Noite,0
1755,2026-03-16 13:35:00,EQ-025,Cascavel,28.7,13.5,28.0,Argiloso,9.3,531.0,Colheita,2.0,146.0,9.5,95.0,Manha,0
1756,2026-03-16 13:43:00,EQ-022,Lucas do Rio Verde,73.3,71.9,37.8,Argiloso,3.6,239.0,Pulverizacao,12.0,329.0,6.2,68.0,Tarde,1
1757,2026-03-16 13:56:00,EQ-037,Lucas do Rio Verde,46.1,42.1,39.9,Misto,6.7,590.0,Plantio,8.0,88.0,6.9,88.0,Tarde,0
1758,2026-03-16 14:11:00,EQ-004,Barreiras,83.4,60.0,14.3,Misto,6.7,567.0,Colheita,8.0,94.0,9.8,76.0,Manha,0
1759,2026-03-16 14:25:00,EQ-003,Sorriso,60.3,6.0,31.3,Misto,4.0,906.0,Colheita,6.0,215.0,11.6,81.0,Noite,0
1760,2026-03-16 14:40:00,EQ-019,Nao-Me-Toque,19.3,20.4,27.4,Misto,14.1,1022.0,Colheita,8.0,360.0,14.9,114.0,Tarde,0
1761,2026-03-16 14:42:00,EQ-025,Rio Verde,55.6,26.7,25.4,Encharcado,11.3,1726.0,Transporte,5.0,84.0,9.2,101.0,Manha,0
1762,2026-03-16 14:48:00,EQ-023,Cascavel,33.1,25.3,22.3,Misto,16.2,479.0,Transporte,14.0,23.0,5.4,82.0,Manha,0
1763,2026-03-16 15:07:00,EQ-028,Nao-Me-Toque,69.4,24.8,24.4,Arenoso,13.0,347.0,Colheita,4.0,187.0,8.2,99.0,Manha,1
1764,2026-03-16 15:29:00,EQ-015,Nao-Me-Toque,37.0,12.0,29.5,Argiloso,17.9,328.0,Transporte,16.0,73.0,8.1,69.0,Tarde,0
1765,2026-03-16 15:50:00,EQ-027,Barreiras,63.8,25.2,36.8,Encharcado,5.3,792.0,Transporte,17.0,167.0,7.1,79.0,Manha,1
1766,2026-03-16 16:18:00,EQ-017,Lucas do Rio Verde,49.1,71.3,32.8,Encharcado,6.5,67.0,Colheita,7.0,280.0,9.9,63.0,Tarde,1
1767,2026-03-16 16:24:00,EQ-006,Nao-Me-Toque,85.6,60.1,25.5,Encharcado,12.5,527.0,Pulverizacao,6.0,281.0,4.9,71.0,Manha,1
1768,2026-03-16 16:55:00,EQ-019,Lucas do Rio Verde,71.9,10.7,33.3,Argiloso,7.5,179.0,Plantio,4.0,244.0,12.2,97.0,Tarde,0
1769,2026-03-16 17:14:00,EQ-004,Sorriso,69.4,21.7,33.0,Argiloso,15.0,755.0,Colheita,3.0,134.0,12.3,43.0,Manha,0
1770,2026-03-16 17:38:00,EQ-027,Lucas do Rio Verde,57.0,18.5,27.4,Misto,3.8,446.0,Pulverizacao,13.0,45.0,5.3,67.0,Manha,0
1771,2026-03-16 17:55:00,EQ-029,Nao-Me-Toque,54.8,15.7,30.4,Misto,11.9,343.0,Transporte,3.0,167.0,6.8,69.0,Noite,0
1772,2026-03-16 18:05:00,EQ-018,Barreiras,44.4,57.1,33.6,Arenoso,5.4,605.0,Pulverizacao,5.0,276.0,6.2,108.0,Noite,0
1773,2026-03-16 18:16:00,EQ-027,Rio Verde,79.9,36.8,18.8,Argiloso,4.9,157.0,Colheita,2.0,111.0,6.5,74.0,Noite,1
1774,2026-03-16 18:23:00,EQ-009,Sorriso,85.3,20.1,27.8,Argiloso,14.7,165.0,Pulverizacao,1.0,73.0,7.1,92.0,Manha,0
1775,2026-03-16 19:39:00,EQ-017,Cascavel,62.9,43.1,30.8,Argiloso,18.8,321.0,Plantio,3.0,196.0,3.0,72.0,Tarde,0
1776,2026-03-16 19:46:00,EQ-024,Nao-Me-Toque,21.3,34.3,30.6,Misto,19.5,1726.0,Pulverizacao,10.0,191.0,5.9,90.0,Noite,0
1777,2026-03-16 20:26:00,EQ-021,Rio Verde,63.7,6.9,26.0,Arenoso,2.5,283.0,Colheita,13.0,155.0,9.4,106.0,Manha,1
1778,2026-03-16 20:47:00,EQ-021,Lucas do Rio Verde,27.0,10.8,35.8,Arenoso,11.5,1939.0,Pulverizacao,6.0,219.0,8.5,116.0,Manha,0
1779,2026-03-16 21:00:00,EQ-023,Barreiras,54.6,25.6,22.0,Misto,7.3,1170.0,Plantio,9.0,58.0,7.9,73.0,Noite,0
1780,2026-03-16 21:13:00,EQ-040,Sorriso,63.1,47.3,18.2,Argiloso,8.3,215.0,Colheita,4.0,487.0,7.6,53.0,Tarde,1
1781,2026-03-16 21:20:00,EQ-006,Barreiras,32.0,12.5,27.8,Argiloso,5.7,506.0,Plantio,10.0,206.0,6.6,49.0,Noite,0
1782,2026-03-16 21:27:00,EQ-039,Nao-Me-Toque,35.5,51.8,43.1,Argiloso,17.7,36.0,Pulverizacao,6.0,257.0,9.5,56.0,Manha,0
1783,2026-03-16 22:22:00,EQ-040,Cascavel,27.2,102.3,10.2,Misto,20.5,220.0,Transporte,10.0,66.0,8.9,40.0,Noite,0
1784,2026-03-16 22:29:00,EQ-004,Barreiras,73.2,35.0,21.4,Misto,14.5,1356.0,Colheita,14.0,111.0,11.3,96.0,Tarde,0
1785,2026-03-16 22:51:00,EQ-002,Cascavel,56.3,45.4,24.1,Arenoso,4.0,374.0,Plantio,4.0,281.0,10.6,91.0,Tarde,1
1786,2026-03-16 23:29:00,EQ-010,Cascavel,57.7,57.6,27.5,Encharcado,2.3,555.0,Pulverizacao,8.0,389.0,4.4,92.0,Manha,0
1787,2026-03-16 23:33:00,EQ-003,Sorriso,68.8,32.6,31.3,Arenoso,6.3,158.0,Plantio,2.0,215.0,11.0,62.0,Manha,0
1788,2026-03-16 23:42:00,EQ-033,Nao-Me-Toque,72.0,20.6,22.8,Arenoso,20.0,130.0,Pulverizacao,10.0,132.0,11.2,47.0,Tarde,1
1789,2026-03-17 00:08:00,EQ-039,Sorriso,46.5,20.7,32.2,Misto,11.5,1323.0,Plantio,9.0,149.0,10.9,78.0,Tarde,0
1790,2026-03-17 00:15:00,EQ-036,Sorriso,40.7,92.9,29.8,Argiloso,4.8,582.0,Plantio,8.0,161.0,9.7,84.0,Tarde,1
1791,2026-03-17 00:55:00,EQ-039,Cascavel,37.7,12.7,25.4,Misto,4.7,319.0,Plantio,10.0,197.0,7.3,68.0,Noite,0
1792,2026-03-17 01:16:00,EQ-013,Barreiras,64.3,19.7,27.6,Encharcado,1.8,229.0,Plantio,7.0,314.0,11.3,71.0,Manha,1
1793,2026-03-17 01:22:00,EQ-021,Nao-Me-Toque,47.4,79.7,21.4,Misto,0.3,1187.0,Colheita,2.0,96.0,6.4,120.0,Manha,0
1794,2026-03-17 01:52:00,EQ-010,Barreiras,47.1,10.2,34.5,Arenoso,33.1,531.0,Colheita,15.0,182.0,5.3,81.0,Noite,0
1795,2026-03-17 02:05:00,EQ-003,Barreiras,94.9,50.8,27.7,Argiloso,24.3,1310.0,Pulverizacao,3.0,177.0,8.6,72.0,Tarde,0
1796,2026-03-17 02:12:00,EQ-001,Cascavel,28.8,6.5,25.0,Misto,6.3,653.0,Colheita,5.0,235.0,4.6,89.0,Manha,0
1797,2026-03-17 02:28:00,EQ-034,Barreiras,61.0,12.7,18.3,Argiloso,6.2,403.0,Plantio,3.0,300.0,11.2,74.0,Tarde,0
1798,2026-03-17 02:36:00,EQ-017,Lucas do Rio Verde,48.9,103.8,33.3,Argiloso,20.2,144.0,Pulverizacao,6.0,272.0,11.5,69.0,Tarde,1
1799,2026-03-17 02:53:00,EQ-026,Sorriso,70.2,28.5,28.6,Arenoso,17.0,88.0,Colheita,20.0,6.0,6.9,81.0,Manha,1
1800,2026-03-17 02:55:00,EQ-031,Barreiras,56.4,49.1,25.3,Argiloso,5.0,785.0,Plantio,2.0,47.0,6.2,85.0,Tarde,0
1801,2026-03-17 03:18:00,EQ-018,Sorriso,42.8,16.9,21.0,Argiloso,6.5,398.0,Colheita,11.0,48.0,4.1,77.0,Manha,0
1802,2026-03-17 03:22:00,EQ-027,Nao-Me-Toque,43.1,29.6,22.4,Arenoso,37.1,1097.0,Colheita,5.0,600.0,6.9,100.0,Tarde,1
1803,2026-03-17 03:25:00,EQ-014,Lucas do Rio Verde,36.7,36.0,14.0,Argiloso,22.3,390.0,Transporte,7.0,321.0,5.7,94.0,Tarde,0
1804,2026-03-17 03:30:00,EQ-013,Barreiras,81.2,43.7,28.8,Arenoso,17.1,402.0,Pulverizacao,20.0,249.0,10.0,64.0,Manha,1
1805,2026-03-17 03:30:00,EQ-023,Barreiras,43.8,28.0,36.8,Misto,12.4,1342.0,Plantio,6.0,42.0,10.0,80.0,Manha,0
1806,2026-03-17 03:41:00,EQ-013,Sorriso,26.2,63.8,23.2,Encharcado,6.6,1116.0,Colheita,6.0,481.0,11.0,101.0,Tarde,0
1807,2026-03-17 04:04:00,EQ-006,Lucas do Rio Verde,79.4,15.8,43.9,Argiloso,9.1,992.0,Colheita,7.0,504.0,4.0,76.0,Noite,1
1808,2026-03-17 04:12:00,EQ-039,Sorriso,90.4,31.9,24.6,Argiloso,10.2,366.0,Transporte,4.0,48.0,3.9,88.0,Manha,1
1809,2026-03-17 04:31:00,EQ-037,Lucas do Rio Verde,42.7,104.4,29.5,Misto,21.3,776.0,Pulverizacao,5.0,33.0,6.9,120.0,Manha,0
1810,2026-03-17 05:20:00,EQ-005,Nao-Me-Toque,33.0,6.1,25.4,Encharcado,17.2,16.0,Transporte,9.0,600.0,11.3,77.0,Manha,1
1811,2026-03-17 05:20:00,EQ-032,Lucas do Rio Verde,58.2,14.0,32.7,Argiloso,1.3,93.0,Plantio,12.0,142.0,5.9,48.0,Manha,0
1812,2026-03-17 05:22:00,EQ-022,Cascavel,99.8,22.2,32.9,Arenoso,10.9,291.0,Plantio,19.0,145.0,10.4,75.0,Manha,1
1813,2026-03-17 05:35:00,EQ-024,Rio Verde,73.7,33.5,32.9,Argiloso,3.1,268.0,Pulverizacao,7.0,161.0,10.1,84.0,Tarde,1
1814,2026-03-17 05:42:00,EQ-019,Barreiras,47.1,22.7,27.3,Arenoso,22.2,165.0,Pulverizacao,5.0,144.0,9.4,110.0,Manha,0
1815,2026-03-17 06:16:00,EQ-010,Cascavel,53.1,60.1,35.4,Arenoso,6.8,387.0,Transporte,5.0,291.0,5.7,110.0,Noite,1
1816,2026-03-17 08:10:00,EQ-025,Barreiras,66.8,76.8,21.3,Encharcado,20.0,1504.0,Plantio,14.0,87.0,5.8,80.0,Manha,0
1817,2026-03-17 08:17:00,EQ-010,Nao-Me-Toque,59.0,32.7,31.1,Argiloso,34.8,289.0,Plantio,20.0,175.0,5.9,87.0,Manha,0
1818,2026-03-17 08:37:00,EQ-034,Cascavel,55.8,15.7,32.0,Misto,9.7,1161.0,Plantio,6.0,212.0,11.2,74.0,Manha,0
1819,2026-03-17 08:46:00,EQ-003,Barreiras,51.6,17.1,29.1,Encharcado,6.8,670.0,Colheita,4.0,57.0,10.2,95.0,Noite,0
1820,2026-03-17 08:46:00,EQ-001,Cascavel,77.6,23.4,26.8,Misto,11.8,675.0,Colheita,4.0,69.0,10.9,76.0,Noite,0
1821,2026-03-17 08:53:00,EQ-006,Barreiras,62.7,47.1,29.1,Encharcado,21.4,361.0,Colheita,12.0,153.0,10.8,120.0,Tarde,1
1822,2026-03-17 09:03:00,EQ-032,Rio Verde,43.1,35.0,27.1,Misto,0.8,1440.0,Colheita,4.0,107.0,13.0,82.0,Manha,0
1823,2026-03-17 09:15:00,EQ-021,Nao-Me-Toque,45.1,11.3,20.2,Argiloso,7.1,1190.0,Colheita,24.0,84.0,8.6,97.0,Noite,0
1824,2026-03-17 09:29:00,EQ-013,Cascavel,94.5,19.2,34.2,Arenoso,9.9,1221.0,Plantio,2.0,44.0,3.1,59.0,Manha,0
1825,2026-03-17 09:55:00,EQ-024,Cascavel,76.1,71.6,21.0,Misto,5.3,1538.0,Plantio,6.0,127.0,3.1,96.0,Manha,0
1826,2026-03-17 09:58:00,EQ-021,Barreiras,52.0,61.6,31.1,Misto,4.3,1038.0,Pulverizacao,11.0,34.0,8.9,40.0,Tarde,0
1827,2026-03-17 11:15:00,EQ-005,Cascavel,47.1,27.0,26.2,Arenoso,12.6,641.0,Plantio,9.0,442.0,13.8,83.0,Noite,0
1828,2026-03-17 11:57:00,EQ-002,Cascavel,5.0,50.8,22.9,Argiloso,6.5,66.0,Colheita,5.0,217.0,11.6,86.0,Tarde,0
1829,2026-03-17 12:18:00,EQ-018,Nao-Me-Toque,47.8,24.3,21.1,Misto,28.3,643.0,Pulverizacao,10.0,186.0,6.7,44.0,Manha,0
1830,2026-03-17 12:56:00,EQ-029,Sorriso,62.0,116.9,17.8,Arenoso,8.9,726.0,Transporte,10.0,193.0,7.5,78.0,Tarde,0
1831,2026-03-17 12:57:00,EQ-031,Nao-Me-Toque,57.9,41.3,24.3,Misto,18.6,771.0,Pulverizacao,8.0,359.0,1.5,60.0,Manha,0
1832,2026-03-17 13:33:00,EQ-019,Lucas do Rio Verde,56.7,46.9,22.3,Misto,0.9,1427.0,Pulverizacao,6.0,258.0,15.6,69.0,Manha,0
1833,2026-03-17 13:34:00,EQ-012,Lucas do Rio Verde,100.0,39.0,23.3,Arenoso,20.3,546.0,Plantio,16.0,50.0,11.9,66.0,Tarde,1
1834,2026-03-17 14:04:00,EQ-040,Rio Verde,50.9,12.7,33.7,Argiloso,9.2,433.0,Colheita,3.0,71.0,12.9,72.0,Noite,1
1835,2026-03-17 15:11:00,EQ-039,Sorriso,69.1,11.0,23.5,Argiloso,17.4,1090.0,Pulverizacao,8.0,266.0,6.9,84.0,Tarde,0
1836,2026-03-17 15:24:00,EQ-028,Cascavel,56.2,64.0,26.1,Arenoso,2.4,583.0,Colheita,6.0,185.0,9.5,105.0,Manha,1
1837,2026-03-17 15:53:00,EQ-013,Lucas do Rio Verde,52.2,27.3,23.6,Encharcado,8.3,639.0,Pulverizacao,7.0,368.0,7.7,64.0,Manha,0
1838,2026-03-17 16:08:00,EQ-015,Nao-Me-Toque,58.8,41.3,10.2,Arenoso,13.7,916.0,Plantio,7.0,69.0,9.7,70.0,Tarde,0
1839,2026-03-17 16:43:00,EQ-003,Nao-Me-Toque,67.9,61.3,23.9,Misto,12.6,359.0,Plantio,3.0,535.0,10.0,62.0,Manha,1
1840,2026-03-17 16:43:00,EQ-026,Lucas do Rio Verde,76.8,27.9,17.8,Arenoso,5.3,907.0,Plantio,9.0,149.0,14.4,74.0,Manha,0
1841,2026-03-17 16:45:00,EQ-033,Lucas do Rio Verde,67.8,8.6,30.6,Arenoso,8.5,1484.0,Plantio,12.0,174.0,5.0,69.0,Tarde,0
1842,2026-03-17 17:07:00,EQ-028,Barreiras,67.3,6.6,23.1,Arenoso,16.3,389.0,Plantio,4.0,150.0,8.4,69.0,Manha,1
1843,2026-03-17 17:42:00,EQ-036,Cascavel,17.3,11.0,32.5,Arenoso,8.0,944.0,Plantio,9.0,37.0,7.0,89.0,Manha,0
1844,2026-03-17 17:53:00,EQ-038,Nao-Me-Toque,68.4,19.0,25.9,Arenoso,7.0,232.0,Colheita,7.0,488.0,12.1,82.0,Manha,1
1845,2026-03-17 18:11:00,EQ-014,Rio Verde,55.2,89.9,25.5,Argiloso,6.1,402.0,Transporte,6.0,102.0,13.9,104.0,Manha,1
1846,2026-03-17 18:27:00,EQ-010,Lucas do Rio Verde,19.7,20.3,33.3,Misto,11.1,1176.0,Plantio,22.0,101.0,7.9,82.0,Tarde,0
1847,2026-03-17 19:12:00,EQ-017,Nao-Me-Toque,65.8,27.3,17.8,Misto,7.1,312.0,Plantio,4.0,109.0,7.8,78.0,Manha,0
1848,2026-03-17 19:23:00,EQ-003,Nao-Me-Toque,48.7,74.9,30.9,Argiloso,11.3,606.0,Transporte,9.0,146.0,7.1,78.0,Tarde,0
1849,2026-03-17 19:39:00,EQ-037,Sorriso,70.7,81.4,25.3,Arenoso,14.8,1169.0,Transporte,10.0,73.0,8.5,101.0,Manha,0
1850,2026-03-17 20:17:00,EQ-018,Cascavel,67.8,32.4,32.8,Encharcado,6.6,1281.0,Transporte,20.0,28.0,6.6,77.0,Manha,0
1851,2026-03-17 20:50:00,EQ-010,Lucas do Rio Verde,67.3,34.8,23.1,Misto,3.9,89.0,Plantio,14.0,126.0,11.6,65.0,Manha,1
1852,2026-03-17 21:08:00,EQ-016,Cascavel,38.3,10.0,18.9,Arenoso,3.6,1147.0,Pulverizacao,2.0,142.0,6.1,48.0,Noite,0
1853,2026-03-17 21:10:00,EQ-033,Nao-Me-Toque,79.8,16.9,35.2,Arenoso,8.6,2000.0,Colheita,10.0,105.0,10.6,89.0,Manha,0
1854,2026-03-17 21:40:00,EQ-005,Cascavel,37.9,71.0,26.3,Misto,21.5,1710.0,Plantio,2.0,266.0,4.9,64.0,Tarde,0
1855,2026-03-17 22:04:00,EQ-014,Nao-Me-Toque,66.4,17.9,34.9,Arenoso,3.4,481.0,Plantio,2.0,65.0,4.8,77.0,Tarde,0
1856,2026-03-17 22:23:00,EQ-006,Barreiras,62.6,21.9,25.0,Arenoso,5.0,526.0,Plantio,4.0,205.0,5.2,78.0,Tarde,1
1857,2026-03-17 22:26:00,EQ-004,Cascavel,34.5,2.4,15.1,Argiloso,24.4,215.0,Plantio,5.0,43.0,7.6,51.0,Noite,0
1858,2026-03-17 22:27:00,EQ-016,Nao-Me-Toque,100.0,6.9,26.7,Argiloso,17.6,464.0,Colheita,5.0,436.0,5.0,62.0,Manha,1
1859,2026-03-17 22:32:00,EQ-036,Barreiras,60.7,43.5,29.6,Misto,3.5,535.0,Pulverizacao,10.0,199.0,4.2,120.0,Tarde,1
1860,2026-03-17 22:58:00,EQ-020,Rio Verde,40.2,13.6,24.6,Argiloso,12.9,657.0,Transporte,15.0,39.0,8.8,85.0,Manha,1
1861,2026-03-17 23:01:00,EQ-017,Barreiras,34.1,32.8,18.1,Arenoso,6.9,214.0,Pulverizacao,7.0,104.0,10.3,79.0,Noite,0
1862,2026-03-17 23:15:00,EQ-013,Sorriso,58.4,23.7,22.6,Misto,7.9,299.0,Colheita,6.0,188.0,7.6,92.0,Tarde,0
1863,2026-03-17 23:22:00,EQ-036,Barreiras,54.4,47.7,22.1,Argiloso,18.5,296.0,Colheita,8.0,61.0,10.9,87.0,Noite,0
1864,2026-03-17 23:34:00,EQ-013,Sorriso,41.9,13.4,34.9,Encharcado,22.2,904.0,Pulverizacao,4.0,168.0,6.9,71.0,Manha,0
1865,2026-03-17 23:38:00,EQ-040,Cascavel,61.3,40.4,20.5,Arenoso,6.2,170.0,Plantio,24.0,90.0,12.4,67.0,Manha,0
1866,2026-03-17 23:53:00,EQ-032,Lucas do Rio Verde,74.9,18.8,22.2,Arenoso,17.5,564.0,Plantio,18.0,182.0,14.0,57.0,Manha,1
1867,2026-03-18 00:00:00,EQ-001,Sorriso,70.4,38.3,24.5,Argiloso,12.6,1190.0,Transporte,4.0,511.0,14.4,60.0,Manha,0
1868,2026-03-18 00:23:00,EQ-025,Cascavel,52.1,21.0,31.4,Misto,9.0,395.0,Colheita,9.0,127.0,9.4,77.0,Manha,1
1869,2026-03-18 00:45:00,EQ-022,Nao-Me-Toque,70.7,65.5,39.6,Arenoso,33.7,1022.0,Colheita,13.0,99.0,7.8,70.0,Tarde,0
1870,2026-03-18 00:59:00,EQ-038,Cascavel,54.4,25.8,26.5,Encharcado,21.4,1101.0,Plantio,5.0,333.0,11.1,75.0,Manha,0
1871,2026-03-18 01:23:00,EQ-008,Rio Verde,87.5,57.9,20.7,Misto,3.0,484.0,Plantio,7.0,50.0,10.0,70.0,Noite,1
1872,2026-03-18 01:37:00,EQ-024,Nao-Me-Toque,75.0,26.1,25.6,Arenoso,1.9,679.0,Colheita,15.0,127.0,8.0,79.0,Manha,0
1873,2026-03-18 01:50:00,EQ-017,Sorriso,56.1,18.3,24.4,Arenoso,1.7,603.0,Colheita,3.0,76.0,9.5,57.0,Noite,0
1874,2026-03-18 01:52:00,EQ-027,Nao-Me-Toque,54.2,30.0,21.8,Encharcado,12.7,1225.0,Plantio,2.0,75.0,3.1,112.0,Tarde,0
1875,2026-03-18 01:57:00,EQ-037,Lucas do Rio Verde,67.9,51.1,22.8,Argiloso,3.7,475.0,Colheita,11.0,133.0,5.5,81.0,Manha,1
1876,2026-03-18 02:23:00,EQ-035,Barreiras,54.0,68.5,26.5,Misto,17.0,344.0,Pulverizacao,2.0,357.0,8.9,74.0,Manha,0
1877,2026-03-18 02:45:00,EQ-037,Sorriso,57.4,28.6,28.9,Arenoso,5.8,1027.0,Plantio,10.0,99.0,10.8,97.0,Manha,0
1878,2026-03-18 03:29:00,EQ-011,Barreiras,73.2,85.5,30.1,Encharcado,9.7,248.0,Pulverizacao,6.0,93.0,12.3,64.0,Manha,1
1879,2026-03-18 03:41:00,EQ-001,Cascavel,66.4,21.3,18.5,Argiloso,8.9,424.0,Colheita,3.0,172.0,10.6,63.0,Manha,0
1880,2026-03-18 03:47:00,EQ-033,Sorriso,63.1,19.6,22.2,Misto,22.2,850.0,Pulverizacao,4.0,232.0,10.8,84.0,Noite,1
1881,2026-03-18 03:51:00,EQ-003,Sorriso,45.0,17.5,24.9,Argiloso,7.9,781.0,Pulverizacao,3.0,80.0,10.8,50.0,Tarde,0
1882,2026-03-18 04:09:00,EQ-024,Lucas do Rio Verde,79.1,11.1,22.5,Arenoso,8.6,797.0,Colheita,18.0,596.0,9.7,91.0,Tarde,1
1883,2026-03-18 04:55:00,EQ-019,Sorriso,41.6,60.6,29.0,Misto,12.2,85.0,Plantio,18.0,135.0,8.7,120.0,Manha,1
1884,2026-03-18 05:07:00,EQ-016,Lucas do Rio Verde,45.4,51.4,31.3,Encharcado,5.6,246.0,Pulverizacao,12.0,309.0,8.0,55.0,Noite,0
1885,2026-03-18 05:21:00,EQ-040,Sorriso,56.4,32.3,14.4,Argiloso,2.3,1030.0,Colheita,2.0,218.0,2.3,94.0,Manha,0
1886,2026-03-18 06:39:00,EQ-015,Sorriso,50.9,22.2,28.9,Misto,18.1,342.0,Pulverizacao,2.0,23.0,5.7,72.0,Tarde,0
1887,2026-03-18 06:44:00,EQ-028,Lucas do Rio Verde,54.0,17.5,32.1,Argiloso,7.2,236.0,Pulverizacao,1.0,117.0,11.9,73.0,Manha,0
1888,2026-03-18 06:59:00,EQ-014,Sorriso,56.4,56.9,23.8,Misto,18.2,525.0,Colheita,9.0,75.0,6.3,68.0,Tarde,0
1889,2026-03-18 07:17:00,EQ-020,Nao-Me-Toque,46.2,27.7,29.3,Arenoso,11.0,303.0,Colheita,7.0,226.0,10.9,84.0,Tarde,0
1890,2026-03-18 07:37:00,EQ-038,Cascavel,55.9,4.8,19.5,Argiloso,5.0,432.0,Colheita,12.0,553.0,10.7,67.0,Tarde,1
1891,2026-03-18 08:25:00,EQ-008,Rio Verde,59.4,82.4,25.0,Encharcado,2.4,466.0,Plantio,9.0,411.0,0.4,71.0,Manha,0
1892,2026-03-18 08:41:00,EQ-015,Nao-Me-Toque,54.3,14.9,15.6,Arenoso,8.6,731.0,Colheita,3.0,51.0,8.8,59.0,Manha,0
1893,2026-03-18 08:51:00,EQ-003,Lucas do Rio Verde,70.0,27.3,21.8,Arenoso,1.5,197.0,Plantio,8.0,231.0,8.1,74.0,Manha,1
1894,2026-03-18 08:54:00,EQ-038,Cascavel,57.9,32.8,31.8,Misto,14.3,1030.0,Colheita,15.0,22.0,9.6,66.0,Tarde,0
1895,2026-03-18 09:08:00,EQ-012,Cascavel,92.2,40.9,18.6,Misto,7.3,196.0,Colheita,7.0,339.0,1.1,62.0,Tarde,0
1896,2026-03-18 09:12:00,EQ-040,Barreiras,45.9,67.5,41.8,Argiloso,9.9,285.0,Plantio,9.0,279.0,7.4,77.0,Manha,0
1897,2026-03-18 09:20:00,EQ-037,Lucas do Rio Verde,45.6,71.7,21.7,Misto,15.1,678.0,Pulverizacao,2.0,115.0,10.8,81.0,Manha,1
1898,2026-03-18 09:45:00,EQ-005,Nao-Me-Toque,69.2,31.2,29.1,Misto,18.3,609.0,Transporte,18.0,346.0,7.4,69.0,Manha,0
1899,2026-03-18 09:49:00,EQ-029,Cascavel,45.6,15.5,37.9,Misto,3.1,543.0,Colheita,20.0,89.0,8.0,111.0,Tarde,0
1900,2026-03-18 10:06:00,EQ-010,Rio Verde,70.0,21.9,25.3,Misto,3.6,312.0,Transporte,8.0,79.0,13.0,86.0,Noite,0
1901,2026-03-18 10:08:00,EQ-011,Rio Verde,19.8,15.5,21.2,Argiloso,7.2,140.0,Pulverizacao,1.0,40.0,12.3,69.0,Manha,1
1902,2026-03-18 10:13:00,EQ-030,Lucas do Rio Verde,62.7,25.0,21.7,Argiloso,9.2,1250.0,Plantio,5.0,112.0,3.2,105.0,Tarde,0
1903,2026-03-18 10:19:00,EQ-036,Nao-Me-Toque,76.7,19.3,23.0,Misto,9.6,627.0,Transporte,10.0,149.0,0.0,109.0,Manha,1
1904,2026-03-18 10:55:00,EQ-006,Lucas do Rio Verde,71.8,31.3,39.7,Argiloso,21.9,968.0,Colheita,5.0,121.0,9.1,55.0,Manha,0
1905,2026-03-18 11:05:00,EQ-028,Barreiras,66.3,77.8,25.9,Misto,9.3,556.0,Plantio,2.0,6.0,7.7,73.0,Manha,1
1906,2026-03-18 11:19:00,EQ-027,Nao-Me-Toque,28.6,47.1,24.9,Argiloso,8.5,411.0,Colheita,25.0,18.0,8.1,86.0,Noite,0
1907,2026-03-18 11:35:00,EQ-008,Sorriso,33.3,24.1,27.5,Argiloso,4.8,403.0,Plantio,11.0,77.0,7.3,76.0,Tarde,0
1908,2026-03-18 11:54:00,EQ-004,Lucas do Rio Verde,39.9,38.9,25.8,Arenoso,13.4,1529.0,Colheita,8.0,81.0,8.5,80.0,Tarde,0
1909,2026-03-18 12:31:00,EQ-003,Rio Verde,66.4,38.3,16.5,Arenoso,9.0,882.0,Colheita,11.0,181.0,8.1,64.0,Noite,0
1910,2026-03-18 13:28:00,EQ-011,Lucas do Rio Verde,69.5,14.7,18.2,Misto,11.3,1039.0,Colheita,5.0,100.0,11.0,83.0,Tarde,0
1911,2026-03-18 13:31:00,EQ-006,Sorriso,85.3,42.5,32.5,Argiloso,6.7,1263.0,Colheita,10.0,234.0,9.5,53.0,Manha,0
1912,2026-03-18 13:51:00,EQ-013,Barreiras,50.0,16.2,32.7,Misto,4.5,1106.0,Plantio,8.0,164.0,1.9,65.0,Tarde,0
1913,2026-03-18 14:00:00,EQ-033,Lucas do Rio Verde,87.6,50.2,34.0,Misto,7.7,389.0,Transporte,5.0,137.0,8.5,85.0,Manha,1
1914,2026-03-18 14:04:00,EQ-022,Barreiras,60.8,36.0,17.9,Arenoso,2.3,1396.0,Pulverizacao,9.0,46.0,8.2,114.0,Manha,0
1915,2026-03-18 14:05:00,EQ-031,Sorriso,50.5,27.2,22.2,Misto,6.4,581.0,Colheita,4.0,16.0,6.4,74.0,Noite,1
1916,2026-03-18 14:09:00,EQ-026,Lucas do Rio Verde,82.1,47.9,31.3,Argiloso,16.8,1095.0,Transporte,21.0,107.0,0.8,76.0,Tarde,1
1917,2026-03-18 14:45:00,EQ-005,Sorriso,23.6,102.8,26.8,Misto,11.2,472.0,Plantio,8.0,150.0,7.9,86.0,Manha,0
1918,2026-03-18 14:46:00,EQ-016,Cascavel,44.8,17.3,26.8,Argiloso,8.1,345.0,Colheita,2.0,200.0,7.2,72.0,Tarde,0
1919,2026-03-18 15:11:00,EQ-035,Nao-Me-Toque,44.2,24.7,20.8,Misto,1.9,244.0,Plantio,11.0,234.0,9.1,64.0,Manha,0
1920,2026-03-18 16:04:00,EQ-033,Cascavel,97.1,30.0,26.5,Encharcado,22.5,244.0,Colheita,14.0,221.0,12.5,96.0,Manha,1
1921,2026-03-18 16:21:00,EQ-009,Lucas do Rio Verde,76.0,17.9,30.7,Argiloso,26.7,208.0,Transporte,2.0,217.0,12.6,88.0,Manha,1
1922,2026-03-18 16:26:00,EQ-037,Nao-Me-Toque,30.7,31.6,18.3,Encharcado,3.2,189.0,Colheita,4.0,140.0,4.5,48.0,Tarde,1
1923,2026-03-18 16:26:00,EQ-036,Nao-Me-Toque,31.4,30.7,24.9,Misto,7.3,274.0,Plantio,4.0,181.0,6.5,91.0,Manha,0
1924,2026-03-18 16:33:00,EQ-037,Barreiras,71.5,40.4,13.7,Argiloso,15.5,165.0,Transporte,4.0,192.0,1.7,90.0,Tarde,1
1925,2026-03-18 17:44:00,EQ-021,Barreiras,42.4,43.4,27.0,Encharcado,10.7,795.0,Pulverizacao,17.0,150.0,5.8,116.0,Noite,0
1926,2026-03-18 18:07:00,EQ-015,Nao-Me-Toque,51.8,83.3,18.8,Argiloso,3.9,1329.0,Transporte,2.0,260.0,5.7,95.0,Noite,1
1927,2026-03-18 18:50:00,EQ-038,Rio Verde,49.6,49.8,28.6,Argiloso,4.5,2000.0,Plantio,8.0,140.0,6.0,94.0,Manha,0
1928,2026-03-18 19:52:00,EQ-036,Barreiras,51.7,2.6,13.1,Arenoso,10.1,1021.0,Pulverizacao,4.0,213.0,4.0,67.0,Tarde,0
1929,2026-03-18 20:48:00,EQ-032,Lucas do Rio Verde,32.9,16.2,30.1,Arenoso,8.2,490.0,Plantio,1.0,600.0,9.5,98.0,Manha,0
1930,2026-03-18 21:06:00,EQ-040,Rio Verde,32.6,103.7,18.1,Arenoso,11.7,241.0,Pulverizacao,4.0,251.0,9.2,86.0,Tarde,0
1931,2026-03-18 21:13:00,EQ-017,Nao-Me-Toque,21.3,104.5,20.6,Encharcado,4.5,608.0,Colheita,11.0,189.0,10.3,81.0,Noite,0
1932,2026-03-18 21:46:00,EQ-013,Nao-Me-Toque,100.0,69.5,26.7,Misto,7.4,623.0,Pulverizacao,15.0,106.0,10.6,69.0,Tarde,0
1933,2026-03-18 22:45:00,EQ-016,Sorriso,66.9,33.0,21.2,Argiloso,12.3,1572.0,Plantio,8.0,161.0,8.3,92.0,Tarde,0
1934,2026-03-18 22:49:00,EQ-040,Rio Verde,49.6,50.0,20.5,Arenoso,22.2,769.0,Pulverizacao,11.0,50.0,9.2,117.0,Noite,0
1935,2026-03-18 22:55:00,EQ-001,Nao-Me-Toque,54.3,105.7,24.9,Arenoso,4.1,1357.0,Transporte,5.0,55.0,13.5,87.0,Noite,0
1936,2026-03-19 01:10:00,EQ-011,Rio Verde,50.1,200.0,26.4,Arenoso,34.8,911.0,Pulverizacao,1.0,427.0,9.3,64.0,Manha,0
1937,2026-03-19 01:22:00,EQ-012,Sorriso,100.0,39.3,19.7,Encharcado,5.2,537.0,Pulverizacao,15.0,227.0,6.7,95.0,Manha,1
1938,2026-03-19 02:10:00,EQ-033,Rio Verde,65.1,18.7,26.6,Encharcado,18.3,555.0,Plantio,1.0,231.0,8.7,103.0,Manha,0
1939,2026-03-19 02:18:00,EQ-038,Nao-Me-Toque,61.6,24.8,24.3,Argiloso,7.6,228.0,Colheita,24.0,75.0,11.9,61.0,Tarde,1
1940,2026-03-19 02:24:00,EQ-001,Cascavel,63.7,10.1,21.5,Argiloso,2.4,1556.0,Colheita,1.0,126.0,7.8,64.0,Manha,0
1941,2026-03-19 03:16:00,EQ-004,Barreiras,55.0,42.1,27.4,Arenoso,0.5,1048.0,Pulverizacao,8.0,21.0,9.0,86.0,Tarde,0
1942,2026-03-19 03:19:00,EQ-029,Cascavel,57.2,36.5,27.0,Misto,13.8,366.0,Plantio,11.0,96.0,12.0,41.0,Manha,0
1943,2026-03-19 03:22:00,EQ-022,Rio Verde,62.6,39.3,22.4,Arenoso,17.7,364.0,Pulverizacao,7.0,186.0,8.1,58.0,Manha,0
1944,2026-03-19 03:37:00,EQ-001,Barreiras,70.5,15.1,33.6,Misto,2.9,869.0,Pulverizacao,19.0,228.0,8.8,69.0,Noite,0
1945,2026-03-19 04:40:00,EQ-003,Rio Verde,38.5,47.9,27.1,Arenoso,24.2,965.0,Colheita,14.0,300.0,8.5,89.0,Tarde,0
1946,2026-03-19 04:44:00,EQ-004,Lucas do Rio Verde,84.7,28.8,22.9,Argiloso,1.1,255.0,Plantio,3.0,102.0,8.5,113.0,Tarde,1
1947,2026-03-19 04:52:00,EQ-016,Cascavel,70.8,32.1,15.9,Misto,17.6,811.0,Pulverizacao,8.0,57.0,9.0,64.0,Noite,1
1948,2026-03-19 05:33:00,EQ-001,Nao-Me-Toque,44.6,21.3,32.2,Arenoso,32.2,450.0,Pulverizacao,10.0,204.0,12.9,52.0,Manha,0
1949,2026-03-19 05:38:00,EQ-036,Lucas do Rio Verde,51.5,29.6,36.0,Misto,2.3,650.0,Transporte,16.0,253.0,7.3,72.0,Manha,0
1950,2026-03-19 05:45:00,EQ-016,Nao-Me-Toque,33.8,31.1,28.2,Misto,4.1,95.0,Plantio,3.0,78.0,10.0,82.0,Manha,0
1951,2026-03-19 06:24:00,EQ-006,Rio Verde,52.5,34.1,21.5,Argiloso,38.0,2000.0,Pulverizacao,17.0,11.0,0.8,58.0,Tarde,0
1952,2026-03-19 06:49:00,EQ-030,Sorriso,43.7,33.4,32.7,Arenoso,5.7,1181.0,Transporte,5.0,348.0,7.2,68.0,Noite,0
1953,2026-03-19 07:12:00,EQ-009,Barreiras,17.6,43.0,30.2,Misto,8.5,752.0,Plantio,4.0,34.0,3.6,62.0,Noite,0
1954,2026-03-19 07:38:00,EQ-023,Barreiras,15.1,36.8,23.4,Arenoso,10.5,519.0,Pulverizacao,6.0,105.0,10.4,47.0,Tarde,0
1955,2026-03-19 07:49:00,EQ-006,Rio Verde,83.5,20.3,26.4,Encharcado,2.2,445.0,Transporte,13.0,340.0,6.7,78.0,Tarde,1
1956,2026-03-19 07:58:00,EQ-026,Cascavel,77.4,86.1,33.9,Arenoso,9.9,1318.0,Colheita,21.0,526.0,6.3,47.0,Manha,1
1957,2026-03-19 07:59:00,EQ-018,Barreiras,96.8,38.3,26.5,Misto,13.6,290.0,Colheita,1.0,178.0,10.8,48.0,Manha,0
1958,2026-03-19 08:14:00,EQ-032,Lucas do Rio Verde,60.8,35.4,33.3,Arenoso,9.3,546.0,Plantio,4.0,149.0,10.2,61.0,Tarde,0
1959,2026-03-19 08:22:00,EQ-016,Rio Verde,57.7,48.1,28.8,Misto,0.7,198.0,Plantio,3.0,319.0,2.7,103.0,Noite,0
1960,2026-03-19 08:27:00,EQ-037,Barreiras,30.2,25.4,19.4,Arenoso,18.5,107.0,Colheita,11.0,259.0,7.0,43.0,Tarde,0
1961,2026-03-19 09:02:00,EQ-026,Cascavel,22.6,15.5,26.2,Misto,2.4,747.0,Plantio,9.0,181.0,5.4,90.0,Tarde,0
1962,2026-03-19 09:32:00,EQ-039,Nao-Me-Toque,23.3,47.3,27.3,Encharcado,8.8,535.0,Pulverizacao,1.0,39.0,7.4,43.0,Tarde,0
1963,2026-03-19 10:12:00,EQ-002,Barreiras,81.1,30.8,31.1,Misto,15.0,237.0,Colheita,13.0,113.0,7.8,74.0,Manha,1
1964,2026-03-19 10:29:00,EQ-040,Sorriso,12.5,21.2,26.9,Arenoso,4.0,1034.0,Colheita,23.0,77.0,11.1,75.0,Manha,0
1965,2026-03-19 12:04:00,EQ-001,Cascavel,35.1,17.6,30.0,Misto,6.1,339.0,Colheita,3.0,175.0,3.1,62.0,Tarde,0
1966,2026-03-19 12:26:00,EQ-011,Cascavel,48.7,6.0,21.9,Argiloso,3.3,450.0,Plantio,8.0,71.0,7.2,68.0,Tarde,0
1967,2026-03-19 12:58:00,EQ-025,Sorriso,35.3,12.4,20.5,Arenoso,10.1,508.0,Pulverizacao,2.0,19.0,5.3,85.0,Tarde,0
1968,2026-03-19 13:05:00,EQ-012,Rio Verde,69.5,51.7,28.8,Arenoso,8.3,831.0,Transporte,10.0,23.0,5.6,118.0,Manha,0
1969,2026-03-19 13:22:00,EQ-003,Rio Verde,33.0,66.0,30.9,Argiloso,19.9,1257.0,Colheita,9.0,310.0,10.6,94.0,Noite,1
1970,2026-03-19 13:41:00,EQ-032,Sorriso,60.8,37.9,39.2,Misto,8.7,1509.0,Plantio,12.0,172.0,6.4,80.0,Tarde,0
1971,2026-03-19 13:44:00,EQ-030,Barreiras,62.3,22.0,26.9,Encharcado,4.6,570.0,Transporte,6.0,80.0,7.9,66.0,Tarde,1
1972,2026-03-19 14:00:00,EQ-019,Rio Verde,19.3,25.1,23.6,Misto,13.3,620.0,Plantio,9.0,131.0,3.7,97.0,Tarde,0
1973,2026-03-19 14:40:00,EQ-005,Barreiras,66.0,45.2,26.2,Argiloso,7.1,508.0,Pulverizacao,6.0,563.0,10.6,107.0,Tarde,1
1974,2026-03-19 14:58:00,EQ-037,Nao-Me-Toque,67.0,42.6,24.5,Misto,22.4,453.0,Plantio,4.0,63.0,9.1,95.0,Manha,1
1975,2026-03-19 15:07:00,EQ-019,Barreiras,89.3,19.8,27.6,Argiloso,2.8,794.0,Colheita,9.0,14.0,8.2,61.0,Manha,0
1976,2026-03-19 15:19:00,EQ-002,Nao-Me-Toque,100.0,50.5,35.1,Argiloso,20.6,813.0,Pulverizacao,1.0,89.0,3.5,88.0,Manha,0
1977,2026-03-19 15:22:00,EQ-038,Rio Verde,34.4,45.3,24.4,Arenoso,11.2,205.0,Plantio,11.0,78.0,7.2,60.0,Manha,0
1978,2026-03-19 15:27:00,EQ-021,Sorriso,67.8,6.7,31.0,Encharcado,18.3,922.0,Plantio,10.0,63.0,7.4,103.0,Noite,0
1979,2026-03-19 15:54:00,EQ-018,Nao-Me-Toque,80.7,44.9,25.1,Misto,6.1,1199.0,Pulverizacao,3.0,402.0,11.4,72.0,Manha,0
1980,2026-03-19 16:34:00,EQ-019,Nao-Me-Toque,41.9,53.9,23.8,Argiloso,7.7,195.0,Plantio,3.0,52.0,5.3,79.0,Manha,0
1981,2026-03-19 16:35:00,EQ-002,Cascavel,44.4,30.2,22.4,Encharcado,4.3,1078.0,Plantio,14.0,84.0,5.2,118.0,Manha,0
1982,2026-03-19 16:35:00,EQ-004,Barreiras,44.0,9.2,30.1,Argiloso,8.2,1063.0,Plantio,5.0,77.0,9.2,109.0,Tarde,0
1983,2026-03-19 16:46:00,EQ-009,Nao-Me-Toque,41.5,50.8,13.4,Arenoso,11.7,1012.0,Plantio,9.0,173.0,6.8,66.0,Tarde,0
1984,2026-03-19 17:18:00,EQ-040,Nao-Me-Toque,53.6,5.5,24.5,Misto,5.4,805.0,Transporte,23.0,102.0,5.9,79.0,Manha,0
1985,2026-03-19 17:38:00,EQ-027,Barreiras,78.0,36.4,26.1,Misto,6.4,202.0,Plantio,1.0,160.0,3.9,94.0,Tarde,1
1986,2026-03-19 17:54:00,EQ-027,Cascavel,33.8,20.0,34.4,Misto,26.3,1011.0,Colheita,9.0,109.0,7.1,75.0,Tarde,1
1987,2026-03-19 18:11:00,EQ-016,Barreiras,14.2,19.9,30.4,Arenoso,26.8,342.0,Plantio,22.0,299.0,7.8,63.0,Tarde,1
1988,2026-03-19 18:32:00,EQ-013,Lucas do Rio Verde,61.4,53.7,29.7,Argiloso,16.4,555.0,Colheita,5.0,196.0,9.3,68.0,Tarde,1
1989,2026-03-19 18:38:00,EQ-020,Lucas do Rio Verde,62.2,85.7,37.6,Misto,2.5,459.0,Colheita,9.0,233.0,4.2,72.0,Manha,0
1990,2026-03-19 18:48:00,EQ-018,Nao-Me-Toque,46.8,21.1,20.2,Argiloso,7.1,281.0,Pulverizacao,20.0,43.0,10.3,97.0,Noite,0
1991,2026-03-19 19:23:00,EQ-020,Cascavel,58.1,17.3,26.9,Misto,8.0,285.0,Pulverizacao,5.0,183.0,12.8,98.0,Manha,0
1992,2026-03-19 19:27:00,EQ-016,Rio Verde,74.8,109.4,33.8,Misto,4.8,341.0,Colheita,3.0,381.0,10.5,83.0,Manha,1
1993,2026-03-19 19:32:00,EQ-023,Lucas do Rio Verde,89.4,11.7,31.4,Argiloso,7.4,337.0,Plantio,10.0,145.0,7.3,88.0,Manha,1
1994,2026-03-19 19:46:00,EQ-011,Barreiras,65.5,10.1,24.4,Encharcado,13.4,251.0,Colheita,5.0,189.0,10.4,120.0,Manha,1
1995,2026-03-19 20:04:00,EQ-024,Nao-Me-Toque,45.3,15.6,25.3,Argiloso,36.7,1263.0,Pulverizacao,8.0,129.0,9.1,97.0,Manha,1
1996,2026-03-19 20:30:00,EQ-025,Barreiras,35.4,43.8,33.7,Misto,4.4,2000.0,Transporte,12.0,136.0,8.2,97.0,Tarde,0
1997,2026-03-19 20:32:00,EQ-017,Cascavel,5.0,15.3,32.1,Misto,8.2,809.0,Transporte,14.0,72.0,9.9,97.0,Noite,0
1998,2026-03-19 20:41:00,EQ-028,Barreiras,10.9,18.7,34.4,Misto,18.2,381.0,Colheita,4.0,59.0,11.4,82.0,Tarde,0
1999,2026-03-19 20:57:00,EQ-024,Rio Verde,37.8,56.9,34.5,Argiloso,42.1,356.0,Plantio,5.0,279.0,7.9,100.0,Tarde,1
2000,2026-03-19 21:17:00,EQ-020,Sorriso,67.8,19.3,14.3,Encharcado,10.7,862.0,Colheita,8.0,148.0,7.2,52.0,Tarde,1
2001,2026-03-19 21:26:00,EQ-026,Cascavel,69.6,39.6,35.5,Misto,4.9,397.0,Plantio,8.0,162.0,10.2,64.0,Manha,1
2002,2026-03-19 22:13:00,EQ-017,Sorriso,69.9,27.5,25.3,Misto,2.3,537.0,Colheita,9.0,58.0,9.7,75.0,Manha,1
2003,2026-03-19 23:15:00,EQ-008,Rio Verde,26.9,36.8,16.1,Encharcado,18.8,385.0,Colheita,4.0,79.0,12.8,93.0,Tarde,0
2004,2026-03-19 23:17:00,EQ-021,Rio Verde,77.8,46.7,19.5,Argiloso,7.5,1564.0,Transporte,14.0,75.0,14.6,88.0,Tarde,0
2005,2026-03-20 00:37:00,EQ-021,Cascavel,33.9,39.2,24.9,Encharcado,5.9,237.0,Plantio,3.0,163.0,5.0,79.0,Manha,0
2006,2026-03-20 00:55:00,EQ-018,Nao-Me-Toque,72.3,46.5,35.9,Arenoso,2.6,1134.0,Colheita,2.0,327.0,6.4,59.0,Manha,0
2007,2026-03-20 01:18:00,EQ-032,Barreiras,35.0,61.6,29.3,Arenoso,12.5,909.0,Colheita,8.0,222.0,7.7,62.0,Noite,0
2008,2026-03-20 01:48:00,EQ-001,Cascavel,47.4,6.2,16.7,Arenoso,11.3,418.0,Pulverizacao,3.0,82.0,8.8,113.0,Manha,0
2009,2026-03-20 01:58:00,EQ-032,Rio Verde,89.5,34.9,16.4,Arenoso,26.8,365.0,Transporte,3.0,102.0,7.1,82.0,Manha,0
2010,2026-03-20 02:14:00,EQ-039,Nao-Me-Toque,42.7,25.1,30.2,Arenoso,25.6,1349.0,Pulverizacao,25.0,170.0,7.5,77.0,Tarde,0
2011,2026-03-20 02:28:00,EQ-039,Nao-Me-Toque,47.4,46.5,40.4,Misto,5.1,1179.0,Pulverizacao,6.0,138.0,4.8,91.0,Manha,0
2012,2026-03-20 02:34:00,EQ-002,Nao-Me-Toque,68.3,45.0,20.8,Misto,1.9,389.0,Pulverizacao,6.0,121.0,9.9,79.0,Noite,1
2013,2026-03-20 02:46:00,EQ-017,Cascavel,66.7,106.5,20.2,Argiloso,11.8,218.0,Pulverizacao,10.0,81.0,5.4,79.0,Manha,1
2014,2026-03-20 03:08:00,EQ-029,Cascavel,23.4,42.5,18.9,Misto,27.9,762.0,Pulverizacao,25.0,47.0,8.5,58.0,Tarde,0
2015,2026-03-20 03:52:00,EQ-027,Nao-Me-Toque,52.2,10.5,29.2,Arenoso,1.4,179.0,Colheita,6.0,284.0,8.9,60.0,Manha,0
2016,2026-03-20 04:19:00,EQ-025,Nao-Me-Toque,97.4,16.9,23.0,Argiloso,14.0,726.0,Plantio,3.0,139.0,7.8,120.0,Tarde,1
2017,2026-03-20 04:39:00,EQ-005,Lucas do Rio Verde,49.2,30.2,28.8,Argiloso,15.9,1738.0,Plantio,10.0,238.0,8.3,78.0,Manha,0
2018,2026-03-20 04:41:00,EQ-026,Rio Verde,60.8,21.5,29.0,Encharcado,6.2,813.0,Plantio,2.0,73.0,9.4,93.0,Tarde,0
2019,2026-03-20 04:46:00,EQ-024,Cascavel,66.8,61.3,16.2,Arenoso,3.6,524.0,Plantio,9.0,72.0,11.5,100.0,Noite,0
2020,2026-03-20 05:12:00,EQ-011,Rio Verde,43.5,96.3,31.3,Argiloso,6.4,173.0,Colheita,4.0,185.0,3.1,77.0,Manha,1
2021,2026-03-20 06:27:00,EQ-031,Barreiras,60.0,29.2,29.2,Encharcado,11.8,1292.0,Pulverizacao,11.0,42.0,8.4,51.0,Noite,0
2022,2026-03-20 06:27:00,EQ-008,Nao-Me-Toque,47.1,16.3,26.6,Arenoso,19.1,874.0,Plantio,5.0,274.0,10.2,91.0,Tarde,0
2023,2026-03-20 07:01:00,EQ-004,Nao-Me-Toque,34.9,13.8,26.4,Argiloso,13.0,998.0,Plantio,5.0,388.0,7.7,81.0,Tarde,0
2024,2026-03-20 07:15:00,EQ-040,Cascavel,54.9,13.4,30.8,Argiloso,13.0,375.0,Colheita,2.0,334.0,8.8,100.0,Tarde,1
2025,2026-03-20 07:46:00,EQ-038,Cascavel,53.6,22.2,26.5,Misto,13.1,1073.0,Pulverizacao,10.0,233.0,13.0,78.0,Manha,0
2026,2026-03-20 07:58:00,EQ-015,Barreiras,64.7,51.8,23.1,Arenoso,16.0,635.0,Pulverizacao,20.0,126.0,9.6,102.0,Manha,0
2027,2026-03-20 08:25:00,EQ-010,Barreiras,69.5,46.1,28.6,Encharcado,9.2,839.0,Transporte,10.0,21.0,8.2,59.0,Manha,0
2028,2026-03-20 08:31:00,EQ-020,Sorriso,93.2,126.3,31.5,Misto,8.0,902.0,Colheita,6.0,54.0,6.5,94.0,Tarde,1
2029,2026-03-20 08:35:00,EQ-017,Lucas do Rio Verde,49.6,17.8,18.1,Arenoso,3.5,522.0,Plantio,2.0,370.0,10.7,80.0,Tarde,0
2030,2026-03-20 08:41:00,EQ-023,Rio Verde,37.0,4.9,24.9,Argiloso,4.4,127.0,Pulverizacao,1.0,55.0,6.4,82.0,Manha,0
2031,2026-03-20 09:15:00,EQ-007,Nao-Me-Toque,58.6,22.2,29.3,Encharcado,10.5,555.0,Colheita,4.0,29.0,8.0,103.0,Manha,0
2032,2026-03-20 10:12:00,EQ-031,Barreiras,83.2,41.8,21.5,Arenoso,11.3,710.0,Pulverizacao,10.0,173.0,9.4,90.0,Tarde,1
2033,2026-03-20 10:17:00,EQ-039,Cascavel,39.8,27.8,29.1,Arenoso,7.1,1016.0,Plantio,6.0,305.0,4.5,79.0,Noite,0
2034,2026-03-20 10:38:00,EQ-039,Barreiras,33.0,5.2,20.8,Encharcado,9.9,276.0,Plantio,1.0,56.0,5.1,82.0,Tarde,0
2035,2026-03-20 11:25:00,EQ-007,Lucas do Rio Verde,70.9,11.8,22.4,Encharcado,14.0,606.0,Colheita,6.0,202.0,9.7,83.0,Manha,1
2036,2026-03-20 11:37:00,EQ-027,Lucas do Rio Verde,76.9,26.5,37.5,Misto,7.3,792.0,Plantio,4.0,333.0,10.1,42.0,Manha,1
2037,2026-03-20 11:40:00,EQ-035,Rio Verde,76.6,45.4,30.9,Misto,8.5,512.0,Plantio,21.0,325.0,11.8,55.0,Manha,1
2038,2026-03-20 11:41:00,EQ-038,Lucas do Rio Verde,66.6,32.0,21.1,Argiloso,6.7,104.0,Plantio,7.0,204.0,4.5,62.0,Tarde,1
2039,2026-03-20 11:42:00,EQ-030,Lucas do Rio Verde,63.3,24.9,36.9,Arenoso,11.3,369.0,Plantio,5.0,267.0,10.1,81.0,Noite,0
2040,2026-03-20 11:42:00,EQ-008,Nao-Me-Toque,50.7,20.2,29.2,Arenoso,7.5,576.0,Plantio,2.0,367.0,7.0,79.0,Manha,0
2041,2026-03-20 11:46:00,EQ-004,Sorriso,38.7,31.8,22.9,Arenoso,23.1,469.0,Colheita,4.0,274.0,8.9,73.0,Manha,0
2042,2026-03-20 12:09:00,EQ-019,Barreiras,86.8,38.9,25.9,Misto,8.0,744.0,Pulverizacao,6.0,82.0,10.8,107.0,Noite,0
2043,2026-03-20 12:09:00,EQ-024,Sorriso,53.0,37.8,30.6,Argiloso,14.1,748.0,Pulverizacao,8.0,29.0,5.3,55.0,Manha,0
2044,2026-03-20 12:56:00,EQ-011,Cascavel,84.4,39.8,23.2,Arenoso,12.8,699.0,Plantio,11.0,158.0,11.7,56.0,Tarde,0
2045,2026-03-20 13:15:00,EQ-036,Cascavel,74.3,54.8,31.4,Arenoso,3.5,1055.0,Pulverizacao,9.0,194.0,9.0,91.0,Manha,0
2046,2026-03-20 13:24:00,EQ-010,Lucas do Rio Verde,64.0,82.9,27.0,Arenoso,13.4,633.0,Transporte,2.0,443.0,6.9,86.0,Manha,1
2047,2026-03-20 13:30:00,EQ-026,Cascavel,18.8,9.9,27.2,Argiloso,3.4,304.0,Pulverizacao,16.0,187.0,9.1,100.0,Tarde,0
2048,2026-03-20 14:35:00,EQ-017,Barreiras,86.5,54.0,12.5,Argiloso,4.8,808.0,Plantio,9.0,244.0,9.4,63.0,Noite,0
2049,2026-03-20 15:37:00,EQ-030,Barreiras,45.6,11.5,16.5,Arenoso,20.7,1017.0,Plantio,8.0,151.0,7.5,88.0,Manha,0
2050,2026-03-20 16:20:00,EQ-037,Sorriso,54.2,20.8,25.5,Misto,1.7,1865.0,Plantio,25.0,51.0,5.4,68.0,Noite,0
2051,2026-03-20 16:39:00,EQ-018,Sorriso,64.7,56.0,19.5,Encharcado,15.4,579.0,Pulverizacao,3.0,35.0,5.0,73.0,Tarde,1
2052,2026-03-20 17:16:00,EQ-028,Barreiras,75.9,14.5,22.2,Arenoso,9.7,403.0,Plantio,18.0,109.0,6.3,89.0,Tarde,0
2053,2026-03-20 17:47:00,EQ-026,Rio Verde,69.1,7.5,26.8,Arenoso,3.3,714.0,Plantio,5.0,42.0,16.0,72.0,Tarde,0
2054,2026-03-20 18:15:00,EQ-027,Lucas do Rio Verde,46.8,47.3,25.0,Misto,3.7,123.0,Pulverizacao,6.0,36.0,10.2,78.0,Manha,0
2055,2026-03-20 18:48:00,EQ-033,Lucas do Rio Verde,72.3,28.6,30.4,Misto,1.3,182.0,Plantio,5.0,281.0,11.3,62.0,Manha,0
2056,2026-03-20 19:13:00,EQ-027,Nao-Me-Toque,33.1,6.5,28.9,Argiloso,5.3,814.0,Colheita,12.0,141.0,8.6,55.0,Tarde,0
2057,2026-03-20 19:14:00,EQ-018,Sorriso,68.3,99.6,24.9,Arenoso,9.9,66.0,Plantio,17.0,212.0,9.6,64.0,Tarde,1
2058,2026-03-20 19:24:00,EQ-032,Lucas do Rio Verde,36.7,31.4,31.9,Misto,15.4,699.0,Colheita,1.0,122.0,5.9,111.0,Tarde,0
2059,2026-03-20 20:14:00,EQ-003,Cascavel,40.1,25.9,31.1,Misto,9.6,419.0,Pulverizacao,9.0,84.0,4.3,77.0,Manha,0
2060,2026-03-20 20:31:00,EQ-030,Cascavel,76.0,13.1,29.0,Misto,2.9,777.0,Colheita,7.0,242.0,8.8,90.0,Noite,0
2061,2026-03-20 20:32:00,EQ-010,Lucas do Rio Verde,57.5,19.7,20.1,Misto,13.9,603.0,Pulverizacao,2.0,193.0,9.0,93.0,Manha,0
2062,2026-03-20 20:35:00,EQ-020,Cascavel,74.5,34.5,24.6,Encharcado,4.1,857.0,Plantio,6.0,68.0,9.3,97.0,Manha,0
2063,2026-03-20 20:56:00,EQ-008,Cascavel,53.8,6.8,17.3,Misto,1.9,745.0,Pulverizacao,2.0,120.0,7.6,78.0,Tarde,0
2064,2026-03-20 21:06:00,EQ-034,Sorriso,59.8,12.6,33.1,Misto,4.6,1056.0,Pulverizacao,13.0,46.0,7.6,65.0,Manha,0
2065,2026-03-20 21:15:00,EQ-013,Cascavel,39.6,5.7,40.4,Encharcado,7.4,837.0,Pulverizacao,12.0,171.0,8.2,67.0,Tarde,0
2066,2026-03-20 21:21:00,EQ-014,Nao-Me-Toque,22.7,58.2,34.7,Arenoso,0.3,561.0,Pulverizacao,18.0,71.0,7.6,75.0,Manha,0
2067,2026-03-20 21:47:00,EQ-004,Rio Verde,75.5,46.1,21.0,Arenoso,13.5,129.0,Transporte,2.0,181.0,11.1,68.0,Manha,1
2068,2026-03-20 21:58:00,EQ-016,Cascavel,84.9,41.4,20.0,Argiloso,0.9,1336.0,Transporte,4.0,117.0,10.8,91.0,Tarde,0
2069,2026-03-20 22:03:00,EQ-014,Rio Verde,23.1,31.3,27.5,Misto,27.2,383.0,Transporte,11.0,36.0,4.5,69.0,Tarde,0
2070,2026-03-20 22:09:00,EQ-003,Nao-Me-Toque,59.7,80.8,29.4,Misto,11.2,1248.0,Colheita,3.0,125.0,1.4,85.0,Manha,0
2071,2026-03-20 22:31:00,EQ-022,Sorriso,76.3,40.7,24.6,Misto,6.2,165.0,Pulverizacao,10.0,130.0,7.9,67.0,Noite,0
2072,2026-03-20 22:49:00,EQ-036,Nao-Me-Toque,55.2,44.6,24.8,Misto,9.0,432.0,Pulverizacao,5.0,74.0,4.2,87.0,Manha,0
2073,2026-03-20 22:59:00,EQ-038,Barreiras,64.2,15.5,31.8,Argiloso,8.5,1244.0,Plantio,9.0,29.0,10.5,102.0,Manha,0
2074,2026-03-20 23:07:00,EQ-009,Barreiras,87.1,58.8,26.9,Argiloso,24.5,326.0,Pulverizacao,6.0,93.0,10.6,86.0,Tarde,1
2075,2026-03-20 23:20:00,EQ-001,Barreiras,66.0,10.9,30.2,Arenoso,5.8,648.0,Colheita,8.0,95.0,10.4,98.0,Noite,0
2076,2026-03-20 23:37:00,EQ-002,Cascavel,70.5,24.9,19.3,Misto,11.8,68.0,Pulverizacao,1.0,162.0,4.8,78.0,Manha,1
2077,2026-03-20 23:37:00,EQ-025,Lucas do Rio Verde,42.5,7.5,32.2,Arenoso,15.2,139.0,Pulverizacao,10.0,140.0,7.9,74.0,Manha,0
2078,2026-03-20 23:45:00,EQ-002,Cascavel,5.0,72.5,25.6,Argiloso,8.3,749.0,Colheita,4.0,249.0,13.6,96.0,Manha,0
2079,2026-03-21 00:09:00,EQ-005,Lucas do Rio Verde,51.4,42.7,25.4,Misto,3.1,249.0,Colheita,6.0,64.0,11.8,79.0,Manha,0
2080,2026-03-21 00:20:00,EQ-013,Barreiras,17.1,12.1,17.4,Argiloso,7.0,1137.0,Pulverizacao,10.0,186.0,6.3,96.0,Noite,0
2081,2026-03-21 00:33:00,EQ-023,Lucas do Rio Verde,74.5,4.6,27.8,Arenoso,8.7,560.0,Plantio,5.0,130.0,9.3,83.0,Noite,0
2082,2026-03-21 00:47:00,EQ-033,Rio Verde,59.8,65.6,19.0,Misto,5.0,529.0,Colheita,4.0,78.0,8.8,81.0,Tarde,0
2083,2026-03-21 00:49:00,EQ-013,Sorriso,9.4,28.8,24.3,Arenoso,4.1,206.0,Pulverizacao,14.0,107.0,6.0,70.0,Manha,0
2084,2026-03-21 01:21:00,EQ-019,Nao-Me-Toque,55.3,29.1,21.4,Misto,8.2,1178.0,Plantio,6.0,248.0,3.0,70.0,Tarde,0
2085,2026-03-21 01:31:00,EQ-038,Barreiras,63.9,30.9,25.1,Misto,4.3,823.0,Plantio,9.0,262.0,10.3,108.0,Manha,0
2086,2026-03-21 01:34:00,EQ-035,Lucas do Rio Verde,52.7,18.7,20.6,Arenoso,25.4,622.0,Colheita,17.0,65.0,7.1,94.0,Manha,0
2087,2026-03-21 02:15:00,EQ-031,Barreiras,64.1,43.8,23.1,Argiloso,13.6,757.0,Colheita,6.0,299.0,8.7,49.0,Manha,0
2088,2026-03-21 02:25:00,EQ-020,Barreiras,81.5,12.4,32.0,Misto,5.8,631.0,Pulverizacao,10.0,61.0,7.2,110.0,Manha,0
2089,2026-03-21 03:25:00,EQ-019,Sorriso,62.9,47.5,34.7,Argiloso,7.0,1264.0,Plantio,6.0,166.0,8.2,85.0,Tarde,0
2090,2026-03-21 03:58:00,EQ-019,Nao-Me-Toque,26.8,71.0,30.4,Arenoso,2.3,828.0,Transporte,2.0,117.0,6.5,69.0,Tarde,0
2091,2026-03-21 04:01:00,EQ-011,Lucas do Rio Verde,50.9,48.9,14.0,Arenoso,10.9,235.0,Pulverizacao,16.0,241.0,9.4,93.0,Tarde,0
2092,2026-03-21 04:53:00,EQ-014,Nao-Me-Toque,45.3,4.9,24.0,Arenoso,12.3,274.0,Colheita,3.0,162.0,7.8,65.0,Tarde,0
2093,2026-03-21 05:10:00,EQ-016,Barreiras,61.4,14.7,37.7,Argiloso,42.6,1999.0,Transporte,3.0,455.0,8.2,93.0,Manha,1
2094,2026-03-21 05:30:00,EQ-020,Cascavel,39.8,51.2,16.3,Arenoso,13.2,502.0,Colheita,5.0,112.0,9.8,100.0,Manha,0
2095,2026-03-21 05:31:00,EQ-002,Barreiras,64.3,35.3,19.1,Misto,5.3,1193.0,Pulverizacao,4.0,296.0,6.0,82.0,Tarde,0
2096,2026-03-21 05:40:00,EQ-011,Sorriso,63.4,22.4,19.2,Encharcado,6.3,739.0,Transporte,20.0,255.0,9.3,40.0,Tarde,0
2097,2026-03-21 06:11:00,EQ-026,Lucas do Rio Verde,47.2,6.1,28.6,Misto,11.6,524.0,Plantio,10.0,79.0,7.9,66.0,Manha,0
2098,2026-03-21 06:28:00,EQ-035,Nao-Me-Toque,43.8,41.3,23.6,Misto,18.3,716.0,Plantio,9.0,75.0,9.1,105.0,Manha,0
2099,2026-03-21 06:28:00,EQ-002,Barreiras,49.5,19.4,37.0,Misto,11.3,284.0,Colheita,3.0,88.0,3.6,42.0,Tarde,0
2100,2026-03-21 06:41:00,EQ-007,Lucas do Rio Verde,29.5,88.2,31.7,Encharcado,8.9,2000.0,Colheita,8.0,115.0,7.2,60.0,Tarde,1
2101,2026-03-21 07:15:00,EQ-018,Sorriso,62.7,30.5,28.4,Argiloso,13.2,614.0,Plantio,6.0,107.0,7.2,96.0,Tarde,0
2102,2026-03-21 07:39:00,EQ-033,Sorriso,55.8,69.0,29.5,Encharcado,5.3,180.0,Colheita,11.0,281.0,7.4,97.0,Tarde,0
2103,2026-03-21 07:43:00,EQ-025,Rio Verde,36.7,22.6,29.0,Arenoso,2.8,409.0,Colheita,3.0,252.0,10.9,120.0,Manha,0
2104,2026-03-21 08:45:00,EQ-007,Sorriso,82.1,82.6,29.1,Misto,7.9,93.0,Plantio,11.0,198.0,6.7,66.0,Noite,1
2105,2026-03-21 09:45:00,EQ-011,Cascavel,89.5,26.7,25.6,Misto,14.1,511.0,Pulverizacao,12.0,252.0,13.6,71.0,Tarde,1
2106,2026-03-21 10:15:00,EQ-029,Rio Verde,36.8,37.1,25.7,Arenoso,12.8,1050.0,Colheita,4.0,64.0,12.2,62.0,Manha,0
2107,2026-03-21 10:58:00,EQ-032,Cascavel,35.7,48.7,29.2,Argiloso,2.6,1875.0,Colheita,9.0,28.0,4.5,120.0,Tarde,0
2108,2026-03-21 10:58:00,EQ-037,Barreiras,66.3,7.3,29.1,Arenoso,8.5,230.0,Colheita,7.0,135.0,9.8,47.0,Noite,0
2109,2026-03-21 12:33:00,EQ-005,Nao-Me-Toque,61.0,32.4,33.0,Misto,8.3,284.0,Pulverizacao,6.0,96.0,7.5,86.0,Noite,1
2110,2026-03-21 12:47:00,EQ-039,Cascavel,36.8,16.6,27.3,Misto,2.5,198.0,Pulverizacao,13.0,117.0,10.6,80.0,Tarde,0
2111,2026-03-21 13:20:00,EQ-033,Nao-Me-Toque,66.1,9.1,28.6,Argiloso,19.7,347.0,Transporte,16.0,406.0,11.8,109.0,Tarde,1
2112,2026-03-21 13:26:00,EQ-006,Cascavel,78.7,27.3,30.8,Encharcado,7.5,568.0,Colheita,8.0,297.0,2.0,99.0,Noite,1
2113,2026-03-21 13:50:00,EQ-027,Cascavel,52.6,10.8,40.0,Arenoso,7.5,1310.0,Plantio,10.0,190.0,5.3,75.0,Tarde,0
2114,2026-03-21 13:56:00,EQ-027,Nao-Me-Toque,42.4,9.3,22.0,Encharcado,7.4,1246.0,Transporte,4.0,263.0,9.0,82.0,Tarde,0
2115,2026-03-21 13:59:00,EQ-037,Barreiras,60.5,22.3,21.3,Encharcado,3.4,1025.0,Plantio,6.0,27.0,8.7,68.0,Tarde,0
2116,2026-03-21 14:08:00,EQ-040,Sorriso,18.1,3.5,28.5,Misto,10.0,2000.0,Colheita,5.0,97.0,8.7,70.0,Manha,1
2117,2026-03-21 15:22:00,EQ-006,Sorriso,76.3,16.2,22.8,Arenoso,9.0,1010.0,Plantio,8.0,138.0,8.5,76.0,Manha,0
2118,2026-03-21 15:26:00,EQ-032,Nao-Me-Toque,55.2,18.6,34.6,Argiloso,6.4,2000.0,Colheita,1.0,584.0,6.0,70.0,Manha,0
2119,2026-03-21 15:33:00,EQ-030,Lucas do Rio Verde,76.7,61.9,27.6,Misto,5.7,864.0,Plantio,8.0,118.0,6.9,110.0,Tarde,1
2120,2026-03-21 16:21:00,EQ-019,Sorriso,63.0,31.5,18.6,Arenoso,11.1,655.0,Plantio,5.0,71.0,6.2,77.0,Manha,0
2121,2026-03-21 17:00:00,EQ-006,Sorriso,79.6,43.6,26.4,Arenoso,16.0,958.0,Pulverizacao,7.0,43.0,9.9,85.0,Manha,0
2122,2026-03-21 17:04:00,EQ-026,Lucas do Rio Verde,96.0,42.5,19.1,Misto,10.5,591.0,Colheita,3.0,288.0,7.2,62.0,Manha,1
2123,2026-03-21 18:01:00,EQ-039,Barreiras,62.8,47.7,32.6,Argiloso,7.2,722.0,Plantio,14.0,120.0,3.1,86.0,Tarde,0
2124,2026-03-21 18:20:00,EQ-001,Barreiras,43.3,39.2,20.2,Encharcado,20.3,264.0,Pulverizacao,7.0,275.0,11.0,70.0,Manha,0
2125,2026-03-21 18:40:00,EQ-016,Cascavel,47.0,43.3,31.3,Misto,17.8,373.0,Plantio,1.0,92.0,8.7,74.0,Tarde,0
2126,2026-03-21 18:44:00,EQ-019,Barreiras,66.6,24.3,29.9,Misto,23.2,1729.0,Plantio,12.0,78.0,11.6,65.0,Noite,0
2127,2026-03-21 19:02:00,EQ-021,Lucas do Rio Verde,75.9,40.1,34.9,Misto,9.3,1022.0,Plantio,10.0,72.0,6.8,95.0,Manha,0
2128,2026-03-21 19:22:00,EQ-032,Cascavel,36.1,47.2,20.8,Argiloso,18.3,362.0,Plantio,22.0,172.0,11.6,96.0,Noite,0
2129,2026-03-21 19:25:00,EQ-018,Cascavel,75.9,3.5,25.1,Arenoso,9.5,625.0,Colheita,9.0,344.0,13.1,77.0,Manha,1
2130,2026-03-21 19:39:00,EQ-019,Nao-Me-Toque,78.8,42.1,22.4,Argiloso,6.1,633.0,Colheita,6.0,250.0,3.5,98.0,Tarde,0
2131,2026-03-21 19:50:00,EQ-029,Sorriso,31.4,137.4,32.5,Arenoso,4.3,187.0,Plantio,9.0,211.0,6.6,105.0,Noite,0
2132,2026-03-21 19:52:00,EQ-031,Cascavel,38.5,28.7,34.7,Argiloso,5.5,201.0,Plantio,12.0,35.0,5.4,86.0,Manha,1
2133,2026-03-21 20:59:00,EQ-038,Lucas do Rio Verde,42.6,60.5,19.1,Arenoso,3.4,500.0,Plantio,1.0,73.0,7.5,112.0,Manha,0
2134,2026-03-21 21:03:00,EQ-029,Cascavel,71.5,5.3,22.1,Argiloso,3.7,836.0,Colheita,5.0,90.0,5.5,70.0,Tarde,0
2135,2026-03-21 21:12:00,EQ-016,Lucas do Rio Verde,42.5,49.5,31.0,Argiloso,6.9,382.0,Colheita,4.0,48.0,5.2,67.0,Tarde,0
2136,2026-03-21 21:27:00,EQ-024,Barreiras,39.0,36.1,22.2,Encharcado,5.3,95.0,Plantio,20.0,104.0,7.3,66.0,Manha,0
2137,2026-03-21 21:50:00,EQ-020,Sorriso,61.4,15.3,26.8,Arenoso,12.1,1186.0,Colheita,5.0,124.0,10.7,48.0,Manha,0
2138,2026-03-21 21:58:00,EQ-039,Lucas do Rio Verde,59.6,51.9,36.6,Arenoso,7.0,78.0,Colheita,3.0,44.0,11.8,80.0,Manha,0
2139,2026-03-21 22:11:00,EQ-019,Nao-Me-Toque,40.8,5.1,29.9,Encharcado,20.7,1116.0,Pulverizacao,5.0,203.0,10.2,77.0,Manha,0
2140,2026-03-21 22:22:00,EQ-006,Sorriso,98.2,22.3,28.3,Arenoso,2.5,289.0,Colheita,3.0,309.0,0.8,92.0,Manha,1
2141,2026-03-21 22:30:00,EQ-040,Rio Verde,34.7,13.9,31.2,Encharcado,10.5,1382.0,Pulverizacao,7.0,148.0,8.2,72.0,Tarde,0
2142,2026-03-21 23:29:00,EQ-012,Cascavel,56.9,24.3,24.2,Arenoso,8.3,386.0,Plantio,9.0,389.0,6.3,60.0,Manha,0
2143,2026-03-21 23:40:00,EQ-036,Cascavel,34.2,54.9,30.7,Argiloso,17.1,247.0,Colheita,11.0,139.0,8.8,85.0,Manha,0
2144,2026-03-21 23:53:00,EQ-020,Lucas do Rio Verde,67.4,11.3,29.3,Arenoso,18.0,699.0,Plantio,9.0,291.0,7.3,77.0,Noite,0
2145,2026-03-22 00:00:00,EQ-004,Nao-Me-Toque,58.7,8.0,29.9,Argiloso,14.0,792.0,Transporte,5.0,398.0,9.4,66.0,Manha,0
2146,2026-03-22 00:09:00,EQ-005,Sorriso,64.1,50.9,29.2,Misto,8.2,623.0,Pulverizacao,2.0,132.0,8.6,47.0,Tarde,0
2147,2026-03-22 00:34:00,EQ-027,Sorriso,51.0,48.2,28.4,Argiloso,2.1,1414.0,Colheita,2.0,86.0,10.4,68.0,Manha,0
2148,2026-03-22 01:46:00,EQ-027,Barreiras,54.0,13.2,26.0,Argiloso,18.2,322.0,Colheita,5.0,143.0,11.1,107.0,Manha,1
2149,2026-03-22 02:33:00,EQ-017,Lucas do Rio Verde,67.7,25.7,27.2,Arenoso,5.3,855.0,Transporte,9.0,61.0,10.6,48.0,Tarde,0
2150,2026-03-22 02:37:00,EQ-022,Lucas do Rio Verde,37.4,7.3,19.2,Misto,3.7,412.0,Plantio,9.0,123.0,13.3,108.0,Tarde,0
2151,2026-03-22 02:39:00,EQ-020,Barreiras,35.6,5.0,28.8,Arenoso,5.3,1089.0,Plantio,5.0,95.0,3.1,79.0,Tarde,0
2152,2026-03-22 02:49:00,EQ-010,Nao-Me-Toque,53.2,49.6,28.0,Argiloso,3.3,1216.0,Colheita,11.0,211.0,5.7,81.0,Noite,0
2153,2026-03-22 03:29:00,EQ-030,Lucas do Rio Verde,64.9,63.7,27.7,Argiloso,9.3,819.0,Plantio,3.0,21.0,7.2,107.0,Tarde,0
2154,2026-03-22 04:29:00,EQ-024,Cascavel,91.7,41.8,35.0,Argiloso,2.0,389.0,Transporte,7.0,300.0,2.9,74.0,Manha,1
2155,2026-03-22 04:52:00,EQ-019,Barreiras,49.1,15.6,37.4,Misto,17.2,924.0,Pulverizacao,8.0,50.0,6.6,49.0,Tarde,0
2156,2026-03-22 05:28:00,EQ-013,Cascavel,41.7,27.7,31.7,Misto,2.9,548.0,Transporte,15.0,96.0,6.5,95.0,Manha,0
2157,2026-03-22 05:30:00,EQ-022,Cascavel,43.0,56.0,25.4,Misto,20.1,835.0,Plantio,25.0,204.0,12.6,74.0,Tarde,0
2158,2026-03-22 05:31:00,EQ-011,Rio Verde,72.5,69.8,26.7,Misto,17.6,207.0,Plantio,10.0,289.0,7.3,58.0,Noite,1
2159,2026-03-22 05:42:00,EQ-005,Rio Verde,56.4,1.7,25.7,Argiloso,15.3,517.0,Plantio,8.0,379.0,5.4,90.0,Manha,0
2160,2026-03-22 06:04:00,EQ-014,Cascavel,46.9,64.8,26.9,Arenoso,13.7,1639.0,Colheita,6.0,183.0,6.8,57.0,Manha,0
2161,2026-03-22 07:17:00,EQ-017,Nao-Me-Toque,22.2,101.7,19.8,Encharcado,7.8,926.0,Pulverizacao,7.0,359.0,7.2,71.0,Noite,1
2162,2026-03-22 07:19:00,EQ-027,Lucas do Rio Verde,57.5,15.0,26.7,Misto,5.0,754.0,Pulverizacao,7.0,65.0,11.2,77.0,Noite,0
2163,2026-03-22 07:20:00,EQ-014,Nao-Me-Toque,39.1,79.6,30.7,Misto,6.7,1415.0,Colheita,9.0,534.0,5.2,87.0,Manha,0
2164,2026-03-22 08:15:00,EQ-004,Rio Verde,60.6,11.2,32.7,Arenoso,9.5,670.0,Colheita,5.0,159.0,11.0,86.0,Noite,0
2165,2026-03-22 08:28:00,EQ-013,Lucas do Rio Verde,80.3,51.5,26.9,Argiloso,3.6,273.0,Pulverizacao,14.0,268.0,5.8,73.0,Manha,0
2166,2026-03-22 08:28:00,EQ-028,Barreiras,38.5,1.8,29.9,Misto,18.2,1185.0,Pulverizacao,7.0,61.0,0.0,102.0,Manha,1
2167,2026-03-22 08:30:00,EQ-035,Rio Verde,25.1,31.0,28.7,Arenoso,4.3,28.0,Pulverizacao,13.0,71.0,11.5,92.0,Manha,0
2168,2026-03-22 08:42:00,EQ-003,Barreiras,87.1,41.0,35.1,Misto,12.5,1165.0,Pulverizacao,7.0,90.0,6.0,71.0,Tarde,0
2169,2026-03-22 08:58:00,EQ-020,Cascavel,62.0,31.2,30.3,Arenoso,8.0,706.0,Plantio,8.0,46.0,7.4,95.0,Noite,0
2170,2026-03-22 09:06:00,EQ-033,Lucas do Rio Verde,33.3,41.6,30.9,Argiloso,13.5,287.0,Pulverizacao,4.0,137.0,11.3,55.0,Tarde,0
2171,2026-03-22 09:14:00,EQ-020,Nao-Me-Toque,39.0,10.3,31.9,Argiloso,7.4,320.0,Plantio,3.0,117.0,6.2,57.0,Tarde,0
2172,2026-03-22 09:21:00,EQ-012,Nao-Me-Toque,66.8,10.9,30.9,Encharcado,2.0,246.0,Transporte,10.0,79.0,9.1,99.0,Tarde,1
2173,2026-03-22 09:26:00,EQ-026,Lucas do Rio Verde,79.1,28.8,18.3,Argiloso,16.2,171.0,Pulverizacao,14.0,298.0,4.9,93.0,Tarde,1
2174,2026-03-22 09:37:00,EQ-030,Rio Verde,55.3,13.4,30.3,Misto,5.4,499.0,Colheita,11.0,148.0,8.4,70.0,Tarde,0
2175,2026-03-22 10:26:00,EQ-029,Lucas do Rio Verde,48.6,5.1,25.0,Argiloso,12.0,354.0,Transporte,6.0,176.0,10.2,109.0,Tarde,1
2176,2026-03-22 10:44:00,EQ-023,Lucas do Rio Verde,49.1,75.1,27.4,Encharcado,6.7,410.0,Plantio,12.0,226.0,9.2,69.0,Manha,0
2177,2026-03-22 10:50:00,EQ-009,Rio Verde,64.7,34.4,16.0,Arenoso,16.9,1095.0,Transporte,7.0,381.0,11.2,120.0,Manha,0
2178,2026-03-22 10:52:00,EQ-006,Sorriso,69.3,32.3,30.3,Arenoso,9.8,1425.0,Pulverizacao,4.0,77.0,6.9,91.0,Manha,0
2179,2026-03-22 11:05:00,EQ-039,Lucas do Rio Verde,85.7,12.7,36.3,Arenoso,11.1,338.0,Plantio,11.0,122.0,9.6,79.0,Manha,1
2180,2026-03-22 11:52:00,EQ-022,Barreiras,32.5,76.8,37.6,Misto,11.5,722.0,Colheita,2.0,228.0,3.0,76.0,Manha,0
2181,2026-03-22 12:15:00,EQ-038,Cascavel,68.9,19.2,30.0,Encharcado,11.1,1515.0,Plantio,14.0,74.0,11.8,65.0,Manha,0
2182,2026-03-22 12:25:00,EQ-015,Lucas do Rio Verde,44.3,21.3,29.8,Argiloso,5.3,601.0,Plantio,6.0,512.0,8.8,78.0,Tarde,0
2183,2026-03-22 12:54:00,EQ-008,Lucas do Rio Verde,82.5,23.9,25.1,Encharcado,8.1,1018.0,Plantio,12.0,111.0,6.5,91.0,Manha,0
2184,2026-03-22 12:58:00,EQ-007,Cascavel,67.4,37.7,35.8,Misto,2.1,608.0,Plantio,5.0,186.0,7.4,49.0,Tarde,0
2185,2026-03-22 13:45:00,EQ-004,Lucas do Rio Verde,79.2,56.9,34.4,Misto,3.9,545.0,Transporte,7.0,227.0,4.7,89.0,Tarde,1
2186,2026-03-22 13:56:00,EQ-031,Cascavel,20.5,91.1,27.3,Arenoso,8.6,396.0,Plantio,4.0,337.0,6.8,64.0,Manha,0
2187,2026-03-22 14:13:00,EQ-024,Barreiras,57.6,19.9,25.2,Misto,15.5,233.0,Plantio,3.0,600.0,3.1,102.0,Manha,0
2188,2026-03-22 14:36:00,EQ-020,Rio Verde,64.9,19.6,23.4,Misto,9.6,435.0,Plantio,5.0,269.0,10.4,61.0,Noite,1
2189,2026-03-22 15:27:00,EQ-028,Lucas do Rio Verde,38.6,60.3,22.4,Arenoso,8.7,821.0,Colheita,7.0,86.0,11.8,49.0,Manha,0
2190,2026-03-22 17:40:00,EQ-033,Nao-Me-Toque,78.4,14.5,25.5,Misto,3.7,385.0,Pulverizacao,10.0,53.0,9.8,40.0,Tarde,0
2191,2026-03-22 18:35:00,EQ-031,Cascavel,85.0,24.0,20.9,Arenoso,2.5,31.0,Colheita,8.0,130.0,7.5,55.0,Manha,1
2192,2026-03-22 19:05:00,EQ-008,Lucas do Rio Verde,29.3,79.2,22.5,Argiloso,30.0,349.0,Transporte,3.0,78.0,14.2,80.0,Tarde,1
2193,2026-03-22 19:32:00,EQ-028,Sorriso,60.4,68.7,31.9,Arenoso,13.0,257.0,Transporte,5.0,404.0,7.7,78.0,Noite,1
2194,2026-03-22 19:43:00,EQ-016,Sorriso,64.8,90.4,26.1,Argiloso,16.1,959.0,Colheita,11.0,245.0,9.8,102.0,Manha,1
2195,2026-03-22 19:43:00,EQ-020,Sorriso,63.3,36.0,25.3,Encharcado,12.3,97.0,Colheita,12.0,312.0,4.8,97.0,Tarde,1
2196,2026-03-22 22:51:00,EQ-001,Barreiras,41.7,90.9,30.8,Arenoso,15.5,896.0,Transporte,3.0,179.0,10.7,108.0,Manha,0
2197,2026-03-22 22:59:00,EQ-026,Cascavel,43.3,53.1,34.3,Argiloso,5.2,155.0,Colheita,4.0,231.0,3.3,115.0,Tarde,0
2198,2026-03-23 00:05:00,EQ-002,Barreiras,70.3,167.3,27.3,Argiloso,3.2,88.0,Colheita,6.0,88.0,2.2,64.0,Tarde,1
2199,2026-03-23 00:15:00,EQ-001,Lucas do Rio Verde,41.9,20.5,29.6,Arenoso,8.9,124.0,Plantio,1.0,354.0,12.0,44.0,Tarde,0
2200,2026-03-23 00:49:00,EQ-005,Cascavel,60.4,18.4,31.5,Misto,18.9,832.0,Transporte,4.0,370.0,6.4,70.0,Tarde,0
2201,2026-03-23 01:02:00,EQ-036,Cascavel,64.8,78.6,20.6,Misto,10.0,540.0,Plantio,5.0,431.0,7.9,58.0,Noite,1
2202,2026-03-23 01:25:00,EQ-012,Barreiras,38.1,31.1,26.4,Argiloso,12.9,461.0,Colheita,21.0,146.0,8.3,84.0,Manha,0
2203,2026-03-23 01:33:00,EQ-009,Sorriso,63.9,31.6,14.3,Encharcado,18.8,132.0,Plantio,12.0,168.0,6.5,67.0,Tarde,1
2204,2026-03-23 02:03:00,EQ-009,Sorriso,44.6,24.4,36.3,Arenoso,14.3,352.0,Pulverizacao,2.0,162.0,10.9,48.0,Manha,0
2205,2026-03-23 02:07:00,EQ-027,Rio Verde,41.0,13.5,35.0,Arenoso,25.4,1008.0,Pulverizacao,3.0,198.0,7.5,113.0,Manha,0
2206,2026-03-23 02:28:00,EQ-022,Nao-Me-Toque,84.2,40.9,27.8,Argiloso,9.6,80.0,Colheita,4.0,135.0,5.3,69.0,Manha,1
2207,2026-03-23 02:36:00,EQ-032,Sorriso,86.6,13.5,27.2,Encharcado,9.6,175.0,Colheita,6.0,179.0,10.1,60.0,Manha,1
2208,2026-03-23 02:57:00,EQ-034,Sorriso,73.0,18.2,36.0,Arenoso,14.5,748.0,Pulverizacao,3.0,121.0,12.2,104.0,Manha,0
2209,2026-03-23 03:42:00,EQ-024,Lucas do Rio Verde,44.2,12.2,35.2,Argiloso,3.4,215.0,Pulverizacao,3.0,22.0,7.0,54.0,Noite,0
2210,2026-03-23 03:43:00,EQ-004,Cascavel,67.2,115.5,25.5,Arenoso,4.8,240.0,Colheita,5.0,440.0,6.3,68.0,Tarde,1
2211,2026-03-23 04:15:00,EQ-021,Sorriso,59.7,19.9,36.7,Arenoso,6.6,456.0,Colheita,2.0,78.0,3.1,68.0,Manha,0
2212,2026-03-23 04:34:00,EQ-030,Rio Verde,53.9,66.0,23.7,Argiloso,11.6,355.0,Plantio,5.0,35.0,11.6,54.0,Manha,1
2213,2026-03-23 04:37:00,EQ-001,Cascavel,46.8,17.7,24.9,Argiloso,5.8,873.0,Colheita,3.0,85.0,3.8,92.0,Manha,0
2214,2026-03-23 04:43:00,EQ-029,Lucas do Rio Verde,62.9,30.2,22.1,Misto,8.1,307.0,Plantio,13.0,31.0,9.3,40.0,Tarde,1
2215,2026-03-23 04:50:00,EQ-022,Sorriso,77.3,63.3,33.8,Argiloso,17.5,251.0,Plantio,9.0,123.0,4.6,62.0,Tarde,1
2216,2026-03-23 04:52:00,EQ-033,Nao-Me-Toque,77.5,15.4,28.6,Arenoso,24.3,241.0,Colheita,1.0,44.0,6.5,87.0,Tarde,1
2217,2026-03-23 05:07:00,EQ-031,Nao-Me-Toque,44.1,18.0,27.7,Arenoso,14.3,646.0,Plantio,5.0,149.0,9.8,108.0,Noite,0
2218,2026-03-23 05:40:00,EQ-007,Lucas do Rio Verde,62.8,29.8,19.0,Arenoso,8.3,2000.0,Plantio,17.0,110.0,7.2,77.0,Noite,0
2219,2026-03-23 05:50:00,EQ-011,Sorriso,35.0,85.5,26.1,Argiloso,8.7,139.0,Plantio,4.0,174.0,11.6,78.0,Tarde,1
2220,2026-03-23 06:09:00,EQ-034,Nao-Me-Toque,40.2,29.2,41.8,Misto,4.8,276.0,Pulverizacao,2.0,204.0,8.1,88.0,Manha,0
2221,2026-03-23 06:24:00,EQ-025,Nao-Me-Toque,72.6,42.7,30.6,Misto,11.3,809.0,Colheita,3.0,82.0,7.6,101.0,Manha,1
2222,2026-03-23 06:54:00,EQ-010,Sorriso,54.5,29.3,17.3,Arenoso,3.6,20.0,Colheita,6.0,167.0,9.0,85.0,Manha,0
2223,2026-03-23 07:32:00,EQ-005,Rio Verde,78.8,36.1,25.8,Argiloso,28.9,83.0,Transporte,4.0,274.0,10.1,79.0,Tarde,1
2224,2026-03-23 09:29:00,EQ-036,Cascavel,37.7,38.9,34.9,Arenoso,9.5,929.0,Pulverizacao,14.0,173.0,5.6,94.0,Tarde,0
2225,2026-03-23 09:36:00,EQ-002,Cascavel,45.6,10.3,19.0,Arenoso,20.9,457.0,Pulverizacao,16.0,204.0,8.4,83.0,Manha,1
2226,2026-03-23 09:47:00,EQ-035,Barreiras,28.0,23.6,27.3,Argiloso,10.5,342.0,Plantio,13.0,228.0,12.4,84.0,Manha,0
2227,2026-03-23 09:55:00,EQ-001,Rio Verde,73.4,40.3,29.4,Arenoso,3.8,536.0,Plantio,5.0,92.0,13.0,80.0,Tarde,0
2228,2026-03-23 10:05:00,EQ-028,Barreiras,61.7,9.6,21.0,Argiloso,8.5,1473.0,Plantio,13.0,161.0,7.3,73.0,Manha,0
2229,2026-03-23 10:10:00,EQ-008,Barreiras,40.4,29.2,34.8,Misto,4.5,976.0,Colheita,14.0,256.0,9.5,114.0,Tarde,0
2230,2026-03-23 10:17:00,EQ-035,Rio Verde,38.8,56.3,33.4,Arenoso,7.1,1118.0,Colheita,22.0,223.0,3.4,60.0,Tarde,0
2231,2026-03-23 10:19:00,EQ-006,Nao-Me-Toque,16.3,2.3,35.1,Misto,13.8,307.0,Plantio,11.0,270.0,11.2,88.0,Manha,0
2232,2026-03-23 11:29:00,EQ-002,Nao-Me-Toque,94.4,56.2,28.4,Arenoso,22.5,801.0,Colheita,3.0,182.0,8.0,59.0,Tarde,0
2233,2026-03-23 12:05:00,EQ-014,Barreiras,85.2,2.6,24.8,Arenoso,4.4,1052.0,Colheita,11.0,17.0,5.5,88.0,Tarde,0
2234,2026-03-23 12:18:00,EQ-010,Barreiras,46.3,38.1,23.8,Arenoso,4.2,2000.0,Pulverizacao,4.0,333.0,8.3,89.0,Manha,0
2235,2026-03-23 12:21:00,EQ-005,Barreiras,44.4,22.5,15.7,Arenoso,7.4,50.0,Pulverizacao,6.0,70.0,10.2,73.0,Manha,0
2236,2026-03-23 12:22:00,EQ-011,Cascavel,61.3,52.5,24.1,Argiloso,2.9,1087.0,Pulverizacao,6.0,600.0,9.8,97.0,Tarde,0
2237,2026-03-23 12:25:00,EQ-018,Rio Verde,53.9,12.9,40.0,Encharcado,23.3,1058.0,Transporte,6.0,85.0,11.8,103.0,Tarde,1
2238,2026-03-23 12:37:00,EQ-029,Sorriso,75.0,44.6,15.7,Argiloso,7.1,767.0,Plantio,5.0,208.0,8.5,42.0,Tarde,0
2239,2026-03-23 12:42:00,EQ-025,Barreiras,60.8,41.0,21.2,Arenoso,7.8,303.0,Colheita,2.0,328.0,8.1,77.0,Manha,1
2240,2026-03-23 13:04:00,EQ-028,Cascavel,77.5,21.2,32.9,Misto,3.7,252.0,Transporte,8.0,473.0,9.4,83.0,Manha,1
2241,2026-03-23 13:43:00,EQ-015,Sorriso,46.6,42.1,29.6,Arenoso,13.3,220.0,Pulverizacao,3.0,282.0,12.7,50.0,Tarde,0
2242,2026-03-23 14:05:00,EQ-025,Lucas do Rio Verde,50.6,41.1,32.1,Argiloso,18.5,572.0,Plantio,13.0,49.0,6.2,87.0,Manha,0
2243,2026-03-23 14:14:00,EQ-018,Rio Verde,52.6,68.8,23.5,Argiloso,4.3,989.0,Colheita,3.0,273.0,4.5,98.0,Tarde,0
2244,2026-03-23 16:20:00,EQ-029,Barreiras,45.4,31.8,26.8,Misto,3.8,1409.0,Colheita,2.0,68.0,9.8,91.0,Noite,0
2245,2026-03-23 17:03:00,EQ-017,Sorriso,54.0,19.1,28.8,Encharcado,24.6,386.0,Colheita,3.0,30.0,5.7,83.0,Manha,0
2246,2026-03-23 17:30:00,EQ-030,Sorriso,22.7,32.6,31.8,Argiloso,8.3,104.0,Pulverizacao,2.0,96.0,8.2,89.0,Tarde,0
2247,2026-03-23 17:46:00,EQ-032,Rio Verde,46.2,19.4,31.5,Argiloso,2.2,827.0,Pulverizacao,6.0,234.0,6.8,86.0,Manha,0
2248,2026-03-23 17:55:00,EQ-029,Lucas do Rio Verde,78.8,30.8,28.0,Arenoso,29.1,1921.0,Transporte,10.0,19.0,5.9,80.0,Manha,0
2249,2026-03-23 18:29:00,EQ-033,Lucas do Rio Verde,57.8,3.1,31.6,Argiloso,45.0,306.0,Plantio,8.0,303.0,6.2,53.0,Manha,1
2250,2026-03-23 18:35:00,EQ-038,Rio Verde,77.7,16.8,26.4,Arenoso,12.4,731.0,Transporte,4.0,163.0,2.4,50.0,Manha,1
2251,2026-03-23 18:38:00,EQ-011,Barreiras,61.9,38.4,23.5,Misto,5.1,374.0,Colheita,1.0,461.0,10.4,119.0,Manha,1
2252,2026-03-23 18:44:00,EQ-010,Lucas do Rio Verde,60.7,31.0,30.0,Arenoso,16.7,2000.0,Pulverizacao,10.0,146.0,4.0,92.0,Tarde,0
2253,2026-03-23 19:10:00,EQ-003,Nao-Me-Toque,42.6,36.9,20.3,Arenoso,14.1,409.0,Colheita,5.0,600.0,13.2,99.0,Tarde,0
2254,2026-03-23 19:51:00,EQ-008,Barreiras,40.3,82.2,35.1,Argiloso,25.9,385.0,Colheita,11.0,86.0,0.5,87.0,Noite,1
2255,2026-03-23 20:28:00,EQ-024,Rio Verde,61.7,64.1,36.5,Misto,26.1,545.0,Colheita,10.0,246.0,3.5,75.0,Manha,1
2256,2026-03-23 20:33:00,EQ-029,Barreiras,79.8,5.2,29.8,Arenoso,10.3,1340.0,Transporte,4.0,309.0,12.9,73.0,Noite,0
2257,2026-03-23 20:36:00,EQ-008,Lucas do Rio Verde,46.8,12.2,30.3,Argiloso,31.1,309.0,Plantio,5.0,168.0,3.6,69.0,Tarde,0
2258,2026-03-23 21:27:00,EQ-034,Lucas do Rio Verde,55.0,79.1,28.6,Misto,8.9,188.0,Pulverizacao,7.0,290.0,7.7,96.0,Manha,0
2259,2026-03-23 21:28:00,EQ-023,Nao-Me-Toque,100.0,77.6,18.9,Misto,11.0,1744.0,Pulverizacao,3.0,98.0,6.5,77.0,Tarde,0
2260,2026-03-23 21:59:00,EQ-023,Cascavel,66.1,19.0,22.6,Arenoso,2.7,559.0,Colheita,3.0,164.0,7.5,72.0,Tarde,1
2261,2026-03-23 22:14:00,EQ-029,Cascavel,70.3,41.7,30.7,Argiloso,19.4,671.0,Transporte,6.0,258.0,1.8,106.0,Tarde,0
2262,2026-03-23 22:37:00,EQ-021,Nao-Me-Toque,26.9,38.4,19.4,Encharcado,5.8,624.0,Plantio,9.0,20.0,7.9,85.0,Manha,0
2263,2026-03-23 22:56:00,EQ-015,Rio Verde,51.1,16.7,15.9,Misto,20.0,201.0,Plantio,4.0,48.0,11.0,53.0,Manha,0
2264,2026-03-23 23:51:00,EQ-035,Rio Verde,48.9,17.9,38.6,Misto,6.3,386.0,Pulverizacao,2.0,129.0,7.3,72.0,Manha,0
2265,2026-03-24 00:25:00,EQ-003,Rio Verde,49.3,43.9,25.7,Argiloso,3.2,315.0,Plantio,18.0,198.0,6.9,92.0,Tarde,0
2266,2026-03-24 01:20:00,EQ-037,Lucas do Rio Verde,44.4,7.1,30.7,Arenoso,2.4,549.0,Colheita,1.0,228.0,8.5,77.0,Manha,0
2267,2026-03-24 03:30:00,EQ-023,Rio Verde,74.2,36.0,27.6,Argiloso,5.2,381.0,Colheita,8.0,279.0,4.2,75.0,Manha,1
2268,2026-03-24 03:32:00,EQ-005,Nao-Me-Toque,76.2,71.5,23.2,Encharcado,18.0,989.0,Pulverizacao,5.0,124.0,9.2,53.0,Tarde,0
2269,2026-03-24 03:32:00,EQ-033,Nao-Me-Toque,56.1,22.9,21.2,Argiloso,7.7,2000.0,Plantio,1.0,230.0,8.8,74.0,Manha,0
2270,2026-03-24 04:23:00,EQ-013,Barreiras,52.1,26.0,30.9,Argiloso,5.2,220.0,Plantio,4.0,162.0,7.3,92.0,Tarde,0
2271,2026-03-24 04:23:00,EQ-026,Lucas do Rio Verde,49.4,104.6,24.4,Misto,5.6,110.0,Plantio,17.0,153.0,6.6,90.0,Noite,1
2272,2026-03-24 04:46:00,EQ-020,Sorriso,42.6,12.1,31.5,Misto,4.6,561.0,Transporte,1.0,242.0,6.0,72.0,Tarde,0
2273,2026-03-24 04:48:00,EQ-006,Sorriso,41.0,25.5,27.6,Misto,4.7,488.0,Plantio,4.0,362.0,7.9,45.0,Manha,1
2274,2026-03-24 05:16:00,EQ-036,Cascavel,53.9,52.3,26.2,Arenoso,13.4,495.0,Colheita,16.0,73.0,8.1,46.0,Manha,0
2275,2026-03-24 05:24:00,EQ-016,Sorriso,62.3,33.3,26.6,Encharcado,17.2,525.0,Plantio,9.0,113.0,7.7,94.0,Tarde,1
2276,2026-03-24 05:32:00,EQ-037,Barreiras,15.3,73.1,17.5,Arenoso,19.6,1240.0,Transporte,7.0,344.0,6.5,97.0,Tarde,0
2277,2026-03-24 06:53:00,EQ-030,Rio Verde,31.3,31.9,24.8,Argiloso,13.1,868.0,Colheita,6.0,177.0,9.8,81.0,Tarde,0
2278,2026-03-24 07:07:00,EQ-006,Barreiras,55.2,39.8,27.8,Arenoso,9.4,688.0,Colheita,15.0,81.0,9.4,70.0,Tarde,0
2279,2026-03-24 07:48:00,EQ-019,Lucas do Rio Verde,78.2,43.8,26.9,Misto,4.2,585.0,Plantio,14.0,453.0,2.8,60.0,Manha,1
2280,2026-03-24 07:55:00,EQ-030,Rio Verde,71.8,28.5,28.5,Misto,9.5,5.0,Plantio,5.0,99.0,2.1,61.0,Manha,0
2281,2026-03-24 08:04:00,EQ-016,Cascavel,26.7,33.5,16.9,Misto,11.1,1122.0,Plantio,1.0,36.0,2.6,79.0,Noite,0
2282,2026-03-24 08:07:00,EQ-015,Cascavel,55.3,9.4,30.2,Misto,14.9,432.0,Pulverizacao,7.0,67.0,10.3,68.0,Tarde,0
2283,2026-03-24 09:11:00,EQ-040,Sorriso,56.0,74.8,32.5,Argiloso,11.5,26.0,Colheita,7.0,87.0,9.9,85.0,Manha,1
2284,2026-03-24 09:12:00,EQ-037,Lucas do Rio Verde,80.2,50.0,31.8,Argiloso,4.0,633.0,Plantio,6.0,119.0,1.5,68.0,Tarde,1
2285,2026-03-24 09:15:00,EQ-019,Sorriso,41.7,24.2,30.1,Argiloso,1.3,50.0,Colheita,9.0,256.0,13.5,64.0,Manha,1
2286,2026-03-24 09:46:00,EQ-024,Nao-Me-Toque,45.8,97.9,29.5,Arenoso,8.0,786.0,Pulverizacao,20.0,27.0,10.1,64.0,Tarde,0
2287,2026-03-24 10:52:00,EQ-016,Lucas do Rio Verde,56.4,28.6,23.4,Arenoso,14.6,144.0,Transporte,3.0,267.0,9.2,76.0,Manha,0
2288,2026-03-24 10:56:00,EQ-023,Lucas do Rio Verde,54.8,21.8,20.3,Arenoso,1.9,187.0,Plantio,8.0,402.0,4.6,85.0,Manha,0
2289,2026-03-24 10:58:00,EQ-021,Lucas do Rio Verde,48.1,62.9,20.2,Misto,20.7,126.0,Plantio,7.0,51.0,10.9,97.0,Tarde,0
2290,2026-03-24 11:26:00,EQ-016,Cascavel,56.8,11.6,28.2,Argiloso,16.5,633.0,Pulverizacao,1.0,277.0,8.2,81.0,Manha,0
2291,2026-03-24 11:31:00,EQ-026,Sorriso,59.5,60.8,28.4,Argiloso,4.2,614.0,Plantio,3.0,203.0,8.7,42.0,Manha,0
2292,2026-03-24 11:58:00,EQ-032,Cascavel,70.4,28.0,18.6,Argiloso,5.3,1386.0,Plantio,7.0,214.0,5.2,103.0,Manha,0
2293,2026-03-24 12:20:00,EQ-029,Nao-Me-Toque,30.0,57.0,18.3,Misto,7.4,322.0,Colheita,7.0,73.0,10.1,70.0,Tarde,0
2294,2026-03-24 12:31:00,EQ-025,Rio Verde,73.1,122.9,17.4,Arenoso,33.0,888.0,Plantio,16.0,190.0,9.3,90.0,Tarde,1
2295,2026-03-24 12:44:00,EQ-031,Lucas do Rio Verde,35.0,10.2,30.5,Arenoso,9.5,1926.0,Transporte,2.0,294.0,10.6,72.0,Noite,0
2296,2026-03-24 12:48:00,EQ-021,Sorriso,26.7,39.4,30.0,Arenoso,12.1,544.0,Colheita,12.0,119.0,7.9,80.0,Manha,0
2297,2026-03-24 13:00:00,EQ-010,Lucas do Rio Verde,24.6,39.5,27.5,Encharcado,4.1,660.0,Colheita,1.0,117.0,0.6,65.0,Manha,0
2298,2026-03-24 14:18:00,EQ-027,Nao-Me-Toque,19.7,36.7,17.3,Misto,12.2,598.0,Pulverizacao,14.0,91.0,3.3,86.0,Manha,1
2299,2026-03-24 14:30:00,EQ-032,Cascavel,48.9,21.8,18.9,Misto,2.8,253.0,Pulverizacao,10.0,113.0,8.6,95.0,Tarde,0
2300,2026-03-24 14:33:00,EQ-001,Barreiras,60.9,75.6,32.7,Encharcado,5.1,88.0,Colheita,5.0,330.0,7.2,92.0,Tarde,1
2301,2026-03-24 14:52:00,EQ-026,Nao-Me-Toque,42.1,46.0,19.0,Arenoso,4.9,522.0,Plantio,6.0,213.0,7.3,74.0,Tarde,0
2302,2026-03-24 15:06:00,EQ-024,Nao-Me-Toque,51.3,11.9,30.1,Argiloso,9.0,865.0,Transporte,1.0,159.0,8.3,86.0,Manha,0
2303,2026-03-24 15:15:00,EQ-027,Nao-Me-Toque,77.4,19.5,30.1,Encharcado,11.0,325.0,Transporte,6.0,192.0,10.7,86.0,Noite,1
2304,2026-03-24 15:36:00,EQ-031,Sorriso,51.5,15.4,36.7,Argiloso,27.4,1008.0,Transporte,6.0,43.0,10.7,89.0,Manha,1
2305,2026-03-24 15:44:00,EQ-030,Nao-Me-Toque,88.8,38.4,35.1,Argiloso,14.7,847.0,Colheita,6.0,364.0,7.4,48.0,Manha,0
2306,2026-03-24 16:05:00,EQ-023,Sorriso,64.2,23.1,24.5,Encharcado,10.1,1606.0,Pulverizacao,16.0,24.0,7.9,102.0,Noite,0
2307,2026-03-24 16:32:00,EQ-023,Cascavel,23.1,16.8,27.2,Argiloso,6.5,1217.0,Transporte,6.0,49.0,12.9,95.0,Manha,0
2308,2026-03-24 16:38:00,EQ-028,Nao-Me-Toque,44.9,8.8,22.0,Argiloso,3.4,983.0,Colheita,10.0,51.0,3.7,118.0,Tarde,0
2309,2026-03-24 16:51:00,EQ-038,Barreiras,49.8,4.3,28.7,Misto,3.9,500.0,Pulverizacao,3.0,512.0,5.9,61.0,Manha,0
2310,2026-03-24 17:07:00,EQ-016,Barreiras,19.5,27.0,36.0,Argiloso,14.2,1265.0,Pulverizacao,3.0,27.0,10.4,72.0,Manha,0
2311,2026-03-24 17:17:00,EQ-020,Cascavel,69.8,54.2,29.9,Arenoso,0.6,418.0,Plantio,5.0,41.0,5.6,79.0,Tarde,0
2312,2026-03-24 17:32:00,EQ-039,Cascavel,84.9,26.2,27.2,Misto,12.4,660.0,Pulverizacao,21.0,34.0,5.4,85.0,Manha,0
2313,2026-03-24 18:02:00,EQ-036,Nao-Me-Toque,41.3,5.8,23.6,Encharcado,2.4,252.0,Transporte,8.0,325.0,11.2,73.0,Tarde,1
2314,2026-03-24 18:03:00,EQ-035,Sorriso,63.8,32.5,30.0,Arenoso,30.4,386.0,Plantio,13.0,97.0,8.5,65.0,Noite,0
2315,2026-03-24 18:46:00,EQ-032,Barreiras,83.7,23.8,44.9,Argiloso,6.6,797.0,Plantio,2.0,64.0,9.5,92.0,Manha,0
2316,2026-03-24 19:05:00,EQ-027,Sorriso,80.4,16.5,25.1,Misto,4.1,348.0,Transporte,15.0,128.0,5.3,82.0,Tarde,1
2317,2026-03-24 19:10:00,EQ-021,Lucas do Rio Verde,57.6,18.6,26.5,Misto,4.2,189.0,Transporte,3.0,147.0,9.0,63.0,Manha,1
2318,2026-03-24 19:17:00,EQ-019,Cascavel,13.9,12.5,25.0,Misto,20.8,1520.0,Pulverizacao,4.0,62.0,4.1,99.0,Noite,0
2319,2026-03-24 19:21:00,EQ-039,Lucas do Rio Verde,90.4,85.2,33.5,Arenoso,5.4,484.0,Plantio,3.0,402.0,4.0,78.0,Manha,0
2320,2026-03-24 19:22:00,EQ-019,Barreiras,36.1,54.3,29.8,Argiloso,12.2,725.0,Colheita,3.0,111.0,5.1,67.0,Tarde,1
2321,2026-03-24 19:38:00,EQ-028,Sorriso,64.0,28.5,33.1,Misto,17.4,907.0,Pulverizacao,25.0,390.0,5.9,81.0,Manha,0
2322,2026-03-24 20:02:00,EQ-028,Sorriso,55.5,35.8,26.3,Argiloso,6.6,302.0,Colheita,18.0,192.0,16.0,81.0,Manha,0
2323,2026-03-24 20:07:00,EQ-028,Sorriso,18.8,19.2,25.5,Misto,6.9,659.0,Pulverizacao,8.0,128.0,10.3,66.0,Tarde,0
2324,2026-03-24 20:26:00,EQ-024,Barreiras,51.5,16.1,23.6,Argiloso,18.2,572.0,Transporte,3.0,259.0,9.7,115.0,Tarde,0
2325,2026-03-24 21:32:00,EQ-002,Rio Verde,5.0,13.7,25.3,Encharcado,37.9,595.0,Plantio,3.0,457.0,6.3,90.0,Manha,1
2326,2026-03-24 21:41:00,EQ-010,Sorriso,63.2,15.8,33.6,Arenoso,9.1,394.0,Pulverizacao,8.0,202.0,10.7,67.0,Manha,0
2327,2026-03-24 22:01:00,EQ-010,Nao-Me-Toque,54.2,30.1,26.6,Encharcado,9.4,889.0,Pulverizacao,6.0,595.0,2.8,88.0,Manha,0
2328,2026-03-24 22:07:00,EQ-009,Sorriso,25.2,91.4,31.7,Misto,9.3,710.0,Pulverizacao,4.0,37.0,12.1,82.0,Tarde,0
2329,2026-03-24 22:28:00,EQ-011,Barreiras,61.3,7.5,23.1,Arenoso,3.0,353.0,Colheita,6.0,90.0,11.6,62.0,Manha,1
2330,2026-03-24 23:38:00,EQ-040,Lucas do Rio Verde,64.7,32.2,40.5,Arenoso,17.6,605.0,Pulverizacao,12.0,273.0,8.1,85.0,Tarde,0
2331,2026-03-25 00:02:00,EQ-002,Cascavel,70.7,29.8,28.7,Misto,3.8,285.0,Pulverizacao,17.0,255.0,7.2,61.0,Manha,1
2332,2026-03-25 00:26:00,EQ-040,Barreiras,70.1,15.6,29.0,Misto,6.2,484.0,Plantio,4.0,99.0,11.5,92.0,Noite,1
2333,2026-03-25 00:30:00,EQ-019,Barreiras,39.6,37.8,29.9,Arenoso,22.1,389.0,Plantio,2.0,88.0,1.4,89.0,Manha,0
2334,2026-03-25 00:43:00,EQ-028,Nao-Me-Toque,16.0,5.7,36.1,Misto,15.8,1608.0,Plantio,15.0,580.0,8.7,50.0,Noite,0
2335,2026-03-25 00:44:00,EQ-029,Cascavel,63.9,12.4,28.0,Encharcado,7.8,265.0,Plantio,18.0,240.0,10.7,62.0,Manha,0
2336,2026-03-25 01:17:00,EQ-038,Lucas do Rio Verde,22.6,11.2,24.6,Misto,12.4,774.0,Plantio,13.0,62.0,8.6,59.0,Noite,0
2337,2026-03-25 01:51:00,EQ-008,Lucas do Rio Verde,58.2,20.1,37.9,Arenoso,2.1,320.0,Pulverizacao,6.0,177.0,6.2,69.0,Tarde,0
2338,2026-03-25 01:51:00,EQ-007,Nao-Me-Toque,65.5,91.6,38.2,Arenoso,7.4,216.0,Colheita,5.0,224.0,11.7,97.0,Manha,1
2339,2026-03-25 01:55:00,EQ-004,Rio Verde,37.6,2.7,35.8,Arenoso,6.8,114.0,Pulverizacao,9.0,315.0,5.6,98.0,Tarde,0
2340,2026-03-25 03:14:00,EQ-010,Nao-Me-Toque,57.8,29.0,31.4,Argiloso,12.7,63.0,Plantio,11.0,305.0,9.3,40.0,Tarde,1
2341,2026-03-25 03:16:00,EQ-013,Rio Verde,66.1,22.1,24.4,Argiloso,12.2,24.0,Plantio,4.0,32.0,5.9,68.0,Tarde,0
2342,2026-03-25 03:57:00,EQ-022,Barreiras,35.0,38.0,21.1,Misto,5.2,901.0,Plantio,8.0,71.0,6.1,85.0,Tarde,0
2343,2026-03-25 04:13:00,EQ-011,Cascavel,74.5,39.7,25.5,Misto,11.3,1026.0,Plantio,4.0,262.0,11.1,96.0,Tarde,0
2344,2026-03-25 04:20:00,EQ-040,Barreiras,64.8,26.6,33.3,Argiloso,1.4,1454.0,Pulverizacao,9.0,187.0,13.0,82.0,Noite,0
2345,2026-03-25 04:37:00,EQ-028,Lucas do Rio Verde,81.7,27.3,28.7,Argiloso,14.5,298.0,Pulverizacao,18.0,299.0,11.6,73.0,Tarde,1
2346,2026-03-25 05:14:00,EQ-027,Sorriso,38.2,10.6,25.6,Argiloso,6.8,838.0,Pulverizacao,4.0,183.0,3.0,66.0,Tarde,0
2347,2026-03-25 05:24:00,EQ-028,Barreiras,58.9,18.7,22.0,Argiloso,9.7,123.0,Plantio,9.0,40.0,11.1,92.0,Manha,0
2348,2026-03-25 06:19:00,EQ-022,Lucas do Rio Verde,44.8,19.8,21.8,Argiloso,16.3,1003.0,Pulverizacao,9.0,140.0,8.6,77.0,Tarde,0
2349,2026-03-25 06:25:00,EQ-023,Rio Verde,31.2,35.4,20.8,Misto,19.3,1414.0,Transporte,5.0,152.0,3.7,90.0,Noite,0
2350,2026-03-25 07:06:00,EQ-028,Nao-Me-Toque,34.4,58.1,28.3,Argiloso,22.2,980.0,Plantio,0.0,159.0,5.8,82.0,Manha,0
2351,2026-03-25 07:07:00,EQ-001,Sorriso,36.9,90.6,33.1,Misto,5.4,370.0,Colheita,25.0,122.0,7.7,78.0,Tarde,1
2352,2026-03-25 08:06:00,EQ-030,Cascavel,49.5,47.2,27.5,Arenoso,5.2,939.0,Pulverizacao,5.0,167.0,6.2,60.0,Manha,0
2353,2026-03-25 08:07:00,EQ-017,Nao-Me-Toque,87.3,23.8,22.4,Misto,4.7,185.0,Plantio,3.0,291.0,3.9,78.0,Manha,1
2354,2026-03-25 08:30:00,EQ-014,Sorriso,85.2,90.1,24.5,Arenoso,7.5,870.0,Colheita,1.0,142.0,9.3,63.0,Tarde,0
2355,2026-03-25 09:11:00,EQ-021,Cascavel,24.7,8.6,19.1,Misto,1.9,556.0,Colheita,5.0,116.0,0.0,83.0,Manha,0
2356,2026-03-25 09:17:00,EQ-003,Rio Verde,17.3,25.2,28.9,Misto,23.0,355.0,Plantio,9.0,91.0,6.5,71.0,Tarde,0
2357,2026-03-25 09:50:00,EQ-023,Rio Verde,20.6,21.9,26.3,Argiloso,6.1,420.0,Plantio,12.0,294.0,8.3,59.0,Tarde,0
2358,2026-03-25 10:32:00,EQ-024,Rio Verde,44.4,49.2,26.8,Misto,10.8,1157.0,Colheita,1.0,179.0,13.2,91.0,Noite,0
2359,2026-03-25 10:51:00,EQ-022,Lucas do Rio Verde,61.9,24.2,32.9,Argiloso,6.0,441.0,Pulverizacao,11.0,229.0,0.6,85.0,Manha,1
2360,2026-03-25 11:01:00,EQ-013,Rio Verde,27.9,40.3,30.6,Misto,8.4,1901.0,Plantio,6.0,64.0,7.4,68.0,Tarde,0
2361,2026-03-25 11:19:00,EQ-010,Sorriso,49.1,20.5,35.1,Argiloso,3.2,1033.0,Plantio,7.0,181.0,12.0,76.0,Tarde,0
2362,2026-03-25 11:48:00,EQ-028,Nao-Me-Toque,52.7,56.4,28.3,Argiloso,10.7,1161.0,Colheita,13.0,21.0,11.4,87.0,Tarde,0
2363,2026-03-25 12:14:00,EQ-014,Cascavel,20.2,21.7,25.4,Arenoso,6.2,315.0,Transporte,3.0,299.0,8.9,66.0,Manha,0
2364,2026-03-25 12:45:00,EQ-035,Nao-Me-Toque,100.0,23.6,21.8,Argiloso,8.8,466.0,Plantio,3.0,355.0,2.9,56.0,Tarde,1
2365,2026-03-25 13:35:00,EQ-004,Lucas do Rio Verde,29.7,39.7,30.3,Argiloso,9.0,862.0,Pulverizacao,14.0,156.0,6.0,120.0,Noite,0
2366,2026-03-25 13:35:00,EQ-012,Rio Verde,39.2,35.1,29.6,Misto,6.0,314.0,Transporte,9.0,72.0,6.5,93.0,Tarde,0
2367,2026-03-25 13:59:00,EQ-003,Cascavel,41.0,36.4,21.7,Encharcado,10.9,562.0,Plantio,4.0,488.0,7.8,76.0,Tarde,0
2368,2026-03-25 14:35:00,EQ-020,Lucas do Rio Verde,69.8,62.3,37.7,Misto,18.9,1245.0,Pulverizacao,5.0,205.0,10.2,73.0,Manha,0
2369,2026-03-25 14:47:00,EQ-013,Lucas do Rio Verde,62.0,68.8,34.1,Misto,14.0,725.0,Colheita,5.0,538.0,7.3,60.0,Manha,0
2370,2026-03-25 14:48:00,EQ-008,Cascavel,60.5,86.2,18.8,Argiloso,4.6,23.0,Transporte,4.0,188.0,9.2,76.0,Manha,1
2371,2026-03-25 15:26:00,EQ-016,Lucas do Rio Verde,30.5,31.7,31.8,Misto,9.1,193.0,Plantio,1.0,430.0,5.3,65.0,Tarde,0
2372,2026-03-25 15:38:00,EQ-023,Cascavel,61.8,8.0,34.3,Arenoso,21.0,871.0,Colheita,5.0,26.0,6.7,77.0,Noite,0
2373,2026-03-25 15:44:00,EQ-038,Barreiras,27.8,22.9,18.2,Arenoso,15.7,202.0,Colheita,15.0,208.0,12.5,64.0,Noite,0
2374,2026-03-25 15:46:00,EQ-033,Barreiras,66.7,60.6,23.5,Encharcado,12.2,1333.0,Pulverizacao,6.0,131.0,3.6,86.0,Tarde,0
2375,2026-03-25 16:23:00,EQ-010,Barreiras,71.3,13.9,15.1,Argiloso,9.7,451.0,Pulverizacao,8.0,147.0,3.9,83.0,Tarde,0
2376,2026-03-25 16:31:00,EQ-005,Sorriso,62.7,39.7,34.6,Misto,8.5,304.0,Plantio,2.0,566.0,8.9,82.0,Tarde,0
2377,2026-03-25 17:13:00,EQ-029,Lucas do Rio Verde,25.5,20.0,23.8,Arenoso,9.8,354.0,Pulverizacao,17.0,454.0,7.0,50.0,Manha,1
2378,2026-03-25 17:14:00,EQ-014,Sorriso,47.9,10.9,36.1,Misto,19.8,467.0,Pulverizacao,5.0,135.0,8.3,72.0,Tarde,0
2379,2026-03-25 17:22:00,EQ-021,Cascavel,11.4,12.4,27.2,Misto,11.7,711.0,Colheita,2.0,26.0,6.9,68.0,Tarde,0
2380,2026-03-25 18:00:00,EQ-016,Sorriso,5.0,3.1,37.6,Misto,13.8,316.0,Transporte,5.0,50.0,10.6,56.0,Noite,0
2381,2026-03-25 18:06:00,EQ-040,Rio Verde,57.5,20.7,24.4,Arenoso,28.4,1560.0,Transporte,7.0,89.0,7.0,95.0,Manha,1
2382,2026-03-25 18:06:00,EQ-004,Sorriso,46.5,23.9,31.5,Misto,15.6,614.0,Pulverizacao,6.0,48.0,5.2,54.0,Manha,0
2383,2026-03-25 18:07:00,EQ-029,Rio Verde,31.3,31.8,42.1,Misto,7.8,1350.0,Plantio,9.0,80.0,9.7,45.0,Tarde,0
2384,2026-03-25 18:15:00,EQ-028,Sorriso,66.2,39.6,24.0,Arenoso,7.5,250.0,Transporte,11.0,400.0,9.5,100.0,Tarde,1
2385,2026-03-25 18:53:00,EQ-009,Sorriso,86.6,32.9,30.5,Misto,4.4,648.0,Plantio,8.0,60.0,7.9,69.0,Tarde,0
2386,2026-03-25 20:01:00,EQ-026,Nao-Me-Toque,54.3,38.5,18.8,Arenoso,3.6,1576.0,Transporte,7.0,202.0,4.7,46.0,Manha,0
2387,2026-03-25 20:23:00,EQ-021,Nao-Me-Toque,67.3,5.2,37.0,Arenoso,22.1,1241.0,Pulverizacao,6.0,563.0,8.4,58.0,Manha,0
2388,2026-03-25 20:47:00,EQ-024,Barreiras,63.8,51.7,27.9,Argiloso,12.8,368.0,Plantio,2.0,209.0,4.1,98.0,Tarde,1
2389,2026-03-25 21:26:00,EQ-016,Lucas do Rio Verde,17.9,62.3,30.1,Misto,5.4,1129.0,Pulverizacao,11.0,321.0,6.0,120.0,Manha,0
2390,2026-03-25 21:27:00,EQ-016,Rio Verde,53.8,63.4,28.2,Misto,3.5,477.0,Pulverizacao,4.0,371.0,1.5,88.0,Manha,0
2391,2026-03-25 21:42:00,EQ-026,Sorriso,63.9,30.8,22.6,Argiloso,20.9,297.0,Plantio,3.0,299.0,11.4,76.0,Manha,1
2392,2026-03-25 22:20:00,EQ-026,Nao-Me-Toque,95.2,15.6,20.9,Argiloso,9.5,423.0,Plantio,12.0,70.0,6.6,112.0,Tarde,0
2393,2026-03-25 22:41:00,EQ-017,Cascavel,37.6,70.2,30.3,Arenoso,2.7,806.0,Colheita,9.0,547.0,11.2,62.0,Manha,0
2394,2026-03-25 23:01:00,EQ-038,Sorriso,5.0,27.2,34.0,Arenoso,0.7,1292.0,Colheita,7.0,84.0,13.0,102.0,Manha,0
2395,2026-03-25 23:27:00,EQ-018,Lucas do Rio Verde,22.4,31.6,29.8,Arenoso,17.9,868.0,Plantio,13.0,269.0,9.1,59.0,Noite,0
2396,2026-03-26 00:14:00,EQ-011,Rio Verde,22.9,5.1,25.4,Argiloso,32.6,666.0,Pulverizacao,7.0,247.0,6.8,94.0,Manha,1
2397,2026-03-26 00:20:00,EQ-040,Barreiras,42.1,15.1,26.1,Argiloso,20.4,930.0,Plantio,6.0,114.0,10.3,120.0,Manha,0
2398,2026-03-26 00:43:00,EQ-001,Cascavel,41.9,68.7,12.1,Argiloso,10.8,611.0,Colheita,10.0,148.0,10.9,86.0,Tarde,0
2399,2026-03-26 00:58:00,EQ-002,Barreiras,55.3,14.4,18.9,Misto,27.2,1300.0,Plantio,2.0,141.0,6.3,84.0,Manha,0
2400,2026-03-26 02:14:00,EQ-032,Nao-Me-Toque,72.4,21.2,18.5,Misto,13.6,931.0,Pulverizacao,14.0,254.0,12.2,89.0,Noite,0
2401,2026-03-26 02:50:00,EQ-009,Lucas do Rio Verde,48.5,25.9,26.1,Misto,8.5,982.0,Colheita,7.0,160.0,4.3,60.0,Noite,0
2402,2026-03-26 03:58:00,EQ-023,Barreiras,50.9,15.7,15.6,Argiloso,4.7,882.0,Plantio,10.0,164.0,6.7,98.0,Manha,0
2403,2026-03-26 04:00:00,EQ-004,Nao-Me-Toque,45.7,12.5,19.6,Arenoso,1.3,680.0,Plantio,5.0,267.0,7.8,68.0,Tarde,0
2404,2026-03-26 04:05:00,EQ-038,Lucas do Rio Verde,82.2,26.5,29.9,Argiloso,3.7,152.0,Colheita,10.0,55.0,8.8,105.0,Tarde,1
2405,2026-03-26 04:19:00,EQ-017,Cascavel,65.8,65.0,23.2,Encharcado,15.2,204.0,Pulverizacao,5.0,135.0,6.5,54.0,Noite,1
2406,2026-03-26 04:39:00,EQ-001,Nao-Me-Toque,57.0,21.5,35.3,Encharcado,10.4,530.0,Colheita,2.0,53.0,9.2,59.0,Manha,1
2407,2026-03-26 05:21:00,EQ-015,Lucas do Rio Verde,62.1,72.8,24.7,Encharcado,7.0,1125.0,Pulverizacao,2.0,198.0,4.7,101.0,Manha,0
2408,2026-03-26 05:48:00,EQ-014,Cascavel,5.0,44.4,36.9,Arenoso,32.4,524.0,Plantio,10.0,279.0,12.6,116.0,Tarde,1
2409,2026-03-26 06:03:00,EQ-022,Barreiras,48.3,33.5,27.4,Misto,7.7,844.0,Colheita,7.0,156.0,7.3,97.0,Manha,0
2410,2026-03-26 06:08:00,EQ-002,Sorriso,56.8,21.5,22.6,Argiloso,10.2,443.0,Pulverizacao,9.0,215.0,7.9,77.0,Tarde,0
2411,2026-03-26 06:20:00,EQ-008,Rio Verde,50.1,87.6,23.7,Argiloso,1.9,649.0,Transporte,4.0,579.0,12.2,73.0,Noite,1
2412,2026-03-26 06:35:00,EQ-035,Sorriso,82.8,13.5,33.3,Misto,10.1,576.0,Transporte,1.0,195.0,7.4,115.0,Tarde,1
2413,2026-03-26 06:55:00,EQ-034,Lucas do Rio Verde,64.9,4.6,34.2,Misto,8.6,932.0,Colheita,8.0,249.0,8.3,120.0,Noite,1
2414,2026-03-26 06:59:00,EQ-017,Lucas do Rio Verde,58.7,27.1,25.4,Misto,4.4,158.0,Colheita,10.0,201.0,3.0,62.0,Noite,1
2415,2026-03-26 07:27:00,EQ-037,Rio Verde,74.8,18.2,19.7,Argiloso,4.7,883.0,Colheita,13.0,437.0,6.6,55.0,Manha,0
2416,2026-03-26 07:39:00,EQ-016,Lucas do Rio Verde,48.0,29.6,17.7,Argiloso,8.3,581.0,Pulverizacao,8.0,114.0,7.2,85.0,Tarde,0
2417,2026-03-26 07:59:00,EQ-003,Lucas do Rio Verde,58.6,20.1,18.0,Arenoso,11.3,36.0,Pulverizacao,17.0,435.0,9.9,80.0,Manha,0
2418,2026-03-26 08:11:00,EQ-013,Nao-Me-Toque,46.5,42.8,34.2,Argiloso,7.5,334.0,Pulverizacao,6.0,183.0,6.7,64.0,Noite,0
2419,2026-03-26 08:32:00,EQ-016,Nao-Me-Toque,48.6,28.9,36.5,Misto,12.2,329.0,Colheita,19.0,312.0,5.1,81.0,Tarde,1
2420,2026-03-26 08:43:00,EQ-015,Rio Verde,64.4,65.5,30.5,Arenoso,19.2,81.0,Colheita,17.0,308.0,6.6,87.0,Manha,1
2421,2026-03-26 09:05:00,EQ-030,Sorriso,55.2,33.3,21.8,Misto,5.6,636.0,Colheita,5.0,85.0,11.2,84.0,Manha,0
2422,2026-03-26 09:34:00,EQ-029,Lucas do Rio Verde,28.7,48.5,18.1,Encharcado,5.8,156.0,Plantio,25.0,29.0,8.1,71.0,Manha,0
2423,2026-03-26 09:43:00,EQ-040,Sorriso,63.9,24.9,22.5,Argiloso,7.1,614.0,Colheita,4.0,389.0,10.7,68.0,Tarde,0
2424,2026-03-26 09:44:00,EQ-019,Nao-Me-Toque,40.5,34.5,30.4,Misto,6.3,188.0,Colheita,5.0,179.0,6.8,94.0,Tarde,0
2425,2026-03-26 11:19:00,EQ-028,Barreiras,31.4,15.2,16.3,Arenoso,10.5,404.0,Colheita,2.0,293.0,12.6,100.0,Manha,1
2426,2026-03-26 11:43:00,EQ-024,Nao-Me-Toque,57.4,7.2,21.0,Argiloso,3.5,201.0,Plantio,10.0,248.0,11.2,80.0,Manha,0
2427,2026-03-26 11:57:00,EQ-001,Barreiras,43.8,45.5,30.2,Encharcado,10.6,181.0,Colheita,1.0,229.0,7.8,82.0,Noite,0
2428,2026-03-26 13:01:00,EQ-039,Rio Verde,89.6,17.3,21.7,Argiloso,4.3,1929.0,Plantio,7.0,16.0,9.3,60.0,Tarde,0
2429,2026-03-26 14:08:00,EQ-020,Sorriso,98.7,43.2,26.7,Misto,5.6,298.0,Pulverizacao,6.0,337.0,7.1,91.0,Manha,1
2430,2026-03-26 14:39:00,EQ-009,Barreiras,25.9,25.7,32.3,Misto,3.5,1153.0,Colheita,2.0,162.0,7.8,53.0,Manha,0
2431,2026-03-26 15:23:00,EQ-018,Lucas do Rio Verde,57.4,24.7,28.6,Argiloso,10.3,331.0,Colheita,9.0,59.0,9.3,64.0,Noite,0
2432,2026-03-26 15:33:00,EQ-016,Nao-Me-Toque,61.1,6.7,15.0,Argiloso,15.9,468.0,Pulverizacao,3.0,288.0,7.2,59.0,Manha,1
2433,2026-03-26 15:36:00,EQ-030,Lucas do Rio Verde,39.8,30.1,26.8,Argiloso,23.7,131.0,Transporte,4.0,40.0,3.9,91.0,Manha,0
2434,2026-03-26 15:45:00,EQ-019,Sorriso,55.6,4.7,28.9,Misto,5.0,154.0,Transporte,11.0,163.0,11.0,66.0,Tarde,0
2435,2026-03-26 16:09:00,EQ-026,Barreiras,57.2,47.8,33.3,Misto,6.4,337.0,Plantio,15.0,133.0,6.4,88.0,Manha,1
2436,2026-03-26 16:11:00,EQ-012,Cascavel,46.9,75.0,25.7,Arenoso,19.9,59.0,Pulverizacao,10.0,274.0,6.2,82.0,Noite,0
2437,2026-03-26 16:33:00,EQ-039,Lucas do Rio Verde,69.5,7.2,37.4,Misto,6.4,505.0,Pulverizacao,14.0,334.0,6.5,85.0,Noite,1
2438,2026-03-26 16:47:00,EQ-010,Nao-Me-Toque,58.4,40.0,20.6,Arenoso,5.4,847.0,Transporte,12.0,244.0,6.6,96.0,Manha,0
2439,2026-03-26 16:57:00,EQ-025,Lucas do Rio Verde,48.0,24.2,30.8,Arenoso,7.9,653.0,Plantio,4.0,128.0,9.0,84.0,Manha,0
2440,2026-03-26 17:42:00,EQ-015,Nao-Me-Toque,70.9,124.2,26.8,Arenoso,4.6,674.0,Colheita,2.0,111.0,1.0,90.0,Manha,0
2441,2026-03-26 17:49:00,EQ-027,Cascavel,55.2,12.0,38.9,Misto,14.3,467.0,Pulverizacao,7.0,278.0,7.9,80.0,Tarde,0
2442,2026-03-26 17:54:00,EQ-016,Lucas do Rio Verde,43.8,79.7,32.7,Argiloso,24.2,264.0,Pulverizacao,3.0,211.0,6.4,98.0,Manha,1
2443,2026-03-26 18:19:00,EQ-040,Sorriso,72.3,65.0,23.1,Misto,14.0,1578.0,Plantio,1.0,80.0,10.4,48.0,Tarde,0
2444,2026-03-26 18:20:00,EQ-004,Nao-Me-Toque,47.4,13.4,18.7,Misto,45.0,1049.0,Pulverizacao,5.0,221.0,3.2,81.0,Manha,0
2445,2026-03-26 18:44:00,EQ-011,Rio Verde,42.0,21.3,18.3,Misto,4.5,348.0,Plantio,10.0,198.0,9.2,84.0,Tarde,0
2446,2026-03-26 19:04:00,EQ-022,Sorriso,66.3,27.3,35.2,Argiloso,20.6,466.0,Plantio,11.0,94.0,5.7,95.0,Noite,1
2447,2026-03-26 19:35:00,EQ-036,Nao-Me-Toque,59.9,15.2,29.1,Argiloso,8.0,367.0,Plantio,6.0,76.0,7.4,99.0,Tarde,0
2448,2026-03-26 19:48:00,EQ-012,Barreiras,97.6,27.3,24.3,Argiloso,4.8,557.0,Transporte,5.0,69.0,11.1,85.0,Noite,1
2449,2026-03-26 19:58:00,EQ-032,Rio Verde,47.5,19.2,24.8,Arenoso,9.3,102.0,Plantio,6.0,522.0,4.4,74.0,Tarde,0
2450,2026-03-26 20:36:00,EQ-012,Sorriso,64.0,22.9,34.6,Arenoso,20.0,192.0,Transporte,1.0,239.0,10.5,120.0,Tarde,0
2451,2026-03-26 21:00:00,EQ-019,Rio Verde,53.1,32.0,20.7,Arenoso,2.9,378.0,Pulverizacao,15.0,245.0,6.1,43.0,Manha,0
2452,2026-03-26 22:10:00,EQ-022,Rio Verde,36.9,70.3,21.3,Argiloso,16.2,376.0,Pulverizacao,15.0,44.0,5.7,102.0,Manha,0
2453,2026-03-26 22:31:00,EQ-025,Barreiras,74.5,13.6,17.2,Argiloso,17.1,874.0,Pulverizacao,5.0,189.0,6.2,88.0,Manha,0
2454,2026-03-26 22:31:00,EQ-031,Rio Verde,87.2,24.1,29.5,Argiloso,15.6,123.0,Colheita,13.0,236.0,0.0,78.0,Tarde,1
2455,2026-03-26 22:43:00,EQ-001,Cascavel,60.7,19.8,32.4,Argiloso,2.5,368.0,Plantio,15.0,111.0,4.9,67.0,Manha,0
2456,2026-03-26 22:48:00,EQ-006,Rio Verde,33.2,9.8,35.6,Encharcado,4.2,178.0,Plantio,4.0,383.0,5.9,96.0,Tarde,0
2457,2026-03-26 23:10:00,EQ-004,Sorriso,63.3,89.1,20.6,Arenoso,7.5,419.0,Colheita,9.0,131.0,9.1,67.0,Tarde,1
2458,2026-03-26 23:11:00,EQ-010,Barreiras,63.3,25.2,15.6,Misto,4.6,868.0,Colheita,8.0,144.0,14.9,103.0,Manha,0
2459,2026-03-26 23:37:00,EQ-010,Sorriso,51.5,19.8,34.9,Encharcado,14.8,314.0,Colheita,2.0,196.0,6.4,66.0,Manha,0
2460,2026-03-26 23:55:00,EQ-021,Nao-Me-Toque,57.4,80.0,34.7,Argiloso,16.8,915.0,Pulverizacao,22.0,214.0,5.8,92.0,Manha,1
2461,2026-03-27 00:22:00,EQ-018,Barreiras,59.3,47.1,27.7,Argiloso,6.2,198.0,Colheita,11.0,192.0,4.5,94.0,Tarde,0
2462,2026-03-27 00:53:00,EQ-037,Barreiras,36.3,40.1,24.7,Misto,7.2,1101.0,Colheita,9.0,285.0,9.8,80.0,Manha,0
2463,2026-03-27 00:55:00,EQ-018,Rio Verde,78.5,19.2,37.4,Argiloso,18.2,450.0,Plantio,3.0,146.0,8.5,60.0,Noite,1
2464,2026-03-27 01:05:00,EQ-035,Rio Verde,69.6,26.9,28.3,Misto,6.4,409.0,Plantio,3.0,80.0,10.0,58.0,Manha,0
2465,2026-03-27 01:28:00,EQ-032,Rio Verde,64.4,27.6,35.3,Arenoso,17.0,824.0,Pulverizacao,3.0,236.0,7.6,113.0,Manha,0
2466,2026-03-27 03:03:00,EQ-019,Cascavel,34.1,8.2,38.3,Arenoso,15.3,360.0,Pulverizacao,3.0,24.0,6.0,47.0,Tarde,0
2467,2026-03-27 03:05:00,EQ-014,Barreiras,77.8,34.8,21.2,Argiloso,2.2,487.0,Colheita,8.0,137.0,8.4,69.0,Manha,1
2468,2026-03-27 03:17:00,EQ-013,Barreiras,22.1,15.8,24.5,Arenoso,18.4,364.0,Colheita,4.0,600.0,2.3,68.0,Manha,0
2469,2026-03-27 03:35:00,EQ-011,Cascavel,36.7,86.6,26.2,Arenoso,6.5,1925.0,Colheita,0.0,162.0,3.4,67.0,Tarde,0
2470,2026-03-27 04:25:00,EQ-027,Rio Verde,31.3,25.1,30.4,Arenoso,12.1,1094.0,Transporte,9.0,68.0,9.0,93.0,Tarde,0
2471,2026-03-27 04:50:00,EQ-032,Nao-Me-Toque,54.3,26.1,27.8,Misto,5.5,1790.0,Plantio,11.0,125.0,10.3,87.0,Noite,0
2472,2026-03-27 05:08:00,EQ-029,Cascavel,50.5,30.8,17.6,Argiloso,8.9,650.0,Plantio,4.0,134.0,13.6,69.0,Manha,1
2473,2026-03-27 05:33:00,EQ-006,Rio Verde,42.8,22.7,30.1,Misto,20.5,1780.0,Plantio,25.0,13.0,2.3,78.0,Tarde,0
2474,2026-03-27 05:33:00,EQ-031,Lucas do Rio Verde,47.2,86.0,33.5,Encharcado,9.5,235.0,Pulverizacao,14.0,585.0,10.5,45.0,Manha,1
2475,2026-03-27 06:09:00,EQ-022,Lucas do Rio Verde,20.9,22.4,28.7,Encharcado,6.9,190.0,Plantio,14.0,36.0,6.2,63.0,Manha,1
2476,2026-03-27 06:38:00,EQ-016,Sorriso,61.5,59.2,28.2,Arenoso,9.6,461.0,Colheita,10.0,297.0,10.3,96.0,Noite,0
2477,2026-03-27 06:51:00,EQ-014,Lucas do Rio Verde,9.5,8.3,25.0,Misto,28.8,736.0,Pulverizacao,14.0,218.0,1.8,93.0,Manha,0
2478,2026-03-27 07:27:00,EQ-012,Cascavel,80.8,19.6,24.6,Encharcado,3.3,396.0,Colheita,23.0,43.0,7.0,106.0,Tarde,1
2479,2026-03-27 07:53:00,EQ-006,Nao-Me-Toque,62.1,24.2,23.8,Argiloso,2.2,843.0,Transporte,17.0,72.0,7.5,120.0,Tarde,0
2480,2026-03-27 08:45:00,EQ-024,Nao-Me-Toque,66.3,35.8,28.2,Argiloso,21.5,514.0,Plantio,8.0,167.0,4.2,55.0,Noite,0
2481,2026-03-27 09:06:00,EQ-009,Cascavel,33.0,66.7,24.5,Argiloso,10.0,1459.0,Transporte,12.0,17.0,14.7,65.0,Manha,0
2482,2026-03-27 09:54:00,EQ-006,Rio Verde,23.0,56.8,30.1,Arenoso,9.5,529.0,Pulverizacao,12.0,206.0,10.6,98.0,Tarde,0
2483,2026-03-27 10:01:00,EQ-009,Nao-Me-Toque,64.7,72.6,25.8,Encharcado,8.5,1869.0,Plantio,6.0,365.0,4.8,96.0,Manha,0
2484,2026-03-27 10:39:00,EQ-006,Barreiras,57.4,13.1,20.2,Misto,16.5,560.0,Plantio,11.0,77.0,10.5,71.0,Manha,0
2485,2026-03-27 10:43:00,EQ-026,Sorriso,65.3,34.0,37.7,Argiloso,3.3,182.0,Plantio,2.0,41.0,11.2,96.0,Tarde,1
2486,2026-03-27 11:10:00,EQ-014,Cascavel,93.2,10.7,29.6,Arenoso,9.6,696.0,Pulverizacao,14.0,281.0,10.6,65.0,Tarde,0
2487,2026-03-27 11:44:00,EQ-022,Barreiras,49.6,9.8,36.4,Misto,6.4,870.0,Pulverizacao,7.0,230.0,7.4,94.0,Tarde,0
2488,2026-03-27 11:58:00,EQ-037,Barreiras,39.3,61.8,36.2,Encharcado,15.3,332.0,Pulverizacao,1.0,125.0,8.6,87.0,Manha,0
2489,2026-03-27 12:01:00,EQ-018,Sorriso,51.2,33.8,28.6,Argiloso,5.9,882.0,Pulverizacao,20.0,99.0,6.4,108.0,Tarde,1
2490,2026-03-27 12:09:00,EQ-003,Barreiras,34.3,18.3,21.1,Encharcado,4.3,1444.0,Plantio,3.0,149.0,9.9,79.0,Noite,0
2491,2026-03-27 12:37:00,EQ-009,Rio Verde,100.0,16.0,35.8,Argiloso,3.6,917.0,Colheita,3.0,117.0,5.4,63.0,Tarde,0
2492,2026-03-27 13:48:00,EQ-024,Lucas do Rio Verde,24.5,79.5,24.8,Misto,15.4,964.0,Plantio,3.0,102.0,7.5,81.0,Tarde,0
2493,2026-03-27 14:19:00,EQ-040,Nao-Me-Toque,60.0,25.4,34.2,Misto,11.6,1479.0,Colheita,6.0,249.0,9.7,90.0,Manha,0
2494,2026-03-27 14:41:00,EQ-020,Rio Verde,53.0,10.1,22.6,Misto,5.5,219.0,Colheita,7.0,54.0,4.7,41.0,Manha,1
2495,2026-03-27 14:54:00,EQ-040,Lucas do Rio Verde,39.9,11.0,19.4,Misto,32.9,497.0,Colheita,10.0,35.0,11.9,97.0,Manha,0
2496,2026-03-27 15:10:00,EQ-028,Lucas do Rio Verde,48.3,13.6,30.7,Encharcado,17.5,639.0,Plantio,9.0,160.0,10.1,105.0,Manha,1
2497,2026-03-27 15:12:00,EQ-018,Sorriso,79.5,26.8,24.9,Misto,17.4,541.0,Pulverizacao,7.0,264.0,10.0,75.0,Noite,1
2498,2026-03-27 15:16:00,EQ-018,Barreiras,36.2,32.6,27.3,Misto,14.1,355.0,Colheita,11.0,38.0,10.9,62.0,Tarde,0
2499,2026-03-27 15:32:00,EQ-006,Lucas do Rio Verde,41.7,44.1,31.1,Misto,5.8,455.0,Pulverizacao,21.0,57.0,6.6,88.0,Tarde,0
2500,2026-03-27 15:40:00,EQ-031,Lucas do Rio Verde,36.1,114.9,24.6,Arenoso,11.0,939.0,Plantio,13.0,170.0,13.7,63.0,Tarde,0
2501,2026-03-27 15:54:00,EQ-002,Nao-Me-Toque,46.7,37.6,24.5,Arenoso,7.0,1113.0,Pulverizacao,6.0,262.0,8.6,62.0,Manha,0
2502,2026-03-27 16:15:00,EQ-001,Cascavel,39.7,13.9,34.6,Arenoso,9.2,736.0,Colheita,1.0,155.0,10.3,83.0,Manha,0
2503,2026-03-27 16:51:00,EQ-033,Barreiras,41.9,47.4,26.6,Arenoso,9.8,149.0,Transporte,7.0,17.0,2.6,103.0,Manha,0
2504,2026-03-27 17:23:00,EQ-018,Nao-Me-Toque,57.2,92.7,19.2,Arenoso,10.5,389.0,Colheita,5.0,257.0,9.1,88.0,Manha,0
2505,2026-03-27 17:51:00,EQ-040,Cascavel,85.2,102.2,20.7,Argiloso,28.7,119.0,Pulverizacao,7.0,391.0,4.5,107.0,Manha,1
2506,2026-03-27 17:55:00,EQ-005,Sorriso,46.6,51.4,32.7,Arenoso,2.4,1113.0,Colheita,16.0,163.0,13.5,113.0,Manha,0
2507,2026-03-27 18:09:00,EQ-012,Cascavel,60.0,12.6,21.9,Misto,21.1,332.0,Transporte,16.0,136.0,12.0,47.0,Manha,0
2508,2026-03-27 18:33:00,EQ-033,Barreiras,56.8,17.2,20.9,Misto,4.4,307.0,Pulverizacao,0.0,84.0,9.7,112.0,Tarde,0
2509,2026-03-27 19:22:00,EQ-021,Lucas do Rio Verde,96.5,12.0,33.7,Misto,3.8,348.0,Transporte,15.0,35.0,6.5,75.0,Tarde,1
2510,2026-03-27 19:22:00,EQ-015,Rio Verde,61.3,10.4,17.2,Misto,10.8,431.0,Pulverizacao,6.0,137.0,3.4,56.0,Manha,0
2511,2026-03-27 19:29:00,EQ-015,Barreiras,39.7,9.8,16.0,Argiloso,30.1,525.0,Pulverizacao,3.0,109.0,12.6,97.0,Tarde,0
2512,2026-03-27 19:38:00,EQ-028,Nao-Me-Toque,49.9,15.4,30.9,Misto,2.0,425.0,Transporte,10.0,139.0,7.3,81.0,Manha,0
2513,2026-03-27 19:56:00,EQ-040,Barreiras,53.3,30.5,31.5,Arenoso,2.8,377.0,Transporte,10.0,142.0,8.7,96.0,Tarde,0
2514,2026-03-27 20:51:00,EQ-033,Barreiras,79.6,32.7,43.7,Misto,8.7,382.0,Colheita,15.0,126.0,8.4,72.0,Noite,1
2515,2026-03-27 20:51:00,EQ-028,Cascavel,49.7,25.8,35.4,Arenoso,30.3,60.0,Colheita,10.0,19.0,1.8,63.0,Noite,0
2516,2026-03-27 21:50:00,EQ-030,Cascavel,69.4,40.5,10.5,Misto,4.0,1172.0,Colheita,6.0,153.0,1.3,71.0,Noite,0
2517,2026-03-27 22:05:00,EQ-034,Nao-Me-Toque,54.6,33.0,25.9,Argiloso,25.7,906.0,Pulverizacao,1.0,162.0,8.1,93.0,Noite,0
2518,2026-03-27 22:49:00,EQ-008,Barreiras,52.9,8.9,20.5,Misto,20.0,2000.0,Transporte,4.0,193.0,9.9,88.0,Manha,0
2519,2026-03-27 23:19:00,EQ-033,Nao-Me-Toque,45.9,11.8,28.5,Arenoso,16.9,1426.0,Plantio,8.0,58.0,4.5,59.0,Manha,0
2520,2026-03-27 23:32:00,EQ-014,Lucas do Rio Verde,42.9,54.5,31.0,Argiloso,10.6,1082.0,Pulverizacao,2.0,146.0,2.5,107.0,Tarde,0
2521,2026-03-28 00:00:00,EQ-022,Barreiras,74.7,73.0,20.3,Arenoso,14.8,1004.0,Pulverizacao,11.0,214.0,13.9,80.0,Manha,0
2522,2026-03-28 00:01:00,EQ-004,Barreiras,70.6,72.6,36.5,Argiloso,3.6,1342.0,Colheita,2.0,79.0,10.7,100.0,Manha,0
2523,2026-03-28 00:15:00,EQ-033,Sorriso,90.6,27.4,30.2,Argiloso,12.7,302.0,Transporte,17.0,360.0,9.2,99.0,Tarde,1
2524,2026-03-28 00:18:00,EQ-016,Nao-Me-Toque,43.6,35.6,22.1,Arenoso,12.3,992.0,Plantio,14.0,83.0,10.5,96.0,Noite,0
2525,2026-03-28 00:42:00,EQ-010,Rio Verde,63.4,54.1,31.4,Arenoso,1.7,100.0,Plantio,18.0,69.0,11.4,71.0,Tarde,1
2526,2026-03-28 00:50:00,EQ-009,Rio Verde,56.8,52.0,34.0,Misto,11.8,716.0,Pulverizacao,4.0,113.0,8.7,71.0,Noite,0
2527,2026-03-28 01:08:00,EQ-031,Sorriso,48.5,64.1,33.4,Arenoso,3.1,780.0,Pulverizacao,6.0,86.0,15.7,82.0,Manha,0
2528,2026-03-28 01:20:00,EQ-006,Nao-Me-Toque,38.9,71.1,27.2,Arenoso,9.1,189.0,Plantio,9.0,120.0,7.8,65.0,Manha,0
2529,2026-03-28 01:26:00,EQ-015,Sorriso,84.2,22.4,21.6,Arenoso,28.4,934.0,Transporte,12.0,385.0,5.9,115.0,Manha,1
2530,2026-03-28 01:32:00,EQ-028,Rio Verde,67.6,5.6,22.4,Encharcado,6.6,908.0,Pulverizacao,4.0,126.0,7.5,108.0,Manha,0
2531,2026-03-28 01:54:00,EQ-022,Nao-Me-Toque,58.0,90.9,25.1,Argiloso,7.4,580.0,Transporte,3.0,76.0,11.7,91.0,Noite,1
2532,2026-03-28 02:06:00,EQ-020,Cascavel,5.0,85.9,28.8,Arenoso,9.0,258.0,Transporte,6.0,83.0,5.4,81.0,Manha,0
2533,2026-03-28 02:43:00,EQ-004,Rio Verde,62.2,26.5,28.3,Misto,19.0,1578.0,Colheita,7.0,59.0,7.8,94.0,Manha,0
2534,2026-03-28 02:57:00,EQ-033,Cascavel,63.8,4.9,26.8,Encharcado,1.3,622.0,Colheita,4.0,248.0,10.1,71.0,Tarde,0
2535,2026-03-28 03:12:00,EQ-030,Lucas do Rio Verde,47.9,38.4,23.9,Argiloso,4.7,1003.0,Pulverizacao,5.0,287.0,12.1,120.0,Noite,0
2536,2026-03-28 03:22:00,EQ-032,Nao-Me-Toque,45.0,4.4,26.6,Arenoso,16.7,548.0,Transporte,6.0,236.0,5.9,110.0,Manha,0
2537,2026-03-28 04:12:00,EQ-004,Cascavel,78.8,10.1,13.9,Arenoso,10.9,50.0,Pulverizacao,2.0,305.0,0.4,78.0,Tarde,1
2538,2026-03-28 04:40:00,EQ-024,Sorriso,18.6,42.3,21.2,Arenoso,17.7,495.0,Pulverizacao,3.0,356.0,5.6,75.0,Noite,0
2539,2026-03-28 05:42:00,EQ-024,Rio Verde,66.0,4.6,21.2,Misto,17.6,527.0,Colheita,6.0,136.0,2.3,78.0,Noite,1
2540,2026-03-28 06:03:00,EQ-001,Rio Verde,28.7,80.1,28.5,Encharcado,15.9,747.0,Pulverizacao,10.0,51.0,1.6,85.0,Manha,1
2541,2026-03-28 06:09:00,EQ-024,Barreiras,27.6,41.4,30.5,Argiloso,15.1,733.0,Pulverizacao,2.0,111.0,14.5,110.0,Manha,0
2542,2026-03-28 06:33:00,EQ-030,Sorriso,50.9,4.1,20.0,Encharcado,14.8,605.0,Plantio,20.0,201.0,4.5,96.0,Tarde,0
2543,2026-03-28 07:12:00,EQ-022,Sorriso,59.9,52.5,24.8,Encharcado,12.6,1738.0,Pulverizacao,13.0,312.0,12.8,86.0,Manha,0
2544,2026-03-28 08:08:00,EQ-036,Barreiras,59.9,53.4,28.3,Arenoso,13.5,646.0,Colheita,7.0,48.0,11.2,120.0,Manha,0
2545,2026-03-28 08:59:00,EQ-020,Nao-Me-Toque,50.7,78.4,31.7,Argiloso,7.1,490.0,Colheita,2.0,165.0,9.6,90.0,Manha,1
2546,2026-03-28 09:30:00,EQ-036,Barreiras,18.4,16.2,23.5,Misto,11.4,269.0,Colheita,4.0,50.0,3.1,84.0,Tarde,0
2547,2026-03-28 09:40:00,EQ-031,Cascavel,48.8,68.8,31.2,Argiloso,8.9,1571.0,Pulverizacao,11.0,73.0,7.6,70.0,Tarde,0
2548,2026-03-28 10:54:00,EQ-030,Barreiras,57.0,16.1,40.3,Misto,5.3,722.0,Colheita,4.0,187.0,5.1,51.0,Manha,0
2549,2026-03-28 11:29:00,EQ-035,Sorriso,84.5,21.6,32.0,Argiloso,3.8,1230.0,Plantio,6.0,180.0,6.8,105.0,Tarde,0
2550,2026-03-28 11:43:00,EQ-024,Nao-Me-Toque,31.0,30.4,23.4,Encharcado,6.5,1695.0,Pulverizacao,22.0,160.0,9.3,77.0,Manha,0
2551,2026-03-28 11:47:00,EQ-009,Lucas do Rio Verde,37.7,24.7,27.2,Arenoso,8.2,482.0,Transporte,4.0,79.0,11.4,54.0,Tarde,0
2552,2026-03-28 11:52:00,EQ-010,Lucas do Rio Verde,68.1,68.8,25.0,Misto,9.2,758.0,Transporte,1.0,126.0,6.7,84.0,Manha,0
2553,2026-03-28 12:01:00,EQ-040,Rio Verde,78.6,36.0,32.3,Argiloso,21.6,2000.0,Plantio,8.0,282.0,7.7,51.0,Tarde,0
2554,2026-03-28 13:37:00,EQ-016,Sorriso,52.7,30.6,18.6,Argiloso,22.6,592.0,Pulverizacao,3.0,10.0,6.9,89.0,Manha,0
2555,2026-03-28 13:38:00,EQ-032,Rio Verde,56.0,15.1,34.7,Arenoso,15.1,2000.0,Plantio,6.0,91.0,9.2,87.0,Manha,0
2556,2026-03-28 13:38:00,EQ-014,Barreiras,55.9,44.0,22.7,Arenoso,3.4,848.0,Transporte,3.0,351.0,9.3,42.0,Manha,0
2557,2026-03-28 14:10:00,EQ-003,Lucas do Rio Verde,73.3,28.9,19.8,Arenoso,8.0,1577.0,Transporte,3.0,78.0,8.7,58.0,Tarde,0
2558,2026-03-28 14:24:00,EQ-011,Cascavel,39.4,9.7,29.5,Argiloso,7.2,263.0,Plantio,17.0,194.0,9.7,69.0,Noite,0
2559,2026-03-28 14:42:00,EQ-009,Sorriso,46.3,15.1,26.3,Misto,11.4,952.0,Pulverizacao,5.0,104.0,3.2,86.0,Tarde,0
2560,2026-03-28 14:47:00,EQ-032,Rio Verde,50.7,16.5,34.2,Misto,8.9,1476.0,Plantio,1.0,122.0,8.8,99.0,Tarde,1
2561,2026-03-28 15:04:00,EQ-028,Rio Verde,71.1,9.9,36.0,Argiloso,3.1,814.0,Pulverizacao,10.0,51.0,4.1,60.0,Noite,0
2562,2026-03-28 15:08:00,EQ-011,Cascavel,84.0,11.4,32.2,Argiloso,2.6,262.0,Plantio,17.0,131.0,6.1,103.0,Tarde,1
2563,2026-03-28 15:11:00,EQ-032,Nao-Me-Toque,73.5,18.5,37.7,Encharcado,1.6,1556.0,Pulverizacao,25.0,111.0,8.0,115.0,Manha,0
2564,2026-03-28 15:27:00,EQ-019,Lucas do Rio Verde,51.2,11.9,23.5,Encharcado,7.5,366.0,Pulverizacao,7.0,276.0,6.0,73.0,Manha,0
2565,2026-03-28 15:58:00,EQ-037,Rio Verde,42.4,25.0,23.4,Encharcado,1.8,1561.0,Colheita,15.0,400.0,4.2,54.0,Tarde,0
2566,2026-03-28 16:04:00,EQ-011,Nao-Me-Toque,57.0,15.4,31.6,Argiloso,10.7,337.0,Pulverizacao,8.0,205.0,6.9,58.0,Noite,0
2567,2026-03-28 16:08:00,EQ-008,Cascavel,36.3,20.1,16.0,Argiloso,8.0,661.0,Plantio,9.0,600.0,10.9,81.0,Tarde,0
2568,2026-03-28 17:02:00,EQ-025,Nao-Me-Toque,20.3,16.5,17.8,Misto,36.6,655.0,Plantio,1.0,94.0,9.0,81.0,Tarde,0
2569,2026-03-28 17:19:00,EQ-008,Lucas do Rio Verde,21.5,59.4,21.6,Argiloso,3.9,604.0,Plantio,6.0,121.0,10.0,66.0,Manha,0
2570,2026-03-28 17:21:00,EQ-010,Cascavel,42.6,18.9,35.7,Argiloso,2.2,287.0,Pulverizacao,1.0,148.0,8.5,85.0,Tarde,0
2571,2026-03-28 18:07:00,EQ-006,Barreiras,53.0,22.1,27.6,Encharcado,11.2,1240.0,Pulverizacao,6.0,173.0,6.4,55.0,Manha,0
2572,2026-03-28 18:11:00,EQ-008,Lucas do Rio Verde,84.1,16.7,22.3,Arenoso,12.6,931.0,Colheita,8.0,42.0,7.5,94.0,Tarde,0
2573,2026-03-28 18:47:00,EQ-001,Rio Verde,80.6,52.9,17.4,Misto,10.1,719.0,Plantio,7.0,188.0,7.4,90.0,Tarde,1
2574,2026-03-28 19:03:00,EQ-031,Barreiras,63.9,28.4,14.9,Arenoso,18.6,512.0,Colheita,4.0,80.0,5.9,78.0,Manha,1
2575,2026-03-28 19:28:00,EQ-012,Barreiras,70.0,48.0,27.2,Encharcado,2.9,29.0,Pulverizacao,18.0,248.0,8.0,78.0,Tarde,1
2576,2026-03-28 20:01:00,EQ-035,Barreiras,47.8,5.9,27.4,Arenoso,2.9,2000.0,Plantio,7.0,103.0,11.9,65.0,Manha,0
2577,2026-03-28 20:09:00,EQ-015,Barreiras,31.5,36.3,28.9,Encharcado,15.0,643.0,Colheita,12.0,38.0,0.0,80.0,Tarde,0
2578,2026-03-28 20:22:00,EQ-040,Cascavel,27.5,1.2,17.6,Arenoso,20.1,247.0,Plantio,4.0,88.0,8.4,66.0,Manha,0
2579,2026-03-28 20:26:00,EQ-022,Cascavel,35.6,59.7,27.1,Misto,4.7,352.0,Pulverizacao,2.0,188.0,5.5,96.0,Manha,0
2580,2026-03-28 21:15:00,EQ-014,Sorriso,55.8,59.2,25.6,Misto,16.3,584.0,Pulverizacao,7.0,141.0,11.6,40.0,Manha,0
2581,2026-03-28 21:30:00,EQ-009,Barreiras,64.7,19.2,24.8,Misto,10.7,324.0,Plantio,9.0,268.0,7.9,63.0,Manha,1
2582,2026-03-28 21:46:00,EQ-023,Sorriso,20.5,56.3,16.5,Argiloso,11.2,1200.0,Colheita,10.0,450.0,6.6,80.0,Manha,0
2583,2026-03-28 21:47:00,EQ-039,Lucas do Rio Verde,65.4,29.2,30.7,Encharcado,12.4,647.0,Pulverizacao,8.0,548.0,9.6,87.0,Tarde,1
2584,2026-03-28 23:27:00,EQ-033,Rio Verde,52.7,84.3,26.3,Misto,18.6,15.0,Transporte,4.0,120.0,10.8,94.0,Manha,1
2585,2026-03-28 23:34:00,EQ-012,Cascavel,100.0,49.1,28.3,Misto,4.4,697.0,Plantio,1.0,136.0,6.6,78.0,Manha,0
2586,2026-03-28 23:49:00,EQ-023,Nao-Me-Toque,49.0,6.9,28.1,Misto,8.6,63.0,Pulverizacao,24.0,139.0,10.4,90.0,Noite,0
2587,2026-03-28 23:54:00,EQ-028,Sorriso,50.4,54.5,26.9,Argiloso,11.9,226.0,Colheita,25.0,204.0,6.9,54.0,Noite,1
2588,2026-03-29 00:04:00,EQ-007,Nao-Me-Toque,44.2,55.3,22.5,Misto,1.6,861.0,Transporte,17.0,349.0,7.8,74.0,Manha,0
2589,2026-03-29 00:04:00,EQ-018,Sorriso,60.9,27.4,35.9,Misto,4.8,1228.0,Plantio,14.0,292.0,8.1,95.0,Manha,0
2590,2026-03-29 00:15:00,EQ-025,Sorriso,44.2,28.9,19.1,Arenoso,9.1,214.0,Colheita,3.0,451.0,14.0,49.0,Manha,0
2591,2026-03-29 00:15:00,EQ-020,Lucas do Rio Verde,62.4,100.8,25.4,Misto,28.8,1356.0,Plantio,19.0,130.0,5.2,78.0,Manha,0
2592,2026-03-29 00:20:00,EQ-029,Lucas do Rio Verde,5.0,44.2,34.8,Argiloso,31.3,2000.0,Plantio,2.0,263.0,10.3,88.0,Tarde,0
2593,2026-03-29 00:20:00,EQ-002,Rio Verde,94.5,21.6,20.5,Arenoso,7.4,215.0,Colheita,0.0,54.0,1.2,95.0,Manha,0
2594,2026-03-29 00:47:00,EQ-019,Sorriso,76.2,81.1,30.0,Arenoso,10.1,499.0,Colheita,6.0,229.0,3.6,61.0,Manha,1
2595,2026-03-29 01:15:00,EQ-015,Lucas do Rio Verde,65.6,60.8,31.9,Misto,21.3,393.0,Transporte,8.0,193.0,9.6,108.0,Tarde,1
2596,2026-03-29 01:45:00,EQ-029,Cascavel,48.0,27.8,36.8,Argiloso,43.8,821.0,Plantio,4.0,116.0,5.4,91.0,Tarde,1
2597,2026-03-29 01:50:00,EQ-001,Lucas do Rio Verde,44.1,65.5,23.6,Arenoso,11.8,613.0,Transporte,4.0,106.0,8.1,83.0,Manha,0
2598,2026-03-29 01:54:00,EQ-031,Rio Verde,20.3,11.0,21.9,Misto,4.1,741.0,Plantio,5.0,74.0,8.5,76.0,Manha,0
2599,2026-03-29 01:55:00,EQ-037,Sorriso,87.0,98.5,28.4,Arenoso,3.1,683.0,Transporte,1.0,63.0,12.4,83.0,Manha,0
2600,2026-03-29 02:00:00,EQ-013,Lucas do Rio Verde,13.0,8.3,17.3,Misto,19.4,479.0,Pulverizacao,10.0,19.0,8.5,94.0,Tarde,0
2601,2026-03-29 02:03:00,EQ-012,Rio Verde,41.8,27.5,22.9,Misto,7.0,98.0,Plantio,7.0,101.0,5.6,70.0,Tarde,0
2602,2026-03-29 02:13:00,EQ-023,Rio Verde,49.8,76.2,27.5,Misto,3.9,562.0,Transporte,3.0,337.0,7.7,96.0,Tarde,0
2603,2026-03-29 02:31:00,EQ-014,Nao-Me-Toque,65.0,13.7,25.7,Arenoso,28.3,549.0,Plantio,18.0,352.0,4.3,65.0,Noite,0
2604,2026-03-29 02:51:00,EQ-003,Nao-Me-Toque,42.1,84.8,26.3,Argiloso,12.1,13.0,Colheita,1.0,124.0,8.3,78.0,Manha,1
2605,2026-03-29 03:40:00,EQ-031,Nao-Me-Toque,47.6,28.6,35.8,Arenoso,8.0,634.0,Plantio,13.0,88.0,0.8,41.0,Tarde,0
2606,2026-03-29 03:53:00,EQ-039,Rio Verde,64.1,79.5,38.1,Argiloso,34.1,151.0,Plantio,8.0,89.0,8.4,86.0,Manha,1
2607,2026-03-29 04:06:00,EQ-028,Barreiras,42.4,41.3,36.9,Argiloso,14.3,380.0,Colheita,4.0,383.0,8.5,82.0,Manha,1
2608,2026-03-29 04:29:00,EQ-027,Rio Verde,70.4,5.2,26.6,Arenoso,26.6,279.0,Colheita,1.0,145.0,6.2,93.0,Manha,1
2609,2026-03-29 04:30:00,EQ-024,Sorriso,55.4,139.5,28.2,Arenoso,1.2,1690.0,Plantio,9.0,600.0,4.7,88.0,Manha,0
2610,2026-03-29 05:07:00,EQ-032,Cascavel,66.5,33.5,29.3,Arenoso,10.6,1127.0,Plantio,9.0,132.0,10.5,82.0,Manha,0
2611,2026-03-29 05:23:00,EQ-008,Cascavel,59.9,36.0,25.3,Arenoso,4.3,959.0,Colheita,3.0,66.0,10.0,75.0,Tarde,0
2612,2026-03-29 05:23:00,EQ-004,Nao-Me-Toque,65.7,30.2,19.8,Arenoso,8.1,533.0,Plantio,11.0,18.0,6.5,71.0,Tarde,0
2613,2026-03-29 05:36:00,EQ-036,Rio Verde,36.7,56.3,28.3,Arenoso,3.6,752.0,Colheita,5.0,125.0,7.8,120.0,Manha,1
2614,2026-03-29 06:15:00,EQ-032,Barreiras,52.7,98.1,33.9,Misto,10.0,474.0,Plantio,13.0,114.0,5.5,50.0,Tarde,0
2615,2026-03-29 06:21:00,EQ-013,Cascavel,46.6,17.1,33.1,Encharcado,25.9,386.0,Colheita,2.0,143.0,14.8,86.0,Tarde,1
2616,2026-03-29 06:37:00,EQ-026,Lucas do Rio Verde,69.7,18.4,21.8,Argiloso,17.2,405.0,Pulverizacao,20.0,207.0,9.2,62.0,Tarde,1
2617,2026-03-29 06:43:00,EQ-034,Rio Verde,59.9,9.3,18.3,Arenoso,33.4,584.0,Plantio,10.0,95.0,7.1,62.0,Tarde,0
2618,2026-03-29 07:12:00,EQ-038,Sorriso,48.3,26.9,30.9,Misto,4.7,2000.0,Colheita,6.0,127.0,11.4,93.0,Manha,0
2619,2026-03-29 07:19:00,EQ-007,Barreiras,64.1,5.6,22.4,Misto,11.0,1843.0,Pulverizacao,2.0,165.0,9.0,61.0,Tarde,0
2620,2026-03-29 07:46:00,EQ-007,Sorriso,25.4,21.6,26.2,Encharcado,1.3,1179.0,Plantio,9.0,307.0,3.2,68.0,Manha,0
2621,2026-03-29 08:01:00,EQ-002,Cascavel,5.0,36.1,30.2,Encharcado,6.4,538.0,Colheita,2.0,203.0,6.9,60.0,Manha,0
2622,2026-03-29 08:08:00,EQ-027,Nao-Me-Toque,69.3,64.9,23.9,Argiloso,3.2,363.0,Plantio,4.0,106.0,10.2,87.0,Tarde,0
2623,2026-03-29 08:08:00,EQ-011,Lucas do Rio Verde,45.2,62.2,32.9,Arenoso,10.0,1146.0,Colheita,14.0,129.0,6.6,80.0,Manha,0
2624,2026-03-29 08:26:00,EQ-003,Rio Verde,66.4,48.3,34.7,Arenoso,7.4,130.0,Plantio,4.0,109.0,5.4,90.0,Manha,1
2625,2026-03-29 09:28:00,EQ-035,Barreiras,44.7,11.5,34.5,Misto,11.4,174.0,Transporte,7.0,148.0,6.7,91.0,Noite,0
2626,2026-03-29 09:46:00,EQ-034,Lucas do Rio Verde,5.0,31.7,21.5,Misto,24.0,765.0,Pulverizacao,3.0,546.0,7.7,65.0,Noite,0
2627,2026-03-29 10:00:00,EQ-033,Barreiras,66.4,42.4,28.4,Misto,5.7,1141.0,Plantio,1.0,86.0,8.7,78.0,Manha,0
2628,2026-03-29 10:35:00,EQ-023,Lucas do Rio Verde,62.0,46.4,21.3,Arenoso,18.2,431.0,Pulverizacao,3.0,18.0,8.2,112.0,Manha,0
2629,2026-03-29 10:35:00,EQ-037,Nao-Me-Toque,19.5,30.9,23.5,Arenoso,5.5,78.0,Plantio,14.0,181.0,2.6,89.0,Manha,0
2630,2026-03-29 11:03:00,EQ-007,Barreiras,68.4,14.5,24.2,Arenoso,7.4,536.0,Pulverizacao,3.0,86.0,9.8,79.0,Tarde,0
2631,2026-03-29 11:25:00,EQ-031,Nao-Me-Toque,47.3,23.5,18.3,Argiloso,1.4,57.0,Transporte,7.0,194.0,6.9,95.0,Manha,0
2632,2026-03-29 11:31:00,EQ-040,Nao-Me-Toque,36.9,22.8,24.5,Encharcado,9.9,923.0,Transporte,10.0,64.0,8.5,83.0,Manha,0
2633,2026-03-29 11:49:00,EQ-010,Nao-Me-Toque,31.7,78.1,31.8,Arenoso,17.4,709.0,Colheita,15.0,174.0,5.7,58.0,Tarde,0
2634,2026-03-29 12:28:00,EQ-022,Sorriso,67.0,14.2,36.4,Arenoso,14.9,434.0,Colheita,9.0,153.0,9.0,76.0,Manha,0
2635,2026-03-29 12:39:00,EQ-026,Sorriso,89.1,16.4,26.4,Misto,6.8,1101.0,Plantio,1.0,222.0,5.3,71.0,Noite,0
2636,2026-03-29 12:41:00,EQ-007,Rio Verde,58.0,59.0,25.4,Arenoso,3.2,785.0,Pulverizacao,14.0,107.0,9.2,71.0,Manha,0
2637,2026-03-29 12:47:00,EQ-019,Rio Verde,49.3,38.8,23.3,Arenoso,9.3,146.0,Plantio,11.0,117.0,6.3,76.0,Manha,0
2638,2026-03-29 12:49:00,EQ-038,Rio Verde,48.1,13.6,13.1,Arenoso,13.2,1042.0,Colheita,4.0,489.0,5.7,82.0,Manha,0
2639,2026-03-29 12:57:00,EQ-001,Nao-Me-Toque,32.5,20.1,25.9,Encharcado,4.9,313.0,Colheita,14.0,325.0,3.8,75.0,Manha,0
2640,2026-03-29 13:10:00,EQ-034,Sorriso,82.3,43.7,30.4,Argiloso,3.7,633.0,Plantio,7.0,102.0,5.4,75.0,Manha,0
2641,2026-03-29 13:14:00,EQ-005,Lucas do Rio Verde,57.3,5.7,19.1,Encharcado,2.3,492.0,Pulverizacao,8.0,326.0,11.8,66.0,Tarde,0
2642,2026-03-29 13:50:00,EQ-035,Cascavel,69.3,86.5,24.5,Argiloso,6.4,620.0,Plantio,9.0,20.0,9.5,63.0,Tarde,1
2643,2026-03-29 13:58:00,EQ-036,Rio Verde,43.8,37.4,23.2,Argiloso,4.4,120.0,Transporte,11.0,110.0,4.6,97.0,Noite,0
2644,2026-03-29 13:59:00,EQ-009,Lucas do Rio Verde,30.7,44.6,19.3,Arenoso,19.6,957.0,Colheita,1.0,22.0,7.4,59.0,Tarde,0
2645,2026-03-29 14:08:00,EQ-004,Rio Verde,76.1,21.4,26.1,Encharcado,20.5,397.0,Colheita,8.0,54.0,6.1,75.0,Tarde,1
2646,2026-03-29 14:37:00,EQ-035,Sorriso,49.7,9.2,27.2,Arenoso,23.0,1307.0,Plantio,6.0,107.0,9.3,46.0,Noite,0
2647,2026-03-29 14:45:00,EQ-028,Lucas do Rio Verde,70.6,13.1,27.5,Arenoso,8.0,325.0,Pulverizacao,15.0,238.0,7.2,88.0,Tarde,1
2648,2026-03-29 15:15:00,EQ-021,Sorriso,60.0,34.3,26.9,Argiloso,15.0,727.0,Plantio,3.0,416.0,5.8,78.0,Manha,0
2649,2026-03-29 15:54:00,EQ-039,Nao-Me-Toque,72.6,26.7,31.2,Misto,7.6,693.0,Transporte,9.0,242.0,8.3,65.0,Manha,0
2650,2026-03-29 16:05:00,EQ-007,Lucas do Rio Verde,62.2,14.4,29.4,Argiloso,4.9,613.0,Pulverizacao,3.0,289.0,8.6,81.0,Tarde,0
2651,2026-03-29 16:09:00,EQ-008,Cascavel,65.2,7.1,39.8,Argiloso,2.9,483.0,Pulverizacao,25.0,122.0,8.8,83.0,Manha,0
2652,2026-03-29 16:35:00,EQ-026,Lucas do Rio Verde,33.6,29.0,32.6,Argiloso,11.1,978.0,Plantio,8.0,70.0,8.8,102.0,Manha,0
2653,2026-03-29 17:04:00,EQ-039,Rio Verde,45.8,9.5,27.3,Arenoso,9.0,726.0,Colheita,6.0,106.0,3.8,86.0,Noite,0
2654,2026-03-29 17:28:00,EQ-035,Barreiras,31.4,76.9,29.3,Arenoso,29.2,943.0,Plantio,12.0,28.0,11.1,82.0,Noite,0
2655,2026-03-29 17:52:00,EQ-035,Sorriso,37.5,47.5,26.5,Argiloso,9.0,807.0,Transporte,20.0,214.0,10.5,68.0,Manha,1
2656,2026-03-29 18:00:00,EQ-017,Cascavel,80.4,6.8,27.8,Arenoso,7.3,870.0,Colheita,23.0,32.0,9.3,113.0,Noite,0
2657,2026-03-29 18:20:00,EQ-037,Nao-Me-Toque,32.8,2.4,23.1,Arenoso,7.9,684.0,Plantio,3.0,148.0,5.0,97.0,Noite,0
2658,2026-03-29 18:34:00,EQ-036,Rio Verde,8.3,29.6,27.0,Misto,15.3,338.0,Plantio,2.0,53.0,6.3,71.0,Manha,0
2659,2026-03-29 18:58:00,EQ-030,Sorriso,9.2,79.8,39.7,Encharcado,6.5,1374.0,Colheita,6.0,33.0,7.2,78.0,Manha,1
2660,2026-03-29 19:09:00,EQ-010,Barreiras,38.9,30.5,24.2,Argiloso,8.3,409.0,Pulverizacao,13.0,109.0,8.6,53.0,Manha,0
2661,2026-03-29 19:33:00,EQ-034,Sorriso,25.7,48.2,31.3,Arenoso,12.7,289.0,Colheita,3.0,22.0,7.7,98.0,Manha,0
2662,2026-03-29 19:42:00,EQ-012,Cascavel,23.5,15.4,28.6,Argiloso,5.3,1421.0,Pulverizacao,6.0,69.0,11.1,78.0,Noite,0
2663,2026-03-29 20:22:00,EQ-025,Sorriso,54.4,10.9,23.0,Arenoso,12.7,1229.0,Colheita,15.0,166.0,5.5,54.0,Manha,0
2664,2026-03-29 20:31:00,EQ-012,Nao-Me-Toque,56.7,21.4,36.0,Arenoso,14.1,475.0,Transporte,8.0,257.0,7.8,69.0,Manha,0
2665,2026-03-29 20:34:00,EQ-004,Lucas do Rio Verde,56.7,16.9,24.9,Misto,3.8,378.0,Pulverizacao,3.0,37.0,10.2,87.0,Tarde,0
2666,2026-03-29 21:19:00,EQ-020,Nao-Me-Toque,63.9,39.1,12.0,Misto,13.2,679.0,Transporte,4.0,321.0,7.6,73.0,Tarde,0
2667,2026-03-29 22:32:00,EQ-038,Sorriso,54.8,69.6,13.9,Misto,4.1,100.0,Transporte,4.0,50.0,7.3,77.0,Manha,0
2668,2026-03-30 00:49:00,EQ-031,Rio Verde,50.0,14.8,39.2,Misto,0.9,894.0,Colheita,6.0,85.0,1.2,74.0,Tarde,0
2669,2026-03-30 01:40:00,EQ-033,Barreiras,60.4,78.7,24.6,Misto,4.0,353.0,Colheita,6.0,224.0,8.7,80.0,Tarde,1
2670,2026-03-30 01:50:00,EQ-025,Sorriso,79.2,21.9,29.4,Argiloso,7.4,971.0,Transporte,11.0,140.0,7.7,67.0,Tarde,0
2671,2026-03-30 02:15:00,EQ-019,Cascavel,59.7,3.9,35.5,Encharcado,3.9,578.0,Pulverizacao,20.0,96.0,7.0,62.0,Manha,0
2672,2026-03-30 02:16:00,EQ-029,Rio Verde,62.8,11.8,22.2,Arenoso,15.2,49.0,Colheita,4.0,296.0,6.5,40.0,Manha,1
2673,2026-03-30 03:24:00,EQ-024,Rio Verde,5.0,76.8,34.8,Misto,5.7,1156.0,Pulverizacao,6.0,106.0,7.2,63.0,Tarde,0
2674,2026-03-30 03:41:00,EQ-030,Sorriso,73.6,51.3,20.6,Misto,11.2,126.0,Transporte,4.0,278.0,6.0,90.0,Manha,0
2675,2026-03-30 03:51:00,EQ-036,Lucas do Rio Verde,41.2,53.9,11.8,Encharcado,24.7,181.0,Transporte,16.0,74.0,8.1,85.0,Tarde,1
2676,2026-03-30 04:04:00,EQ-023,Sorriso,65.8,28.5,30.0,Argiloso,10.7,447.0,Plantio,11.0,68.0,9.0,84.0,Noite,1
2677,2026-03-30 04:15:00,EQ-025,Barreiras,36.2,31.1,26.8,Arenoso,9.9,70.0,Colheita,7.0,339.0,6.4,100.0,Manha,0
2678,2026-03-30 04:51:00,EQ-004,Barreiras,31.8,56.2,26.7,Argiloso,7.1,202.0,Plantio,3.0,180.0,9.4,49.0,Tarde,0
2679,2026-03-30 05:40:00,EQ-040,Nao-Me-Toque,39.1,17.4,16.1,Misto,14.9,744.0,Colheita,5.0,27.0,5.0,79.0,Manha,0
2680,2026-03-30 05:44:00,EQ-017,Cascavel,77.5,5.5,17.7,Misto,1.8,335.0,Transporte,21.0,172.0,7.3,98.0,Manha,1
2681,2026-03-30 06:05:00,EQ-039,Nao-Me-Toque,59.1,14.5,21.9,Misto,6.0,216.0,Pulverizacao,6.0,25.0,3.8,66.0,Manha,1
2682,2026-03-30 06:46:00,EQ-009,Cascavel,34.9,36.1,28.7,Misto,6.6,789.0,Transporte,3.0,106.0,4.7,84.0,Tarde,0
2683,2026-03-30 07:17:00,EQ-008,Cascavel,86.0,11.7,27.7,Misto,8.9,814.0,Transporte,8.0,99.0,3.1,85.0,Manha,0
2684,2026-03-30 07:23:00,EQ-021,Lucas do Rio Verde,52.8,5.5,31.5,Argiloso,19.3,1278.0,Transporte,7.0,212.0,8.4,104.0,Manha,0
2685,2026-03-30 07:24:00,EQ-010,Lucas do Rio Verde,19.7,24.7,25.5,Misto,13.2,444.0,Transporte,4.0,191.0,12.2,103.0,Manha,0
2686,2026-03-30 07:32:00,EQ-002,Sorriso,60.0,12.6,29.5,Misto,8.4,896.0,Plantio,3.0,324.0,9.3,59.0,Tarde,0
2687,2026-03-30 07:48:00,EQ-017,Rio Verde,56.3,25.8,24.4,Misto,24.1,1126.0,Plantio,10.0,600.0,10.2,99.0,Manha,0
2688,2026-03-30 08:36:00,EQ-007,Rio Verde,63.9,31.0,24.7,Arenoso,2.7,494.0,Pulverizacao,4.0,187.0,11.7,86.0,Manha,0
2689,2026-03-30 08:41:00,EQ-010,Barreiras,60.3,8.9,26.2,Arenoso,11.8,469.0,Plantio,16.0,47.0,6.5,71.0,Manha,0
2690,2026-03-30 09:10:00,EQ-023,Rio Verde,100.0,13.5,31.7,Argiloso,4.6,154.0,Plantio,5.0,130.0,7.9,64.0,Tarde,1
2691,2026-03-30 09:36:00,EQ-032,Barreiras,47.2,12.3,21.9,Arenoso,9.4,385.0,Colheita,9.0,179.0,9.5,66.0,Noite,0
2692,2026-03-30 09:38:00,EQ-019,Sorriso,27.7,36.4,14.0,Argiloso,21.8,135.0,Plantio,4.0,127.0,6.9,107.0,Noite,1
2693,2026-03-30 09:42:00,EQ-034,Rio Verde,38.6,48.7,38.2,Misto,7.9,663.0,Plantio,9.0,215.0,9.0,70.0,Noite,1
2694,2026-03-30 10:25:00,EQ-029,Lucas do Rio Verde,64.4,35.4,21.0,Argiloso,6.3,752.0,Pulverizacao,3.0,105.0,8.9,103.0,Manha,0
2695,2026-03-30 10:30:00,EQ-004,Cascavel,95.6,50.9,28.7,Encharcado,17.9,629.0,Plantio,9.0,257.0,5.0,93.0,Tarde,0
2696,2026-03-30 11:03:00,EQ-028,Sorriso,68.8,50.6,25.9,Arenoso,7.3,459.0,Pulverizacao,4.0,272.0,2.7,90.0,Tarde,0
2697,2026-03-30 11:03:00,EQ-009,Nao-Me-Toque,57.5,18.5,32.6,Misto,16.6,157.0,Plantio,4.0,216.0,12.4,80.0,Manha,0
2698,2026-03-30 11:09:00,EQ-017,Sorriso,70.4,27.7,29.3,Argiloso,9.9,313.0,Transporte,23.0,83.0,6.6,80.0,Manha,1
2699,2026-03-30 11:19:00,EQ-004,Lucas do Rio Verde,72.4,25.5,25.5,Misto,6.3,787.0,Colheita,2.0,81.0,10.3,99.0,Manha,0
2700,2026-03-30 11:54:00,EQ-003,Cascavel,74.8,63.7,22.2,Arenoso,4.2,241.0,Plantio,13.0,600.0,5.6,94.0,Manha,1
2701,2026-03-30 13:15:00,EQ-020,Cascavel,62.3,27.4,31.6,Argiloso,12.6,847.0,Colheita,3.0,106.0,11.1,85.0,Tarde,0
2702,2026-03-30 14:07:00,EQ-019,Nao-Me-Toque,25.5,21.2,21.7,Misto,18.4,938.0,Pulverizacao,3.0,202.0,7.4,97.0,Tarde,0
2703,2026-03-30 14:17:00,EQ-022,Lucas do Rio Verde,68.6,59.4,32.4,Encharcado,6.1,1540.0,Pulverizacao,3.0,197.0,10.1,89.0,Tarde,0
2704,2026-03-30 14:36:00,EQ-017,Lucas do Rio Verde,55.3,49.9,28.9,Encharcado,10.5,446.0,Plantio,8.0,135.0,8.5,65.0,Noite,0
2705,2026-03-30 15:08:00,EQ-004,Barreiras,71.3,14.8,30.2,Argiloso,2.7,755.0,Pulverizacao,5.0,218.0,13.2,117.0,Tarde,0
2706,2026-03-30 15:24:00,EQ-005,Lucas do Rio Verde,66.5,26.2,31.0,Misto,15.3,707.0,Pulverizacao,6.0,140.0,11.9,65.0,Manha,0
2707,2026-03-30 16:09:00,EQ-034,Barreiras,69.3,42.2,29.4,Misto,2.5,460.0,Plantio,4.0,121.0,4.3,63.0,Tarde,0
2708,2026-03-30 16:48:00,EQ-013,Rio Verde,62.7,95.0,29.8,Arenoso,9.7,401.0,Plantio,9.0,223.0,9.5,86.0,Tarde,1
2709,2026-03-30 16:49:00,EQ-013,Cascavel,75.3,26.0,39.3,Encharcado,19.2,1057.0,Plantio,6.0,238.0,13.7,71.0,Tarde,0
2710,2026-03-30 17:07:00,EQ-021,Nao-Me-Toque,43.4,21.3,27.2,Misto,8.3,1159.0,Colheita,7.0,492.0,8.7,40.0,Manha,0
2711,2026-03-30 17:25:00,EQ-015,Barreiras,52.8,36.8,34.4,Arenoso,2.0,469.0,Pulverizacao,3.0,73.0,9.7,40.0,Manha,0
2712,2026-03-30 17:41:00,EQ-025,Rio Verde,49.7,45.0,32.9,Arenoso,3.3,387.0,Transporte,8.0,55.0,7.5,77.0,Noite,0
2713,2026-03-30 18:15:00,EQ-026,Sorriso,37.9,38.4,37.4,Arenoso,1.0,353.0,Pulverizacao,10.0,352.0,11.0,107.0,Manha,1
2714,2026-03-30 18:18:00,EQ-015,Sorriso,88.8,27.8,18.9,Arenoso,13.7,143.0,Colheita,8.0,399.0,10.5,98.0,Noite,1
2715,2026-03-30 18:28:00,EQ-027,Nao-Me-Toque,64.6,21.5,33.0,Misto,31.2,603.0,Plantio,6.0,265.0,8.9,68.0,Manha,0
2716,2026-03-30 19:04:00,EQ-010,Lucas do Rio Verde,55.6,19.6,22.9,Arenoso,24.8,646.0,Pulverizacao,24.0,107.0,1.1,89.0,Tarde,0
2717,2026-03-30 19:05:00,EQ-012,Barreiras,44.0,15.1,26.9,Argiloso,0.7,806.0,Colheita,2.0,206.0,8.8,83.0,Manha,0
2718,2026-03-30 19:36:00,EQ-023,Cascavel,5.0,18.5,32.3,Arenoso,9.7,178.0,Pulverizacao,8.0,206.0,9.0,59.0,Manha,0
2719,2026-03-30 19:36:00,EQ-031,Barreiras,82.6,19.2,20.5,Argiloso,18.6,614.0,Colheita,9.0,99.0,3.1,103.0,Manha,0
2720,2026-03-30 19:38:00,EQ-026,Nao-Me-Toque,54.5,41.0,29.0,Misto,13.4,164.0,Plantio,15.0,162.0,5.4,71.0,Tarde,1
2721,2026-03-30 19:59:00,EQ-009,Sorriso,64.4,38.8,32.4,Arenoso,5.0,488.0,Pulverizacao,11.0,249.0,12.5,67.0,Noite,0
2722,2026-03-30 20:03:00,EQ-030,Rio Verde,28.3,43.9,18.0,Misto,12.2,396.0,Plantio,4.0,55.0,9.3,56.0,Manha,0
2723,2026-03-30 20:34:00,EQ-012,Barreiras,22.0,25.8,34.1,Argiloso,9.5,987.0,Pulverizacao,10.0,108.0,2.3,83.0,Manha,0
2724,2026-03-30 21:05:00,EQ-019,Barreiras,5.4,18.4,37.1,Misto,23.8,1930.0,Colheita,1.0,298.0,4.6,53.0,Manha,0
2725,2026-03-30 21:27:00,EQ-003,Sorriso,23.0,100.6,20.3,Argiloso,26.1,695.0,Plantio,17.0,99.0,10.6,94.0,Tarde,0
2726,2026-03-30 21:48:00,EQ-014,Rio Verde,58.7,54.9,29.2,Encharcado,11.7,842.0,Transporte,7.0,177.0,10.8,57.0,Manha,0
2727,2026-03-30 22:12:00,EQ-030,Cascavel,71.5,9.0,35.4,Argiloso,8.4,956.0,Transporte,7.0,258.0,5.3,78.0,Tarde,0
2728,2026-03-30 22:22:00,EQ-032,Rio Verde,78.2,32.3,22.3,Encharcado,5.9,752.0,Colheita,5.0,72.0,6.3,93.0,Noite,1
2729,2026-03-30 22:43:00,EQ-021,Barreiras,78.7,12.2,25.0,Misto,26.1,631.0,Colheita,4.0,339.0,3.4,106.0,Manha,0
2730,2026-03-30 22:50:00,EQ-011,Sorriso,50.1,50.2,20.4,Misto,7.2,413.0,Colheita,6.0,366.0,3.3,92.0,Tarde,1
2731,2026-03-31 00:47:00,EQ-002,Nao-Me-Toque,20.2,21.8,31.3,Misto,8.5,1035.0,Plantio,9.0,174.0,10.5,77.0,Manha,0
2732,2026-03-31 01:50:00,EQ-005,Rio Verde,42.2,14.9,26.3,Misto,12.8,62.0,Pulverizacao,3.0,97.0,5.6,77.0,Manha,1
2733,2026-03-31 01:51:00,EQ-012,Nao-Me-Toque,61.3,24.9,22.0,Arenoso,2.9,1139.0,Plantio,8.0,313.0,8.1,80.0,Tarde,0
2734,2026-03-31 02:32:00,EQ-038,Cascavel,5.0,26.8,24.7,Misto,40.6,412.0,Transporte,9.0,129.0,4.7,58.0,Manha,0
2735,2026-03-31 02:57:00,EQ-039,Rio Verde,78.8,21.6,24.4,Misto,15.3,1011.0,Colheita,7.0,390.0,10.5,63.0,Tarde,0
2736,2026-03-31 03:10:00,EQ-010,Barreiras,53.4,20.5,20.8,Argiloso,6.3,145.0,Colheita,23.0,299.0,9.5,85.0,Tarde,1
2737,2026-03-31 03:19:00,EQ-024,Rio Verde,63.3,45.1,24.3,Encharcado,6.6,994.0,Pulverizacao,21.0,388.0,13.7,93.0,Tarde,1
2738,2026-03-31 03:23:00,EQ-021,Rio Verde,65.0,11.5,34.5,Encharcado,7.0,533.0,Transporte,3.0,117.0,8.8,66.0,Tarde,1
2739,2026-03-31 03:24:00,EQ-014,Lucas do Rio Verde,53.0,41.0,37.3,Encharcado,19.1,1062.0,Plantio,7.0,26.0,6.8,92.0,Tarde,0
2740,2026-03-31 04:37:00,EQ-035,Nao-Me-Toque,82.7,11.1,27.8,Arenoso,6.4,2000.0,Plantio,14.0,255.0,7.6,62.0,Manha,0
2741,2026-03-31 04:37:00,EQ-033,Nao-Me-Toque,59.6,70.3,22.0,Encharcado,2.9,192.0,Colheita,11.0,167.0,9.8,67.0,Manha,1
2742,2026-03-31 04:38:00,EQ-008,Lucas do Rio Verde,30.8,47.9,22.2,Encharcado,6.9,631.0,Colheita,9.0,165.0,9.9,44.0,Manha,0
2743,2026-03-31 04:44:00,EQ-037,Barreiras,60.9,10.6,28.6,Arenoso,14.2,750.0,Pulverizacao,2.0,101.0,4.5,85.0,Noite,0
2744,2026-03-31 04:51:00,EQ-027,Lucas do Rio Verde,54.0,9.4,28.7,Arenoso,4.3,268.0,Plantio,7.0,168.0,5.8,90.0,Manha,0
2745,2026-03-31 05:13:00,EQ-002,Rio Verde,63.6,19.5,26.8,Misto,26.5,547.0,Pulverizacao,1.0,193.0,9.4,75.0,Tarde,1
2746,2026-03-31 05:18:00,EQ-040,Lucas do Rio Verde,80.5,26.5,21.1,Argiloso,7.4,1839.0,Colheita,9.0,429.0,9.0,69.0,Manha,1
2747,2026-03-31 05:34:00,EQ-007,Rio Verde,76.0,34.6,26.7,Misto,15.1,1480.0,Transporte,10.0,262.0,3.9,88.0,Manha,0
2748,2026-03-31 05:46:00,EQ-021,Lucas do Rio Verde,71.5,115.0,26.4,Arenoso,7.6,820.0,Transporte,19.0,343.0,2.7,70.0,Tarde,0
2749,2026-03-31 06:16:00,EQ-006,Nao-Me-Toque,100.0,17.1,24.9,Encharcado,4.9,1233.0,Pulverizacao,4.0,170.0,10.0,77.0,Manha,0
2750,2026-03-31 06:25:00,EQ-010,Cascavel,20.7,22.4,28.0,Encharcado,10.3,509.0,Colheita,6.0,30.0,5.1,67.0,Tarde,0
2751,2026-03-31 06:41:00,EQ-026,Sorriso,13.7,23.1,15.5,Arenoso,4.2,619.0,Pulverizacao,8.0,108.0,9.9,66.0,Tarde,0
2752,2026-03-31 07:33:00,EQ-010,Sorriso,67.3,29.5,24.4,Arenoso,8.2,1479.0,Colheita,4.0,258.0,6.8,86.0,Manha,0
2753,2026-03-31 08:04:00,EQ-014,Barreiras,100.0,27.2,39.9,Argiloso,5.3,434.0,Pulverizacao,8.0,70.0,5.9,68.0,Manha,1
2754,2026-03-31 08:09:00,EQ-007,Barreiras,75.8,39.8,28.2,Misto,24.9,760.0,Plantio,4.0,32.0,5.4,99.0,Tarde,0
2755,2026-03-31 08:36:00,EQ-032,Barreiras,67.6,18.4,35.8,Misto,5.0,1197.0,Plantio,13.0,160.0,6.0,120.0,Manha,0
2756,2026-03-31 08:45:00,EQ-015,Nao-Me-Toque,26.0,46.6,22.7,Argiloso,10.7,234.0,Plantio,5.0,26.0,13.4,110.0,Manha,1
2757,2026-03-31 08:51:00,EQ-033,Sorriso,52.3,39.9,26.6,Encharcado,26.8,1981.0,Transporte,7.0,44.0,13.7,96.0,Noite,0
2758,2026-03-31 08:53:00,EQ-023,Nao-Me-Toque,57.0,1.9,27.9,Encharcado,6.4,483.0,Pulverizacao,9.0,76.0,11.1,76.0,Manha,0
2759,2026-03-31 09:03:00,EQ-002,Nao-Me-Toque,82.9,65.1,17.2,Argiloso,9.2,1103.0,Pulverizacao,10.0,524.0,3.4,57.0,Tarde,0
2760,2026-03-31 09:26:00,EQ-012,Lucas do Rio Verde,51.2,32.8,23.6,Misto,4.8,1048.0,Plantio,4.0,184.0,13.7,89.0,Manha,0
2761,2026-03-31 09:48:00,EQ-024,Cascavel,51.0,19.4,24.5,Arenoso,8.9,1594.0,Colheita,7.0,137.0,6.6,93.0,Tarde,0
2762,2026-03-31 10:06:00,EQ-020,Barreiras,66.0,7.6,39.8,Misto,24.5,822.0,Colheita,1.0,90.0,4.9,83.0,Tarde,0
2763,2026-03-31 10:21:00,EQ-037,Barreiras,72.3,67.5,25.1,Arenoso,7.0,112.0,Plantio,6.0,189.0,7.5,84.0,Tarde,1
2764,2026-03-31 10:49:00,EQ-030,Cascavel,61.5,11.2,29.9,Arenoso,7.6,877.0,Plantio,3.0,116.0,5.8,101.0,Manha,0
2765,2026-03-31 11:17:00,EQ-034,Rio Verde,51.3,1.3,28.9,Argiloso,10.4,678.0,Plantio,18.0,85.0,10.7,66.0,Tarde,1
2766,2026-03-31 11:19:00,EQ-022,Nao-Me-Toque,16.3,65.5,18.4,Arenoso,29.8,576.0,Colheita,6.0,64.0,3.3,78.0,Noite,0
2767,2026-03-31 11:27:00,EQ-028,Nao-Me-Toque,53.9,103.0,31.3,Arenoso,7.9,683.0,Colheita,6.0,84.0,2.9,96.0,Tarde,0
2768,2026-03-31 11:44:00,EQ-022,Nao-Me-Toque,50.4,40.7,39.2,Misto,4.9,932.0,Pulverizacao,1.0,126.0,0.0,78.0,Tarde,0
2769,2026-03-31 12:18:00,EQ-036,Nao-Me-Toque,60.1,12.4,26.7,Arenoso,3.3,183.0,Plantio,8.0,193.0,8.7,79.0,Tarde,0
2770,2026-03-31 12:19:00,EQ-007,Sorriso,42.3,58.5,27.7,Misto,7.7,590.0,Colheita,9.0,108.0,8.3,81.0,Noite,0
2771,2026-03-31 12:55:00,EQ-032,Nao-Me-Toque,28.8,55.3,19.8,Argiloso,23.5,223.0,Colheita,15.0,404.0,8.4,84.0,Manha,0
2772,2026-03-31 12:56:00,EQ-026,Sorriso,64.6,59.6,26.8,Arenoso,6.4,1178.0,Plantio,15.0,109.0,9.9,68.0,Manha,0
2773,2026-03-31 13:03:00,EQ-034,Nao-Me-Toque,68.2,16.1,30.9,Encharcado,4.1,1603.0,Colheita,10.0,379.0,12.8,78.0,Tarde,0
2774,2026-03-31 13:07:00,EQ-010,Rio Verde,40.2,33.9,18.2,Arenoso,3.1,662.0,Transporte,19.0,280.0,8.1,77.0,Tarde,0
2775,2026-03-31 13:11:00,EQ-035,Nao-Me-Toque,8.1,65.3,33.4,Argiloso,8.3,516.0,Colheita,13.0,142.0,5.4,81.0,Manha,0
2776,2026-03-31 13:23:00,EQ-021,Lucas do Rio Verde,62.2,24.3,27.3,Arenoso,2.3,1566.0,Pulverizacao,7.0,420.0,10.7,73.0,Tarde,0
2777,2026-03-31 14:25:00,EQ-011,Barreiras,72.9,25.0,31.6,Arenoso,2.3,1276.0,Colheita,8.0,87.0,10.2,100.0,Tarde,0
2778,2026-03-31 14:56:00,EQ-024,Lucas do Rio Verde,75.8,39.5,21.9,Misto,5.8,907.0,Plantio,4.0,196.0,5.8,67.0,Tarde,0
2779,2026-03-31 15:12:00,EQ-015,Barreiras,54.8,43.1,26.9,Argiloso,11.5,651.0,Plantio,6.0,69.0,14.6,84.0,Tarde,0
2780,2026-03-31 16:05:00,EQ-020,Nao-Me-Toque,83.2,64.7,34.0,Argiloso,10.9,642.0,Colheita,4.0,600.0,4.0,63.0,Manha,1
2781,2026-03-31 16:15:00,EQ-031,Sorriso,60.4,66.1,27.3,Argiloso,9.0,181.0,Pulverizacao,2.0,255.0,11.1,71.0,Manha,0
2782,2026-03-31 16:40:00,EQ-019,Lucas do Rio Verde,74.6,19.1,26.0,Arenoso,5.9,200.0,Pulverizacao,12.0,212.0,7.4,76.0,Noite,1
2783,2026-03-31 16:43:00,EQ-012,Lucas do Rio Verde,86.5,9.9,25.6,Misto,9.6,389.0,Pulverizacao,8.0,47.0,9.5,81.0,Manha,1
2784,2026-03-31 17:06:00,EQ-016,Lucas do Rio Verde,54.8,4.9,20.4,Encharcado,3.5,983.0,Plantio,6.0,74.0,4.6,120.0,Manha,0
2785,2026-03-31 17:57:00,EQ-007,Sorriso,49.1,140.3,20.2,Argiloso,8.2,851.0,Colheita,9.0,244.0,6.1,50.0,Tarde,1
2786,2026-03-31 17:57:00,EQ-036,Cascavel,57.3,45.0,35.3,Argiloso,7.7,978.0,Plantio,5.0,252.0,9.0,107.0,Manha,1
2787,2026-03-31 18:02:00,EQ-039,Sorriso,62.1,17.0,29.3,Encharcado,23.9,968.0,Pulverizacao,8.0,62.0,4.9,78.0,Noite,1
2788,2026-03-31 18:32:00,EQ-001,Cascavel,53.0,26.9,28.1,Argiloso,7.1,621.0,Pulverizacao,8.0,48.0,6.1,115.0,Manha,0
2789,2026-03-31 18:35:00,EQ-012,Barreiras,21.7,39.2,29.2,Misto,13.8,187.0,Colheita,4.0,88.0,5.6,73.0,Manha,0
2790,2026-03-31 18:36:00,EQ-021,Sorriso,75.3,26.7,28.8,Argiloso,3.1,98.0,Transporte,2.0,199.0,5.9,89.0,Noite,1
2791,2026-03-31 18:57:00,EQ-006,Barreiras,23.9,36.5,28.1,Arenoso,6.1,1511.0,Colheita,9.0,88.0,8.2,90.0,Tarde,0
2792,2026-03-31 19:06:00,EQ-004,Sorriso,61.9,30.2,28.4,Arenoso,9.8,1045.0,Colheita,23.0,68.0,9.2,120.0,Manha,0
2793,2026-03-31 19:44:00,EQ-002,Barreiras,61.5,17.6,29.2,Arenoso,4.3,578.0,Colheita,8.0,37.0,9.8,79.0,Tarde,0
2794,2026-03-31 19:47:00,EQ-036,Sorriso,59.8,30.5,26.4,Arenoso,16.5,594.0,Colheita,8.0,146.0,2.7,61.0,Noite,0
2795,2026-03-31 19:52:00,EQ-018,Barreiras,35.5,30.1,26.9,Arenoso,4.5,429.0,Plantio,8.0,137.0,16.0,110.0,Manha,0
2796,2026-03-31 19:54:00,EQ-032,Barreiras,70.3,41.5,28.1,Encharcado,13.2,736.0,Pulverizacao,8.0,76.0,9.4,60.0,Tarde,0
2797,2026-03-31 20:25:00,EQ-034,Nao-Me-Toque,35.3,43.2,25.6,Misto,0.7,86.0,Colheita,2.0,58.0,8.6,91.0,Manha,0
2798,2026-03-31 20:32:00,EQ-009,Lucas do Rio Verde,72.4,3.0,20.5,Argiloso,25.7,354.0,Pulverizacao,25.0,160.0,9.6,88.0,Manha,1
2799,2026-03-31 20:36:00,EQ-018,Rio Verde,38.7,49.8,26.6,Misto,1.5,1236.0,Pulverizacao,15.0,219.0,9.7,76.0,Tarde,0
2800,2026-03-31 21:22:00,EQ-015,Barreiras,77.3,61.9,39.4,Encharcado,19.8,253.0,Colheita,9.0,86.0,12.6,96.0,Manha,1
2801,2026-03-31 21:23:00,EQ-012,Rio Verde,48.1,3.0,29.5,Arenoso,10.1,446.0,Pulverizacao,4.0,82.0,7.4,75.0,Manha,0
2802,2026-03-31 21:36:00,EQ-011,Lucas do Rio Verde,36.9,51.7,38.8,Misto,10.7,383.0,Colheita,4.0,407.0,7.9,83.0,Tarde,0
2803,2026-03-31 22:13:00,EQ-021,Sorriso,77.6,11.2,24.0,Argiloso,6.1,1627.0,Colheita,7.0,110.0,6.6,76.0,Tarde,0
2804,2026-03-31 22:15:00,EQ-032,Cascavel,44.1,35.0,29.7,Arenoso,10.7,727.0,Pulverizacao,3.0,88.0,4.3,94.0,Manha,0
2805,2026-03-31 22:52:00,EQ-035,Rio Verde,57.6,21.4,27.5,Argiloso,12.3,383.0,Pulverizacao,4.0,304.0,10.2,74.0,Manha,0
2806,2026-03-31 23:26:00,EQ-028,Barreiras,47.1,3.7,29.8,Arenoso,9.9,702.0,Colheita,16.0,219.0,8.9,98.0,Manha,0
2807,2026-03-31 23:45:00,EQ-002,Sorriso,42.5,25.9,26.2,Misto,19.0,488.0,Colheita,5.0,128.0,10.8,75.0,Noite,0
2808,2026-03-31 23:46:00,EQ-023,Rio Verde,52.6,65.3,28.2,Argiloso,8.5,1208.0,Colheita,7.0,178.0,8.3,96.0,Tarde,0
2809,2026-04-01 00:01:00,EQ-024,Barreiras,77.0,22.5,33.8,Arenoso,4.1,934.0,Colheita,3.0,366.0,3.4,97.0,Tarde,0
2810,2026-04-01 00:05:00,EQ-021,Cascavel,40.1,13.3,26.7,Misto,9.2,2000.0,Pulverizacao,18.0,84.0,8.3,82.0,Manha,0
2811,2026-04-01 00:09:00,EQ-022,Lucas do Rio Verde,32.8,40.1,29.2,Arenoso,7.1,224.0,Pulverizacao,10.0,118.0,9.2,112.0,Manha,0
2812,2026-04-01 00:58:00,EQ-030,Barreiras,88.5,65.8,27.5,Misto,23.0,2000.0,Plantio,5.0,199.0,7.8,92.0,Manha,0
2813,2026-04-01 01:00:00,EQ-009,Barreiras,64.4,10.4,18.9,Arenoso,3.4,561.0,Colheita,4.0,146.0,6.1,54.0,Tarde,0
2814,2026-04-01 01:16:00,EQ-021,Lucas do Rio Verde,49.3,67.0,30.4,Arenoso,8.1,1127.0,Pulverizacao,11.0,177.0,5.3,78.0,Tarde,0
2815,2026-04-01 01:35:00,EQ-008,Nao-Me-Toque,86.3,40.6,17.4,Misto,8.9,168.0,Plantio,6.0,226.0,5.2,109.0,Manha,1
2816,2026-04-01 01:49:00,EQ-030,Rio Verde,79.1,12.1,36.6,Argiloso,6.5,1090.0,Pulverizacao,9.0,537.0,12.7,87.0,Tarde,0
2817,2026-04-01 02:23:00,EQ-001,Sorriso,86.8,81.3,31.4,Misto,13.9,1994.0,Colheita,9.0,28.0,10.1,66.0,Tarde,0
2818,2026-04-01 02:25:00,EQ-010,Nao-Me-Toque,47.9,23.8,24.0,Misto,3.0,1313.0,Colheita,3.0,600.0,9.5,80.0,Noite,0
2819,2026-04-01 02:46:00,EQ-005,Cascavel,41.3,17.2,25.3,Misto,17.3,51.0,Colheita,4.0,151.0,6.3,77.0,Manha,0
2820,2026-04-01 04:04:00,EQ-026,Cascavel,32.5,36.9,29.4,Misto,10.2,35.0,Colheita,3.0,230.0,0.0,102.0,Tarde,0
2821,2026-04-01 04:33:00,EQ-006,Sorriso,68.8,21.1,27.3,Argiloso,20.9,653.0,Colheita,1.0,359.0,8.8,95.0,Noite,1
2822,2026-04-01 04:51:00,EQ-032,Nao-Me-Toque,58.7,45.6,27.0,Arenoso,6.9,113.0,Transporte,11.0,203.0,5.8,46.0,Manha,0
2823,2026-04-01 04:57:00,EQ-039,Sorriso,33.2,16.0,18.3,Argiloso,5.9,939.0,Colheita,5.0,206.0,9.9,82.0,Noite,0
2824,2026-04-01 05:10:00,EQ-012,Nao-Me-Toque,100.0,91.9,8.4,Arenoso,3.9,643.0,Pulverizacao,18.0,175.0,10.0,66.0,Manha,0
2825,2026-04-01 05:18:00,EQ-040,Nao-Me-Toque,38.8,23.1,23.5,Arenoso,9.4,362.0,Colheita,8.0,397.0,7.9,94.0,Tarde,0
2826,2026-04-01 05:24:00,EQ-032,Cascavel,22.5,56.0,40.1,Arenoso,0.9,1854.0,Plantio,7.0,35.0,3.3,90.0,Tarde,0
2827,2026-04-01 05:33:00,EQ-036,Nao-Me-Toque,36.5,15.0,18.8,Arenoso,3.0,1212.0,Pulverizacao,7.0,276.0,10.0,112.0,Manha,0
2828,2026-04-01 05:35:00,EQ-015,Barreiras,28.5,25.2,37.8,Arenoso,20.6,1107.0,Plantio,11.0,218.0,11.7,100.0,Noite,0
2829,2026-04-01 05:55:00,EQ-012,Sorriso,53.3,18.8,27.7,Misto,45.0,1442.0,Plantio,3.0,135.0,7.5,78.0,Manha,0
2830,2026-04-01 06:11:00,EQ-021,Barreiras,46.8,19.1,33.1,Misto,11.8,274.0,Colheita,1.0,81.0,10.7,82.0,Manha,0
2831,2026-04-01 06:31:00,EQ-007,Sorriso,39.0,69.5,23.8,Misto,9.5,185.0,Transporte,4.0,414.0,5.8,89.0,Tarde,0
2832,2026-04-01 06:38:00,EQ-035,Rio Verde,57.3,30.4,31.6,Arenoso,2.9,275.0,Pulverizacao,8.0,212.0,3.3,86.0,Tarde,0
2833,2026-04-01 07:27:00,EQ-018,Nao-Me-Toque,53.9,52.0,25.1,Argiloso,5.1,185.0,Colheita,4.0,99.0,12.6,43.0,Manha,0
2834,2026-04-01 07:41:00,EQ-009,Cascavel,68.9,11.8,35.1,Encharcado,6.2,301.0,Colheita,6.0,43.0,4.3,76.0,Manha,1
2835,2026-04-01 08:14:00,EQ-027,Barreiras,77.7,34.2,27.1,Encharcado,1.3,2000.0,Transporte,10.0,417.0,10.4,67.0,Tarde,0
2836,2026-04-01 08:17:00,EQ-031,Lucas do Rio Verde,39.8,32.1,28.4,Arenoso,8.4,1082.0,Pulverizacao,5.0,297.0,5.8,67.0,Tarde,0
2837,2026-04-01 08:23:00,EQ-032,Rio Verde,91.0,19.6,26.6,Argiloso,4.8,769.0,Pulverizacao,10.0,96.0,8.0,94.0,Tarde,0
2838,2026-04-01 08:29:00,EQ-017,Barreiras,48.6,38.9,32.1,Argiloso,17.7,732.0,Colheita,8.0,125.0,7.3,81.0,Noite,0
2839,2026-04-01 09:24:00,EQ-010,Cascavel,81.9,44.7,27.9,Arenoso,5.8,544.0,Transporte,12.0,154.0,9.9,118.0,Tarde,0
2840,2026-04-01 09:35:00,EQ-031,Barreiras,21.4,31.6,33.3,Argiloso,28.2,641.0,Colheita,2.0,195.0,12.4,93.0,Tarde,1
2841,2026-04-01 10:03:00,EQ-029,Sorriso,56.9,18.8,31.6,Misto,27.5,732.0,Plantio,6.0,78.0,5.9,73.0,Tarde,1
2842,2026-04-01 10:06:00,EQ-012,Cascavel,42.0,28.7,21.1,Argiloso,3.1,2000.0,Colheita,8.0,151.0,10.5,65.0,Manha,0
2843,2026-04-01 10:23:00,EQ-016,Cascavel,64.1,37.2,17.9,Argiloso,3.5,845.0,Plantio,5.0,201.0,4.7,40.0,Manha,0
2844,2026-04-01 10:53:00,EQ-023,Barreiras,74.3,118.3,31.1,Encharcado,11.0,1759.0,Colheita,13.0,74.0,9.2,44.0,Tarde,1
2845,2026-04-01 10:55:00,EQ-023,Lucas do Rio Verde,68.8,45.3,32.7,Arenoso,3.1,388.0,Transporte,10.0,341.0,11.1,106.0,Manha,1
2846,2026-04-01 11:43:00,EQ-020,Sorriso,55.1,21.5,30.1,Arenoso,21.4,392.0,Pulverizacao,5.0,326.0,13.4,73.0,Manha,0
2847,2026-04-01 12:04:00,EQ-022,Rio Verde,71.8,19.3,30.5,Argiloso,6.6,124.0,Pulverizacao,3.0,597.0,11.6,95.0,Manha,1
2848,2026-04-01 12:26:00,EQ-015,Lucas do Rio Verde,28.1,22.9,31.1,Encharcado,13.1,250.0,Transporte,7.0,40.0,5.6,70.0,Noite,0
2849,2026-04-01 12:55:00,EQ-009,Sorriso,70.8,14.7,33.9,Misto,1.7,357.0,Colheita,2.0,122.0,6.0,92.0,Noite,1
2850,2026-04-01 13:58:00,EQ-015,Rio Verde,7.5,7.1,29.0,Misto,8.6,517.0,Plantio,2.0,17.0,3.4,76.0,Manha,0
2851,2026-04-01 14:13:00,EQ-030,Barreiras,36.9,14.2,27.0,Arenoso,17.6,39.0,Colheita,7.0,99.0,7.5,93.0,Manha,0
2852,2026-04-01 14:36:00,EQ-029,Barreiras,39.9,15.2,19.4,Argiloso,5.1,824.0,Plantio,5.0,86.0,9.0,115.0,Tarde,0
2853,2026-04-01 15:26:00,EQ-009,Sorriso,94.0,30.5,23.8,Misto,19.5,198.0,Plantio,11.0,83.0,7.8,66.0,Tarde,0
2854,2026-04-01 15:26:00,EQ-025,Nao-Me-Toque,53.8,62.0,24.6,Encharcado,13.1,726.0,Pulverizacao,12.0,95.0,8.8,67.0,Manha,0
2855,2026-04-01 15:58:00,EQ-009,Lucas do Rio Verde,60.2,32.2,29.0,Arenoso,17.5,902.0,Pulverizacao,8.0,198.0,3.3,65.0,Tarde,0
2856,2026-04-01 16:05:00,EQ-027,Sorriso,11.3,31.7,27.4,Arenoso,16.3,349.0,Pulverizacao,13.0,212.0,8.7,120.0,Manha,0
2857,2026-04-01 16:16:00,EQ-034,Nao-Me-Toque,59.3,7.1,26.0,Argiloso,6.0,1019.0,Colheita,19.0,136.0,5.6,58.0,Manha,0
2858,2026-04-01 16:20:00,EQ-001,Rio Verde,25.3,3.6,22.1,Encharcado,6.9,1651.0,Colheita,2.0,155.0,4.0,94.0,Tarde,0
2859,2026-04-01 16:49:00,EQ-002,Barreiras,27.5,80.5,19.8,Argiloso,14.8,477.0,Plantio,13.0,21.0,8.0,80.0,Noite,1
2860,2026-04-01 16:55:00,EQ-036,Barreiras,100.0,10.0,24.7,Arenoso,5.9,1134.0,Colheita,5.0,207.0,7.5,94.0,Manha,1
2861,2026-04-01 17:06:00,EQ-027,Rio Verde,54.3,13.0,31.8,Misto,6.0,1280.0,Transporte,6.0,263.0,6.8,101.0,Noite,0
2862,2026-04-01 17:13:00,EQ-004,Lucas do Rio Verde,31.2,25.2,23.8,Misto,11.7,914.0,Plantio,7.0,108.0,11.3,68.0,Noite,0
2863,2026-04-01 17:53:00,EQ-018,Cascavel,22.3,71.5,31.1,Argiloso,14.2,121.0,Pulverizacao,2.0,239.0,8.6,49.0,Tarde,1
2864,2026-04-01 18:15:00,EQ-015,Barreiras,37.0,28.6,17.9,Argiloso,6.1,254.0,Plantio,7.0,118.0,7.3,93.0,Tarde,0
2865,2026-04-01 18:53:00,EQ-008,Barreiras,92.0,44.0,17.9,Misto,8.8,400.0,Colheita,14.0,161.0,8.6,83.0,Manha,1
2866,2026-04-01 19:03:00,EQ-014,Rio Verde,55.5,18.6,33.9,Misto,35.8,465.0,Pulverizacao,5.0,80.0,9.1,69.0,Tarde,0
2867,2026-04-01 19:10:00,EQ-018,Cascavel,76.4,19.3,29.0,Misto,13.1,207.0,Plantio,15.0,136.0,10.4,94.0,Manha,0
2868,2026-04-01 19:47:00,EQ-036,Sorriso,37.2,32.2,32.1,Arenoso,4.0,1389.0,Plantio,6.0,92.0,7.2,89.0,Tarde,0
2869,2026-04-01 20:06:00,EQ-011,Cascavel,75.5,9.0,22.4,Misto,13.4,1027.0,Colheita,22.0,202.0,12.1,89.0,Manha,0
2870,2026-04-01 20:08:00,EQ-016,Barreiras,61.9,8.9,23.2,Argiloso,9.9,409.0,Plantio,11.0,56.0,5.0,77.0,Manha,1
2871,2026-04-01 20:15:00,EQ-033,Nao-Me-Toque,57.0,7.7,17.8,Arenoso,18.8,337.0,Pulverizacao,8.0,216.0,8.3,69.0,Manha,0
2872,2026-04-01 20:18:00,EQ-015,Sorriso,70.0,54.5,37.2,Misto,14.2,589.0,Colheita,18.0,80.0,3.3,64.0,Manha,1
2873,2026-04-01 20:23:00,EQ-030,Lucas do Rio Verde,63.1,19.1,26.4,Misto,3.8,698.0,Plantio,9.0,264.0,3.1,55.0,Manha,0
2874,2026-04-01 21:05:00,EQ-040,Cascavel,50.8,10.8,21.4,Arenoso,37.3,1846.0,Colheita,5.0,248.0,4.4,84.0,Manha,0
2875,2026-04-01 21:05:00,EQ-032,Rio Verde,45.3,44.0,29.1,Argiloso,9.7,1055.0,Plantio,9.0,273.0,6.5,76.0,Tarde,0
2876,2026-04-01 21:17:00,EQ-040,Cascavel,55.5,86.5,23.3,Encharcado,10.8,385.0,Plantio,11.0,261.0,8.0,89.0,Tarde,1
2877,2026-04-01 21:37:00,EQ-032,Barreiras,34.7,5.7,22.7,Argiloso,2.0,243.0,Colheita,13.0,73.0,7.5,55.0,Tarde,1
2878,2026-04-01 21:59:00,EQ-007,Lucas do Rio Verde,66.7,25.5,27.8,Argiloso,43.3,649.0,Colheita,2.0,122.0,11.1,90.0,Manha,0
2879,2026-04-01 22:17:00,EQ-036,Sorriso,5.0,74.9,13.4,Arenoso,2.8,89.0,Plantio,3.0,46.0,11.0,86.0,Manha,0
2880,2026-04-01 22:36:00,EQ-014,Sorriso,80.5,9.6,19.6,Argiloso,10.4,1405.0,Pulverizacao,2.0,19.0,4.0,74.0,Noite,0
2881,2026-04-01 22:42:00,EQ-028,Rio Verde,60.2,61.2,26.1,Arenoso,2.7,439.0,Pulverizacao,5.0,334.0,10.1,61.0,Tarde,1
2882,2026-04-01 23:27:00,EQ-013,Barreiras,51.7,37.9,34.6,Misto,18.2,1024.0,Colheita,4.0,467.0,10.3,67.0,Manha,0
2883,2026-04-01 23:39:00,EQ-029,Barreiras,26.9,14.5,31.2,Arenoso,2.0,552.0,Pulverizacao,5.0,349.0,12.4,67.0,Manha,0
2884,2026-04-02 00:40:00,EQ-022,Barreiras,66.1,64.4,25.0,Argiloso,8.5,266.0,Plantio,12.0,131.0,5.1,86.0,Tarde,1
2885,2026-04-02 01:06:00,EQ-020,Sorriso,70.6,28.4,26.8,Misto,8.1,802.0,Plantio,4.0,442.0,6.3,107.0,Tarde,0
2886,2026-04-02 02:05:00,EQ-003,Barreiras,32.7,77.5,24.7,Arenoso,8.4,387.0,Colheita,8.0,213.0,6.3,75.0,Tarde,0
2887,2026-04-02 02:53:00,EQ-014,Nao-Me-Toque,52.7,18.9,33.6,Argiloso,3.8,603.0,Pulverizacao,3.0,71.0,9.0,74.0,Tarde,0
2888,2026-04-02 03:12:00,EQ-035,Rio Verde,40.7,12.7,32.3,Arenoso,2.5,330.0,Colheita,3.0,144.0,3.5,73.0,Manha,0
2889,2026-04-02 03:36:00,EQ-039,Nao-Me-Toque,34.9,49.4,20.5,Argiloso,2.3,400.0,Plantio,21.0,106.0,2.1,74.0,Manha,0
2890,2026-04-02 03:49:00,EQ-032,Nao-Me-Toque,57.7,57.6,28.9,Arenoso,16.3,274.0,Transporte,9.0,102.0,8.2,95.0,Noite,1
2891,2026-04-02 04:03:00,EQ-014,Cascavel,59.9,12.8,26.1,Arenoso,2.8,507.0,Transporte,9.0,335.0,6.7,115.0,Manha,0
2892,2026-04-02 04:13:00,EQ-029,Barreiras,55.7,58.6,30.6,Argiloso,2.2,670.0,Pulverizacao,25.0,17.0,14.2,80.0,Tarde,0
2893,2026-04-02 04:40:00,EQ-025,Barreiras,76.6,11.2,29.3,Argiloso,10.1,1595.0,Pulverizacao,5.0,145.0,5.6,77.0,Manha,0
2894,2026-04-02 05:05:00,EQ-005,Cascavel,53.9,26.7,23.6,Misto,5.2,2000.0,Pulverizacao,1.0,112.0,9.7,82.0,Tarde,0
2895,2026-04-02 05:12:00,EQ-011,Lucas do Rio Verde,59.5,40.2,31.3,Argiloso,4.0,102.0,Pulverizacao,1.0,255.0,5.6,48.0,Manha,0
2896,2026-04-02 05:31:00,EQ-036,Sorriso,56.0,134.2,22.3,Argiloso,6.4,135.0,Pulverizacao,2.0,74.0,7.1,74.0,Tarde,1
2897,2026-04-02 06:13:00,EQ-016,Rio Verde,31.2,36.2,26.2,Arenoso,7.9,261.0,Pulverizacao,12.0,126.0,10.7,92.0,Manha,0
2898,2026-04-02 06:59:00,EQ-006,Cascavel,60.2,16.7,31.4,Misto,19.2,802.0,Colheita,8.0,206.0,7.9,45.0,Noite,0
2899,2026-04-02 07:17:00,EQ-024,Cascavel,25.5,22.0,20.9,Arenoso,13.9,381.0,Pulverizacao,5.0,136.0,9.5,86.0,Tarde,0
2900,2026-04-02 08:00:00,EQ-032,Rio Verde,6.2,18.9,35.1,Argiloso,13.6,412.0,Plantio,19.0,264.0,10.4,62.0,Noite,0
2901,2026-04-02 08:08:00,EQ-033,Lucas do Rio Verde,30.6,74.0,24.9,Misto,13.2,299.0,Plantio,15.0,220.0,7.7,58.0,Manha,1
2902,2026-04-02 08:09:00,EQ-012,Lucas do Rio Verde,59.5,35.7,18.5,Arenoso,4.2,1275.0,Pulverizacao,9.0,246.0,8.8,87.0,Manha,0
2903,2026-04-02 08:12:00,EQ-016,Sorriso,64.2,63.0,33.8,Misto,7.4,910.0,Colheita,25.0,80.0,5.4,102.0,Noite,1
2904,2026-04-02 09:06:00,EQ-026,Rio Verde,26.7,18.8,33.0,Misto,15.8,966.0,Plantio,13.0,555.0,11.2,104.0,Manha,0
2905,2026-04-02 09:15:00,EQ-016,Sorriso,61.3,26.8,16.6,Arenoso,9.7,789.0,Colheita,7.0,76.0,9.5,83.0,Tarde,0
2906,2026-04-02 09:25:00,EQ-028,Cascavel,39.0,8.3,30.9,Arenoso,14.4,159.0,Pulverizacao,8.0,301.0,7.2,65.0,Tarde,0
2907,2026-04-02 09:43:00,EQ-015,Lucas do Rio Verde,44.4,24.2,21.6,Argiloso,38.4,272.0,Pulverizacao,8.0,116.0,8.8,55.0,Noite,0
2908,2026-04-02 09:57:00,EQ-034,Nao-Me-Toque,17.9,24.6,30.9,Argiloso,4.5,282.0,Colheita,4.0,83.0,6.4,82.0,Noite,0
2909,2026-04-02 10:18:00,EQ-006,Rio Verde,44.6,29.9,31.8,Argiloso,3.2,300.0,Colheita,3.0,252.0,9.7,117.0,Tarde,0
2910,2026-04-02 10:19:00,EQ-019,Cascavel,28.5,58.5,18.8,Misto,1.3,691.0,Transporte,1.0,330.0,10.4,110.0,Tarde,0
2911,2026-04-02 10:44:00,EQ-009,Cascavel,57.3,32.9,24.4,Argiloso,4.2,633.0,Pulverizacao,16.0,82.0,11.7,65.0,Tarde,0
2912,2026-04-02 11:10:00,EQ-025,Barreiras,36.2,24.1,24.3,Misto,6.3,584.0,Transporte,9.0,139.0,9.6,87.0,Tarde,0
2913,2026-04-02 11:36:00,EQ-001,Cascavel,27.1,9.6,30.1,Encharcado,3.7,909.0,Colheita,15.0,74.0,5.9,63.0,Noite,1
2914,2026-04-02 12:01:00,EQ-024,Sorriso,40.5,37.0,14.8,Argiloso,8.8,567.0,Transporte,8.0,38.0,12.3,62.0,Manha,0
2915,2026-04-02 12:03:00,EQ-034,Rio Verde,73.2,70.3,16.6,Argiloso,18.2,189.0,Pulverizacao,11.0,37.0,5.6,75.0,Tarde,1
2916,2026-04-02 12:22:00,EQ-007,Cascavel,62.9,11.6,27.5,Misto,10.2,148.0,Pulverizacao,14.0,19.0,9.9,62.0,Manha,1
2917,2026-04-02 12:27:00,EQ-010,Barreiras,67.3,25.3,29.5,Misto,18.6,560.0,Colheita,5.0,38.0,12.0,69.0,Manha,0
2918,2026-04-02 12:42:00,EQ-013,Nao-Me-Toque,65.4,21.1,25.7,Misto,6.7,325.0,Pulverizacao,22.0,25.0,7.2,64.0,Tarde,1
2919,2026-04-02 12:54:00,EQ-008,Barreiras,6.0,57.8,36.3,Arenoso,1.9,431.0,Pulverizacao,6.0,59.0,0.0,85.0,Tarde,0
2920,2026-04-02 13:20:00,EQ-009,Cascavel,70.8,74.1,27.1,Misto,4.9,752.0,Colheita,4.0,126.0,10.5,74.0,Manha,0
2921,2026-04-02 13:24:00,EQ-007,Rio Verde,61.1,18.9,32.6,Misto,11.1,508.0,Plantio,15.0,73.0,7.4,58.0,Tarde,0
2922,2026-04-02 13:38:00,EQ-007,Lucas do Rio Verde,58.6,29.9,21.1,Argiloso,6.2,286.0,Plantio,1.0,363.0,7.4,52.0,Manha,0
2923,2026-04-02 13:59:00,EQ-028,Nao-Me-Toque,43.5,14.6,34.8,Argiloso,16.0,1009.0,Pulverizacao,11.0,358.0,6.3,120.0,Tarde,0
2924,2026-04-02 14:04:00,EQ-013,Lucas do Rio Verde,45.2,21.4,32.5,Misto,1.2,364.0,Pulverizacao,6.0,231.0,5.8,75.0,Noite,0
2925,2026-04-02 14:28:00,EQ-020,Lucas do Rio Verde,71.9,23.4,33.4,Arenoso,1.2,586.0,Colheita,1.0,508.0,6.8,50.0,Manha,1
2926,2026-04-02 14:37:00,EQ-001,Rio Verde,54.2,18.8,25.6,Argiloso,20.3,1826.0,Plantio,16.0,173.0,8.2,77.0,Tarde,0
2927,2026-04-02 14:48:00,EQ-017,Barreiras,49.2,33.9,24.8,Encharcado,5.7,1441.0,Colheita,5.0,258.0,2.2,71.0,Manha,0
2928,2026-04-02 15:07:00,EQ-019,Sorriso,59.9,46.2,41.1,Misto,16.5,785.0,Colheita,8.0,17.0,6.0,57.0,Manha,0
2929,2026-04-02 15:09:00,EQ-012,Cascavel,48.1,59.9,29.1,Misto,10.4,461.0,Plantio,9.0,423.0,10.2,50.0,Noite,0
2930,2026-04-02 15:20:00,EQ-033,Lucas do Rio Verde,36.4,3.3,31.4,Arenoso,6.4,314.0,Pulverizacao,16.0,161.0,7.4,76.0,Manha,0
2931,2026-04-02 15:21:00,EQ-013,Sorriso,75.6,45.2,27.6,Misto,5.3,692.0,Plantio,7.0,34.0,9.8,88.0,Manha,1
2932,2026-04-02 15:28:00,EQ-001,Nao-Me-Toque,62.4,30.2,30.1,Misto,11.7,416.0,Transporte,3.0,152.0,7.6,86.0,Tarde,1
2933,2026-04-02 15:31:00,EQ-035,Barreiras,55.2,47.6,30.8,Misto,22.5,1622.0,Colheita,8.0,100.0,5.6,77.0,Tarde,1
2934,2026-04-02 15:45:00,EQ-007,Lucas do Rio Verde,45.1,9.0,29.6,Argiloso,8.3,122.0,Colheita,14.0,197.0,8.5,72.0,Noite,0
2935,2026-04-02 16:38:00,EQ-024,Lucas do Rio Verde,60.8,32.8,28.8,Arenoso,2.8,530.0,Colheita,0.0,175.0,1.9,63.0,Tarde,1
2936,2026-04-02 16:39:00,EQ-011,Cascavel,23.4,12.0,28.9,Argiloso,16.0,90.0,Transporte,8.0,142.0,3.1,77.0,Manha,0
2937,2026-04-02 16:49:00,EQ-040,Rio Verde,51.2,26.9,28.4,Encharcado,12.2,2000.0,Transporte,20.0,121.0,7.9,92.0,Manha,0
2938,2026-04-02 17:29:00,EQ-003,Sorriso,52.5,34.4,27.6,Misto,27.1,689.0,Plantio,16.0,223.0,7.0,56.0,Tarde,0
2939,2026-04-02 17:43:00,EQ-015,Lucas do Rio Verde,17.8,3.1,25.2,Argiloso,15.1,225.0,Pulverizacao,4.0,178.0,8.1,70.0,Tarde,0
2940,2026-04-02 17:48:00,EQ-040,Barreiras,53.9,24.1,28.9,Argiloso,7.2,431.0,Pulverizacao,16.0,65.0,8.3,79.0,Manha,0
2941,2026-04-02 18:03:00,EQ-007,Lucas do Rio Verde,58.4,19.8,37.3,Arenoso,9.2,546.0,Colheita,4.0,255.0,10.1,71.0,Tarde,0
2942,2026-04-02 18:21:00,EQ-006,Sorriso,38.7,57.9,26.1,Arenoso,13.5,556.0,Plantio,5.0,50.0,7.5,42.0,Tarde,0
2943,2026-04-02 18:21:00,EQ-023,Cascavel,23.9,31.7,37.9,Arenoso,10.2,399.0,Colheita,8.0,53.0,7.1,79.0,Noite,0
2944,2026-04-02 18:30:00,EQ-039,Barreiras,74.1,20.8,25.2,Arenoso,5.5,719.0,Plantio,13.0,255.0,11.0,76.0,Tarde,0
2945,2026-04-02 18:43:00,EQ-028,Nao-Me-Toque,51.1,45.6,24.3,Misto,14.2,673.0,Pulverizacao,4.0,159.0,7.8,75.0,Manha,0
2946,2026-04-02 18:50:00,EQ-025,Rio Verde,38.8,5.6,15.2,Arenoso,1.1,1404.0,Pulverizacao,9.0,227.0,10.9,80.0,Tarde,0
2947,2026-04-02 19:33:00,EQ-034,Lucas do Rio Verde,50.7,35.7,32.7,Arenoso,13.4,636.0,Transporte,6.0,175.0,11.8,82.0,Tarde,0
2948,2026-04-02 19:40:00,EQ-030,Cascavel,54.1,30.4,20.1,Arenoso,32.9,200.0,Transporte,6.0,129.0,5.9,61.0,Tarde,1
2949,2026-04-02 20:33:00,EQ-009,Nao-Me-Toque,95.0,66.2,35.1,Misto,5.8,265.0,Pulverizacao,6.0,23.0,8.0,54.0,Manha,0
2950,2026-04-02 20:39:00,EQ-016,Lucas do Rio Verde,51.8,56.5,13.6,Misto,9.8,611.0,Plantio,3.0,30.0,4.0,74.0,Manha,0
2951,2026-04-02 22:43:00,EQ-019,Sorriso,30.4,37.2,39.6,Encharcado,1.8,475.0,Colheita,15.0,331.0,5.5,83.0,Manha,1
2952,2026-04-02 22:58:00,EQ-034,Cascavel,62.3,24.0,32.0,Misto,8.5,905.0,Transporte,3.0,255.0,10.1,77.0,Manha,0
2953,2026-04-02 23:58:00,EQ-026,Sorriso,90.1,29.9,20.6,Encharcado,8.5,420.0,Colheita,7.0,368.0,9.2,67.0,Manha,1
2954,2026-04-03 00:04:00,EQ-027,Rio Verde,51.2,21.6,19.0,Argiloso,7.3,872.0,Colheita,6.0,175.0,10.9,90.0,Manha,0
2955,2026-04-03 00:28:00,EQ-002,Cascavel,41.4,21.6,32.0,Argiloso,16.5,542.0,Plantio,5.0,158.0,10.6,64.0,Tarde,0
2956,2026-04-03 01:17:00,EQ-001,Rio Verde,62.6,2.9,25.6,Misto,7.2,1551.0,Transporte,12.0,121.0,5.3,96.0,Manha,0
2957,2026-04-03 01:25:00,EQ-036,Barreiras,61.0,12.8,16.8,Misto,16.1,550.0,Pulverizacao,3.0,166.0,5.6,59.0,Manha,1
2958,2026-04-03 01:42:00,EQ-036,Nao-Me-Toque,50.9,65.3,22.8,Misto,18.0,153.0,Plantio,2.0,73.0,7.8,95.0,Manha,0
2959,2026-04-03 02:12:00,EQ-011,Barreiras,67.0,70.1,19.1,Misto,4.6,2000.0,Colheita,3.0,97.0,10.3,50.0,Manha,0
2960,2026-04-03 02:31:00,EQ-033,Rio Verde,94.5,4.8,24.6,Argiloso,13.0,474.0,Pulverizacao,1.0,202.0,7.9,110.0,Manha,1
2961,2026-04-03 02:45:00,EQ-016,Lucas do Rio Verde,68.7,21.7,22.3,Arenoso,10.8,231.0,Colheita,5.0,74.0,7.4,89.0,Tarde,1
2962,2026-04-03 03:20:00,EQ-040,Rio Verde,48.8,20.8,37.3,Arenoso,28.0,305.0,Transporte,8.0,296.0,6.3,83.0,Manha,0
2963,2026-04-03 03:29:00,EQ-013,Rio Verde,70.6,12.7,32.3,Argiloso,6.1,94.0,Colheita,6.0,142.0,4.5,75.0,Tarde,1
2964,2026-04-03 03:31:00,EQ-009,Cascavel,30.0,2.7,33.5,Argiloso,4.0,915.0,Colheita,19.0,295.0,4.5,67.0,Manha,0
2965,2026-04-03 04:07:00,EQ-023,Sorriso,62.5,51.4,29.8,Arenoso,6.4,1120.0,Colheita,19.0,32.0,7.6,75.0,Manha,0
2966,2026-04-03 04:44:00,EQ-002,Barreiras,67.7,35.0,23.1,Arenoso,20.9,1922.0,Transporte,25.0,174.0,11.5,64.0,Manha,0
2967,2026-04-03 05:29:00,EQ-021,Sorriso,61.5,88.7,25.1,Argiloso,20.6,762.0,Plantio,15.0,584.0,16.0,110.0,Manha,1
2968,2026-04-03 05:41:00,EQ-012,Barreiras,55.9,15.0,28.6,Arenoso,6.7,190.0,Plantio,3.0,66.0,6.4,68.0,Noite,0
2969,2026-04-03 05:44:00,EQ-013,Lucas do Rio Verde,55.6,17.0,26.6,Argiloso,2.9,1334.0,Plantio,12.0,132.0,6.1,88.0,Manha,0
2970,2026-04-03 06:27:00,EQ-028,Cascavel,59.1,23.2,22.5,Misto,18.3,202.0,Plantio,15.0,191.0,0.2,95.0,Tarde,0
2971,2026-04-03 07:25:00,EQ-008,Cascavel,57.3,20.0,24.0,Argiloso,17.4,1094.0,Plantio,4.0,233.0,10.3,80.0,Manha,0
2972,2026-04-03 07:31:00,EQ-026,Rio Verde,34.0,12.4,40.8,Arenoso,19.0,259.0,Plantio,10.0,196.0,2.6,92.0,Manha,0
2973,2026-04-03 07:35:00,EQ-001,Cascavel,49.1,25.7,28.0,Misto,16.8,168.0,Colheita,9.0,109.0,12.9,65.0,Manha,0
2974,2026-04-03 07:48:00,EQ-002,Rio Verde,55.1,53.2,22.3,Misto,1.1,2000.0,Pulverizacao,3.0,386.0,4.0,111.0,Tarde,0
2975,2026-04-03 08:25:00,EQ-029,Sorriso,51.4,54.9,27.2,Misto,15.5,1988.0,Pulverizacao,1.0,54.0,16.0,60.0,Manha,0
2976,2026-04-03 08:25:00,EQ-033,Sorriso,68.4,86.6,20.3,Misto,25.3,1367.0,Plantio,1.0,126.0,8.5,76.0,Manha,0
2977,2026-04-03 08:45:00,EQ-012,Sorriso,86.9,25.4,26.4,Argiloso,24.4,299.0,Plantio,3.0,93.0,2.1,104.0,Tarde,1
2978,2026-04-03 09:11:00,EQ-029,Cascavel,70.6,33.5,30.5,Encharcado,4.3,914.0,Colheita,11.0,155.0,6.5,60.0,Manha,0
2979,2026-04-03 09:12:00,EQ-035,Lucas do Rio Verde,100.0,44.6,22.9,Encharcado,13.3,1978.0,Plantio,4.0,65.0,11.5,120.0,Manha,0
2980,2026-04-03 09:15:00,EQ-013,Cascavel,52.2,43.5,22.0,Argiloso,2.1,877.0,Colheita,25.0,45.0,9.1,94.0,Noite,0
2981,2026-04-03 09:43:00,EQ-019,Rio Verde,61.8,21.9,28.0,Argiloso,18.9,438.0,Colheita,3.0,113.0,9.1,101.0,Tarde,1
2982,2026-04-03 10:15:00,EQ-025,Rio Verde,27.4,34.9,34.6,Misto,5.4,131.0,Colheita,7.0,511.0,6.6,97.0,Manha,0
2983,2026-04-03 10:31:00,EQ-016,Nao-Me-Toque,74.4,15.7,31.6,Misto,20.8,187.0,Plantio,17.0,194.0,2.4,85.0,Manha,1
2984,2026-04-03 10:41:00,EQ-032,Barreiras,44.7,25.3,26.5,Arenoso,11.7,108.0,Colheita,3.0,258.0,2.7,75.0,Manha,0
2985,2026-04-03 10:57:00,EQ-033,Rio Verde,54.1,12.9,15.9,Arenoso,1.4,174.0,Pulverizacao,9.0,85.0,6.1,71.0,Manha,0
2986,2026-04-03 11:03:00,EQ-023,Rio Verde,53.7,1.7,34.7,Misto,5.4,1374.0,Colheita,7.0,181.0,0.0,119.0,Tarde,0
2987,2026-04-03 11:57:00,EQ-036,Rio Verde,45.6,18.2,26.8,Argiloso,6.2,1401.0,Plantio,3.0,211.0,3.6,67.0,Manha,0
2988,2026-04-03 12:07:00,EQ-023,Sorriso,100.0,49.7,29.7,Misto,5.3,1652.0,Plantio,5.0,45.0,12.8,64.0,Noite,0
2989,2026-04-03 12:31:00,EQ-004,Cascavel,47.5,32.9,18.9,Misto,22.1,1335.0,Pulverizacao,10.0,151.0,3.5,57.0,Manha,0
2990,2026-04-03 12:39:00,EQ-031,Nao-Me-Toque,72.1,15.9,21.3,Misto,5.8,285.0,Pulverizacao,6.0,140.0,3.9,65.0,Tarde,1
2991,2026-04-03 13:00:00,EQ-034,Nao-Me-Toque,87.2,18.6,25.8,Argiloso,25.7,538.0,Plantio,6.0,99.0,8.6,56.0,Noite,1
2992,2026-04-03 13:32:00,EQ-010,Barreiras,100.0,35.0,26.0,Argiloso,22.3,672.0,Plantio,11.0,13.0,13.9,85.0,Noite,1
2993,2026-04-03 14:13:00,EQ-002,Lucas do Rio Verde,75.5,6.4,34.0,Arenoso,12.7,241.0,Transporte,11.0,56.0,3.2,100.0,Tarde,1
2994,2026-04-03 15:01:00,EQ-012,Cascavel,75.5,43.8,26.8,Argiloso,2.0,647.0,Plantio,15.0,214.0,10.5,84.0,Manha,1
2995,2026-04-03 15:28:00,EQ-017,Rio Verde,15.1,31.9,27.5,Encharcado,9.5,417.0,Pulverizacao,5.0,109.0,8.1,83.0,Noite,0
2996,2026-04-03 15:38:00,EQ-038,Sorriso,31.2,29.8,37.0,Misto,12.7,446.0,Pulverizacao,11.0,221.0,9.8,99.0,Tarde,1
2997,2026-04-03 17:31:00,EQ-021,Rio Verde,83.7,7.9,37.1,Argiloso,15.2,340.0,Plantio,18.0,223.0,6.7,73.0,Tarde,1
2998,2026-04-03 18:16:00,EQ-005,Rio Verde,71.5,9.9,30.7,Arenoso,21.3,1138.0,Transporte,2.0,165.0,11.1,113.0,Manha,1
2999,2026-04-03 19:19:00,EQ-026,Lucas do Rio Verde,75.8,14.9,26.4,Arenoso,31.7,643.0,Pulverizacao,8.0,211.0,6.5,56.0,Noite,0
3000,2026-04-03 19:54:00,EQ-024,Lucas do Rio Verde,46.0,15.7,30.6,Misto,9.1,623.0,Colheita,7.0,280.0,7.9,92.0,Manha,0
3001,2026-04-03 20:22:00,EQ-030,Sorriso,70.7,37.2,29.1,Encharcado,23.3,804.0,Plantio,5.0,206.0,4.1,84.0,Tarde,0
3002,2026-04-03 20:40:00,EQ-001,Sorriso,62.1,55.2,26.8,Argiloso,12.6,866.0,Colheita,9.0,202.0,9.6,40.0,Tarde,1
3003,2026-04-03 21:00:00,EQ-012,Cascavel,41.0,13.1,26.2,Misto,3.6,214.0,Colheita,3.0,254.0,4.7,45.0,Manha,0
3004,2026-04-03 21:31:00,EQ-030,Sorriso,51.5,96.7,12.5,Arenoso,3.3,525.0,Colheita,2.0,408.0,10.4,73.0,Manha,1
3005,2026-04-03 22:20:00,EQ-005,Cascavel,66.2,32.0,17.1,Misto,9.0,459.0,Plantio,2.0,63.0,6.8,93.0,Tarde,1
3006,2026-04-03 23:12:00,EQ-011,Rio Verde,45.0,30.9,28.9,Arenoso,8.3,312.0,Transporte,16.0,215.0,10.7,43.0,Tarde,0
3007,2026-04-03 23:37:00,EQ-024,Cascavel,55.8,21.0,24.9,Misto,12.4,1226.0,Colheita,4.0,206.0,15.8,106.0,Manha,0
3008,2026-04-04 00:09:00,EQ-002,Rio Verde,76.9,25.5,33.6,Misto,20.4,27.0,Colheita,6.0,163.0,7.1,57.0,Manha,1
3009,2026-04-04 00:20:00,EQ-033,Lucas do Rio Verde,63.6,17.8,22.2,Arenoso,4.5,1301.0,Pulverizacao,3.0,152.0,4.0,55.0,Tarde,0
3010,2026-04-04 00:33:00,EQ-012,Barreiras,28.1,28.6,24.2,Encharcado,6.1,734.0,Colheita,25.0,76.0,12.5,71.0,Manha,0
3011,2026-04-04 01:07:00,EQ-006,Cascavel,46.8,40.1,25.7,Argiloso,10.6,1280.0,Pulverizacao,16.0,28.0,8.7,81.0,Noite,0
3012,2026-04-04 01:14:00,EQ-015,Barreiras,68.1,10.7,21.9,Misto,10.2,142.0,Pulverizacao,12.0,152.0,7.9,69.0,Manha,0
3013,2026-04-04 01:40:00,EQ-022,Cascavel,39.3,9.4,29.4,Argiloso,10.1,40.0,Plantio,22.0,121.0,8.1,73.0,Tarde,1
3014,2026-04-04 01:44:00,EQ-005,Cascavel,90.5,124.9,25.5,Misto,6.3,195.0,Plantio,6.0,125.0,12.8,60.0,Manha,1
3015,2026-04-04 02:17:00,EQ-017,Sorriso,72.1,7.4,21.1,Misto,7.7,809.0,Plantio,15.0,128.0,6.8,68.0,Noite,0
3016,2026-04-04 02:39:00,EQ-003,Rio Verde,55.4,26.5,26.8,Arenoso,7.6,868.0,Plantio,10.0,257.0,13.3,95.0,Manha,0
3017,2026-04-04 02:59:00,EQ-002,Nao-Me-Toque,38.2,31.9,30.1,Arenoso,45.0,864.0,Plantio,16.0,207.0,8.6,48.0,Tarde,0
3018,2026-04-04 03:24:00,EQ-028,Cascavel,84.2,32.6,36.3,Arenoso,19.9,961.0,Plantio,4.0,307.0,5.6,48.0,Tarde,0
3019,2026-04-04 03:32:00,EQ-011,Cascavel,64.4,22.8,33.2,Arenoso,23.6,403.0,Pulverizacao,5.0,257.0,8.3,99.0,Tarde,1
3020,2026-04-04 03:58:00,EQ-021,Cascavel,76.9,55.5,38.0,Argiloso,10.5,276.0,Pulverizacao,7.0,40.0,12.2,52.0,Tarde,1
3021,2026-04-04 04:00:00,EQ-027,Cascavel,6.7,39.1,19.6,Arenoso,8.1,1459.0,Plantio,7.0,200.0,8.6,77.0,Tarde,0
3022,2026-04-04 04:02:00,EQ-025,Lucas do Rio Verde,51.5,7.3,22.4,Arenoso,9.2,988.0,Colheita,15.0,207.0,7.7,66.0,Tarde,0
3023,2026-04-04 04:13:00,EQ-005,Lucas do Rio Verde,35.8,14.6,25.1,Misto,2.2,669.0,Plantio,4.0,570.0,5.7,64.0,Tarde,0
3024,2026-04-04 04:20:00,EQ-039,Rio Verde,81.7,38.6,20.0,Encharcado,3.8,785.0,Colheita,7.0,126.0,8.1,72.0,Manha,0
3025,2026-04-04 04:33:00,EQ-039,Barreiras,45.6,40.1,23.7,Misto,5.7,1312.0,Transporte,7.0,121.0,5.8,90.0,Manha,0
3026,2026-04-04 05:42:00,EQ-004,Barreiras,56.4,17.1,31.3,Misto,20.3,912.0,Plantio,3.0,183.0,8.2,73.0,Noite,0
3027,2026-04-04 06:11:00,EQ-030,Rio Verde,23.2,29.4,28.5,Argiloso,13.9,628.0,Pulverizacao,14.0,332.0,12.9,98.0,Manha,0
3028,2026-04-04 06:19:00,EQ-011,Cascavel,30.9,18.3,18.5,Encharcado,15.1,1024.0,Pulverizacao,10.0,24.0,8.8,90.0,Tarde,0
3029,2026-04-04 06:21:00,EQ-026,Rio Verde,50.9,17.7,31.1,Arenoso,9.0,986.0,Colheita,3.0,222.0,10.2,67.0,Noite,0
3030,2026-04-04 06:25:00,EQ-022,Rio Verde,76.3,49.9,23.7,Misto,11.2,19.0,Plantio,6.0,151.0,11.2,83.0,Tarde,0
3031,2026-04-04 06:27:00,EQ-012,Lucas do Rio Verde,12.3,9.8,27.5,Encharcado,3.6,391.0,Plantio,7.0,316.0,4.7,64.0,Tarde,0
3032,2026-04-04 06:48:00,EQ-014,Cascavel,95.0,8.8,29.7,Encharcado,1.8,534.0,Pulverizacao,5.0,234.0,9.3,83.0,Tarde,1
3033,2026-04-04 06:58:00,EQ-026,Rio Verde,65.1,89.3,26.9,Arenoso,3.9,652.0,Pulverizacao,2.0,92.0,9.5,79.0,Manha,0
3034,2026-04-04 07:00:00,EQ-012,Nao-Me-Toque,67.0,26.4,20.3,Argiloso,20.0,1820.0,Colheita,17.0,96.0,10.0,99.0,Tarde,0
3035,2026-04-04 07:34:00,EQ-009,Sorriso,55.2,46.0,5.0,Misto,3.2,321.0,Colheita,10.0,281.0,13.4,63.0,Tarde,0
3036,2026-04-04 07:46:00,EQ-003,Cascavel,57.3,15.5,27.1,Misto,2.2,710.0,Colheita,6.0,600.0,1.5,77.0,Tarde,0
3037,2026-04-04 07:51:00,EQ-019,Lucas do Rio Verde,36.1,26.9,21.5,Misto,8.6,625.0,Transporte,7.0,69.0,11.1,77.0,Manha,0
3038,2026-04-04 08:28:00,EQ-011,Rio Verde,64.7,6.9,23.6,Misto,4.8,1658.0,Colheita,2.0,79.0,2.8,98.0,Tarde,1
3039,2026-04-04 08:28:00,EQ-018,Sorriso,45.0,9.1,29.4,Arenoso,2.6,139.0,Plantio,16.0,119.0,8.0,76.0,Manha,0
3040,2026-04-04 08:44:00,EQ-031,Lucas do Rio Verde,61.3,9.6,25.2,Argiloso,7.4,1699.0,Plantio,6.0,16.0,6.9,55.0,Noite,0
3041,2026-04-04 08:57:00,EQ-017,Rio Verde,59.1,119.3,20.9,Misto,3.0,708.0,Plantio,8.0,62.0,0.8,91.0,Manha,0
3042,2026-04-04 09:46:00,EQ-011,Barreiras,33.5,29.6,19.1,Argiloso,15.1,332.0,Transporte,10.0,183.0,14.3,76.0,Tarde,0
3043,2026-04-04 09:58:00,EQ-012,Sorriso,61.5,25.4,25.1,Arenoso,18.2,967.0,Colheita,8.0,246.0,4.0,106.0,Tarde,0
3044,2026-04-04 11:21:00,EQ-027,Cascavel,47.8,117.9,26.7,Arenoso,9.4,1089.0,Pulverizacao,13.0,390.0,12.1,70.0,Tarde,0
3045,2026-04-04 11:38:00,EQ-007,Nao-Me-Toque,17.3,46.3,23.7,Arenoso,6.9,1440.0,Pulverizacao,10.0,146.0,13.2,90.0,Tarde,0
3046,2026-04-04 12:26:00,EQ-037,Barreiras,77.1,35.2,24.3,Arenoso,21.2,693.0,Pulverizacao,9.0,482.0,4.1,81.0,Tarde,0
3047,2026-04-04 13:26:00,EQ-006,Lucas do Rio Verde,32.5,71.0,29.8,Misto,9.2,759.0,Pulverizacao,13.0,142.0,6.6,96.0,Tarde,0
3048,2026-04-04 13:27:00,EQ-010,Rio Verde,44.4,22.7,25.8,Arenoso,8.5,1133.0,Pulverizacao,7.0,22.0,11.5,79.0,Tarde,0
3049,2026-04-04 13:37:00,EQ-001,Cascavel,45.2,8.8,20.8,Misto,10.1,361.0,Plantio,3.0,134.0,8.2,91.0,Noite,0
3050,2026-04-04 14:18:00,EQ-038,Rio Verde,50.5,69.7,26.4,Arenoso,5.1,384.0,Plantio,13.0,181.0,5.0,111.0,Manha,0
3051,2026-04-04 14:25:00,EQ-003,Nao-Me-Toque,53.8,21.8,33.1,Arenoso,3.7,736.0,Plantio,8.0,126.0,11.5,99.0,Tarde,0
3052,2026-04-04 14:50:00,EQ-020,Nao-Me-Toque,44.0,24.2,24.9,Arenoso,10.2,131.0,Colheita,10.0,547.0,1.9,56.0,Noite,0
3053,2026-04-04 14:56:00,EQ-021,Nao-Me-Toque,88.3,57.3,24.9,Misto,4.2,1136.0,Plantio,9.0,154.0,7.1,99.0,Tarde,0
3054,2026-04-04 14:58:00,EQ-015,Rio Verde,76.3,14.6,28.4,Encharcado,5.6,474.0,Pulverizacao,4.0,151.0,7.5,52.0,Tarde,1
3055,2026-04-04 15:19:00,EQ-037,Sorriso,69.9,10.2,33.0,Misto,15.8,927.0,Pulverizacao,9.0,205.0,13.3,90.0,Tarde,0
3056,2026-04-04 16:12:00,EQ-013,Rio Verde,55.1,71.8,29.5,Misto,1.8,207.0,Transporte,5.0,108.0,8.0,75.0,Manha,1
3057,2026-04-04 16:15:00,EQ-032,Barreiras,42.4,67.8,44.3,Argiloso,2.2,1084.0,Plantio,10.0,114.0,5.9,109.0,Manha,0
3058,2026-04-04 16:24:00,EQ-002,Cascavel,84.5,18.3,35.0,Arenoso,19.0,586.0,Colheita,3.0,94.0,6.9,40.0,Manha,1
3059,2026-04-04 16:32:00,EQ-025,Lucas do Rio Verde,66.7,60.6,17.0,Argiloso,8.8,343.0,Colheita,9.0,31.0,3.2,91.0,Manha,0
3060,2026-04-04 16:33:00,EQ-005,Nao-Me-Toque,64.8,27.5,33.7,Arenoso,10.7,269.0,Transporte,8.0,199.0,11.5,48.0,Tarde,1
3061,2026-04-04 17:07:00,EQ-013,Lucas do Rio Verde,62.5,27.9,39.0,Argiloso,12.9,1234.0,Pulverizacao,5.0,278.0,5.6,64.0,Tarde,0
3062,2026-04-04 17:56:00,EQ-001,Sorriso,65.9,40.7,30.8,Arenoso,6.7,1002.0,Colheita,4.0,88.0,6.1,86.0,Manha,0
3063,2026-04-04 18:09:00,EQ-036,Nao-Me-Toque,20.8,5.7,24.2,Arenoso,8.5,827.0,Plantio,6.0,106.0,8.5,75.0,Manha,0
3064,2026-04-04 18:17:00,EQ-038,Cascavel,80.3,18.6,31.9,Misto,0.6,229.0,Pulverizacao,1.0,93.0,4.4,68.0,Manha,0
3065,2026-04-04 18:35:00,EQ-012,Barreiras,100.0,17.6,29.2,Argiloso,22.6,1136.0,Transporte,7.0,84.0,7.5,40.0,Manha,1
3066,2026-04-04 18:55:00,EQ-018,Nao-Me-Toque,72.9,4.7,35.2,Arenoso,1.5,817.0,Plantio,4.0,109.0,2.7,107.0,Noite,0
3067,2026-04-04 19:14:00,EQ-019,Rio Verde,67.0,16.8,22.9,Arenoso,1.4,1440.0,Colheita,6.0,178.0,4.5,59.0,Manha,0
3068,2026-04-04 19:29:00,EQ-004,Barreiras,64.2,9.3,32.1,Arenoso,24.7,726.0,Transporte,6.0,204.0,9.0,78.0,Tarde,1
3069,2026-04-04 19:58:00,EQ-040,Barreiras,37.3,44.4,32.9,Arenoso,9.6,1977.0,Colheita,1.0,51.0,9.3,60.0,Manha,0
3070,2026-04-04 19:59:00,EQ-035,Cascavel,83.4,6.9,20.3,Encharcado,22.7,294.0,Colheita,10.0,199.0,5.0,84.0,Tarde,1
3071,2026-04-04 20:46:00,EQ-034,Lucas do Rio Verde,54.6,81.2,20.6,Encharcado,19.4,576.0,Colheita,1.0,62.0,12.7,90.0,Manha,1
3072,2026-04-04 20:46:00,EQ-013,Sorriso,44.0,19.8,29.0,Misto,37.1,343.0,Colheita,4.0,164.0,11.6,96.0,Tarde,1
3073,2026-04-04 20:52:00,EQ-007,Sorriso,57.6,38.5,19.0,Misto,16.9,168.0,Pulverizacao,5.0,90.0,4.4,82.0,Tarde,1
3074,2026-04-04 21:20:00,EQ-015,Lucas do Rio Verde,87.4,12.4,26.4,Arenoso,2.8,225.0,Colheita,11.0,150.0,10.4,69.0,Tarde,1
3075,2026-04-04 21:33:00,EQ-008,Cascavel,50.8,4.4,26.7,Arenoso,15.7,440.0,Plantio,20.0,133.0,9.7,86.0,Manha,0
3076,2026-04-04 21:35:00,EQ-038,Nao-Me-Toque,75.5,31.8,23.4,Misto,5.9,9.0,Pulverizacao,5.0,177.0,7.7,74.0,Tarde,1
3077,2026-04-04 21:37:00,EQ-012,Barreiras,26.4,76.9,27.5,Encharcado,5.9,623.0,Colheita,1.0,184.0,13.6,79.0,Manha,1
3078,2026-04-04 22:22:00,EQ-003,Cascavel,74.7,5.4,33.0,Arenoso,7.2,1120.0,Plantio,2.0,71.0,10.7,73.0,Tarde,0
3079,2026-04-04 22:33:00,EQ-020,Nao-Me-Toque,44.8,15.7,19.6,Arenoso,10.1,752.0,Pulverizacao,3.0,11.0,11.1,104.0,Tarde,0
3080,2026-04-04 23:06:00,EQ-023,Lucas do Rio Verde,31.8,97.9,21.0,Argiloso,6.7,1060.0,Pulverizacao,25.0,186.0,3.3,58.0,Manha,0
3081,2026-04-05 00:34:00,EQ-006,Lucas do Rio Verde,5.0,14.9,20.4,Misto,7.2,444.0,Pulverizacao,5.0,75.0,8.8,99.0,Noite,0
3082,2026-04-05 01:44:00,EQ-032,Cascavel,100.0,120.0,24.3,Arenoso,5.3,821.0,Pulverizacao,11.0,327.0,4.4,73.0,Manha,0
3083,2026-04-05 02:05:00,EQ-034,Sorriso,54.8,92.1,25.7,Misto,25.7,342.0,Transporte,21.0,35.0,9.4,100.0,Manha,1
3084,2026-04-05 04:37:00,EQ-017,Nao-Me-Toque,68.7,30.2,34.4,Arenoso,21.0,1222.0,Colheita,8.0,53.0,12.9,113.0,Manha,0
3085,2026-04-05 06:04:00,EQ-040,Cascavel,55.9,103.4,25.7,Encharcado,23.9,574.0,Colheita,2.0,319.0,7.5,92.0,Manha,1
3086,2026-04-05 07:25:00,EQ-018,Cascavel,85.9,25.3,36.2,Misto,5.9,426.0,Pulverizacao,7.0,65.0,13.8,86.0,Noite,0
3087,2026-04-05 07:30:00,EQ-027,Cascavel,59.0,39.0,35.1,Arenoso,7.2,243.0,Plantio,13.0,176.0,1.2,106.0,Tarde,0
3088,2026-04-05 07:48:00,EQ-034,Lucas do Rio Verde,45.5,17.8,29.3,Argiloso,15.7,611.0,Pulverizacao,14.0,47.0,9.0,71.0,Noite,0
3089,2026-04-05 07:49:00,EQ-023,Nao-Me-Toque,57.4,47.2,20.8,Argiloso,5.2,185.0,Plantio,11.0,327.0,8.4,112.0,Noite,1
3090,2026-04-05 08:14:00,EQ-008,Lucas do Rio Verde,23.7,8.0,26.7,Argiloso,3.1,1372.0,Colheita,2.0,177.0,11.8,102.0,Tarde,0
3091,2026-04-05 08:38:00,EQ-025,Nao-Me-Toque,66.4,2.8,36.1,Misto,12.9,2000.0,Plantio,17.0,253.0,1.6,72.0,Manha,0
3092,2026-04-05 09:11:00,EQ-007,Barreiras,79.5,55.6,19.0,Argiloso,18.5,1656.0,Pulverizacao,1.0,95.0,9.1,67.0,Tarde,0
3093,2026-04-05 09:41:00,EQ-023,Lucas do Rio Verde,26.5,43.0,29.4,Misto,7.2,155.0,Pulverizacao,5.0,121.0,6.3,42.0,Tarde,0
3094,2026-04-05 09:43:00,EQ-040,Rio Verde,44.5,19.5,14.9,Misto,12.4,437.0,Transporte,17.0,429.0,7.2,95.0,Manha,0
3095,2026-04-05 11:27:00,EQ-017,Lucas do Rio Verde,42.4,22.2,21.1,Arenoso,4.8,1027.0,Pulverizacao,10.0,447.0,7.5,50.0,Manha,0
3096,2026-04-05 11:59:00,EQ-034,Lucas do Rio Verde,49.7,63.3,21.5,Arenoso,9.9,852.0,Colheita,4.0,126.0,6.4,79.0,Tarde,0
3097,2026-04-05 13:04:00,EQ-037,Sorriso,35.4,25.8,32.4,Argiloso,8.6,417.0,Colheita,3.0,169.0,4.2,69.0,Manha,0
3098,2026-04-05 13:47:00,EQ-007,Rio Verde,37.1,86.8,27.4,Arenoso,20.1,188.0,Pulverizacao,14.0,130.0,5.3,97.0,Manha,1
3099,2026-04-05 13:47:00,EQ-016,Barreiras,43.8,54.7,25.6,Misto,13.2,439.0,Colheita,21.0,202.0,6.0,118.0,Noite,1
3100,2026-04-05 14:11:00,EQ-016,Nao-Me-Toque,37.0,36.2,24.8,Misto,10.7,424.0,Pulverizacao,1.0,269.0,11.0,96.0,Tarde,0
3101,2026-04-05 14:13:00,EQ-010,Rio Verde,68.1,42.4,29.8,Misto,8.0,177.0,Transporte,3.0,47.0,11.2,67.0,Tarde,1
3102,2026-04-05 14:31:00,EQ-017,Nao-Me-Toque,37.6,75.2,32.0,Arenoso,13.3,226.0,Pulverizacao,15.0,220.0,1.6,74.0,Tarde,0
3103,2026-04-05 14:37:00,EQ-017,Rio Verde,67.3,28.6,26.3,Arenoso,13.5,958.0,Colheita,14.0,81.0,6.5,106.0,Manha,0
3104,2026-04-05 14:49:00,EQ-036,Lucas do Rio Verde,56.9,67.7,27.3,Misto,3.1,1388.0,Plantio,13.0,115.0,5.8,83.0,Tarde,0
3105,2026-04-05 14:57:00,EQ-013,Sorriso,64.3,22.2,25.9,Arenoso,4.1,1013.0,Plantio,18.0,70.0,4.1,83.0,Tarde,0
3106,2026-04-05 15:37:00,EQ-038,Lucas do Rio Verde,30.0,8.8,32.0,Misto,11.2,874.0,Plantio,9.0,169.0,4.9,120.0,Tarde,0
3107,2026-04-05 15:42:00,EQ-031,Lucas do Rio Verde,73.5,13.1,29.3,Arenoso,10.6,186.0,Colheita,3.0,101.0,2.9,77.0,Tarde,0
3108,2026-04-05 16:09:00,EQ-006,Cascavel,83.4,38.3,24.4,Arenoso,4.3,867.0,Plantio,13.0,51.0,8.8,80.0,Noite,0
3109,2026-04-05 16:54:00,EQ-001,Lucas do Rio Verde,36.9,59.5,36.3,Argiloso,13.0,880.0,Colheita,2.0,177.0,12.1,75.0,Manha,0
3110,2026-04-05 17:15:00,EQ-034,Lucas do Rio Verde,71.8,27.2,35.7,Misto,8.2,630.0,Pulverizacao,25.0,214.0,9.3,86.0,Manha,1
3111,2026-04-05 17:16:00,EQ-003,Nao-Me-Toque,63.6,63.3,21.3,Arenoso,6.6,507.0,Colheita,1.0,55.0,9.2,89.0,Tarde,0
3112,2026-04-05 17:24:00,EQ-011,Sorriso,59.2,114.2,30.6,Misto,10.3,52.0,Pulverizacao,8.0,24.0,7.9,83.0,Manha,1
3113,2026-04-05 17:50:00,EQ-005,Nao-Me-Toque,47.5,22.6,29.2,Misto,16.7,698.0,Colheita,2.0,464.0,3.1,74.0,Tarde,0
3114,2026-04-05 17:51:00,EQ-003,Cascavel,62.9,90.6,31.4,Argiloso,6.5,337.0,Colheita,9.0,88.0,8.1,77.0,Tarde,1
3115,2026-04-05 17:55:00,EQ-021,Barreiras,35.3,16.4,22.5,Arenoso,9.6,855.0,Colheita,9.0,171.0,10.9,109.0,Tarde,0
3116,2026-04-05 18:10:00,EQ-014,Cascavel,32.0,60.6,26.5,Argiloso,9.1,1128.0,Plantio,3.0,161.0,4.3,67.0,Noite,0
3117,2026-04-05 18:11:00,EQ-001,Lucas do Rio Verde,64.0,22.7,17.9,Argiloso,13.9,606.0,Pulverizacao,6.0,155.0,9.7,80.0,Tarde,0
3118,2026-04-05 18:50:00,EQ-032,Sorriso,54.1,106.2,20.8,Argiloso,17.2,175.0,Colheita,3.0,494.0,9.5,62.0,Tarde,1
3119,2026-04-05 19:37:00,EQ-027,Cascavel,70.2,18.6,26.7,Arenoso,20.1,252.0,Pulverizacao,13.0,308.0,4.4,112.0,Manha,1
3120,2026-04-05 19:41:00,EQ-013,Nao-Me-Toque,63.6,33.9,19.2,Arenoso,2.3,1393.0,Transporte,3.0,62.0,7.5,75.0,Manha,0
3121,2026-04-05 19:41:00,EQ-017,Nao-Me-Toque,45.8,59.6,25.4,Misto,1.6,997.0,Colheita,3.0,77.0,8.4,55.0,Manha,0
3122,2026-04-05 20:22:00,EQ-035,Nao-Me-Toque,55.3,44.5,25.1,Arenoso,18.7,146.0,Plantio,11.0,48.0,6.5,105.0,Manha,0
3123,2026-04-05 20:24:00,EQ-029,Cascavel,60.2,27.6,26.3,Arenoso,3.7,533.0,Transporte,12.0,278.0,5.2,88.0,Tarde,0
3124,2026-04-05 20:46:00,EQ-018,Rio Verde,84.2,71.6,22.2,Misto,8.3,669.0,Pulverizacao,8.0,389.0,1.8,62.0,Tarde,0
3125,2026-04-05 20:56:00,EQ-030,Sorriso,40.3,21.5,30.2,Encharcado,13.2,526.0,Transporte,7.0,63.0,14.0,73.0,Manha,1
3126,2026-04-05 21:07:00,EQ-039,Rio Verde,60.6,21.8,37.9,Encharcado,9.3,456.0,Transporte,7.0,593.0,4.1,120.0,Tarde,1
3127,2026-04-05 21:28:00,EQ-017,Barreiras,41.0,10.0,26.7,Encharcado,12.2,313.0,Plantio,7.0,55.0,0.0,76.0,Tarde,0
3128,2026-04-05 22:27:00,EQ-019,Rio Verde,50.1,32.3,20.4,Misto,6.3,1196.0,Transporte,22.0,203.0,5.2,87.0,Tarde,0
3129,2026-04-05 22:35:00,EQ-003,Sorriso,55.4,75.8,32.5,Arenoso,10.1,201.0,Plantio,6.0,200.0,8.1,100.0,Manha,0
3130,2026-04-05 22:57:00,EQ-019,Barreiras,28.1,22.5,29.9,Arenoso,7.5,898.0,Plantio,3.0,175.0,6.5,61.0,Manha,0
3131,2026-04-05 23:39:00,EQ-012,Cascavel,74.2,37.2,28.8,Encharcado,5.8,1293.0,Plantio,4.0,267.0,6.4,60.0,Manha,0
3132,2026-04-05 23:56:00,EQ-034,Nao-Me-Toque,100.0,23.2,25.5,Arenoso,3.6,325.0,Plantio,14.0,430.0,9.7,85.0,Noite,1
3133,2026-04-06 00:03:00,EQ-039,Rio Verde,70.3,25.9,34.2,Arenoso,6.9,505.0,Pulverizacao,13.0,83.0,8.1,83.0,Noite,0
3134,2026-04-06 00:03:00,EQ-040,Cascavel,68.3,17.1,26.5,Argiloso,6.2,507.0,Colheita,5.0,105.0,10.5,96.0,Manha,0
3135,2026-04-06 00:09:00,EQ-029,Sorriso,70.2,33.9,35.3,Arenoso,17.2,1651.0,Plantio,3.0,35.0,12.3,63.0,Manha,0
3136,2026-04-06 01:19:00,EQ-033,Rio Verde,54.6,13.0,23.2,Argiloso,3.9,640.0,Transporte,3.0,292.0,7.3,55.0,Noite,0
3137,2026-04-06 02:03:00,EQ-028,Cascavel,94.8,19.4,28.4,Argiloso,5.2,265.0,Plantio,5.0,104.0,4.1,51.0,Noite,1
3138,2026-04-06 02:20:00,EQ-031,Sorriso,62.9,14.8,17.6,Argiloso,8.3,671.0,Colheita,12.0,268.0,5.5,86.0,Tarde,0
3139,2026-04-06 02:48:00,EQ-036,Nao-Me-Toque,82.4,27.2,29.2,Misto,3.9,117.0,Colheita,19.0,84.0,10.9,59.0,Tarde,1
3140,2026-04-06 03:12:00,EQ-032,Barreiras,35.7,7.5,30.3,Argiloso,19.3,1333.0,Plantio,3.0,217.0,13.2,73.0,Tarde,0
3141,2026-04-06 03:18:00,EQ-020,Sorriso,69.7,37.6,29.9,Argiloso,5.5,432.0,Pulverizacao,6.0,327.0,7.4,103.0,Manha,1
3142,2026-04-06 03:45:00,EQ-007,Rio Verde,28.2,64.5,34.9,Arenoso,3.1,1554.0,Plantio,13.0,106.0,3.3,63.0,Manha,0
3143,2026-04-06 04:48:00,EQ-003,Sorriso,27.2,44.3,16.0,Misto,2.7,1030.0,Pulverizacao,7.0,26.0,8.3,99.0,Noite,0
3144,2026-04-06 05:21:00,EQ-024,Nao-Me-Toque,51.5,59.3,14.7,Misto,19.8,57.0,Plantio,7.0,218.0,3.9,108.0,Tarde,0
3145,2026-04-06 05:46:00,EQ-036,Rio Verde,27.6,51.5,22.5,Encharcado,6.2,583.0,Plantio,6.0,133.0,5.0,101.0,Tarde,0
3146,2026-04-06 06:07:00,EQ-006,Barreiras,76.9,28.0,28.6,Arenoso,3.8,468.0,Plantio,7.0,74.0,12.9,94.0,Tarde,1
3147,2026-04-06 06:10:00,EQ-011,Lucas do Rio Verde,54.7,31.4,26.8,Argiloso,28.0,227.0,Colheita,0.0,398.0,3.0,79.0,Manha,0
3148,2026-04-06 06:21:00,EQ-028,Lucas do Rio Verde,40.2,11.1,27.8,Misto,10.4,144.0,Colheita,4.0,195.0,15.4,58.0,Manha,0
3149,2026-04-06 06:37:00,EQ-021,Nao-Me-Toque,83.7,48.1,31.6,Argiloso,2.2,1077.0,Transporte,14.0,250.0,10.1,84.0,Manha,1
3150,2026-04-06 06:40:00,EQ-030,Sorriso,31.8,4.0,30.5,Argiloso,25.4,333.0,Pulverizacao,11.0,223.0,8.8,98.0,Tarde,0
3151,2026-04-06 06:51:00,EQ-037,Lucas do Rio Verde,91.8,27.8,23.1,Argiloso,21.9,464.0,Colheita,10.0,399.0,9.9,81.0,Manha,1
3152,2026-04-06 07:35:00,EQ-001,Sorriso,83.0,45.2,24.6,Encharcado,3.9,765.0,Plantio,7.0,62.0,3.7,72.0,Tarde,1
3153,2026-04-06 07:39:00,EQ-007,Cascavel,48.8,61.4,19.1,Encharcado,7.7,375.0,Plantio,12.0,229.0,13.1,46.0,Noite,0
3154,2026-04-06 07:40:00,EQ-002,Nao-Me-Toque,50.4,6.3,22.7,Arenoso,3.8,237.0,Transporte,6.0,115.0,10.0,107.0,Manha,0
3155,2026-04-06 08:20:00,EQ-016,Lucas do Rio Verde,62.0,30.8,28.5,Encharcado,5.6,546.0,Plantio,20.0,243.0,9.9,96.0,Manha,1
3156,2026-04-06 08:42:00,EQ-038,Nao-Me-Toque,48.6,34.7,27.2,Misto,14.0,316.0,Transporte,23.0,372.0,3.8,98.0,Tarde,0
3157,2026-04-06 09:20:00,EQ-036,Cascavel,29.3,32.8,20.6,Misto,2.0,1868.0,Plantio,12.0,120.0,6.0,81.0,Noite,0
3158,2026-04-06 09:26:00,EQ-024,Rio Verde,34.5,30.2,33.8,Argiloso,12.1,1631.0,Plantio,4.0,41.0,10.7,85.0,Tarde,0
3159,2026-04-06 09:29:00,EQ-021,Nao-Me-Toque,49.4,44.3,26.4,Encharcado,9.2,51.0,Transporte,8.0,417.0,11.2,85.0,Tarde,0
3160,2026-04-06 10:25:00,EQ-028,Cascavel,47.9,64.6,33.7,Misto,2.0,588.0,Colheita,10.0,222.0,6.6,112.0,Tarde,1
3161,2026-04-06 10:43:00,EQ-029,Barreiras,49.9,58.3,32.4,Misto,1.4,430.0,Pulverizacao,6.0,207.0,11.6,85.0,Tarde,1
3162,2026-04-06 10:50:00,EQ-038,Barreiras,62.7,15.8,17.1,Arenoso,18.4,1261.0,Plantio,7.0,112.0,10.3,78.0,Tarde,0
3163,2026-04-06 11:02:00,EQ-032,Cascavel,41.0,50.8,30.3,Argiloso,1.7,353.0,Pulverizacao,5.0,116.0,5.9,91.0,Tarde,0
3164,2026-04-06 11:03:00,EQ-016,Cascavel,59.6,29.5,32.3,Argiloso,16.3,150.0,Plantio,11.0,72.0,10.4,80.0,Manha,0
3165,2026-04-06 11:33:00,EQ-011,Nao-Me-Toque,87.0,6.6,26.8,Encharcado,7.8,808.0,Colheita,1.0,600.0,10.9,76.0,Tarde,0
3166,2026-04-06 11:51:00,EQ-037,Rio Verde,50.2,81.4,25.7,Arenoso,8.8,482.0,Pulverizacao,5.0,92.0,4.0,76.0,Tarde,0
3167,2026-04-06 12:11:00,EQ-013,Barreiras,64.3,29.6,30.0,Misto,16.2,1206.0,Transporte,16.0,309.0,2.9,61.0,Tarde,0
3168,2026-04-06 12:39:00,EQ-006,Barreiras,48.6,26.6,34.1,Encharcado,7.7,507.0,Transporte,11.0,40.0,8.8,64.0,Tarde,0
3169,2026-04-06 12:56:00,EQ-039,Lucas do Rio Verde,59.3,29.0,21.8,Arenoso,35.0,592.0,Plantio,8.0,105.0,6.8,56.0,Manha,0
3170,2026-04-06 13:06:00,EQ-016,Lucas do Rio Verde,66.0,10.5,27.1,Arenoso,10.1,329.0,Transporte,8.0,134.0,3.5,90.0,Manha,0
3171,2026-04-06 13:11:00,EQ-036,Rio Verde,53.8,20.5,34.1,Argiloso,4.0,1080.0,Colheita,3.0,96.0,9.8,98.0,Manha,0
3172,2026-04-06 13:12:00,EQ-021,Cascavel,61.1,26.6,28.4,Arenoso,6.3,580.0,Transporte,9.0,202.0,11.0,85.0,Manha,0
3173,2026-04-06 13:46:00,EQ-040,Barreiras,68.2,56.2,37.1,Misto,6.4,215.0,Colheita,7.0,117.0,4.7,97.0,Tarde,1
3174,2026-04-06 14:09:00,EQ-037,Sorriso,18.6,39.0,36.2,Argiloso,16.1,1045.0,Transporte,7.0,126.0,5.8,62.0,Manha,1
3175,2026-04-06 14:35:00,EQ-005,Barreiras,39.2,27.0,22.5,Arenoso,11.2,876.0,Pulverizacao,22.0,202.0,2.1,87.0,Tarde,0
3176,2026-04-06 14:43:00,EQ-029,Barreiras,73.8,25.8,16.9,Misto,10.3,1326.0,Transporte,5.0,82.0,8.5,72.0,Tarde,0
3177,2026-04-06 14:48:00,EQ-029,Cascavel,72.4,83.0,33.2,Argiloso,12.0,740.0,Plantio,11.0,199.0,10.5,76.0,Noite,1
3178,2026-04-06 14:57:00,EQ-006,Nao-Me-Toque,56.7,113.8,25.8,Misto,4.9,397.0,Plantio,3.0,93.0,8.0,120.0,Tarde,0
3179,2026-04-06 15:13:00,EQ-035,Lucas do Rio Verde,65.9,38.1,27.9,Argiloso,8.7,131.0,Transporte,7.0,77.0,0.7,69.0,Tarde,1
3180,2026-04-06 15:34:00,EQ-001,Lucas do Rio Verde,57.6,13.0,32.0,Misto,9.1,1023.0,Plantio,9.0,326.0,9.9,64.0,Noite,0
3181,2026-04-06 15:38:00,EQ-021,Sorriso,82.0,18.4,28.3,Argiloso,5.5,1047.0,Plantio,8.0,237.0,10.4,46.0,Tarde,0
3182,2026-04-06 15:39:00,EQ-017,Lucas do Rio Verde,45.6,31.2,24.8,Arenoso,11.9,793.0,Colheita,4.0,146.0,9.8,51.0,Tarde,0
3183,2026-04-06 16:37:00,EQ-007,Rio Verde,48.9,26.6,20.4,Misto,9.5,165.0,Plantio,7.0,459.0,8.0,60.0,Tarde,0
3184,2026-04-06 17:10:00,EQ-001,Rio Verde,50.0,12.0,25.2,Argiloso,5.0,477.0,Colheita,6.0,119.0,8.9,98.0,Manha,0
3185,2026-04-06 17:12:00,EQ-037,Cascavel,20.9,58.7,36.2,Argiloso,7.2,1298.0,Pulverizacao,7.0,230.0,3.7,76.0,Tarde,0
3186,2026-04-06 17:18:00,EQ-005,Lucas do Rio Verde,46.6,41.9,15.0,Arenoso,16.2,684.0,Transporte,5.0,89.0,7.9,72.0,Manha,0
3187,2026-04-06 17:21:00,EQ-004,Sorriso,93.5,22.0,26.2,Misto,8.2,176.0,Plantio,3.0,600.0,9.0,87.0,Tarde,1
3188,2026-04-06 18:01:00,EQ-007,Sorriso,88.6,38.3,28.5,Arenoso,12.0,108.0,Pulverizacao,7.0,133.0,10.7,56.0,Manha,1
3189,2026-04-06 18:05:00,EQ-021,Nao-Me-Toque,83.8,94.2,33.0,Argiloso,5.2,1210.0,Transporte,6.0,321.0,11.6,73.0,Manha,1
3190,2026-04-06 18:13:00,EQ-028,Lucas do Rio Verde,42.8,18.3,22.5,Misto,24.8,345.0,Plantio,9.0,150.0,8.6,79.0,Tarde,0
3191,2026-04-06 18:16:00,EQ-006,Cascavel,59.4,22.6,32.3,Encharcado,9.3,550.0,Pulverizacao,6.0,88.0,6.1,73.0,Manha,1
3192,2026-04-06 18:18:00,EQ-026,Barreiras,40.5,23.8,32.4,Encharcado,6.7,430.0,Plantio,8.0,38.0,7.0,63.0,Manha,0
3193,2026-04-06 18:58:00,EQ-004,Barreiras,46.7,52.7,20.7,Misto,14.6,1072.0,Colheita,4.0,142.0,5.4,105.0,Noite,0
3194,2026-04-06 18:58:00,EQ-006,Nao-Me-Toque,54.6,23.0,25.2,Misto,1.0,417.0,Plantio,11.0,200.0,4.2,72.0,Manha,0
3195,2026-04-06 19:11:00,EQ-017,Lucas do Rio Verde,55.1,27.1,31.7,Arenoso,8.5,639.0,Transporte,3.0,148.0,4.3,84.0,Manha,0
3196,2026-04-06 19:13:00,EQ-015,Rio Verde,64.6,35.1,35.3,Argiloso,14.9,682.0,Colheita,2.0,151.0,6.6,85.0,Noite,0
3197,2026-04-06 19:24:00,EQ-002,Rio Verde,69.1,38.7,23.5,Arenoso,4.3,854.0,Colheita,14.0,172.0,5.7,40.0,Manha,0
3198,2026-04-06 19:31:00,EQ-032,Barreiras,32.8,46.1,24.4,Arenoso,7.2,435.0,Transporte,8.0,114.0,5.5,61.0,Manha,0
3199,2026-04-06 19:38:00,EQ-038,Sorriso,12.0,70.5,39.8,Arenoso,19.3,441.0,Colheita,13.0,137.0,14.3,91.0,Tarde,0
3200,2026-04-06 19:42:00,EQ-033,Nao-Me-Toque,43.3,42.0,21.4,Argiloso,4.3,993.0,Pulverizacao,4.0,15.0,4.2,87.0,Tarde,0
3201,2026-04-06 19:48:00,EQ-024,Rio Verde,68.9,52.0,32.1,Encharcado,24.5,534.0,Colheita,7.0,152.0,13.9,78.0,Manha,1
3202,2026-04-06 21:12:00,EQ-007,Cascavel,97.1,29.9,26.6,Misto,3.8,744.0,Pulverizacao,9.0,156.0,3.1,57.0,Tarde,0
3203,2026-04-06 21:16:00,EQ-016,Nao-Me-Toque,25.3,13.0,22.1,Misto,18.8,1262.0,Plantio,12.0,255.0,5.9,77.0,Tarde,0
3204,2026-04-06 21:18:00,EQ-036,Nao-Me-Toque,58.1,67.1,36.5,Argiloso,13.2,461.0,Colheita,4.0,256.0,9.3,72.0,Manha,0
3205,2026-04-06 21:27:00,EQ-003,Rio Verde,66.2,58.1,37.3,Arenoso,7.0,1257.0,Pulverizacao,3.0,228.0,5.8,65.0,Manha,0
3206,2026-04-06 22:22:00,EQ-015,Nao-Me-Toque,52.9,14.7,30.7,Arenoso,9.1,780.0,Plantio,14.0,152.0,10.5,57.0,Manha,0
3207,2026-04-06 22:50:00,EQ-017,Sorriso,18.8,29.8,21.3,Arenoso,13.3,1127.0,Transporte,13.0,234.0,9.3,101.0,Tarde,0
3208,2026-04-06 23:11:00,EQ-030,Barreiras,87.9,18.2,17.8,Arenoso,27.2,501.0,Colheita,6.0,14.0,10.2,86.0,Manha,1
3209,2026-04-06 23:24:00,EQ-003,Rio Verde,33.4,28.5,30.8,Misto,6.0,325.0,Pulverizacao,6.0,197.0,7.6,79.0,Manha,0
3210,2026-04-06 23:46:00,EQ-019,Nao-Me-Toque,29.6,34.2,31.4,Argiloso,4.8,791.0,Colheita,3.0,65.0,11.8,66.0,Manha,0
3211,2026-04-06 23:46:00,EQ-025,Sorriso,34.6,18.9,27.9,Misto,9.9,48.0,Plantio,5.0,457.0,6.8,86.0,Tarde,0
3212,2026-04-07 00:13:00,EQ-005,Cascavel,56.8,24.6,27.9,Argiloso,18.6,809.0,Pulverizacao,11.0,378.0,6.7,87.0,Tarde,0
3213,2026-04-07 00:18:00,EQ-020,Rio Verde,5.0,5.8,21.2,Arenoso,5.6,979.0,Plantio,25.0,295.0,6.6,103.0,Noite,0
3214,2026-04-07 00:31:00,EQ-012,Lucas do Rio Verde,14.8,29.7,29.0,Misto,2.3,240.0,Plantio,25.0,109.0,12.6,84.0,Tarde,0
3215,2026-04-07 01:28:00,EQ-038,Nao-Me-Toque,83.7,20.6,33.3,Arenoso,11.2,677.0,Colheita,14.0,131.0,7.2,83.0,Tarde,0
3216,2026-04-07 01:29:00,EQ-022,Cascavel,49.3,49.3,19.9,Misto,5.9,91.0,Pulverizacao,3.0,154.0,9.9,90.0,Manha,0
3217,2026-04-07 02:16:00,EQ-009,Lucas do Rio Verde,77.4,25.9,17.4,Argiloso,4.8,1150.0,Colheita,16.0,282.0,7.9,68.0,Noite,0
3218,2026-04-07 02:30:00,EQ-007,Sorriso,24.2,44.6,30.0,Misto,2.8,166.0,Plantio,2.0,46.0,5.9,84.0,Manha,0
3219,2026-04-07 02:55:00,EQ-029,Lucas do Rio Verde,41.6,6.9,29.4,Argiloso,12.8,993.0,Transporte,11.0,164.0,2.9,77.0,Manha,0
3220,2026-04-07 03:09:00,EQ-019,Lucas do Rio Verde,59.0,3.3,28.6,Argiloso,29.0,371.0,Colheita,4.0,68.0,9.7,79.0,Tarde,0
3221,2026-04-07 03:22:00,EQ-032,Nao-Me-Toque,60.5,28.5,44.6,Encharcado,17.2,920.0,Colheita,5.0,61.0,8.9,72.0,Manha,0
3222,2026-04-07 03:48:00,EQ-008,Lucas do Rio Verde,34.6,10.4,30.2,Misto,9.7,742.0,Transporte,15.0,62.0,2.7,63.0,Noite,0
3223,2026-04-07 03:51:00,EQ-031,Sorriso,56.9,59.2,41.9,Arenoso,3.8,567.0,Plantio,7.0,173.0,3.7,115.0,Tarde,0
3224,2026-04-07 03:51:00,EQ-017,Cascavel,52.4,41.9,21.1,Misto,5.5,672.0,Plantio,2.0,195.0,13.5,100.0,Noite,0
3225,2026-04-07 04:05:00,EQ-007,Lucas do Rio Verde,43.5,9.1,18.5,Argiloso,4.9,479.0,Colheita,4.0,133.0,6.5,84.0,Manha,0
3226,2026-04-07 04:13:00,EQ-017,Nao-Me-Toque,53.2,40.2,20.8,Encharcado,3.5,1027.0,Plantio,10.0,273.0,6.7,97.0,Tarde,0
3227,2026-04-07 04:36:00,EQ-037,Barreiras,55.6,25.8,30.0,Argiloso,7.7,852.0,Colheita,4.0,433.0,4.7,66.0,Manha,0
3228,2026-04-07 05:56:00,EQ-019,Nao-Me-Toque,47.6,33.8,25.7,Arenoso,17.2,96.0,Plantio,9.0,212.0,2.0,79.0,Manha,0
3229,2026-04-07 06:04:00,EQ-019,Lucas do Rio Verde,56.6,52.6,22.7,Encharcado,15.8,634.0,Pulverizacao,3.0,24.0,7.4,65.0,Manha,0
3230,2026-04-07 06:38:00,EQ-017,Sorriso,28.4,44.7,20.5,Argiloso,5.6,273.0,Colheita,2.0,61.0,6.7,70.0,Tarde,0
3231,2026-04-07 06:39:00,EQ-022,Barreiras,56.6,83.7,29.4,Encharcado,8.6,295.0,Colheita,20.0,403.0,6.7,94.0,Manha,1
3232,2026-04-07 06:41:00,EQ-009,Rio Verde,61.2,15.9,18.3,Arenoso,6.1,649.0,Plantio,5.0,146.0,1.5,95.0,Manha,0
3233,2026-04-07 06:56:00,EQ-018,Sorriso,55.5,153.5,29.9,Misto,8.9,978.0,Pulverizacao,3.0,126.0,5.4,48.0,Manha,1
3234,2026-04-07 07:27:00,EQ-030,Nao-Me-Toque,6.3,26.2,24.2,Arenoso,11.3,1130.0,Plantio,10.0,71.0,11.3,102.0,Manha,0
3235,2026-04-07 07:35:00,EQ-038,Nao-Me-Toque,74.4,16.8,31.6,Argiloso,4.2,931.0,Pulverizacao,3.0,123.0,7.0,64.0,Tarde,0
3236,2026-04-07 07:53:00,EQ-035,Rio Verde,62.6,12.1,32.0,Argiloso,1.7,828.0,Pulverizacao,12.0,179.0,5.2,87.0,Noite,1
3237,2026-04-07 08:37:00,EQ-026,Lucas do Rio Verde,53.6,6.0,23.0,Encharcado,5.0,623.0,Plantio,5.0,87.0,0.0,69.0,Tarde,0
3238,2026-04-07 09:17:00,EQ-025,Cascavel,28.0,19.7,20.6,Misto,1.0,285.0,Pulverizacao,13.0,106.0,12.7,102.0,Tarde,1
3239,2026-04-07 09:20:00,EQ-007,Barreiras,79.7,43.4,33.6,Arenoso,2.6,88.0,Colheita,8.0,138.0,3.3,57.0,Tarde,1
3240,2026-04-07 09:52:00,EQ-012,Cascavel,71.1,70.5,28.8,Encharcado,11.6,430.0,Plantio,14.0,48.0,6.5,101.0,Tarde,0
3241,2026-04-07 10:18:00,EQ-011,Lucas do Rio Verde,60.9,30.4,19.6,Misto,4.1,232.0,Plantio,19.0,209.0,10.6,84.0,Manha,0
3242,2026-04-07 10:32:00,EQ-039,Nao-Me-Toque,44.3,102.3,37.6,Encharcado,12.1,571.0,Pulverizacao,4.0,149.0,9.1,95.0,Manha,1
3243,2026-04-07 10:51:00,EQ-010,Nao-Me-Toque,24.9,79.1,30.2,Arenoso,9.9,567.0,Plantio,3.0,68.0,10.5,74.0,Noite,0
3244,2026-04-07 10:56:00,EQ-002,Lucas do Rio Verde,61.1,35.5,29.8,Arenoso,4.4,709.0,Plantio,7.0,147.0,8.1,73.0,Manha,0
3245,2026-04-07 11:13:00,EQ-001,Nao-Me-Toque,53.2,43.3,19.0,Argiloso,12.7,1288.0,Colheita,2.0,340.0,4.6,69.0,Tarde,0
3246,2026-04-07 11:19:00,EQ-035,Sorriso,57.1,6.0,29.4,Arenoso,6.8,855.0,Colheita,16.0,90.0,8.8,55.0,Noite,0
3247,2026-04-07 11:44:00,EQ-009,Rio Verde,65.6,71.7,23.6,Argiloso,18.7,1092.0,Colheita,4.0,184.0,12.7,105.0,Noite,0
3248,2026-04-07 11:45:00,EQ-023,Barreiras,72.6,32.1,21.9,Arenoso,3.1,231.0,Plantio,8.0,181.0,5.5,80.0,Tarde,1
3249,2026-04-07 12:07:00,EQ-005,Nao-Me-Toque,67.2,78.1,29.4,Argiloso,10.8,365.0,Pulverizacao,10.0,34.0,8.4,70.0,Tarde,1
3250,2026-04-07 12:09:00,EQ-024,Rio Verde,38.0,10.9,29.4,Misto,1.4,62.0,Pulverizacao,9.0,164.0,2.0,71.0,Noite,0
3251,2026-04-07 12:43:00,EQ-014,Nao-Me-Toque,41.3,35.1,25.3,Misto,17.0,322.0,Pulverizacao,10.0,245.0,10.1,73.0,Manha,0
3252,2026-04-07 12:45:00,EQ-012,Rio Verde,80.0,22.6,23.5,Argiloso,6.6,779.0,Plantio,12.0,201.0,3.0,55.0,Tarde,0
3253,2026-04-07 13:01:00,EQ-019,Cascavel,29.9,27.0,30.8,Misto,9.6,329.0,Colheita,8.0,103.0,12.7,108.0,Manha,0
3254,2026-04-07 13:05:00,EQ-001,Lucas do Rio Verde,52.8,34.5,24.6,Misto,22.4,269.0,Plantio,1.0,118.0,8.3,101.0,Tarde,0
3255,2026-04-07 13:33:00,EQ-029,Cascavel,41.5,28.3,23.9,Argiloso,10.1,1894.0,Plantio,6.0,186.0,8.2,78.0,Manha,0
3256,2026-04-07 14:07:00,EQ-007,Cascavel,85.3,47.7,29.8,Misto,2.0,132.0,Plantio,10.0,20.0,4.7,58.0,Tarde,0
3257,2026-04-07 14:38:00,EQ-016,Cascavel,49.8,27.9,32.3,Argiloso,19.7,745.0,Colheita,4.0,214.0,6.5,86.0,Manha,1
3258,2026-04-07 14:54:00,EQ-015,Nao-Me-Toque,80.2,71.7,20.9,Arenoso,3.4,480.0,Pulverizacao,8.0,359.0,2.1,45.0,Tarde,0
3259,2026-04-07 15:04:00,EQ-032,Rio Verde,57.3,51.8,29.2,Misto,5.3,968.0,Colheita,4.0,106.0,15.3,106.0,Manha,0
3260,2026-04-07 15:37:00,EQ-036,Sorriso,33.8,46.1,26.1,Misto,10.0,548.0,Plantio,9.0,225.0,4.7,78.0,Tarde,0
3261,2026-04-07 16:09:00,EQ-035,Cascavel,52.6,19.7,27.8,Arenoso,11.3,170.0,Pulverizacao,9.0,117.0,9.6,89.0,Tarde,0
3262,2026-04-07 16:38:00,EQ-013,Barreiras,68.3,49.5,29.5,Argiloso,6.7,875.0,Colheita,13.0,185.0,5.5,89.0,Tarde,0
3263,2026-04-07 16:44:00,EQ-034,Rio Verde,71.2,9.9,21.5,Misto,7.7,1236.0,Pulverizacao,13.0,65.0,3.9,78.0,Manha,0
3264,2026-04-07 16:51:00,EQ-025,Cascavel,59.0,74.5,18.9,Misto,28.4,161.0,Pulverizacao,4.0,327.0,8.6,49.0,Noite,0
3265,2026-04-07 16:53:00,EQ-028,Barreiras,58.4,39.1,20.5,Misto,5.5,289.0,Colheita,1.0,216.0,10.1,61.0,Tarde,0
3266,2026-04-07 18:38:00,EQ-040,Cascavel,61.2,24.3,26.6,Arenoso,11.2,925.0,Pulverizacao,12.0,159.0,8.4,83.0,Tarde,1
3267,2026-04-07 19:04:00,EQ-036,Lucas do Rio Verde,54.0,19.0,23.9,Misto,7.8,339.0,Plantio,5.0,20.0,5.4,83.0,Manha,0
3268,2026-04-07 19:17:00,EQ-027,Rio Verde,86.1,29.3,14.3,Argiloso,24.5,503.0,Pulverizacao,5.0,72.0,12.0,68.0,Manha,1
3269,2026-04-07 19:18:00,EQ-022,Nao-Me-Toque,54.4,57.3,35.7,Argiloso,21.4,407.0,Colheita,6.0,176.0,7.4,108.0,Manha,0
3270,2026-04-07 19:21:00,EQ-039,Barreiras,47.4,2.5,29.2,Arenoso,4.8,252.0,Transporte,11.0,452.0,7.4,71.0,Manha,0
3271,2026-04-07 19:29:00,EQ-040,Barreiras,29.9,103.2,31.1,Encharcado,2.7,1049.0,Colheita,1.0,122.0,7.2,71.0,Tarde,1
3272,2026-04-07 19:37:00,EQ-037,Nao-Me-Toque,58.9,38.9,34.4,Arenoso,16.4,315.0,Plantio,7.0,180.0,10.6,88.0,Manha,0
3273,2026-04-07 20:19:00,EQ-037,Nao-Me-Toque,54.8,34.6,30.0,Misto,9.4,506.0,Colheita,11.0,142.0,5.3,67.0,Manha,0
3274,2026-04-07 20:23:00,EQ-008,Lucas do Rio Verde,62.9,41.8,25.0,Argiloso,1.5,738.0,Plantio,11.0,52.0,9.2,85.0,Noite,0
3275,2026-04-07 20:27:00,EQ-005,Rio Verde,60.6,24.6,37.0,Arenoso,5.5,670.0,Pulverizacao,1.0,360.0,7.3,73.0,Noite,0
3276,2026-04-07 20:45:00,EQ-032,Rio Verde,20.3,54.5,25.1,Encharcado,17.7,342.0,Plantio,2.0,50.0,10.1,68.0,Manha,0
3277,2026-04-07 21:01:00,EQ-004,Barreiras,70.3,58.5,21.3,Arenoso,1.9,1668.0,Transporte,5.0,232.0,6.9,103.0,Manha,0
3278,2026-04-07 21:32:00,EQ-009,Lucas do Rio Verde,68.6,25.4,28.9,Arenoso,14.1,434.0,Plantio,20.0,280.0,9.8,90.0,Tarde,1
3279,2026-04-07 21:37:00,EQ-017,Nao-Me-Toque,61.4,38.8,37.2,Arenoso,20.9,1343.0,Colheita,15.0,152.0,6.5,66.0,Tarde,0
3280,2026-04-07 21:41:00,EQ-002,Cascavel,61.7,52.4,27.3,Argiloso,3.2,2000.0,Plantio,4.0,290.0,10.7,63.0,Manha,0
3281,2026-04-07 21:42:00,EQ-034,Lucas do Rio Verde,19.8,9.4,26.1,Arenoso,14.2,742.0,Transporte,1.0,104.0,11.1,63.0,Tarde,0
3282,2026-04-07 22:41:00,EQ-033,Lucas do Rio Verde,15.2,51.8,28.2,Argiloso,26.1,126.0,Plantio,2.0,164.0,7.2,82.0,Manha,0
3283,2026-04-08 00:57:00,EQ-004,Nao-Me-Toque,50.6,97.0,37.0,Encharcado,10.5,433.0,Colheita,6.0,136.0,7.5,115.0,Tarde,1
3284,2026-04-08 01:08:00,EQ-035,Rio Verde,72.8,13.2,18.7,Encharcado,3.2,340.0,Pulverizacao,11.0,339.0,8.0,40.0,Tarde,1
3285,2026-04-08 01:15:00,EQ-018,Sorriso,29.4,58.8,29.8,Encharcado,5.0,387.0,Transporte,5.0,51.0,3.6,89.0,Manha,0
3286,2026-04-08 01:40:00,EQ-008,Sorriso,39.7,41.3,29.8,Misto,2.1,717.0,Colheita,3.0,128.0,4.6,70.0,Noite,0
3287,2026-04-08 01:41:00,EQ-019,Sorriso,32.2,24.2,17.4,Misto,10.2,776.0,Colheita,5.0,172.0,6.3,83.0,Tarde,0
3288,2026-04-08 02:34:00,EQ-038,Sorriso,53.3,69.8,21.0,Misto,6.6,497.0,Plantio,8.0,280.0,4.6,67.0,Tarde,0
3289,2026-04-08 02:47:00,EQ-034,Cascavel,42.6,25.3,27.9,Arenoso,1.6,161.0,Colheita,10.0,287.0,8.8,82.0,Manha,0
3290,2026-04-08 03:00:00,EQ-031,Cascavel,72.4,47.9,32.4,Argiloso,20.4,1209.0,Colheita,2.0,205.0,9.5,77.0,Manha,0
3291,2026-04-08 03:20:00,EQ-024,Cascavel,58.5,20.7,26.8,Encharcado,5.7,439.0,Colheita,5.0,124.0,9.4,82.0,Manha,1
3292,2026-04-08 03:20:00,EQ-034,Nao-Me-Toque,55.1,42.6,24.9,Misto,1.9,656.0,Plantio,18.0,309.0,7.8,105.0,Manha,1
3293,2026-04-08 03:29:00,EQ-013,Barreiras,38.7,42.2,28.7,Argiloso,5.5,948.0,Plantio,8.0,67.0,5.6,85.0,Manha,0
3294,2026-04-08 03:37:00,EQ-019,Nao-Me-Toque,61.6,77.3,22.2,Arenoso,11.7,498.0,Colheita,16.0,32.0,9.8,87.0,Noite,1
3295,2026-04-08 03:47:00,EQ-013,Barreiras,76.3,11.8,26.4,Arenoso,11.2,1132.0,Pulverizacao,6.0,209.0,5.3,69.0,Noite,0
3296,2026-04-08 03:54:00,EQ-006,Lucas do Rio Verde,40.4,58.2,17.4,Argiloso,0.4,496.0,Pulverizacao,4.0,223.0,8.7,75.0,Manha,0
3297,2026-04-08 04:29:00,EQ-026,Rio Verde,69.0,54.5,17.1,Arenoso,5.4,205.0,Plantio,9.0,194.0,9.6,83.0,Tarde,1
3298,2026-04-08 04:41:00,EQ-003,Rio Verde,95.4,20.5,32.5,Arenoso,14.7,288.0,Colheita,9.0,40.0,11.2,75.0,Noite,1
3299,2026-04-08 04:41:00,EQ-007,Barreiras,54.1,66.0,24.8,Encharcado,4.9,1153.0,Transporte,4.0,168.0,4.4,70.0,Tarde,0
3300,2026-04-08 05:23:00,EQ-004,Barreiras,49.9,42.3,29.4,Arenoso,1.3,393.0,Transporte,3.0,95.0,2.8,95.0,Tarde,0
3301,2026-04-08 05:25:00,EQ-027,Cascavel,24.9,1.7,29.9,Arenoso,26.5,469.0,Pulverizacao,1.0,193.0,9.4,85.0,Tarde,0
3302,2026-04-08 05:31:00,EQ-016,Lucas do Rio Verde,83.2,9.2,37.3,Argiloso,15.3,492.0,Plantio,5.0,158.0,6.4,108.0,Tarde,1
3303,2026-04-08 05:32:00,EQ-028,Lucas do Rio Verde,76.6,29.3,22.8,Encharcado,12.3,1088.0,Colheita,9.0,151.0,12.2,80.0,Noite,0
3304,2026-04-08 06:00:00,EQ-001,Cascavel,32.5,40.8,26.3,Arenoso,18.9,990.0,Pulverizacao,4.0,61.0,12.6,109.0,Tarde,0
3305,2026-04-08 06:01:00,EQ-011,Cascavel,100.0,27.7,13.3,Argiloso,7.8,815.0,Colheita,5.0,221.0,10.1,81.0,Noite,0
3306,2026-04-08 06:02:00,EQ-029,Sorriso,60.7,90.3,23.1,Arenoso,6.2,721.0,Plantio,8.0,204.0,7.9,61.0,Manha,0
3307,2026-04-08 06:03:00,EQ-015,Sorriso,50.2,9.9,21.3,Misto,2.5,269.0,Colheita,12.0,148.0,10.7,78.0,Manha,0
3308,2026-04-08 06:10:00,EQ-009,Nao-Me-Toque,53.9,44.7,31.3,Misto,13.7,735.0,Plantio,6.0,247.0,5.1,46.0,Tarde,0
3309,2026-04-08 06:16:00,EQ-026,Cascavel,65.3,78.8,26.7,Argiloso,12.8,1099.0,Colheita,1.0,145.0,5.9,59.0,Tarde,0
3310,2026-04-08 06:25:00,EQ-003,Sorriso,94.9,50.7,25.5,Arenoso,2.4,338.0,Colheita,5.0,66.0,6.5,97.0,Manha,1
3311,2026-04-08 07:26:00,EQ-024,Cascavel,57.7,12.2,24.9,Misto,17.0,823.0,Pulverizacao,12.0,35.0,10.0,87.0,Manha,0
3312,2026-04-08 07:29:00,EQ-017,Nao-Me-Toque,55.0,105.6,31.0,Argiloso,2.7,121.0,Pulverizacao,3.0,83.0,9.3,83.0,Noite,1
3313,2026-04-08 07:33:00,EQ-040,Nao-Me-Toque,53.1,38.6,31.5,Argiloso,1.9,154.0,Pulverizacao,2.0,239.0,5.4,55.0,Tarde,0
3314,2026-04-08 07:44:00,EQ-024,Cascavel,30.5,40.3,26.8,Argiloso,4.0,366.0,Colheita,11.0,67.0,1.4,48.0,Manha,0
3315,2026-04-08 07:56:00,EQ-016,Cascavel,35.3,63.8,31.4,Argiloso,37.5,302.0,Pulverizacao,6.0,141.0,8.3,99.0,Noite,1
3316,2026-04-08 08:16:00,EQ-001,Rio Verde,37.2,15.1,28.5,Arenoso,11.8,637.0,Transporte,1.0,212.0,5.8,119.0,Manha,0
3317,2026-04-08 08:30:00,EQ-026,Lucas do Rio Verde,46.9,23.9,20.7,Arenoso,7.9,658.0,Pulverizacao,7.0,142.0,8.3,86.0,Manha,0
3318,2026-04-08 08:40:00,EQ-032,Cascavel,59.4,4.6,22.6,Misto,10.8,1052.0,Plantio,7.0,70.0,6.3,69.0,Manha,0
3319,2026-04-08 08:44:00,EQ-036,Nao-Me-Toque,29.6,46.3,24.2,Arenoso,10.6,939.0,Plantio,9.0,62.0,7.1,80.0,Tarde,0
3320,2026-04-08 09:05:00,EQ-032,Rio Verde,58.4,22.5,29.6,Misto,6.4,644.0,Colheita,8.0,104.0,1.4,93.0,Manha,0
3321,2026-04-08 09:11:00,EQ-015,Cascavel,20.4,27.3,32.4,Arenoso,7.2,388.0,Colheita,5.0,265.0,4.4,70.0,Manha,0
3322,2026-04-08 09:37:00,EQ-033,Cascavel,54.3,120.9,29.5,Misto,23.2,1586.0,Transporte,4.0,311.0,7.0,84.0,Manha,0
3323,2026-04-08 09:49:00,EQ-028,Lucas do Rio Verde,67.7,8.8,24.2,Argiloso,7.0,464.0,Pulverizacao,2.0,218.0,8.1,59.0,Noite,0
3324,2026-04-08 09:56:00,EQ-027,Lucas do Rio Verde,76.2,64.6,28.6,Argiloso,19.2,667.0,Pulverizacao,11.0,197.0,12.4,40.0,Noite,0
3325,2026-04-08 09:59:00,EQ-020,Rio Verde,47.6,17.1,33.7,Encharcado,2.0,627.0,Plantio,5.0,98.0,10.5,111.0,Tarde,0
3326,2026-04-08 10:04:00,EQ-024,Sorriso,62.0,102.2,36.8,Encharcado,4.5,716.0,Pulverizacao,12.0,79.0,10.2,84.0,Tarde,1
3327,2026-04-08 10:22:00,EQ-013,Nao-Me-Toque,61.8,17.3,30.4,Misto,0.6,678.0,Colheita,10.0,274.0,7.3,77.0,Noite,0
3328,2026-04-08 10:33:00,EQ-024,Nao-Me-Toque,53.1,42.8,42.3,Encharcado,12.3,524.0,Colheita,6.0,267.0,5.5,106.0,Tarde,0
3329,2026-04-08 10:40:00,EQ-014,Lucas do Rio Verde,74.9,15.9,33.6,Misto,6.7,352.0,Plantio,2.0,477.0,11.1,85.0,Manha,1
3330,2026-04-08 10:53:00,EQ-017,Nao-Me-Toque,45.3,25.2,28.2,Arenoso,7.0,1109.0,Plantio,2.0,235.0,5.2,76.0,Manha,0
3331,2026-04-08 10:54:00,EQ-007,Sorriso,49.7,31.5,27.9,Misto,9.2,330.0,Transporte,9.0,228.0,10.4,54.0,Tarde,0
3332,2026-04-08 10:56:00,EQ-016,Nao-Me-Toque,73.3,29.9,34.7,Misto,12.4,536.0,Plantio,8.0,28.0,4.6,84.0,Tarde,1
3333,2026-04-08 11:00:00,EQ-007,Rio Verde,62.7,46.0,19.6,Argiloso,2.2,529.0,Pulverizacao,4.0,71.0,4.2,74.0,Manha,1
3334,2026-04-08 11:49:00,EQ-022,Sorriso,52.9,42.0,21.8,Argiloso,10.8,295.0,Plantio,7.0,224.0,4.2,88.0,Manha,0
3335,2026-04-08 12:05:00,EQ-031,Sorriso,35.1,21.3,25.1,Encharcado,12.8,185.0,Pulverizacao,11.0,107.0,5.9,98.0,Tarde,1
3336,2026-04-08 12:27:00,EQ-031,Lucas do Rio Verde,73.1,24.6,17.9,Argiloso,11.5,243.0,Colheita,11.0,65.0,10.3,80.0,Tarde,1
3337,2026-04-08 12:27:00,EQ-030,Barreiras,51.6,15.3,25.5,Encharcado,13.4,317.0,Plantio,6.0,83.0,5.8,110.0,Manha,0
3338,2026-04-08 13:05:00,EQ-007,Sorriso,56.1,20.3,32.2,Misto,9.5,1455.0,Plantio,7.0,10.0,11.6,120.0,Manha,0
3339,2026-04-08 13:17:00,EQ-011,Nao-Me-Toque,22.1,26.0,33.0,Misto,14.2,2000.0,Colheita,9.0,19.0,10.3,103.0,Manha,0
3340,2026-04-08 13:40:00,EQ-032,Sorriso,26.6,13.0,27.6,Arenoso,39.3,238.0,Plantio,8.0,343.0,4.1,71.0,Tarde,0
3341,2026-04-08 14:14:00,EQ-027,Rio Verde,53.1,23.5,29.0,Misto,21.3,705.0,Plantio,4.0,246.0,9.4,101.0,Manha,0
3342,2026-04-08 15:49:00,EQ-028,Sorriso,75.2,19.9,28.8,Argiloso,5.5,896.0,Colheita,4.0,104.0,8.0,82.0,Tarde,1
3343,2026-04-08 16:00:00,EQ-004,Lucas do Rio Verde,55.3,32.7,26.5,Misto,21.4,480.0,Colheita,8.0,24.0,5.8,54.0,Tarde,0
3344,2026-04-08 16:13:00,EQ-031,Barreiras,53.1,30.2,19.3,Encharcado,11.3,352.0,Pulverizacao,7.0,247.0,4.9,50.0,Manha,0
3345,2026-04-08 16:35:00,EQ-010,Sorriso,31.8,55.1,25.3,Argiloso,6.0,54.0,Pulverizacao,14.0,248.0,5.7,86.0,Manha,0
3346,2026-04-08 17:27:00,EQ-001,Cascavel,49.8,24.8,30.9,Argiloso,12.4,345.0,Colheita,20.0,186.0,8.3,65.0,Manha,0
3347,2026-04-08 17:46:00,EQ-011,Nao-Me-Toque,36.7,25.7,26.3,Arenoso,7.4,393.0,Transporte,16.0,429.0,7.7,65.0,Tarde,0
3348,2026-04-08 17:51:00,EQ-015,Lucas do Rio Verde,58.3,40.4,24.4,Argiloso,17.6,656.0,Pulverizacao,11.0,35.0,7.6,72.0,Noite,0
3349,2026-04-08 17:52:00,EQ-026,Cascavel,72.6,57.1,34.7,Encharcado,8.0,961.0,Pulverizacao,9.0,241.0,13.3,107.0,Tarde,0
3350,2026-04-08 17:59:00,EQ-005,Sorriso,61.5,40.0,27.8,Misto,6.1,1955.0,Colheita,2.0,332.0,8.8,77.0,Tarde,0
3351,2026-04-08 18:30:00,EQ-009,Lucas do Rio Verde,37.1,43.3,29.7,Arenoso,19.4,1088.0,Plantio,4.0,301.0,1.7,76.0,Tarde,0
3352,2026-04-08 18:45:00,EQ-034,Lucas do Rio Verde,48.4,74.0,23.7,Misto,5.1,656.0,Colheita,1.0,114.0,5.8,115.0,Noite,0
3353,2026-04-08 19:25:00,EQ-038,Lucas do Rio Verde,63.7,63.7,23.1,Encharcado,14.7,1488.0,Pulverizacao,10.0,252.0,7.3,80.0,Manha,0
3354,2026-04-08 19:31:00,EQ-015,Rio Verde,80.0,9.5,34.7,Argiloso,9.3,647.0,Pulverizacao,10.0,116.0,8.8,77.0,Manha,0
3355,2026-04-08 19:37:00,EQ-005,Sorriso,61.4,23.4,26.5,Encharcado,8.5,456.0,Colheita,3.0,28.0,4.3,79.0,Tarde,0
3356,2026-04-08 19:42:00,EQ-022,Sorriso,54.2,24.7,23.3,Arenoso,13.5,1888.0,Colheita,10.0,61.0,9.8,104.0,Tarde,0
3357,2026-04-08 20:02:00,EQ-004,Barreiras,63.5,59.8,15.0,Encharcado,8.6,341.0,Pulverizacao,3.0,103.0,14.3,82.0,Manha,1
3358,2026-04-08 21:01:00,EQ-009,Lucas do Rio Verde,24.7,54.3,21.8,Arenoso,3.5,477.0,Pulverizacao,3.0,126.0,6.9,88.0,Noite,1
3359,2026-04-08 21:31:00,EQ-023,Barreiras,10.5,17.4,24.4,Arenoso,18.4,704.0,Pulverizacao,16.0,200.0,2.2,88.0,Tarde,0
3360,2026-04-08 23:07:00,EQ-013,Cascavel,63.2,27.3,37.8,Arenoso,14.8,778.0,Pulverizacao,9.0,63.0,10.5,73.0,Tarde,1
3361,2026-04-08 23:49:00,EQ-018,Lucas do Rio Verde,35.7,32.5,25.2,Misto,4.9,429.0,Transporte,8.0,172.0,12.7,73.0,Manha,0
3362,2026-04-09 00:03:00,EQ-027,Barreiras,13.4,25.4,26.5,Misto,14.7,1210.0,Plantio,1.0,122.0,8.1,67.0,Noite,0
3363,2026-04-09 00:54:00,EQ-027,Cascavel,55.6,23.4,22.3,Arenoso,10.5,905.0,Colheita,11.0,4.0,6.8,45.0,Noite,0
3364,2026-04-09 00:58:00,EQ-022,Nao-Me-Toque,48.1,65.2,20.4,Arenoso,7.4,410.0,Plantio,17.0,180.0,9.8,88.0,Tarde,0
3365,2026-04-09 01:36:00,EQ-012,Lucas do Rio Verde,65.5,12.1,37.0,Argiloso,2.9,474.0,Transporte,4.0,61.0,11.1,82.0,Tarde,1
3366,2026-04-09 01:55:00,EQ-034,Rio Verde,70.9,23.4,29.0,Arenoso,28.5,251.0,Transporte,4.0,161.0,7.2,90.0,Manha,1
3367,2026-04-09 02:31:00,EQ-028,Sorriso,88.2,42.5,31.1,Misto,2.3,192.0,Colheita,1.0,288.0,4.3,65.0,Manha,1
3368,2026-04-09 03:57:00,EQ-020,Lucas do Rio Verde,52.4,11.9,13.4,Argiloso,9.9,976.0,Transporte,5.0,139.0,6.7,72.0,Tarde,0
3369,2026-04-09 05:04:00,EQ-040,Rio Verde,57.0,29.7,29.8,Misto,4.7,988.0,Colheita,9.0,115.0,6.8,65.0,Manha,0
3370,2026-04-09 05:31:00,EQ-007,Lucas do Rio Verde,22.8,23.6,25.2,Misto,3.2,581.0,Transporte,3.0,240.0,9.1,80.0,Tarde,0
3371,2026-04-09 06:00:00,EQ-012,Lucas do Rio Verde,70.6,13.3,32.2,Misto,6.4,498.0,Colheita,7.0,76.0,6.2,91.0,Manha,1
3372,2026-04-09 06:13:00,EQ-033,Sorriso,56.3,28.0,21.8,Arenoso,17.1,586.0,Plantio,4.0,25.0,7.1,72.0,Manha,0
3373,2026-04-09 06:25:00,EQ-037,Barreiras,35.6,26.0,17.0,Argiloso,10.6,922.0,Colheita,5.0,96.0,3.0,69.0,Tarde,0
3374,2026-04-09 06:39:00,EQ-026,Nao-Me-Toque,52.4,23.5,30.0,Argiloso,9.0,160.0,Pulverizacao,5.0,117.0,7.1,85.0,Tarde,0
3375,2026-04-09 06:56:00,EQ-005,Rio Verde,84.8,38.3,27.9,Arenoso,7.7,1906.0,Transporte,12.0,183.0,4.7,49.0,Manha,0
3376,2026-04-09 07:06:00,EQ-007,Rio Verde,53.2,64.3,22.8,Misto,8.4,321.0,Colheita,13.0,328.0,10.9,56.0,Manha,0
3377,2026-04-09 07:07:00,EQ-037,Nao-Me-Toque,65.0,30.1,32.2,Argiloso,2.4,94.0,Transporte,6.0,49.0,10.7,73.0,Noite,1
3378,2026-04-09 08:17:00,EQ-025,Rio Verde,63.3,17.1,26.1,Arenoso,7.3,462.0,Colheita,6.0,56.0,10.2,59.0,Noite,1
3379,2026-04-09 08:38:00,EQ-002,Sorriso,66.7,34.6,40.5,Misto,2.3,539.0,Pulverizacao,4.0,103.0,8.4,100.0,Noite,0
3380,2026-04-09 09:04:00,EQ-038,Nao-Me-Toque,85.6,5.7,38.5,Argiloso,3.0,422.0,Pulverizacao,7.0,188.0,7.2,71.0,Noite,1
3381,2026-04-09 09:12:00,EQ-022,Barreiras,69.2,70.9,26.3,Arenoso,5.7,651.0,Colheita,5.0,312.0,4.8,77.0,Manha,0
3382,2026-04-09 09:36:00,EQ-007,Rio Verde,54.0,22.5,31.0,Arenoso,30.2,711.0,Plantio,4.0,63.0,9.8,94.0,Noite,1
3383,2026-04-09 10:22:00,EQ-035,Lucas do Rio Verde,85.2,27.5,29.8,Misto,6.8,692.0,Transporte,9.0,88.0,11.7,110.0,Manha,0
3384,2026-04-09 11:32:00,EQ-005,Sorriso,16.7,101.6,25.1,Arenoso,1.5,241.0,Pulverizacao,6.0,346.0,9.7,57.0,Noite,0
3385,2026-04-09 11:37:00,EQ-007,Sorriso,34.0,29.9,33.6,Argiloso,17.0,768.0,Transporte,2.0,317.0,9.4,99.0,Tarde,0
3386,2026-04-09 12:19:00,EQ-030,Cascavel,59.8,85.7,25.0,Misto,13.4,1066.0,Plantio,11.0,235.0,9.8,58.0,Tarde,0
3387,2026-04-09 12:20:00,EQ-012,Cascavel,59.2,13.8,19.5,Misto,2.4,290.0,Pulverizacao,11.0,218.0,12.6,88.0,Tarde,0
3388,2026-04-09 12:46:00,EQ-030,Rio Verde,72.0,22.7,23.9,Argiloso,7.1,247.0,Pulverizacao,4.0,528.0,8.5,79.0,Manha,1
3389,2026-04-09 13:14:00,EQ-003,Rio Verde,85.0,20.4,28.6,Arenoso,14.6,118.0,Pulverizacao,20.0,167.0,6.9,89.0,Manha,1
3390,2026-04-09 14:05:00,EQ-032,Lucas do Rio Verde,48.6,40.5,22.5,Argiloso,4.2,274.0,Colheita,5.0,189.0,11.2,77.0,Tarde,0
3391,2026-04-09 14:10:00,EQ-008,Rio Verde,42.6,19.2,34.7,Encharcado,7.0,1228.0,Colheita,7.0,186.0,7.2,94.0,Tarde,0
3392,2026-04-09 14:16:00,EQ-025,Rio Verde,27.3,17.8,26.8,Misto,8.4,1581.0,Pulverizacao,4.0,157.0,6.1,111.0,Tarde,0
3393,2026-04-09 14:21:00,EQ-007,Barreiras,64.0,45.7,24.5,Arenoso,13.3,481.0,Plantio,9.0,98.0,8.1,91.0,Tarde,1
3394,2026-04-09 15:19:00,EQ-008,Lucas do Rio Verde,59.4,34.4,28.0,Misto,23.0,664.0,Pulverizacao,15.0,29.0,8.9,86.0,Manha,1
3395,2026-04-09 15:19:00,EQ-040,Cascavel,49.7,18.1,27.3,Arenoso,3.6,716.0,Pulverizacao,7.0,114.0,7.4,72.0,Manha,0
3396,2026-04-09 15:22:00,EQ-037,Lucas do Rio Verde,38.8,49.7,25.7,Misto,12.1,138.0,Plantio,7.0,132.0,7.5,74.0,Manha,0
3397,2026-04-09 15:56:00,EQ-037,Sorriso,67.7,56.5,35.0,Encharcado,24.5,972.0,Pulverizacao,13.0,111.0,8.8,89.0,Manha,0
3398,2026-04-09 16:06:00,EQ-005,Lucas do Rio Verde,57.6,60.2,32.0,Misto,7.2,602.0,Colheita,9.0,392.0,10.9,94.0,Manha,0
3399,2026-04-09 16:09:00,EQ-039,Sorriso,47.0,69.2,32.6,Arenoso,11.2,247.0,Colheita,19.0,216.0,3.7,64.0,Tarde,0
3400,2026-04-09 16:40:00,EQ-032,Barreiras,54.3,26.6,25.6,Argiloso,9.8,533.0,Plantio,6.0,57.0,6.8,101.0,Tarde,0
3401,2026-04-09 16:45:00,EQ-034,Sorriso,68.1,19.0,28.9,Encharcado,8.2,606.0,Transporte,2.0,321.0,11.3,120.0,Tarde,1
3402,2026-04-09 17:24:00,EQ-018,Lucas do Rio Verde,71.0,33.7,16.7,Arenoso,19.4,490.0,Colheita,25.0,86.0,5.4,81.0,Manha,0
3403,2026-04-09 17:25:00,EQ-040,Sorriso,43.9,23.5,28.5,Misto,32.2,1341.0,Plantio,4.0,53.0,13.6,86.0,Manha,0
3404,2026-04-09 17:36:00,EQ-011,Barreiras,35.8,42.4,26.4,Misto,21.4,475.0,Plantio,9.0,24.0,10.8,78.0,Manha,0
3405,2026-04-09 17:38:00,EQ-038,Lucas do Rio Verde,43.2,17.4,22.1,Argiloso,12.6,391.0,Colheita,23.0,42.0,5.5,82.0,Noite,0
3406,2026-04-09 18:24:00,EQ-025,Cascavel,75.5,44.3,23.5,Misto,12.0,861.0,Colheita,9.0,252.0,8.4,82.0,Noite,0
3407,2026-04-09 18:29:00,EQ-024,Cascavel,40.0,7.2,22.4,Arenoso,19.8,536.0,Transporte,16.0,289.0,12.7,40.0,Noite,0
3408,2026-04-09 18:34:00,EQ-031,Cascavel,84.4,64.6,26.6,Misto,21.5,902.0,Transporte,25.0,70.0,9.3,86.0,Manha,0
3409,2026-04-09 18:39:00,EQ-003,Lucas do Rio Verde,73.0,6.4,30.3,Argiloso,3.6,441.0,Pulverizacao,6.0,494.0,9.7,75.0,Noite,1
3410,2026-04-09 20:27:00,EQ-006,Cascavel,42.6,22.5,32.9,Argiloso,15.5,635.0,Plantio,2.0,192.0,5.1,84.0,Manha,0
3411,2026-04-09 20:51:00,EQ-018,Cascavel,55.6,43.6,31.9,Encharcado,10.6,758.0,Transporte,2.0,289.0,4.2,96.0,Manha,0
3412,2026-04-09 21:58:00,EQ-035,Cascavel,59.1,35.3,29.7,Arenoso,11.3,760.0,Plantio,10.0,197.0,7.8,76.0,Noite,0
3413,2026-04-09 22:01:00,EQ-008,Nao-Me-Toque,62.9,43.0,31.0,Argiloso,11.1,243.0,Plantio,2.0,140.0,5.6,90.0,Manha,1
3414,2026-04-09 22:26:00,EQ-029,Nao-Me-Toque,72.7,15.3,27.9,Arenoso,18.6,669.0,Transporte,13.0,79.0,5.5,83.0,Tarde,0
3415,2026-04-09 22:38:00,EQ-005,Nao-Me-Toque,56.1,14.8,17.5,Misto,18.6,144.0,Pulverizacao,8.0,355.0,3.1,43.0,Tarde,0
3416,2026-04-09 23:17:00,EQ-022,Nao-Me-Toque,75.3,11.6,19.7,Argiloso,3.0,539.0,Colheita,7.0,111.0,9.4,99.0,Manha,1
3417,2026-04-09 23:53:00,EQ-025,Sorriso,53.7,28.7,33.5,Misto,6.0,1069.0,Plantio,11.0,261.0,6.5,59.0,Manha,0
3418,2026-04-10 00:24:00,EQ-032,Cascavel,69.0,32.7,31.2,Argiloso,19.6,602.0,Plantio,3.0,359.0,7.9,64.0,Manha,0
3419,2026-04-10 00:40:00,EQ-020,Nao-Me-Toque,95.4,164.6,31.5,Arenoso,4.0,835.0,Colheita,4.0,100.0,7.0,72.0,Manha,1
3420,2026-04-10 01:09:00,EQ-020,Cascavel,38.8,44.4,28.4,Arenoso,3.8,172.0,Plantio,15.0,160.0,10.1,87.0,Noite,0
3421,2026-04-10 01:31:00,EQ-023,Lucas do Rio Verde,64.6,18.8,24.9,Arenoso,7.3,539.0,Plantio,9.0,352.0,7.1,64.0,Manha,1
3422,2026-04-10 02:02:00,EQ-024,Sorriso,40.0,63.8,34.2,Arenoso,7.1,1710.0,Pulverizacao,11.0,130.0,9.6,120.0,Tarde,0
3423,2026-04-10 02:16:00,EQ-032,Lucas do Rio Verde,46.4,14.3,12.4,Arenoso,6.7,864.0,Colheita,12.0,425.0,8.9,79.0,Noite,0
3424,2026-04-10 02:37:00,EQ-010,Lucas do Rio Verde,35.8,23.5,32.0,Arenoso,18.3,332.0,Transporte,10.0,329.0,8.1,84.0,Manha,0
3425,2026-04-10 02:47:00,EQ-035,Cascavel,34.6,22.6,23.7,Misto,14.5,651.0,Colheita,2.0,69.0,3.2,98.0,Noite,0
3426,2026-04-10 03:38:00,EQ-028,Rio Verde,43.3,57.5,27.8,Encharcado,8.7,682.0,Pulverizacao,8.0,33.0,11.0,64.0,Manha,0
3427,2026-04-10 03:39:00,EQ-011,Cascavel,50.5,36.5,30.5,Encharcado,11.5,209.0,Plantio,18.0,114.0,10.9,40.0,Manha,1
3428,2026-04-10 05:00:00,EQ-013,Nao-Me-Toque,38.3,23.5,28.3,Argiloso,7.1,896.0,Colheita,4.0,101.0,8.1,75.0,Manha,0
3429,2026-04-10 05:06:00,EQ-002,Nao-Me-Toque,42.1,9.9,22.9,Argiloso,8.5,671.0,Plantio,14.0,198.0,11.2,63.0,Noite,0
3430,2026-04-10 05:42:00,EQ-015,Sorriso,10.1,29.4,18.9,Arenoso,15.5,180.0,Colheita,8.0,243.0,10.1,63.0,Tarde,0
3431,2026-04-10 06:26:00,EQ-032,Rio Verde,64.6,22.6,19.7,Arenoso,2.3,545.0,Pulverizacao,14.0,211.0,5.9,86.0,Manha,0
3432,2026-04-10 06:33:00,EQ-028,Lucas do Rio Verde,61.5,39.9,27.7,Misto,2.8,964.0,Transporte,9.0,285.0,9.7,95.0,Tarde,0
3433,2026-04-10 06:39:00,EQ-001,Rio Verde,47.3,17.9,35.9,Misto,8.8,61.0,Colheita,9.0,105.0,9.5,81.0,Manha,0
3434,2026-04-10 06:49:00,EQ-008,Rio Verde,60.5,108.8,30.3,Misto,3.3,448.0,Plantio,2.0,54.0,12.2,40.0,Tarde,0
3435,2026-04-10 07:04:00,EQ-013,Barreiras,40.3,32.6,37.9,Misto,5.8,1104.0,Colheita,9.0,139.0,6.4,89.0,Manha,0
3436,2026-04-10 08:26:00,EQ-014,Nao-Me-Toque,30.7,5.3,23.0,Misto,10.0,442.0,Transporte,3.0,177.0,8.7,66.0,Manha,0
3437,2026-04-10 08:49:00,EQ-036,Rio Verde,86.5,53.7,27.6,Encharcado,1.5,668.0,Plantio,5.0,181.0,2.8,105.0,Tarde,0
3438,2026-04-10 09:03:00,EQ-001,Cascavel,60.1,10.5,28.4,Misto,19.7,462.0,Transporte,20.0,158.0,12.7,72.0,Manha,1
3439,2026-04-10 09:11:00,EQ-007,Cascavel,54.0,47.6,31.1,Argiloso,3.7,585.0,Transporte,12.0,150.0,2.4,64.0,Tarde,0
3440,2026-04-10 10:05:00,EQ-031,Nao-Me-Toque,62.5,43.5,23.9,Argiloso,23.3,473.0,Pulverizacao,2.0,600.0,7.3,100.0,Manha,1
3441,2026-04-10 11:26:00,EQ-024,Barreiras,47.5,14.8,30.5,Misto,5.8,650.0,Colheita,5.0,232.0,3.2,92.0,Manha,0
3442,2026-04-10 11:46:00,EQ-015,Nao-Me-Toque,57.4,33.7,26.1,Misto,8.0,574.0,Plantio,5.0,62.0,8.9,74.0,Noite,0
3443,2026-04-10 11:51:00,EQ-036,Rio Verde,49.2,56.9,15.8,Misto,11.0,111.0,Pulverizacao,6.0,8.0,8.4,77.0,Tarde,0
3444,2026-04-10 11:58:00,EQ-010,Barreiras,43.3,22.8,34.8,Argiloso,23.8,431.0,Plantio,1.0,98.0,9.0,40.0,Manha,0
3445,2026-04-10 12:01:00,EQ-036,Sorriso,71.0,80.0,32.8,Argiloso,40.2,334.0,Plantio,9.0,185.0,9.7,46.0,Tarde,1
3446,2026-04-10 12:19:00,EQ-021,Sorriso,67.5,32.6,24.6,Argiloso,9.1,1328.0,Colheita,2.0,318.0,9.6,45.0,Noite,0
3447,2026-04-10 12:53:00,EQ-020,Nao-Me-Toque,66.0,103.8,21.5,Arenoso,12.8,334.0,Colheita,9.0,400.0,10.3,68.0,Manha,1
3448,2026-04-10 13:45:00,EQ-023,Nao-Me-Toque,67.4,40.0,31.9,Argiloso,45.0,331.0,Pulverizacao,13.0,51.0,11.7,68.0,Tarde,1
3449,2026-04-10 13:58:00,EQ-010,Nao-Me-Toque,74.7,21.9,19.8,Arenoso,7.8,1364.0,Pulverizacao,2.0,316.0,5.5,65.0,Manha,0
3450,2026-04-10 15:05:00,EQ-007,Sorriso,72.1,17.2,38.2,Arenoso,18.0,945.0,Pulverizacao,6.0,74.0,11.6,87.0,Tarde,1
3451,2026-04-10 15:31:00,EQ-020,Sorriso,63.9,41.8,32.1,Arenoso,3.6,281.0,Plantio,6.0,67.0,8.6,62.0,Manha,1
3452,2026-04-10 15:47:00,EQ-007,Lucas do Rio Verde,53.2,97.1,18.4,Argiloso,4.8,219.0,Colheita,7.0,178.0,7.0,76.0,Tarde,1
3453,2026-04-10 15:57:00,EQ-022,Nao-Me-Toque,71.1,8.5,18.1,Encharcado,3.7,1228.0,Colheita,5.0,339.0,7.1,94.0,Noite,0
3454,2026-04-10 16:11:00,EQ-002,Cascavel,36.9,14.4,28.1,Encharcado,3.8,806.0,Colheita,8.0,10.0,11.2,96.0,Noite,0
3455,2026-04-10 16:16:00,EQ-031,Nao-Me-Toque,92.0,69.1,35.1,Misto,14.1,246.0,Colheita,1.0,163.0,6.9,107.0,Manha,1
3456,2026-04-10 16:36:00,EQ-039,Nao-Me-Toque,70.8,72.2,32.1,Arenoso,6.1,412.0,Transporte,4.0,282.0,2.5,74.0,Noite,0
3457,2026-04-10 17:27:00,EQ-039,Rio Verde,61.4,38.1,24.8,Arenoso,13.0,125.0,Plantio,4.0,35.0,9.4,51.0,Noite,1
3458,2026-04-10 17:39:00,EQ-021,Rio Verde,40.5,29.6,26.6,Arenoso,2.8,221.0,Colheita,12.0,351.0,6.1,66.0,Noite,0
3459,2026-04-10 17:44:00,EQ-039,Barreiras,46.1,28.2,29.3,Arenoso,3.0,1019.0,Plantio,18.0,337.0,7.8,88.0,Manha,0
3460,2026-04-10 18:02:00,EQ-034,Nao-Me-Toque,50.9,46.4,18.6,Encharcado,21.1,946.0,Pulverizacao,7.0,336.0,12.8,80.0,Noite,0
3461,2026-04-10 18:41:00,EQ-029,Sorriso,70.0,43.6,15.8,Arenoso,19.3,407.0,Colheita,8.0,18.0,7.8,114.0,Tarde,1
3462,2026-04-10 18:54:00,EQ-034,Lucas do Rio Verde,56.4,50.5,29.1,Argiloso,3.0,919.0,Transporte,6.0,156.0,4.8,59.0,Tarde,0
3463,2026-04-10 19:39:00,EQ-005,Rio Verde,68.5,50.1,27.0,Arenoso,5.9,433.0,Colheita,11.0,88.0,8.7,54.0,Manha,1
3464,2026-04-10 20:13:00,EQ-010,Cascavel,62.8,16.3,20.9,Argiloso,16.2,343.0,Colheita,8.0,295.0,5.3,72.0,Manha,1
3465,2026-04-10 20:28:00,EQ-007,Rio Verde,41.6,34.2,31.6,Arenoso,14.9,692.0,Plantio,3.0,145.0,9.0,110.0,Manha,0
3466,2026-04-10 20:30:00,EQ-030,Barreiras,68.3,8.0,33.3,Encharcado,1.6,1141.0,Colheita,8.0,58.0,10.5,83.0,Tarde,0
3467,2026-04-10 20:48:00,EQ-016,Barreiras,5.0,14.0,5.5,Misto,14.8,138.0,Colheita,11.0,109.0,12.4,87.0,Manha,0
3468,2026-04-10 20:53:00,EQ-008,Barreiras,82.2,14.2,23.4,Argiloso,3.8,256.0,Plantio,1.0,99.0,7.7,81.0,Noite,1
3469,2026-04-10 21:03:00,EQ-040,Lucas do Rio Verde,86.5,17.2,33.6,Misto,13.1,963.0,Plantio,2.0,250.0,7.3,77.0,Tarde,0
3470,2026-04-10 21:31:00,EQ-018,Rio Verde,67.2,29.1,29.5,Argiloso,9.5,671.0,Colheita,4.0,142.0,8.2,81.0,Tarde,0
3471,2026-04-10 21:38:00,EQ-017,Cascavel,52.8,11.7,30.0,Encharcado,11.8,988.0,Colheita,11.0,140.0,11.0,58.0,Noite,0
3472,2026-04-10 21:46:00,EQ-018,Nao-Me-Toque,42.9,12.7,30.1,Argiloso,9.8,354.0,Colheita,19.0,67.0,5.4,55.0,Manha,1
3473,2026-04-10 22:26:00,EQ-036,Sorriso,76.9,81.1,31.0,Misto,9.3,726.0,Pulverizacao,0.0,600.0,10.6,120.0,Noite,1
3474,2026-04-10 22:27:00,EQ-016,Lucas do Rio Verde,39.1,86.5,28.6,Misto,9.2,867.0,Colheita,5.0,174.0,12.7,83.0,Noite,0
3475,2026-04-10 22:33:00,EQ-029,Cascavel,64.2,26.0,33.0,Encharcado,17.7,411.0,Transporte,4.0,276.0,13.9,86.0,Tarde,1
3476,2026-04-10 22:39:00,EQ-032,Lucas do Rio Verde,43.2,29.4,25.6,Misto,9.2,697.0,Plantio,6.0,64.0,8.5,88.0,Tarde,0
3477,2026-04-10 22:47:00,EQ-021,Barreiras,55.1,78.2,35.1,Arenoso,4.8,405.0,Pulverizacao,8.0,148.0,5.7,90.0,Tarde,0
3478,2026-04-10 23:04:00,EQ-014,Barreiras,66.7,25.2,32.4,Argiloso,12.9,450.0,Colheita,8.0,195.0,2.7,68.0,Tarde,1
3479,2026-04-10 23:12:00,EQ-011,Cascavel,57.5,11.8,21.0,Arenoso,16.7,421.0,Colheita,3.0,287.0,5.3,99.0,Manha,0
3480,2026-04-10 23:23:00,EQ-002,Sorriso,100.0,7.6,32.9,Misto,10.3,397.0,Colheita,6.0,133.0,2.7,60.0,Manha,1
3481,2026-04-10 23:36:00,EQ-031,Barreiras,53.0,111.9,32.4,Misto,8.7,490.0,Pulverizacao,12.0,138.0,12.4,90.0,Manha,0
3482,2026-04-11 00:13:00,EQ-024,Cascavel,50.5,49.8,34.9,Arenoso,13.7,377.0,Transporte,11.0,35.0,6.4,72.0,Tarde,0
3483,2026-04-11 00:23:00,EQ-038,Lucas do Rio Verde,55.0,11.8,27.6,Misto,8.1,489.0,Pulverizacao,1.0,89.0,7.8,76.0,Manha,0
3484,2026-04-11 01:59:00,EQ-006,Nao-Me-Toque,50.6,16.4,28.4,Misto,1.8,593.0,Plantio,1.0,147.0,9.5,58.0,Tarde,0
3485,2026-04-11 02:04:00,EQ-030,Rio Verde,69.1,51.8,26.2,Argiloso,12.0,1170.0,Colheita,1.0,272.0,2.6,63.0,Tarde,0
3486,2026-04-11 02:23:00,EQ-019,Sorriso,75.5,19.4,25.1,Arenoso,8.0,346.0,Colheita,4.0,193.0,1.7,93.0,Manha,1
3487,2026-04-11 02:28:00,EQ-012,Cascavel,63.6,111.2,29.7,Misto,15.3,463.0,Plantio,8.0,437.0,6.0,73.0,Manha,1
3488,2026-04-11 02:53:00,EQ-030,Cascavel,52.8,9.8,23.2,Encharcado,8.8,512.0,Pulverizacao,20.0,27.0,4.1,100.0,Manha,0
3489,2026-04-11 04:13:00,EQ-027,Sorriso,36.6,58.1,17.4,Arenoso,5.8,935.0,Plantio,10.0,126.0,10.5,82.0,Manha,0
3490,2026-04-11 05:28:00,EQ-006,Rio Verde,68.0,9.8,24.6,Misto,21.5,593.0,Pulverizacao,8.0,118.0,6.8,67.0,Tarde,0
3491,2026-04-11 06:03:00,EQ-018,Cascavel,55.2,12.0,27.1,Argiloso,13.6,308.0,Pulverizacao,9.0,162.0,5.7,75.0,Noite,0
3492,2026-04-11 06:05:00,EQ-014,Nao-Me-Toque,57.0,41.4,29.2,Misto,17.5,850.0,Colheita,3.0,216.0,8.1,73.0,Manha,0
3493,2026-04-11 06:10:00,EQ-004,Lucas do Rio Verde,10.6,12.0,29.9,Misto,4.7,104.0,Pulverizacao,1.0,74.0,7.1,80.0,Noite,0
3494,2026-04-11 06:31:00,EQ-032,Cascavel,65.2,185.3,25.9,Encharcado,4.1,622.0,Plantio,6.0,77.0,16.0,94.0,Tarde,1
3495,2026-04-11 06:42:00,EQ-014,Sorriso,25.3,43.7,24.9,Misto,4.9,294.0,Colheita,5.0,81.0,14.4,70.0,Noite,0
3496,2026-04-11 06:54:00,EQ-001,Cascavel,43.3,6.5,23.0,Misto,11.3,323.0,Plantio,5.0,139.0,6.6,106.0,Tarde,0
3497,2026-04-11 08:07:00,EQ-003,Barreiras,63.3,83.1,22.3,Misto,10.5,494.0,Pulverizacao,8.0,135.0,13.5,81.0,Manha,0
3498,2026-04-11 08:09:00,EQ-036,Sorriso,70.0,40.9,32.1,Misto,20.7,1575.0,Colheita,12.0,44.0,6.3,40.0,Tarde,0
3499,2026-04-11 09:15:00,EQ-009,Barreiras,23.0,66.9,26.4,Arenoso,11.6,102.0,Transporte,14.0,59.0,9.3,78.0,Manha,0
3500,2026-04-11 09:24:00,EQ-020,Sorriso,79.0,53.6,21.9,Argiloso,14.4,706.0,Plantio,6.0,241.0,7.0,99.0,Manha,0
3501,2026-04-11 09:28:00,EQ-025,Nao-Me-Toque,72.7,32.1,24.2,Misto,6.8,584.0,Transporte,2.0,88.0,5.4,62.0,Noite,1
3502,2026-04-11 09:34:00,EQ-019,Sorriso,60.0,70.8,31.3,Misto,10.6,396.0,Transporte,4.0,428.0,8.0,77.0,Manha,0
3503,2026-04-11 09:43:00,EQ-035,Nao-Me-Toque,48.1,50.1,22.2,Encharcado,28.8,529.0,Plantio,7.0,134.0,5.9,66.0,Manha,0
3504,2026-04-11 10:16:00,EQ-025,Barreiras,67.1,60.8,29.3,Arenoso,11.8,1303.0,Pulverizacao,2.0,92.0,16.0,108.0,Tarde,0
3505,2026-04-11 10:30:00,EQ-012,Nao-Me-Toque,44.2,13.7,40.5,Misto,15.9,563.0,Pulverizacao,7.0,278.0,2.0,73.0,Noite,0
3506,2026-04-11 11:08:00,EQ-012,Cascavel,34.8,81.5,30.9,Arenoso,16.6,1526.0,Plantio,7.0,124.0,10.6,82.0,Manha,0
3507,2026-04-11 12:04:00,EQ-007,Sorriso,53.5,6.4,22.2,Encharcado,37.2,471.0,Transporte,16.0,190.0,11.1,40.0,Tarde,0
3508,2026-04-11 12:45:00,EQ-040,Barreiras,69.6,24.8,16.9,Misto,13.2,344.0,Pulverizacao,12.0,600.0,8.8,67.0,Manha,1
3509,2026-04-11 12:58:00,EQ-039,Cascavel,44.0,41.3,19.5,Argiloso,10.6,451.0,Pulverizacao,7.0,179.0,6.8,106.0,Tarde,0
3510,2026-04-11 13:00:00,EQ-002,Lucas do Rio Verde,33.3,10.6,31.7,Encharcado,11.6,648.0,Pulverizacao,10.0,129.0,4.6,71.0,Manha,0
3511,2026-04-11 13:19:00,EQ-006,Cascavel,47.4,65.5,23.9,Argiloso,2.5,407.0,Colheita,4.0,148.0,6.6,55.0,Tarde,1
3512,2026-04-11 13:26:00,EQ-021,Cascavel,83.4,26.3,26.5,Arenoso,4.0,1035.0,Colheita,7.0,78.0,5.6,65.0,Manha,0
3513,2026-04-11 13:28:00,EQ-010,Cascavel,45.6,45.8,38.5,Misto,4.2,808.0,Colheita,3.0,145.0,6.4,81.0,Tarde,1
3514,2026-04-11 13:43:00,EQ-029,Cascavel,7.6,0.5,26.5,Argiloso,10.8,142.0,Colheita,11.0,38.0,5.0,94.0,Tarde,0
3515,2026-04-11 15:00:00,EQ-003,Sorriso,100.0,74.8,14.3,Argiloso,4.9,2000.0,Plantio,12.0,375.0,11.3,71.0,Tarde,1
3516,2026-04-11 15:24:00,EQ-008,Sorriso,67.1,21.9,30.5,Misto,10.5,433.0,Plantio,5.0,320.0,4.8,44.0,Tarde,1
3517,2026-04-11 16:08:00,EQ-039,Cascavel,57.2,18.3,29.8,Argiloso,13.7,374.0,Plantio,18.0,224.0,6.1,99.0,Noite,1
3518,2026-04-11 16:13:00,EQ-024,Rio Verde,51.0,22.1,24.2,Arenoso,5.5,20.0,Plantio,2.0,93.0,9.5,79.0,Noite,0
3519,2026-04-11 17:10:00,EQ-039,Nao-Me-Toque,66.6,16.9,33.9,Encharcado,9.7,506.0,Plantio,5.0,3.0,10.7,87.0,Tarde,1
3520,2026-04-11 17:31:00,EQ-028,Lucas do Rio Verde,8.3,24.8,31.7,Argiloso,5.1,219.0,Plantio,4.0,344.0,7.8,75.0,Tarde,0
3521,2026-04-11 18:19:00,EQ-010,Lucas do Rio Verde,50.3,33.9,28.5,Argiloso,20.7,140.0,Transporte,8.0,133.0,7.7,62.0,Manha,1
3522,2026-04-11 19:00:00,EQ-014,Sorriso,67.5,10.7,20.8,Arenoso,10.8,504.0,Pulverizacao,6.0,173.0,8.8,86.0,Manha,0
3523,2026-04-11 19:59:00,EQ-022,Cascavel,83.3,54.1,30.9,Misto,3.1,364.0,Colheita,3.0,232.0,8.9,88.0,Manha,1
3524,2026-04-11 20:42:00,EQ-014,Lucas do Rio Verde,28.6,55.1,38.4,Misto,8.0,382.0,Colheita,7.0,373.0,3.2,55.0,Noite,1
3525,2026-04-11 20:53:00,EQ-014,Barreiras,39.3,70.5,25.1,Misto,13.5,1261.0,Transporte,9.0,49.0,3.3,73.0,Manha,0
3526,2026-04-11 20:56:00,EQ-018,Sorriso,60.3,12.4,21.1,Argiloso,13.5,152.0,Plantio,10.0,120.0,10.9,115.0,Manha,1
3527,2026-04-11 21:37:00,EQ-010,Nao-Me-Toque,69.6,9.5,19.3,Misto,1.6,706.0,Colheita,1.0,131.0,6.0,74.0,Noite,0
3528,2026-04-11 22:13:00,EQ-018,Rio Verde,53.8,13.8,25.8,Arenoso,18.4,773.0,Pulverizacao,17.0,133.0,14.4,63.0,Manha,0
3529,2026-04-11 22:18:00,EQ-021,Barreiras,35.7,25.6,26.0,Arenoso,14.0,157.0,Pulverizacao,10.0,195.0,7.0,78.0,Manha,0
3530,2026-04-11 22:53:00,EQ-029,Cascavel,51.7,72.3,22.7,Argiloso,0.5,613.0,Colheita,2.0,29.0,7.3,79.0,Manha,0
3531,2026-04-11 22:58:00,EQ-029,Cascavel,54.2,38.9,34.0,Misto,20.5,571.0,Plantio,5.0,60.0,6.3,82.0,Manha,0
3532,2026-04-11 23:25:00,EQ-018,Lucas do Rio Verde,99.6,10.5,23.1,Misto,9.2,384.0,Pulverizacao,4.0,161.0,7.7,87.0,Tarde,0
3533,2026-04-11 23:27:00,EQ-039,Barreiras,61.2,42.2,25.4,Argiloso,22.0,352.0,Plantio,1.0,137.0,5.4,108.0,Tarde,1
3534,2026-04-11 23:28:00,EQ-020,Sorriso,40.5,34.1,25.0,Misto,5.5,231.0,Colheita,11.0,112.0,7.1,115.0,Manha,0
3535,2026-04-11 23:36:00,EQ-003,Nao-Me-Toque,37.5,30.6,35.0,Encharcado,3.5,48.0,Pulverizacao,3.0,32.0,11.6,94.0,Tarde,0
3536,2026-04-11 23:41:00,EQ-036,Rio Verde,49.4,116.7,35.1,Misto,3.8,830.0,Pulverizacao,6.0,47.0,8.9,75.0,Manha,0
3537,2026-04-11 23:49:00,EQ-005,Lucas do Rio Verde,28.4,29.6,30.2,Arenoso,1.9,222.0,Plantio,9.0,294.0,2.6,57.0,Tarde,0
3538,2026-04-12 00:35:00,EQ-022,Barreiras,67.7,35.6,38.7,Misto,16.0,954.0,Pulverizacao,3.0,121.0,10.5,86.0,Manha,0
3539,2026-04-12 00:39:00,EQ-014,Lucas do Rio Verde,80.7,36.6,21.7,Arenoso,7.2,297.0,Plantio,2.0,186.0,9.4,80.0,Tarde,0
3540,2026-04-12 00:51:00,EQ-001,Lucas do Rio Verde,82.3,67.4,33.1,Argiloso,4.2,592.0,Colheita,18.0,75.0,7.8,82.0,Noite,1
3541,2026-04-12 01:19:00,EQ-001,Sorriso,44.9,14.9,28.2,Arenoso,3.8,97.0,Colheita,5.0,141.0,8.6,112.0,Manha,0
3542,2026-04-12 01:58:00,EQ-010,Cascavel,100.0,91.1,17.6,Misto,8.5,806.0,Pulverizacao,14.0,372.0,9.8,71.0,Manha,1
3543,2026-04-12 02:00:00,EQ-008,Rio Verde,30.0,75.3,32.8,Encharcado,4.9,1069.0,Pulverizacao,15.0,154.0,11.9,86.0,Manha,0
3544,2026-04-12 02:03:00,EQ-006,Sorriso,61.0,35.2,23.6,Argiloso,5.8,908.0,Plantio,9.0,172.0,9.9,103.0,Tarde,0
3545,2026-04-12 02:08:00,EQ-034,Lucas do Rio Verde,76.5,22.9,28.6,Arenoso,22.4,620.0,Plantio,7.0,261.0,15.2,98.0,Manha,0
3546,2026-04-12 02:09:00,EQ-024,Barreiras,30.8,45.4,26.0,Misto,9.2,828.0,Plantio,7.0,69.0,5.3,76.0,Tarde,0
3547,2026-04-12 03:49:00,EQ-009,Lucas do Rio Verde,80.3,46.6,28.4,Arenoso,17.4,436.0,Colheita,3.0,97.0,8.8,66.0,Manha,1
3548,2026-04-12 04:31:00,EQ-001,Barreiras,70.2,20.2,13.7,Arenoso,3.7,223.0,Pulverizacao,7.0,236.0,10.9,71.0,Manha,0
3549,2026-04-12 04:32:00,EQ-037,Nao-Me-Toque,22.7,4.2,36.9,Misto,15.4,674.0,Transporte,14.0,422.0,7.0,103.0,Manha,0
3550,2026-04-12 05:29:00,EQ-006,Nao-Me-Toque,51.5,50.1,24.8,Arenoso,7.5,1066.0,Pulverizacao,7.0,177.0,5.7,54.0,Tarde,0
3551,2026-04-12 05:40:00,EQ-011,Barreiras,58.5,53.4,25.1,Arenoso,10.3,1628.0,Pulverizacao,12.0,277.0,12.9,71.0,Tarde,0
3552,2026-04-12 05:45:00,EQ-008,Barreiras,68.4,39.7,25.4,Argiloso,4.6,917.0,Plantio,9.0,34.0,6.2,78.0,Tarde,0
3553,2026-04-12 05:50:00,EQ-025,Cascavel,28.9,73.4,28.9,Encharcado,6.8,326.0,Colheita,8.0,144.0,9.5,92.0,Manha,0
3554,2026-04-12 05:54:00,EQ-016,Lucas do Rio Verde,46.8,44.6,30.2,Argiloso,5.1,830.0,Colheita,19.0,274.0,8.1,103.0,Manha,0
3555,2026-04-12 06:13:00,EQ-017,Cascavel,50.7,18.8,33.7,Argiloso,7.8,700.0,Colheita,7.0,87.0,10.2,93.0,Tarde,0
3556,2026-04-12 07:34:00,EQ-028,Cascavel,100.0,25.3,30.5,Misto,2.6,813.0,Pulverizacao,11.0,155.0,7.5,71.0,Manha,0
3557,2026-04-12 07:52:00,EQ-010,Cascavel,41.6,21.3,29.1,Misto,10.3,767.0,Colheita,11.0,564.0,0.8,78.0,Tarde,0
3558,2026-04-12 08:16:00,EQ-014,Rio Verde,67.5,5.6,22.2,Arenoso,13.1,656.0,Plantio,5.0,93.0,6.1,62.0,Tarde,0
3559,2026-04-12 08:34:00,EQ-038,Rio Verde,66.2,27.8,33.5,Argiloso,21.1,885.0,Colheita,12.0,138.0,11.0,103.0,Tarde,0
3560,2026-04-12 08:37:00,EQ-030,Rio Verde,52.1,67.2,41.4,Misto,4.1,427.0,Colheita,3.0,452.0,9.2,86.0,Manha,0
3561,2026-04-12 08:54:00,EQ-003,Rio Verde,72.1,29.3,18.5,Misto,19.8,1086.0,Transporte,10.0,235.0,8.5,105.0,Tarde,0
3562,2026-04-12 09:24:00,EQ-008,Rio Verde,75.9,46.7,20.1,Misto,12.2,2000.0,Colheita,10.0,276.0,9.6,108.0,Tarde,0
3563,2026-04-12 09:58:00,EQ-014,Barreiras,66.2,91.8,23.2,Misto,7.2,317.0,Colheita,2.0,37.0,4.2,73.0,Manha,1
3564,2026-04-12 10:08:00,EQ-017,Nao-Me-Toque,23.0,50.0,34.8,Misto,4.7,872.0,Colheita,24.0,122.0,7.9,65.0,Tarde,0
3565,2026-04-12 10:56:00,EQ-036,Barreiras,47.5,17.5,25.7,Arenoso,3.4,299.0,Transporte,3.0,133.0,9.4,78.0,Manha,0
3566,2026-04-12 11:02:00,EQ-022,Sorriso,37.4,78.5,35.6,Argiloso,1.2,1364.0,Pulverizacao,7.0,92.0,8.5,73.0,Tarde,0
3567,2026-04-12 12:08:00,EQ-035,Nao-Me-Toque,66.9,22.3,26.2,Arenoso,20.0,369.0,Plantio,3.0,402.0,9.5,75.0,Manha,1
3568,2026-04-12 12:49:00,EQ-024,Sorriso,39.5,27.0,34.6,Misto,12.1,602.0,Colheita,6.0,296.0,7.3,107.0,Tarde,0
3569,2026-04-12 12:51:00,EQ-007,Barreiras,51.5,20.5,35.9,Misto,9.1,516.0,Plantio,8.0,180.0,9.9,79.0,Tarde,0
3570,2026-04-12 13:39:00,EQ-005,Sorriso,65.5,61.4,35.6,Arenoso,7.2,247.0,Transporte,9.0,183.0,6.6,102.0,Noite,1
3571,2026-04-12 13:47:00,EQ-006,Cascavel,58.6,9.1,34.0,Argiloso,10.2,690.0,Pulverizacao,5.0,183.0,6.3,105.0,Manha,0
3572,2026-04-12 14:00:00,EQ-005,Cascavel,51.8,51.3,9.3,Misto,21.0,786.0,Pulverizacao,8.0,40.0,6.9,107.0,Noite,0
3573,2026-04-12 14:00:00,EQ-028,Cascavel,43.7,22.4,18.6,Arenoso,10.9,86.0,Plantio,2.0,215.0,13.1,55.0,Tarde,0
3574,2026-04-12 14:37:00,EQ-012,Cascavel,62.3,93.8,25.5,Argiloso,7.0,154.0,Transporte,10.0,277.0,9.6,40.0,Manha,1
3575,2026-04-12 15:30:00,EQ-011,Lucas do Rio Verde,44.7,4.2,32.4,Misto,8.2,489.0,Plantio,9.0,221.0,8.6,106.0,Tarde,0
3576,2026-04-12 15:41:00,EQ-022,Barreiras,40.2,7.9,27.4,Argiloso,7.7,195.0,Plantio,12.0,155.0,8.7,94.0,Tarde,0
3577,2026-04-12 16:04:00,EQ-018,Rio Verde,68.8,17.4,24.9,Arenoso,3.3,518.0,Pulverizacao,7.0,472.0,7.1,74.0,Noite,0
3578,2026-04-12 16:10:00,EQ-032,Lucas do Rio Verde,33.7,8.6,23.2,Argiloso,3.1,130.0,Colheita,4.0,266.0,10.1,71.0,Manha,0
3579,2026-04-12 16:24:00,EQ-003,Rio Verde,56.5,21.5,20.4,Misto,5.4,811.0,Transporte,4.0,286.0,0.8,66.0,Manha,0
3580,2026-04-12 17:13:00,EQ-030,Rio Verde,60.6,62.7,32.8,Arenoso,11.0,670.0,Transporte,7.0,332.0,15.2,65.0,Tarde,0
3581,2026-04-12 17:25:00,EQ-009,Cascavel,48.9,20.7,29.4,Argiloso,13.9,165.0,Colheita,17.0,200.0,10.3,100.0,Tarde,1
3582,2026-04-12 17:53:00,EQ-001,Rio Verde,79.5,81.0,21.0,Argiloso,12.9,509.0,Colheita,13.0,96.0,10.5,94.0,Manha,1
3583,2026-04-12 18:02:00,EQ-035,Nao-Me-Toque,45.0,13.3,29.9,Encharcado,12.4,880.0,Plantio,5.0,413.0,11.1,62.0,Manha,0
3584,2026-04-12 18:11:00,EQ-015,Cascavel,75.7,18.6,24.1,Argiloso,13.3,247.0,Plantio,15.0,96.0,7.9,92.0,Manha,1
3585,2026-04-12 18:24:00,EQ-036,Nao-Me-Toque,51.7,28.3,27.3,Encharcado,9.4,1530.0,Colheita,4.0,419.0,6.2,69.0,Manha,0
3586,2026-04-12 18:39:00,EQ-015,Cascavel,25.6,28.2,25.0,Encharcado,16.8,1527.0,Transporte,11.0,107.0,4.6,83.0,Tarde,0
3587,2026-04-12 18:50:00,EQ-001,Sorriso,42.5,4.6,27.5,Arenoso,9.7,134.0,Colheita,11.0,173.0,7.2,98.0,Manha,0
3588,2026-04-12 19:00:00,EQ-008,Barreiras,44.2,6.3,33.6,Misto,3.2,353.0,Transporte,14.0,97.0,9.1,103.0,Noite,0
3589,2026-04-12 19:11:00,EQ-015,Rio Verde,41.1,34.4,37.0,Arenoso,9.7,1363.0,Plantio,1.0,284.0,3.5,78.0,Noite,0
3590,2026-04-12 19:35:00,EQ-014,Sorriso,69.3,16.3,23.3,Misto,6.2,308.0,Plantio,8.0,365.0,13.9,62.0,Tarde,0
3591,2026-04-12 20:02:00,EQ-038,Rio Verde,59.7,33.9,24.8,Misto,12.9,675.0,Plantio,4.0,228.0,10.6,87.0,Noite,0
3592,2026-04-12 20:09:00,EQ-029,Nao-Me-Toque,30.6,13.0,15.5,Misto,6.0,567.0,Colheita,6.0,161.0,11.1,83.0,Tarde,0
3593,2026-04-12 20:34:00,EQ-019,Barreiras,66.7,56.0,32.9,Misto,3.6,1637.0,Colheita,8.0,118.0,6.9,64.0,Tarde,0
3594,2026-04-12 21:10:00,EQ-014,Cascavel,45.2,17.7,30.9,Encharcado,8.4,53.0,Colheita,5.0,62.0,8.2,74.0,Noite,1
3595,2026-04-12 21:15:00,EQ-002,Cascavel,46.1,29.2,14.6,Argiloso,3.8,329.0,Colheita,6.0,34.0,11.6,102.0,Manha,1
3596,2026-04-12 21:49:00,EQ-037,Cascavel,74.6,6.2,34.4,Argiloso,8.4,917.0,Colheita,4.0,71.0,9.6,70.0,Manha,0
3597,2026-04-12 21:58:00,EQ-029,Cascavel,62.8,12.6,24.0,Argiloso,3.6,912.0,Pulverizacao,8.0,128.0,7.5,81.0,Manha,0
3598,2026-04-12 22:11:00,EQ-033,Rio Verde,41.4,19.5,14.6,Arenoso,39.1,370.0,Plantio,10.0,120.0,12.4,94.0,Manha,1
3599,2026-04-12 22:13:00,EQ-005,Rio Verde,46.0,24.2,31.4,Encharcado,1.6,957.0,Pulverizacao,11.0,342.0,4.8,73.0,Manha,0
3600,2026-04-12 22:37:00,EQ-025,Cascavel,84.7,71.9,22.8,Misto,21.7,391.0,Pulverizacao,3.0,165.0,4.7,92.0,Tarde,1
3601,2026-04-12 22:53:00,EQ-030,Lucas do Rio Verde,85.6,87.1,27.6,Misto,3.4,238.0,Colheita,16.0,125.0,8.3,76.0,Tarde,1
3602,2026-04-12 23:42:00,EQ-030,Lucas do Rio Verde,80.6,24.4,18.5,Misto,6.1,1501.0,Colheita,4.0,95.0,7.7,109.0,Noite,0
3603,2026-04-12 23:55:00,EQ-020,Cascavel,100.0,43.5,28.0,Misto,4.2,1058.0,Colheita,16.0,157.0,4.8,75.0,Manha,1
3604,2026-04-13 00:02:00,EQ-035,Barreiras,44.2,7.0,10.8,Argiloso,4.4,532.0,Plantio,8.0,258.0,5.2,51.0,Tarde,0
3605,2026-04-13 00:44:00,EQ-023,Sorriso,56.8,57.8,21.8,Encharcado,2.4,481.0,Plantio,3.0,380.0,10.5,94.0,Manha,0
3606,2026-04-13 00:59:00,EQ-038,Lucas do Rio Verde,5.0,33.9,24.9,Encharcado,13.2,474.0,Plantio,4.0,346.0,12.2,117.0,Noite,0
3607,2026-04-13 01:09:00,EQ-021,Barreiras,53.1,30.1,26.2,Misto,25.3,646.0,Pulverizacao,0.0,199.0,10.5,71.0,Manha,0
3608,2026-04-13 01:16:00,EQ-033,Rio Verde,65.2,37.7,23.2,Arenoso,8.8,128.0,Colheita,3.0,96.0,8.4,92.0,Tarde,1
3609,2026-04-13 01:59:00,EQ-009,Nao-Me-Toque,48.6,9.3,38.4,Arenoso,26.7,283.0,Plantio,6.0,228.0,8.9,97.0,Manha,0
3610,2026-04-13 02:21:00,EQ-006,Sorriso,37.1,26.3,27.8,Arenoso,1.8,1041.0,Pulverizacao,5.0,180.0,6.2,56.0,Tarde,0
3611,2026-04-13 02:56:00,EQ-032,Barreiras,64.4,55.9,26.7,Argiloso,15.5,2000.0,Colheita,3.0,153.0,12.2,96.0,Manha,0
3612,2026-04-13 03:00:00,EQ-021,Cascavel,58.0,63.3,35.2,Arenoso,7.7,653.0,Plantio,10.0,159.0,6.2,64.0,Manha,1
3613,2026-04-13 03:48:00,EQ-028,Nao-Me-Toque,23.4,60.9,23.6,Arenoso,27.6,1329.0,Colheita,17.0,232.0,16.0,107.0,Tarde,0
3614,2026-04-13 03:53:00,EQ-021,Lucas do Rio Verde,87.5,23.1,28.9,Arenoso,39.4,1309.0,Transporte,2.0,473.0,4.2,88.0,Manha,0
3615,2026-04-13 04:25:00,EQ-038,Rio Verde,91.0,37.4,19.0,Arenoso,6.8,914.0,Plantio,10.0,99.0,8.8,84.0,Manha,0
3616,2026-04-13 05:59:00,EQ-032,Cascavel,81.1,16.6,32.6,Arenoso,34.7,271.0,Transporte,12.0,96.0,11.0,115.0,Noite,1
3617,2026-04-13 06:12:00,EQ-021,Sorriso,40.1,11.2,25.0,Misto,2.9,2000.0,Transporte,3.0,136.0,3.2,63.0,Tarde,0
3618,2026-04-13 06:14:00,EQ-006,Cascavel,59.5,39.2,34.8,Misto,23.9,253.0,Colheita,12.0,200.0,11.1,64.0,Tarde,1
3619,2026-04-13 06:41:00,EQ-021,Rio Verde,36.5,10.8,28.6,Misto,13.2,289.0,Transporte,9.0,52.0,11.4,53.0,Manha,0
3620,2026-04-13 07:40:00,EQ-031,Lucas do Rio Verde,66.8,13.8,36.6,Argiloso,2.3,1036.0,Plantio,6.0,236.0,8.0,90.0,Tarde,0
3621,2026-04-13 08:36:00,EQ-021,Nao-Me-Toque,23.0,15.4,31.3,Encharcado,26.8,876.0,Colheita,8.0,30.0,13.8,98.0,Manha,0
3622,2026-04-13 09:15:00,EQ-009,Barreiras,45.5,39.0,25.2,Misto,0.9,149.0,Pulverizacao,8.0,213.0,7.8,67.0,Noite,0
3623,2026-04-13 10:37:00,EQ-026,Lucas do Rio Verde,100.0,84.2,22.9,Argiloso,21.6,246.0,Plantio,13.0,25.0,5.0,78.0,Tarde,1
3624,2026-04-13 11:26:00,EQ-030,Lucas do Rio Verde,48.3,57.9,25.7,Encharcado,21.2,379.0,Colheita,6.0,96.0,9.3,96.0,Manha,0
3625,2026-04-13 11:30:00,EQ-035,Sorriso,68.1,15.1,34.8,Arenoso,7.0,564.0,Transporte,21.0,129.0,3.9,61.0,Tarde,1
3626,2026-04-13 12:28:00,EQ-029,Nao-Me-Toque,75.2,52.3,33.6,Encharcado,10.0,1719.0,Transporte,24.0,238.0,4.6,46.0,Tarde,1
3627,2026-04-13 12:32:00,EQ-019,Sorriso,76.5,92.4,26.3,Misto,2.0,177.0,Colheita,21.0,248.0,4.8,66.0,Tarde,1
3628,2026-04-13 12:40:00,EQ-008,Lucas do Rio Verde,39.0,9.0,22.9,Misto,6.3,236.0,Plantio,9.0,193.0,7.0,99.0,Tarde,0
3629,2026-04-13 12:55:00,EQ-019,Sorriso,51.0,9.0,28.2,Arenoso,9.0,824.0,Colheita,3.0,270.0,6.5,80.0,Tarde,0
3630,2026-04-13 13:04:00,EQ-009,Sorriso,65.9,6.7,30.1,Arenoso,4.4,821.0,Plantio,15.0,225.0,11.9,73.0,Manha,0
3631,2026-04-13 13:23:00,EQ-001,Sorriso,81.2,105.3,19.9,Misto,2.6,984.0,Plantio,8.0,145.0,12.4,92.0,Manha,0
3632,2026-04-13 14:03:00,EQ-009,Lucas do Rio Verde,58.0,11.2,29.3,Argiloso,3.1,1017.0,Colheita,5.0,91.0,13.8,78.0,Noite,1
3633,2026-04-13 14:17:00,EQ-028,Rio Verde,96.2,45.6,20.0,Argiloso,9.1,1462.0,Pulverizacao,6.0,163.0,8.5,61.0,Manha,0
3634,2026-04-13 14:30:00,EQ-037,Cascavel,65.1,33.2,21.5,Encharcado,9.7,1675.0,Colheita,2.0,186.0,5.5,78.0,Noite,0
3635,2026-04-13 14:53:00,EQ-005,Rio Verde,69.5,5.7,21.8,Encharcado,2.6,474.0,Plantio,10.0,450.0,4.1,40.0,Tarde,1
3636,2026-04-13 15:04:00,EQ-039,Cascavel,42.0,18.4,36.1,Argiloso,13.5,70.0,Transporte,8.0,261.0,6.2,84.0,Tarde,0
3637,2026-04-13 15:26:00,EQ-034,Barreiras,44.3,4.1,25.7,Argiloso,17.5,345.0,Pulverizacao,9.0,155.0,16.0,81.0,Tarde,0
3638,2026-04-13 16:06:00,EQ-013,Barreiras,31.6,153.4,21.0,Arenoso,1.5,176.0,Colheita,5.0,359.0,12.1,78.0,Tarde,1
3639,2026-04-13 16:12:00,EQ-012,Lucas do Rio Verde,67.8,96.2,24.1,Arenoso,4.5,443.0,Colheita,4.0,362.0,7.4,46.0,Manha,1
3640,2026-04-13 16:17:00,EQ-030,Lucas do Rio Verde,77.0,26.8,23.8,Arenoso,14.8,465.0,Colheita,13.0,124.0,10.6,72.0,Manha,0
3641,2026-04-13 17:12:00,EQ-006,Nao-Me-Toque,80.2,57.7,18.4,Misto,6.8,81.0,Colheita,7.0,394.0,6.1,84.0,Noite,1
3642,2026-04-13 17:17:00,EQ-009,Lucas do Rio Verde,57.3,52.1,31.0,Encharcado,15.3,881.0,Plantio,9.0,283.0,4.5,89.0,Tarde,0
3643,2026-04-13 18:02:00,EQ-016,Nao-Me-Toque,81.0,36.8,33.1,Arenoso,12.1,1430.0,Plantio,12.0,80.0,7.9,68.0,Tarde,0
3644,2026-04-13 18:31:00,EQ-027,Sorriso,63.3,30.8,34.9,Arenoso,8.9,191.0,Plantio,9.0,119.0,9.4,101.0,Tarde,0
3645,2026-04-13 18:49:00,EQ-034,Sorriso,69.5,82.1,16.1,Argiloso,11.0,509.0,Colheita,3.0,143.0,10.4,83.0,Tarde,1
3646,2026-04-13 19:14:00,EQ-015,Cascavel,48.3,24.1,30.9,Arenoso,6.1,123.0,Colheita,8.0,132.0,7.7,83.0,Manha,0
3647,2026-04-13 19:16:00,EQ-032,Cascavel,34.7,151.2,20.6,Encharcado,8.1,747.0,Colheita,5.0,11.0,5.2,85.0,Manha,1
3648,2026-04-13 19:22:00,EQ-026,Sorriso,92.0,34.3,27.4,Misto,7.2,279.0,Colheita,14.0,103.0,10.8,82.0,Tarde,1
3649,2026-04-13 20:20:00,EQ-034,Sorriso,67.9,30.3,25.3,Misto,15.4,792.0,Transporte,7.0,211.0,7.2,71.0,Manha,0
3650,2026-04-13 20:42:00,EQ-028,Cascavel,56.5,75.5,32.7,Argiloso,25.0,1718.0,Colheita,2.0,223.0,8.5,94.0,Noite,1
3651,2026-04-13 21:10:00,EQ-033,Nao-Me-Toque,87.9,21.1,21.2,Argiloso,7.1,2000.0,Pulverizacao,0.0,199.0,9.7,74.0,Noite,0
3652,2026-04-13 21:48:00,EQ-033,Barreiras,10.8,67.4,32.3,Arenoso,17.2,357.0,Colheita,9.0,73.0,4.4,96.0,Manha,0
3653,2026-04-13 22:04:00,EQ-010,Lucas do Rio Verde,65.2,34.2,32.5,Misto,15.9,523.0,Transporte,5.0,600.0,8.2,67.0,Manha,0
3654,2026-04-13 23:07:00,EQ-029,Rio Verde,43.3,21.3,20.2,Encharcado,2.6,368.0,Colheita,1.0,19.0,7.0,71.0,Tarde,0
3655,2026-04-13 23:11:00,EQ-015,Nao-Me-Toque,67.2,14.4,28.7,Arenoso,7.7,472.0,Colheita,8.0,36.0,5.4,57.0,Manha,1
3656,2026-04-13 23:48:00,EQ-031,Rio Verde,63.6,47.3,22.4,Argiloso,10.9,1001.0,Plantio,2.0,279.0,9.5,80.0,Tarde,0
3657,2026-04-14 00:43:00,EQ-002,Sorriso,67.3,36.1,21.8,Argiloso,5.5,70.0,Pulverizacao,7.0,119.0,7.0,66.0,Manha,1
3658,2026-04-14 00:46:00,EQ-021,Cascavel,74.5,32.0,26.1,Misto,6.3,653.0,Pulverizacao,10.0,148.0,6.7,41.0,Tarde,0
3659,2026-04-14 01:07:00,EQ-031,Nao-Me-Toque,72.3,11.5,22.3,Argiloso,5.4,386.0,Transporte,8.0,26.0,13.5,86.0,Manha,1
3660,2026-04-14 01:27:00,EQ-016,Nao-Me-Toque,67.8,27.5,31.7,Argiloso,7.0,751.0,Pulverizacao,4.0,140.0,5.6,78.0,Tarde,0
3661,2026-04-14 01:49:00,EQ-004,Lucas do Rio Verde,68.4,47.6,23.2,Misto,17.9,162.0,Pulverizacao,2.0,175.0,6.6,64.0,Manha,1
3662,2026-04-14 03:12:00,EQ-013,Barreiras,49.8,79.7,22.5,Arenoso,5.9,599.0,Pulverizacao,15.0,274.0,5.5,63.0,Manha,0
3663,2026-04-14 03:20:00,EQ-003,Rio Verde,61.2,8.0,31.5,Arenoso,6.6,329.0,Plantio,5.0,105.0,7.1,80.0,Manha,1
3664,2026-04-14 03:36:00,EQ-038,Sorriso,46.0,32.4,29.5,Argiloso,0.2,296.0,Plantio,10.0,199.0,10.2,74.0,Tarde,0
3665,2026-04-14 03:50:00,EQ-008,Sorriso,27.6,28.7,19.6,Misto,10.8,860.0,Plantio,7.0,92.0,10.5,75.0,Noite,0
3666,2026-04-14 03:51:00,EQ-007,Lucas do Rio Verde,30.0,10.2,33.8,Arenoso,12.3,801.0,Colheita,3.0,302.0,5.9,83.0,Tarde,0
3667,2026-04-14 04:07:00,EQ-001,Lucas do Rio Verde,61.3,29.3,26.4,Argiloso,11.1,381.0,Colheita,10.0,16.0,7.0,66.0,Tarde,0
3668,2026-04-14 04:48:00,EQ-030,Lucas do Rio Verde,87.1,98.6,19.6,Arenoso,4.1,811.0,Colheita,15.0,237.0,10.4,120.0,Tarde,0
3669,2026-04-14 04:55:00,EQ-002,Sorriso,51.2,15.5,32.2,Misto,6.6,1289.0,Colheita,4.0,162.0,6.6,64.0,Manha,0
3670,2026-04-14 05:04:00,EQ-002,Rio Verde,35.4,65.0,41.9,Argiloso,12.1,272.0,Plantio,12.0,83.0,11.7,95.0,Noite,0
3671,2026-04-14 07:43:00,EQ-002,Barreiras,79.9,102.2,30.0,Argiloso,11.1,1789.0,Plantio,15.0,112.0,10.6,105.0,Manha,0
3672,2026-04-14 07:48:00,EQ-009,Lucas do Rio Verde,75.9,54.9,38.0,Encharcado,6.1,939.0,Pulverizacao,5.0,192.0,9.5,69.0,Tarde,1
3673,2026-04-14 08:44:00,EQ-018,Rio Verde,27.4,95.8,17.2,Argiloso,13.0,281.0,Plantio,5.0,81.0,6.5,101.0,Manha,1
3674,2026-04-14 09:10:00,EQ-037,Nao-Me-Toque,59.3,62.8,28.4,Arenoso,8.6,1152.0,Plantio,6.0,241.0,4.8,91.0,Tarde,0
3675,2026-04-14 09:48:00,EQ-014,Nao-Me-Toque,29.3,13.6,32.2,Arenoso,28.2,1030.0,Plantio,5.0,34.0,10.7,115.0,Manha,0
3676,2026-04-14 09:51:00,EQ-031,Cascavel,53.9,34.3,25.0,Arenoso,13.0,44.0,Plantio,7.0,119.0,9.5,77.0,Manha,0
3677,2026-04-14 10:23:00,EQ-040,Nao-Me-Toque,100.0,15.2,25.2,Arenoso,10.0,1375.0,Plantio,15.0,126.0,7.6,109.0,Tarde,0
3678,2026-04-14 10:29:00,EQ-006,Cascavel,43.8,10.9,35.3,Argiloso,4.9,863.0,Plantio,6.0,227.0,14.7,90.0,Manha,0
3679,2026-04-14 11:30:00,EQ-030,Rio Verde,50.7,80.7,23.3,Arenoso,17.5,680.0,Plantio,4.0,125.0,9.1,102.0,Tarde,0
3680,2026-04-14 12:43:00,EQ-027,Barreiras,44.9,31.5,32.7,Arenoso,7.0,503.0,Transporte,13.0,114.0,13.3,83.0,Manha,0
3681,2026-04-14 12:45:00,EQ-028,Cascavel,26.0,38.6,27.4,Argiloso,10.9,1695.0,Plantio,7.0,102.0,6.0,88.0,Manha,0
3682,2026-04-14 12:48:00,EQ-007,Cascavel,38.6,28.0,19.1,Argiloso,16.4,134.0,Pulverizacao,5.0,260.0,8.5,70.0,Manha,0
3683,2026-04-14 13:03:00,EQ-002,Lucas do Rio Verde,53.6,23.0,31.8,Arenoso,6.9,116.0,Plantio,3.0,73.0,3.3,74.0,Noite,0
3684,2026-04-14 13:22:00,EQ-027,Nao-Me-Toque,46.8,2.7,25.7,Misto,18.5,514.0,Transporte,6.0,77.0,5.9,96.0,Manha,1
3685,2026-04-14 13:42:00,EQ-016,Rio Verde,89.4,82.2,27.9,Arenoso,22.9,695.0,Colheita,4.0,202.0,3.1,73.0,Tarde,0
3686,2026-04-14 14:03:00,EQ-038,Nao-Me-Toque,51.2,4.6,27.9,Argiloso,10.4,270.0,Colheita,2.0,465.0,6.6,73.0,Manha,0
3687,2026-04-14 14:45:00,EQ-010,Barreiras,75.0,32.3,25.3,Arenoso,24.2,362.0,Pulverizacao,16.0,358.0,7.6,66.0,Noite,1
3688,2026-04-14 15:03:00,EQ-008,Cascavel,63.5,73.8,33.3,Argiloso,2.4,285.0,Colheita,14.0,226.0,9.6,105.0,Tarde,1
3689,2026-04-14 15:04:00,EQ-040,Cascavel,5.0,5.2,29.6,Arenoso,7.0,384.0,Colheita,14.0,93.0,5.9,95.0,Tarde,0
3690,2026-04-14 15:31:00,EQ-024,Rio Verde,27.5,32.4,31.7,Misto,21.3,252.0,Plantio,5.0,288.0,9.8,75.0,Tarde,0
3691,2026-04-14 16:42:00,EQ-012,Barreiras,48.3,88.8,35.4,Argiloso,10.7,556.0,Plantio,6.0,232.0,9.2,75.0,Tarde,1
3692,2026-04-14 17:03:00,EQ-018,Lucas do Rio Verde,34.3,23.9,28.4,Argiloso,16.7,841.0,Colheita,8.0,98.0,8.5,74.0,Manha,0
3693,2026-04-14 17:09:00,EQ-034,Barreiras,70.2,20.6,17.8,Misto,11.0,791.0,Transporte,2.0,173.0,7.6,77.0,Manha,0
3694,2026-04-14 17:22:00,EQ-017,Cascavel,39.5,35.8,28.4,Arenoso,11.0,485.0,Pulverizacao,16.0,39.0,6.0,103.0,Manha,0
3695,2026-04-14 17:23:00,EQ-036,Sorriso,37.3,98.4,22.3,Argiloso,6.1,445.0,Plantio,6.0,218.0,11.4,73.0,Tarde,1
3696,2026-04-14 17:43:00,EQ-034,Nao-Me-Toque,53.2,95.6,26.8,Arenoso,3.4,47.0,Plantio,8.0,137.0,14.7,61.0,Manha,0
3697,2026-04-14 18:16:00,EQ-013,Sorriso,34.0,30.7,34.0,Arenoso,13.7,574.0,Pulverizacao,1.0,91.0,3.3,80.0,Noite,0
3698,2026-04-14 18:44:00,EQ-033,Sorriso,68.3,43.9,28.7,Argiloso,4.2,868.0,Pulverizacao,3.0,140.0,7.9,68.0,Manha,0
3699,2026-04-14 19:12:00,EQ-033,Nao-Me-Toque,35.9,19.7,28.8,Arenoso,14.6,1188.0,Colheita,22.0,185.0,10.0,97.0,Manha,0
3700,2026-04-14 19:46:00,EQ-033,Cascavel,36.2,23.7,21.9,Argiloso,23.3,920.0,Plantio,7.0,206.0,7.4,68.0,Tarde,0
3701,2026-04-14 19:52:00,EQ-015,Lucas do Rio Verde,8.1,5.8,28.9,Arenoso,22.9,931.0,Plantio,5.0,234.0,3.2,113.0,Tarde,0
3702,2026-04-14 19:57:00,EQ-028,Cascavel,24.3,11.6,33.8,Misto,3.2,350.0,Colheita,2.0,59.0,7.2,93.0,Manha,0
3703,2026-04-14 20:35:00,EQ-016,Sorriso,41.7,11.3,31.3,Arenoso,4.6,466.0,Plantio,7.0,151.0,12.8,89.0,Tarde,0
3704,2026-04-14 20:54:00,EQ-001,Nao-Me-Toque,60.6,32.8,29.4,Argiloso,5.5,938.0,Plantio,2.0,54.0,9.4,95.0,Noite,0
3705,2026-04-14 21:18:00,EQ-035,Cascavel,55.1,5.8,33.3,Argiloso,6.0,127.0,Pulverizacao,3.0,294.0,13.0,83.0,Manha,0
3706,2026-04-14 21:29:00,EQ-040,Sorriso,59.0,44.7,26.0,Encharcado,4.3,894.0,Colheita,5.0,156.0,6.4,97.0,Tarde,0
3707,2026-04-14 21:41:00,EQ-024,Sorriso,33.1,40.0,25.7,Encharcado,10.5,741.0,Colheita,6.0,97.0,5.4,91.0,Noite,1
3708,2026-04-14 21:54:00,EQ-021,Lucas do Rio Verde,60.7,8.7,21.6,Arenoso,7.4,1597.0,Pulverizacao,2.0,30.0,8.2,93.0,Noite,0
3709,2026-04-14 22:07:00,EQ-023,Rio Verde,49.9,57.6,22.6,Arenoso,15.8,1060.0,Plantio,11.0,477.0,7.2,59.0,Tarde,0
3710,2026-04-14 22:11:00,EQ-006,Cascavel,44.5,18.4,26.4,Arenoso,19.4,180.0,Colheita,12.0,45.0,6.1,105.0,Manha,0
3711,2026-04-14 22:54:00,EQ-019,Cascavel,21.3,17.7,32.4,Argiloso,5.6,644.0,Pulverizacao,14.0,109.0,9.1,81.0,Manha,0
3712,2026-04-14 23:25:00,EQ-040,Lucas do Rio Verde,41.4,73.0,28.2,Misto,20.0,763.0,Pulverizacao,9.0,292.0,7.1,104.0,Manha,1
3713,2026-04-14 23:28:00,EQ-009,Nao-Me-Toque,56.3,35.6,29.0,Misto,3.8,599.0,Plantio,17.0,173.0,9.9,49.0,Manha,0
3714,2026-04-15 00:11:00,EQ-010,Nao-Me-Toque,68.0,33.8,37.7,Arenoso,2.6,104.0,Plantio,15.0,168.0,6.5,67.0,Noite,1
3715,2026-04-15 00:33:00,EQ-040,Lucas do Rio Verde,59.7,27.0,29.7,Encharcado,8.3,473.0,Transporte,6.0,31.0,10.3,99.0,Tarde,0
3716,2026-04-15 00:41:00,EQ-024,Sorriso,48.9,1.9,24.3,Misto,9.4,1150.0,Pulverizacao,5.0,317.0,11.3,69.0,Manha,0
3717,2026-04-15 01:19:00,EQ-040,Nao-Me-Toque,71.9,65.9,22.1,Encharcado,2.2,1680.0,Transporte,2.0,137.0,9.7,76.0,Manha,0
3718,2026-04-15 01:46:00,EQ-036,Nao-Me-Toque,79.0,27.1,23.2,Argiloso,18.3,1189.0,Pulverizacao,1.0,56.0,7.5,92.0,Manha,0
3719,2026-04-15 01:49:00,EQ-025,Nao-Me-Toque,73.7,84.3,25.0,Argiloso,2.2,624.0,Colheita,8.0,32.0,10.1,70.0,Noite,1
3720,2026-04-15 02:30:00,EQ-012,Sorriso,41.6,83.9,24.9,Encharcado,5.2,54.0,Colheita,6.0,123.0,10.5,60.0,Noite,1
3721,2026-04-15 02:40:00,EQ-014,Rio Verde,50.3,4.5,27.0,Misto,26.3,221.0,Pulverizacao,8.0,256.0,5.8,95.0,Tarde,1
3722,2026-04-15 02:55:00,EQ-004,Sorriso,66.6,45.0,26.4,Encharcado,14.9,1384.0,Colheita,2.0,419.0,5.5,116.0,Tarde,0
3723,2026-04-15 02:59:00,EQ-025,Barreiras,77.4,87.4,20.2,Argiloso,9.9,389.0,Plantio,8.0,27.0,10.2,91.0,Tarde,1
3724,2026-04-15 03:19:00,EQ-012,Lucas do Rio Verde,62.6,48.4,31.8,Encharcado,9.7,478.0,Pulverizacao,23.0,120.0,11.9,65.0,Manha,1
3725,2026-04-15 03:33:00,EQ-026,Nao-Me-Toque,33.9,25.3,30.3,Arenoso,9.7,790.0,Plantio,5.0,129.0,8.3,83.0,Noite,0
3726,2026-04-15 03:48:00,EQ-015,Rio Verde,46.8,14.2,23.0,Encharcado,8.9,330.0,Colheita,5.0,291.0,10.1,84.0,Manha,0
3727,2026-04-15 04:05:00,EQ-016,Cascavel,74.8,17.2,30.6,Misto,10.5,986.0,Colheita,11.0,46.0,5.5,80.0,Tarde,0
3728,2026-04-15 04:35:00,EQ-028,Nao-Me-Toque,37.4,36.8,21.0,Argiloso,5.0,1110.0,Colheita,12.0,152.0,7.7,53.0,Noite,0
3729,2026-04-15 04:35:00,EQ-023,Nao-Me-Toque,43.9,48.9,30.4,Arenoso,6.6,1199.0,Plantio,6.0,245.0,12.5,76.0,Noite,0
3730,2026-04-15 04:36:00,EQ-001,Sorriso,52.7,38.1,38.8,Misto,14.3,514.0,Plantio,15.0,287.0,10.7,69.0,Tarde,1
3731,2026-04-15 04:42:00,EQ-001,Barreiras,43.3,19.6,36.9,Encharcado,9.3,971.0,Colheita,5.0,32.0,7.6,80.0,Tarde,1
3732,2026-04-15 04:57:00,EQ-018,Sorriso,47.2,32.0,33.7,Encharcado,10.0,442.0,Colheita,0.0,123.0,11.2,106.0,Manha,0
3733,2026-04-15 05:29:00,EQ-033,Lucas do Rio Verde,52.9,26.8,20.6,Argiloso,18.6,707.0,Plantio,2.0,22.0,5.0,65.0,Tarde,0
3734,2026-04-15 05:46:00,EQ-002,Cascavel,85.2,67.8,32.1,Arenoso,9.0,1321.0,Colheita,6.0,94.0,6.3,97.0,Manha,0
3735,2026-04-15 06:05:00,EQ-014,Sorriso,26.3,52.8,23.8,Misto,4.3,1580.0,Colheita,7.0,340.0,11.6,40.0,Manha,0
3736,2026-04-15 06:06:00,EQ-028,Lucas do Rio Verde,50.9,55.6,33.1,Arenoso,13.7,478.0,Plantio,7.0,359.0,8.4,65.0,Tarde,1
3737,2026-04-15 06:19:00,EQ-016,Barreiras,76.8,37.9,29.4,Misto,8.9,406.0,Colheita,3.0,214.0,12.0,64.0,Tarde,1
3738,2026-04-15 06:37:00,EQ-029,Cascavel,42.7,2.7,32.9,Arenoso,7.6,623.0,Colheita,3.0,383.0,5.2,105.0,Tarde,1
3739,2026-04-15 06:52:00,EQ-029,Lucas do Rio Verde,53.9,40.5,24.2,Misto,6.8,815.0,Plantio,4.0,78.0,6.9,86.0,Tarde,0
3740,2026-04-15 07:04:00,EQ-021,Barreiras,61.1,33.9,21.5,Encharcado,6.3,216.0,Pulverizacao,7.0,110.0,15.1,72.0,Tarde,1
3741,2026-04-15 07:16:00,EQ-015,Sorriso,38.2,30.2,29.7,Arenoso,8.9,90.0,Plantio,13.0,100.0,12.2,88.0,Manha,0
3742,2026-04-15 07:26:00,EQ-003,Lucas do Rio Verde,19.6,75.6,32.1,Misto,24.5,649.0,Colheita,12.0,233.0,7.2,96.0,Manha,0
3743,2026-04-15 08:16:00,EQ-012,Nao-Me-Toque,35.7,36.3,20.8,Arenoso,21.4,325.0,Transporte,8.0,52.0,5.0,67.0,Manha,0
3744,2026-04-15 08:59:00,EQ-027,Cascavel,38.7,31.4,31.3,Arenoso,9.2,44.0,Colheita,5.0,91.0,4.7,89.0,Manha,0
3745,2026-04-15 09:53:00,EQ-035,Sorriso,39.0,89.8,37.1,Argiloso,12.5,179.0,Transporte,8.0,81.0,6.4,60.0,Noite,1
3746,2026-04-15 10:13:00,EQ-021,Rio Verde,72.3,50.7,26.2,Arenoso,26.6,134.0,Transporte,12.0,224.0,6.4,87.0,Noite,1
3747,2026-04-15 10:59:00,EQ-024,Sorriso,43.4,38.6,28.7,Argiloso,3.4,1520.0,Pulverizacao,15.0,25.0,8.8,120.0,Tarde,0
3748,2026-04-15 11:44:00,EQ-025,Sorriso,69.1,73.5,15.0,Arenoso,25.8,392.0,Transporte,20.0,14.0,3.9,93.0,Tarde,1
3749,2026-04-15 12:12:00,EQ-027,Lucas do Rio Verde,49.9,39.4,23.7,Argiloso,9.9,61.0,Colheita,7.0,243.0,8.0,71.0,Tarde,0
3750,2026-04-15 12:28:00,EQ-029,Cascavel,46.9,36.1,43.1,Encharcado,22.7,144.0,Colheita,1.0,94.0,6.4,71.0,Tarde,0
3751,2026-04-15 13:49:00,EQ-007,Cascavel,77.7,34.3,20.4,Misto,9.3,1571.0,Transporte,18.0,165.0,2.6,84.0,Tarde,0
3752,2026-04-15 13:49:00,EQ-036,Barreiras,78.8,35.3,23.1,Arenoso,9.4,511.0,Plantio,19.0,600.0,10.2,80.0,Tarde,1
3753,2026-04-15 14:00:00,EQ-007,Rio Verde,55.6,67.9,23.2,Misto,32.9,582.0,Transporte,6.0,37.0,8.6,80.0,Noite,0
3754,2026-04-15 15:20:00,EQ-027,Nao-Me-Toque,42.0,10.3,19.3,Arenoso,10.3,104.0,Pulverizacao,3.0,271.0,8.9,48.0,Noite,0
3755,2026-04-15 15:27:00,EQ-001,Sorriso,23.3,5.3,26.7,Argiloso,17.4,588.0,Transporte,2.0,95.0,5.9,97.0,Manha,0
3756,2026-04-15 15:31:00,EQ-021,Rio Verde,94.1,15.5,25.3,Argiloso,9.0,741.0,Plantio,3.0,279.0,6.9,79.0,Manha,0
3757,2026-04-15 15:47:00,EQ-023,Lucas do Rio Verde,56.6,28.8,25.4,Misto,11.4,1848.0,Plantio,3.0,102.0,12.3,93.0,Tarde,0
3758,2026-04-15 16:02:00,EQ-004,Barreiras,62.4,46.5,24.3,Argiloso,10.8,222.0,Plantio,2.0,170.0,5.6,87.0,Manha,1
3759,2026-04-15 16:47:00,EQ-037,Lucas do Rio Verde,38.3,2.1,20.9,Arenoso,9.9,1364.0,Plantio,19.0,174.0,10.1,106.0,Tarde,0
3760,2026-04-15 17:09:00,EQ-030,Rio Verde,53.1,38.7,26.1,Arenoso,6.5,569.0,Pulverizacao,5.0,33.0,9.2,82.0,Tarde,0
3761,2026-04-15 17:09:00,EQ-021,Barreiras,93.5,12.8,29.7,Argiloso,12.5,467.0,Colheita,2.0,412.0,7.3,77.0,Tarde,1
3762,2026-04-15 17:15:00,EQ-025,Rio Verde,17.9,14.4,35.1,Misto,3.7,475.0,Colheita,10.0,141.0,9.2,70.0,Tarde,0
3763,2026-04-15 17:19:00,EQ-020,Sorriso,69.1,24.9,41.5,Arenoso,12.5,1176.0,Transporte,6.0,158.0,10.7,83.0,Manha,0
3764,2026-04-15 17:35:00,EQ-002,Lucas do Rio Verde,25.9,23.2,36.1,Misto,2.7,373.0,Colheita,4.0,344.0,6.9,49.0,Tarde,0
3765,2026-04-15 17:49:00,EQ-024,Lucas do Rio Verde,15.4,41.7,28.0,Arenoso,5.7,1347.0,Colheita,17.0,374.0,6.6,82.0,Noite,0
3766,2026-04-15 18:49:00,EQ-021,Cascavel,64.8,32.6,32.4,Arenoso,26.8,1411.0,Plantio,5.0,128.0,9.4,46.0,Manha,0
3767,2026-04-15 18:58:00,EQ-027,Sorriso,70.1,3.0,26.6,Arenoso,2.8,1298.0,Pulverizacao,5.0,25.0,5.1,98.0,Tarde,0
3768,2026-04-15 20:02:00,EQ-033,Nao-Me-Toque,88.6,23.2,14.5,Argiloso,10.7,1168.0,Transporte,8.0,245.0,10.7,102.0,Manha,0
3769,2026-04-15 20:16:00,EQ-012,Cascavel,59.9,38.7,29.3,Misto,12.7,218.0,Colheita,8.0,148.0,9.9,82.0,Noite,1
3770,2026-04-15 20:38:00,EQ-026,Lucas do Rio Verde,60.6,8.7,34.3,Argiloso,19.7,1057.0,Plantio,4.0,88.0,2.9,85.0,Manha,0
3771,2026-04-15 20:50:00,EQ-022,Barreiras,53.7,54.9,25.7,Encharcado,0.6,794.0,Colheita,2.0,180.0,8.6,62.0,Noite,0
3772,2026-04-15 22:23:00,EQ-016,Rio Verde,54.9,50.1,19.1,Argiloso,8.0,273.0,Plantio,2.0,123.0,7.3,67.0,Noite,0
3773,2026-04-15 22:44:00,EQ-014,Lucas do Rio Verde,49.9,27.9,31.4,Misto,9.1,441.0,Pulverizacao,8.0,82.0,5.8,71.0,Manha,0
3774,2026-04-15 22:57:00,EQ-005,Lucas do Rio Verde,85.7,16.5,37.0,Arenoso,13.8,490.0,Pulverizacao,3.0,117.0,3.6,95.0,Tarde,0
3775,2026-04-15 23:01:00,EQ-030,Sorriso,48.8,31.8,27.2,Arenoso,9.9,1103.0,Pulverizacao,25.0,97.0,7.7,92.0,Noite,0
3776,2026-04-15 23:53:00,EQ-018,Barreiras,39.1,9.5,30.1,Argiloso,38.0,1510.0,Pulverizacao,1.0,172.0,6.8,51.0,Tarde,0
3777,2026-04-16 00:05:00,EQ-040,Nao-Me-Toque,27.4,105.6,32.6,Encharcado,9.2,250.0,Colheita,3.0,210.0,10.0,96.0,Noite,1
3778,2026-04-16 00:05:00,EQ-004,Sorriso,85.9,28.2,29.0,Argiloso,1.1,583.0,Colheita,3.0,120.0,5.7,94.0,Tarde,1
3779,2026-04-16 00:14:00,EQ-035,Cascavel,41.2,32.1,31.1,Arenoso,5.7,380.0,Plantio,4.0,63.0,10.9,74.0,Tarde,0
3780,2026-04-16 00:19:00,EQ-021,Rio Verde,25.4,33.0,19.9,Encharcado,7.3,1086.0,Pulverizacao,17.0,188.0,13.4,100.0,Manha,0
3781,2026-04-16 00:28:00,EQ-009,Sorriso,52.9,17.7,18.6,Argiloso,9.8,572.0,Plantio,3.0,150.0,6.4,88.0,Tarde,0
3782,2026-04-16 00:31:00,EQ-017,Cascavel,70.4,34.3,17.7,Encharcado,5.6,1207.0,Pulverizacao,5.0,66.0,8.5,99.0,Manha,0
3783,2026-04-16 00:48:00,EQ-019,Cascavel,38.2,39.0,29.2,Argiloso,24.6,82.0,Colheita,21.0,303.0,8.1,61.0,Tarde,0
3784,2026-04-16 01:31:00,EQ-011,Barreiras,91.5,44.3,31.3,Misto,15.3,212.0,Plantio,7.0,234.0,11.1,71.0,Tarde,1
3785,2026-04-16 02:55:00,EQ-023,Lucas do Rio Verde,63.4,69.5,22.5,Misto,7.9,1323.0,Colheita,5.0,342.0,9.0,99.0,Tarde,1
3786,2026-04-16 03:09:00,EQ-011,Sorriso,38.4,31.2,21.5,Arenoso,3.5,167.0,Plantio,19.0,76.0,12.2,107.0,Tarde,0
3787,2026-04-16 03:16:00,EQ-002,Rio Verde,66.8,6.7,20.0,Encharcado,10.0,288.0,Transporte,7.0,84.0,2.3,65.0,Manha,1
3788,2026-04-16 03:56:00,EQ-030,Sorriso,82.0,29.1,34.5,Arenoso,8.1,835.0,Plantio,16.0,160.0,4.0,93.0,Manha,0
3789,2026-04-16 04:25:00,EQ-021,Cascavel,40.1,11.7,16.9,Argiloso,8.9,565.0,Transporte,1.0,52.0,10.7,82.0,Tarde,0
3790,2026-04-16 04:28:00,EQ-031,Lucas do Rio Verde,79.3,65.3,25.7,Misto,25.8,627.0,Colheita,8.0,121.0,10.5,90.0,Tarde,0
3791,2026-04-16 04:32:00,EQ-031,Nao-Me-Toque,55.1,11.7,39.1,Arenoso,4.9,401.0,Colheita,2.0,169.0,6.8,75.0,Noite,0
3792,2026-04-16 04:52:00,EQ-033,Lucas do Rio Verde,58.7,58.0,18.2,Argiloso,4.8,1509.0,Pulverizacao,9.0,600.0,6.0,70.0,Manha,0
3793,2026-04-16 05:03:00,EQ-017,Barreiras,76.5,15.0,27.7,Misto,1.4,103.0,Colheita,6.0,307.0,6.9,66.0,Tarde,1
3794,2026-04-16 05:31:00,EQ-023,Cascavel,59.6,26.3,23.6,Arenoso,11.7,383.0,Colheita,13.0,217.0,3.7,51.0,Tarde,1
3795,2026-04-16 05:42:00,EQ-032,Barreiras,47.1,9.1,35.4,Encharcado,16.8,1551.0,Pulverizacao,1.0,101.0,9.8,60.0,Manha,0
3796,2026-04-16 06:00:00,EQ-009,Rio Verde,52.6,94.5,22.0,Argiloso,4.6,720.0,Transporte,10.0,121.0,12.1,57.0,Tarde,1
3797,2026-04-16 06:31:00,EQ-020,Cascavel,37.1,27.0,27.9,Argiloso,2.7,1448.0,Plantio,1.0,316.0,1.8,120.0,Manha,1
3798,2026-04-16 06:35:00,EQ-012,Lucas do Rio Verde,51.0,33.6,32.7,Arenoso,5.6,273.0,Plantio,8.0,103.0,10.7,40.0,Manha,0
3799,2026-04-16 06:39:00,EQ-011,Sorriso,59.7,34.5,21.2,Misto,14.1,655.0,Plantio,14.0,394.0,10.1,102.0,Tarde,0
3800,2026-04-16 06:44:00,EQ-015,Lucas do Rio Verde,66.2,9.0,21.2,Misto,6.6,1964.0,Pulverizacao,3.0,126.0,7.9,82.0,Tarde,0
3801,2026-04-16 08:15:00,EQ-008,Nao-Me-Toque,97.8,33.8,27.8,Encharcado,4.9,346.0,Pulverizacao,23.0,155.0,11.3,78.0,Tarde,1
3802,2026-04-16 09:21:00,EQ-037,Rio Verde,29.3,13.0,19.6,Argiloso,29.4,679.0,Plantio,0.0,387.0,10.7,79.0,Tarde,0
3803,2026-04-16 09:49:00,EQ-028,Barreiras,47.2,40.9,33.4,Misto,16.5,323.0,Transporte,2.0,295.0,7.5,88.0,Manha,1
3804,2026-04-16 10:04:00,EQ-036,Barreiras,47.6,55.6,20.3,Arenoso,5.5,1219.0,Transporte,2.0,101.0,2.1,68.0,Tarde,0
3805,2026-04-16 10:06:00,EQ-027,Barreiras,34.1,41.0,33.8,Argiloso,2.5,191.0,Pulverizacao,3.0,68.0,6.8,78.0,Tarde,0
3806,2026-04-16 10:25:00,EQ-032,Lucas do Rio Verde,48.6,24.3,23.1,Argiloso,1.4,1086.0,Colheita,7.0,319.0,4.3,74.0,Tarde,0
3807,2026-04-16 10:46:00,EQ-005,Sorriso,74.0,56.4,37.5,Misto,14.0,784.0,Pulverizacao,7.0,526.0,13.3,105.0,Tarde,0
3808,2026-04-16 11:12:00,EQ-026,Rio Verde,63.7,79.4,25.0,Arenoso,4.7,1266.0,Transporte,3.0,75.0,12.2,48.0,Tarde,0
3809,2026-04-16 12:50:00,EQ-010,Nao-Me-Toque,40.8,16.6,14.1,Argiloso,3.5,539.0,Colheita,16.0,264.0,8.8,80.0,Manha,0
3810,2026-04-16 12:55:00,EQ-033,Cascavel,36.3,57.4,31.5,Arenoso,9.4,900.0,Plantio,13.0,174.0,5.2,105.0,Tarde,0
3811,2026-04-16 13:12:00,EQ-012,Sorriso,38.4,39.2,21.6,Misto,5.5,721.0,Plantio,4.0,241.0,8.9,109.0,Manha,0
3812,2026-04-16 13:18:00,EQ-035,Sorriso,41.9,22.0,28.5,Misto,10.9,77.0,Transporte,5.0,214.0,8.0,61.0,Tarde,0
3813,2026-04-16 13:31:00,EQ-017,Lucas do Rio Verde,20.7,81.7,26.7,Argiloso,6.8,624.0,Colheita,2.0,318.0,11.2,107.0,Tarde,1
3814,2026-04-16 13:47:00,EQ-031,Rio Verde,50.4,42.7,18.4,Arenoso,11.2,517.0,Plantio,6.0,154.0,8.7,68.0,Tarde,1
3815,2026-04-16 13:49:00,EQ-029,Nao-Me-Toque,48.0,98.4,19.6,Arenoso,10.3,1618.0,Plantio,12.0,99.0,9.7,100.0,Tarde,0
3816,2026-04-16 14:25:00,EQ-036,Nao-Me-Toque,61.2,27.8,35.0,Argiloso,4.9,929.0,Colheita,13.0,73.0,5.4,75.0,Tarde,0
3817,2026-04-16 15:00:00,EQ-019,Cascavel,62.3,7.2,25.7,Misto,12.5,784.0,Plantio,8.0,107.0,7.2,96.0,Tarde,0
3818,2026-04-16 15:23:00,EQ-008,Sorriso,42.8,45.8,20.2,Arenoso,2.2,344.0,Colheita,14.0,96.0,12.1,110.0,Manha,0
3819,2026-04-16 15:37:00,EQ-033,Barreiras,83.9,67.4,14.2,Argiloso,11.0,175.0,Pulverizacao,7.0,189.0,4.9,75.0,Manha,1
3820,2026-04-16 16:07:00,EQ-023,Lucas do Rio Verde,51.2,26.3,29.6,Argiloso,9.1,871.0,Colheita,5.0,129.0,5.3,65.0,Manha,0
3821,2026-04-16 16:11:00,EQ-028,Rio Verde,90.4,40.4,30.6,Arenoso,8.4,303.0,Colheita,8.0,79.0,9.5,77.0,Tarde,0
3822,2026-04-16 16:35:00,EQ-009,Lucas do Rio Verde,24.5,23.3,20.9,Arenoso,1.5,1555.0,Colheita,1.0,200.0,11.5,94.0,Tarde,0
3823,2026-04-16 17:03:00,EQ-003,Lucas do Rio Verde,51.6,8.8,25.1,Encharcado,9.8,811.0,Plantio,21.0,329.0,1.2,64.0,Tarde,0
3824,2026-04-16 17:36:00,EQ-031,Barreiras,62.2,76.0,23.9,Arenoso,12.5,783.0,Pulverizacao,4.0,177.0,6.3,76.0,Manha,1
3825,2026-04-16 18:12:00,EQ-023,Barreiras,32.5,141.2,19.7,Argiloso,13.9,220.0,Colheita,3.0,83.0,4.5,64.0,Tarde,1
3826,2026-04-16 19:27:00,EQ-018,Lucas do Rio Verde,62.5,61.6,15.1,Arenoso,17.8,411.0,Plantio,4.0,96.0,8.0,76.0,Manha,1
3827,2026-04-16 19:36:00,EQ-030,Rio Verde,78.2,15.8,36.4,Misto,7.4,12.0,Transporte,19.0,192.0,11.6,120.0,Tarde,1
3828,2026-04-16 20:38:00,EQ-024,Barreiras,93.5,29.9,33.2,Arenoso,28.1,625.0,Pulverizacao,1.0,18.0,9.4,92.0,Tarde,1
3829,2026-04-16 20:42:00,EQ-031,Sorriso,73.5,24.2,29.0,Arenoso,14.7,465.0,Pulverizacao,5.0,237.0,8.0,81.0,Tarde,0
3830,2026-04-16 20:47:00,EQ-023,Cascavel,54.6,27.0,28.3,Arenoso,2.7,962.0,Colheita,10.0,244.0,7.6,114.0,Manha,0
3831,2026-04-16 20:49:00,EQ-011,Barreiras,43.5,47.6,27.3,Argiloso,17.5,1130.0,Plantio,7.0,214.0,7.2,90.0,Tarde,0
3832,2026-04-16 21:22:00,EQ-024,Sorriso,59.8,8.0,26.8,Misto,28.4,376.0,Colheita,12.0,194.0,5.5,120.0,Manha,1
3833,2026-04-16 21:36:00,EQ-026,Barreiras,49.4,106.6,27.5,Argiloso,3.1,1022.0,Transporte,14.0,56.0,12.8,62.0,Manha,1
3834,2026-04-16 21:49:00,EQ-008,Cascavel,66.3,30.2,26.6,Encharcado,1.7,179.0,Transporte,18.0,46.0,7.8,77.0,Manha,1
3835,2026-04-16 22:00:00,EQ-030,Rio Verde,61.1,24.6,26.5,Arenoso,3.4,257.0,Colheita,6.0,92.0,9.4,66.0,Noite,1
3836,2026-04-16 23:37:00,EQ-016,Barreiras,63.5,7.3,21.4,Encharcado,19.6,1345.0,Pulverizacao,3.0,137.0,7.8,97.0,Manha,0
3837,2026-04-16 23:48:00,EQ-009,Rio Verde,52.1,23.3,30.0,Argiloso,9.6,414.0,Pulverizacao,2.0,220.0,10.0,71.0,Manha,0
3838,2026-04-16 23:50:00,EQ-009,Rio Verde,57.6,60.2,33.1,Argiloso,12.5,144.0,Plantio,9.0,206.0,5.6,120.0,Manha,0
3839,2026-04-17 01:12:00,EQ-025,Nao-Me-Toque,69.4,60.1,20.0,Argiloso,15.6,481.0,Transporte,3.0,244.0,7.6,79.0,Manha,0
3840,2026-04-17 01:14:00,EQ-031,Rio Verde,43.9,34.8,23.4,Encharcado,12.6,462.0,Plantio,10.0,77.0,5.8,63.0,Noite,1
3841,2026-04-17 01:41:00,EQ-026,Sorriso,56.2,30.5,19.2,Arenoso,4.9,151.0,Pulverizacao,18.0,172.0,9.0,82.0,Manha,0
3842,2026-04-17 01:57:00,EQ-008,Nao-Me-Toque,73.2,63.2,27.4,Misto,13.4,90.0,Transporte,7.0,160.0,6.0,63.0,Manha,1
3843,2026-04-17 03:28:00,EQ-020,Sorriso,64.9,22.1,19.3,Arenoso,10.4,1277.0,Colheita,3.0,249.0,10.1,96.0,Tarde,0
3844,2026-04-17 03:34:00,EQ-039,Barreiras,49.5,23.6,19.7,Encharcado,9.8,312.0,Colheita,3.0,354.0,14.1,85.0,Tarde,1
3845,2026-04-17 03:54:00,EQ-007,Rio Verde,68.3,45.0,17.3,Argiloso,9.6,258.0,Colheita,1.0,100.0,7.4,104.0,Tarde,1
3846,2026-04-17 04:24:00,EQ-011,Barreiras,62.1,44.8,26.0,Encharcado,19.3,432.0,Plantio,1.0,266.0,6.0,52.0,Tarde,1
3847,2026-04-17 05:35:00,EQ-029,Rio Verde,62.3,33.5,19.2,Argiloso,16.5,800.0,Colheita,0.0,207.0,7.1,58.0,Tarde,0
3848,2026-04-17 05:57:00,EQ-029,Lucas do Rio Verde,77.5,74.4,21.4,Arenoso,11.6,122.0,Transporte,25.0,183.0,9.1,52.0,Noite,1
3849,2026-04-17 06:20:00,EQ-028,Nao-Me-Toque,31.2,57.9,28.1,Argiloso,18.9,1104.0,Transporte,14.0,45.0,4.1,87.0,Tarde,0
3850,2026-04-17 06:22:00,EQ-034,Barreiras,62.8,23.6,26.9,Arenoso,9.4,694.0,Colheita,2.0,440.0,5.7,66.0,Noite,0
3851,2026-04-17 06:28:00,EQ-030,Nao-Me-Toque,40.3,30.2,19.8,Misto,2.9,581.0,Plantio,5.0,317.0,9.1,77.0,Tarde,0
3852,2026-04-17 06:42:00,EQ-026,Lucas do Rio Verde,23.8,43.4,27.0,Misto,6.6,522.0,Colheita,3.0,126.0,11.6,94.0,Tarde,0
3853,2026-04-17 06:55:00,EQ-022,Sorriso,30.7,81.8,17.2,Misto,21.5,441.0,Colheita,1.0,173.0,6.5,95.0,Tarde,0
3854,2026-04-17 07:00:00,EQ-003,Sorriso,60.7,21.6,23.3,Arenoso,12.9,241.0,Pulverizacao,23.0,77.0,7.1,68.0,Tarde,1
3855,2026-04-17 07:02:00,EQ-001,Cascavel,74.4,20.1,29.1,Arenoso,1.3,583.0,Colheita,4.0,170.0,10.6,64.0,Manha,0
3856,2026-04-17 07:18:00,EQ-015,Lucas do Rio Verde,79.7,57.3,36.1,Misto,12.5,282.0,Pulverizacao,5.0,322.0,8.4,93.0,Noite,0
3857,2026-04-17 07:26:00,EQ-001,Cascavel,21.3,26.2,31.0,Misto,2.7,1283.0,Plantio,17.0,291.0,7.4,99.0,Manha,0
3858,2026-04-17 07:40:00,EQ-012,Rio Verde,48.0,10.9,22.9,Encharcado,9.6,731.0,Pulverizacao,4.0,335.0,8.5,84.0,Noite,0
3859,2026-04-17 07:49:00,EQ-040,Sorriso,27.8,5.4,28.2,Arenoso,5.6,426.0,Plantio,3.0,371.0,8.9,87.0,Manha,0
3860,2026-04-17 08:52:00,EQ-022,Sorriso,42.7,79.3,27.2,Arenoso,7.6,273.0,Pulverizacao,2.0,341.0,9.6,105.0,Tarde,0
3861,2026-04-17 09:40:00,EQ-027,Cascavel,55.9,84.5,21.6,Misto,15.7,143.0,Pulverizacao,3.0,69.0,10.9,69.0,Tarde,0
3862,2026-04-17 10:00:00,EQ-009,Rio Verde,55.4,77.4,21.2,Argiloso,11.8,1409.0,Plantio,6.0,163.0,9.2,85.0,Manha,0
3863,2026-04-17 10:04:00,EQ-011,Sorriso,56.6,34.7,30.2,Arenoso,19.2,1121.0,Colheita,24.0,303.0,7.3,71.0,Manha,0
3864,2026-04-17 10:12:00,EQ-037,Sorriso,38.5,53.5,33.3,Arenoso,11.2,1045.0,Colheita,1.0,191.0,7.9,83.0,Noite,0
3865,2026-04-17 10:15:00,EQ-016,Cascavel,42.7,19.8,29.5,Misto,7.0,1732.0,Plantio,6.0,120.0,1.8,109.0,Tarde,0
3866,2026-04-17 10:28:00,EQ-038,Nao-Me-Toque,55.9,6.1,26.5,Argiloso,5.7,508.0,Pulverizacao,5.0,45.0,4.2,84.0,Manha,0
3867,2026-04-17 11:02:00,EQ-023,Nao-Me-Toque,5.0,27.6,28.6,Arenoso,13.2,180.0,Transporte,6.0,256.0,9.6,87.0,Manha,0
3868,2026-04-17 11:04:00,EQ-029,Rio Verde,43.6,25.7,22.7,Arenoso,7.7,438.0,Colheita,4.0,125.0,6.9,88.0,Noite,0
3869,2026-04-17 11:07:00,EQ-025,Rio Verde,32.9,24.0,39.1,Argiloso,6.3,486.0,Colheita,23.0,192.0,1.5,64.0,Tarde,1
3870,2026-04-17 11:37:00,EQ-026,Sorriso,77.9,33.6,25.8,Encharcado,5.4,1554.0,Transporte,7.0,36.0,5.3,63.0,Tarde,0
3871,2026-04-17 11:40:00,EQ-004,Rio Verde,51.3,11.1,36.9,Arenoso,19.3,799.0,Pulverizacao,12.0,116.0,8.9,47.0,Noite,0
3872,2026-04-17 11:43:00,EQ-018,Barreiras,75.7,52.9,18.9,Misto,21.6,1207.0,Transporte,13.0,600.0,10.3,120.0,Tarde,1
3873,2026-04-17 12:28:00,EQ-002,Rio Verde,33.5,15.8,35.4,Misto,8.3,935.0,Pulverizacao,11.0,258.0,11.7,98.0,Tarde,1
3874,2026-04-17 12:39:00,EQ-026,Rio Verde,61.8,54.6,37.3,Misto,45.0,195.0,Plantio,5.0,138.0,8.1,75.0,Noite,1
3875,2026-04-17 13:31:00,EQ-029,Cascavel,31.8,17.9,21.4,Misto,16.8,727.0,Plantio,2.0,140.0,5.5,87.0,Tarde,0
3876,2026-04-17 14:05:00,EQ-001,Rio Verde,43.1,17.7,29.3,Argiloso,2.9,227.0,Plantio,19.0,298.0,9.0,44.0,Manha,0
3877,2026-04-17 15:15:00,EQ-008,Lucas do Rio Verde,64.2,27.6,26.5,Argiloso,7.4,667.0,Pulverizacao,10.0,494.0,11.1,79.0,Tarde,0
3878,2026-04-17 15:30:00,EQ-019,Lucas do Rio Verde,50.3,29.8,27.8,Misto,12.5,1045.0,Plantio,10.0,149.0,6.9,93.0,Noite,0
3879,2026-04-17 15:44:00,EQ-030,Cascavel,31.6,96.4,33.4,Arenoso,13.6,1106.0,Colheita,11.0,253.0,6.2,94.0,Tarde,0
3880,2026-04-17 15:44:00,EQ-011,Barreiras,77.9,32.9,29.3,Arenoso,8.3,158.0,Pulverizacao,6.0,268.0,10.7,87.0,Tarde,1
3881,2026-04-17 15:52:00,EQ-026,Rio Verde,70.8,20.5,16.4,Argiloso,2.8,135.0,Colheita,3.0,162.0,5.8,61.0,Tarde,0
3882,2026-04-17 16:27:00,EQ-030,Cascavel,43.2,48.5,20.4,Argiloso,1.3,1142.0,Colheita,9.0,426.0,9.8,71.0,Noite,0
3883,2026-04-17 16:48:00,EQ-022,Sorriso,56.6,14.4,31.8,Misto,7.3,734.0,Plantio,13.0,27.0,7.8,90.0,Tarde,0
3884,2026-04-17 17:29:00,EQ-009,Lucas do Rio Verde,65.1,51.5,23.5,Misto,6.1,435.0,Colheita,14.0,97.0,6.2,91.0,Manha,1
3885,2026-04-17 17:44:00,EQ-016,Sorriso,53.3,92.1,29.1,Argiloso,5.8,926.0,Plantio,6.0,175.0,9.3,69.0,Manha,1
3886,2026-04-17 17:47:00,EQ-031,Nao-Me-Toque,79.2,12.0,35.0,Argiloso,23.7,813.0,Colheita,4.0,126.0,9.5,64.0,Tarde,0
3887,2026-04-17 17:49:00,EQ-030,Nao-Me-Toque,38.1,37.7,32.0,Misto,9.1,411.0,Plantio,5.0,136.0,11.6,92.0,Noite,0
3888,2026-04-17 17:50:00,EQ-020,Lucas do Rio Verde,43.1,33.4,25.9,Argiloso,6.9,623.0,Plantio,7.0,141.0,6.5,102.0,Manha,0
3889,2026-04-17 17:58:00,EQ-002,Rio Verde,67.2,53.4,23.4,Argiloso,4.7,1424.0,Colheita,7.0,106.0,7.3,75.0,Noite,0
3890,2026-04-17 18:01:00,EQ-013,Nao-Me-Toque,67.5,14.4,31.9,Misto,7.6,882.0,Pulverizacao,16.0,152.0,12.3,68.0,Tarde,0
3891,2026-04-17 18:05:00,EQ-005,Cascavel,35.9,41.2,24.3,Argiloso,16.7,455.0,Plantio,4.0,592.0,9.0,100.0,Tarde,1
3892,2026-04-17 18:17:00,EQ-033,Nao-Me-Toque,97.3,40.6,23.7,Misto,16.3,1708.0,Plantio,4.0,358.0,12.8,91.0,Tarde,0
3893,2026-04-17 19:13:00,EQ-028,Sorriso,55.2,24.7,25.7,Arenoso,8.0,1217.0,Plantio,15.0,146.0,6.3,118.0,Tarde,0
3894,2026-04-17 19:44:00,EQ-023,Sorriso,14.6,73.7,29.6,Misto,10.6,551.0,Plantio,3.0,103.0,6.7,74.0,Noite,0
3895,2026-04-17 20:06:00,EQ-040,Sorriso,45.3,32.8,33.9,Misto,3.1,655.0,Transporte,4.0,99.0,9.8,70.0,Tarde,0
3896,2026-04-17 20:26:00,EQ-006,Sorriso,50.9,36.9,28.5,Arenoso,16.0,1126.0,Pulverizacao,4.0,166.0,7.8,50.0,Manha,0
3897,2026-04-17 20:28:00,EQ-009,Nao-Me-Toque,83.7,91.5,16.4,Arenoso,4.4,217.0,Pulverizacao,2.0,176.0,8.2,91.0,Tarde,1
3898,2026-04-17 20:38:00,EQ-020,Barreiras,70.6,3.3,14.3,Argiloso,8.6,1474.0,Pulverizacao,6.0,349.0,2.6,61.0,Manha,0
3899,2026-04-17 22:22:00,EQ-029,Sorriso,70.9,26.8,22.3,Argiloso,5.5,794.0,Colheita,12.0,95.0,10.2,117.0,Noite,0
3900,2026-04-17 23:20:00,EQ-025,Lucas do Rio Verde,84.3,40.9,32.2,Misto,5.7,64.0,Transporte,5.0,20.0,9.5,64.0,Noite,1
3901,2026-04-17 23:42:00,EQ-022,Barreiras,47.4,48.4,31.8,Encharcado,24.7,595.0,Colheita,10.0,51.0,4.7,82.0,Tarde,0
3902,2026-04-18 00:36:00,EQ-032,Cascavel,100.0,40.9,33.2,Arenoso,7.0,539.0,Transporte,5.0,201.0,10.6,84.0,Tarde,0
3903,2026-04-18 01:08:00,EQ-033,Sorriso,85.9,32.0,32.4,Arenoso,15.5,419.0,Transporte,10.0,45.0,11.7,73.0,Tarde,1
3904,2026-04-18 02:06:00,EQ-028,Cascavel,39.2,37.0,32.9,Argiloso,4.8,604.0,Plantio,5.0,101.0,9.5,80.0,Noite,1
3905,2026-04-18 03:03:00,EQ-034,Rio Verde,60.2,41.1,25.7,Argiloso,0.3,478.0,Plantio,7.0,124.0,10.7,83.0,Tarde,1
3906,2026-04-18 03:52:00,EQ-013,Cascavel,38.7,47.6,27.7,Arenoso,3.7,994.0,Pulverizacao,25.0,121.0,6.0,75.0,Tarde,0
3907,2026-04-18 03:52:00,EQ-035,Rio Verde,60.1,41.1,33.6,Argiloso,12.9,987.0,Plantio,3.0,103.0,3.8,103.0,Manha,0
3908,2026-04-18 04:24:00,EQ-035,Sorriso,64.7,74.4,21.1,Misto,3.3,458.0,Plantio,4.0,389.0,10.5,120.0,Tarde,1
3909,2026-04-18 04:44:00,EQ-001,Lucas do Rio Verde,72.9,13.6,34.4,Encharcado,5.9,656.0,Colheita,5.0,151.0,5.4,76.0,Tarde,0
3910,2026-04-18 04:45:00,EQ-021,Nao-Me-Toque,45.7,26.0,34.9,Misto,1.8,307.0,Colheita,4.0,185.0,5.5,91.0,Noite,1
3911,2026-04-18 04:50:00,EQ-016,Nao-Me-Toque,27.3,109.7,39.2,Arenoso,6.1,302.0,Pulverizacao,2.0,97.0,13.1,89.0,Manha,0
3912,2026-04-18 04:57:00,EQ-025,Lucas do Rio Verde,19.5,41.2,27.8,Arenoso,11.0,538.0,Colheita,11.0,109.0,9.2,92.0,Tarde,0
3913,2026-04-18 05:08:00,EQ-020,Sorriso,33.8,12.5,26.7,Misto,2.3,1170.0,Colheita,6.0,214.0,2.7,79.0,Manha,0
3914,2026-04-18 05:46:00,EQ-009,Nao-Me-Toque,5.0,9.0,25.5,Encharcado,12.6,242.0,Pulverizacao,3.0,117.0,10.4,45.0,Noite,0
3915,2026-04-18 06:48:00,EQ-007,Rio Verde,61.7,21.2,33.7,Encharcado,1.1,1170.0,Pulverizacao,2.0,253.0,8.5,88.0,Manha,0
3916,2026-04-18 07:28:00,EQ-005,Nao-Me-Toque,25.3,45.8,24.6,Arenoso,15.4,378.0,Transporte,7.0,267.0,7.1,77.0,Tarde,0
3917,2026-04-18 07:35:00,EQ-033,Cascavel,59.7,13.8,34.1,Arenoso,13.5,256.0,Plantio,3.0,317.0,8.1,120.0,Tarde,0
3918,2026-04-18 08:30:00,EQ-010,Barreiras,43.0,4.6,21.0,Arenoso,44.9,224.0,Colheita,4.0,46.0,12.5,89.0,Manha,1
3919,2026-04-18 09:11:00,EQ-024,Lucas do Rio Verde,37.3,59.6,19.5,Argiloso,14.3,81.0,Plantio,17.0,155.0,5.3,85.0,Tarde,0
3920,2026-04-18 09:19:00,EQ-010,Nao-Me-Toque,78.8,25.8,24.0,Arenoso,19.6,62.0,Pulverizacao,8.0,196.0,6.7,84.0,Manha,1
3921,2026-04-18 09:29:00,EQ-025,Sorriso,69.5,9.1,20.0,Misto,2.5,56.0,Transporte,9.0,28.0,6.0,96.0,Tarde,1
3922,2026-04-18 10:39:00,EQ-038,Sorriso,46.4,19.3,28.5,Argiloso,20.6,609.0,Pulverizacao,11.0,377.0,5.8,55.0,Tarde,0
3923,2026-04-18 10:47:00,EQ-019,Lucas do Rio Verde,59.1,36.6,21.3,Arenoso,13.6,460.0,Pulverizacao,10.0,197.0,7.5,70.0,Manha,0
3924,2026-04-18 11:01:00,EQ-009,Sorriso,55.6,40.3,24.1,Arenoso,32.5,295.0,Plantio,5.0,264.0,9.0,66.0,Noite,0
3925,2026-04-18 11:24:00,EQ-028,Lucas do Rio Verde,28.1,20.8,38.6,Arenoso,2.6,1513.0,Plantio,3.0,74.0,3.9,105.0,Tarde,0
3926,2026-04-18 11:54:00,EQ-024,Rio Verde,71.6,58.3,30.6,Misto,26.5,683.0,Pulverizacao,6.0,90.0,3.7,54.0,Tarde,0
3927,2026-04-18 11:58:00,EQ-027,Rio Verde,62.8,78.6,16.6,Arenoso,25.9,2000.0,Colheita,2.0,432.0,7.9,49.0,Tarde,0
3928,2026-04-18 12:04:00,EQ-024,Rio Verde,47.2,1.2,18.3,Encharcado,6.1,1191.0,Transporte,1.0,334.0,11.4,64.0,Manha,0
3929,2026-04-18 12:07:00,EQ-033,Sorriso,23.3,74.0,31.1,Argiloso,15.2,1385.0,Colheita,7.0,156.0,7.2,74.0,Manha,0
3930,2026-04-18 13:07:00,EQ-016,Sorriso,72.6,14.9,38.2,Argiloso,8.4,57.0,Pulverizacao,8.0,127.0,3.2,84.0,Manha,1
3931,2026-04-18 13:20:00,EQ-040,Lucas do Rio Verde,47.4,68.0,35.9,Misto,38.4,758.0,Colheita,5.0,35.0,6.9,67.0,Tarde,0
3932,2026-04-18 13:51:00,EQ-020,Lucas do Rio Verde,41.1,35.0,32.8,Encharcado,28.0,603.0,Pulverizacao,8.0,59.0,9.5,65.0,Noite,0
3933,2026-04-18 13:52:00,EQ-025,Nao-Me-Toque,49.6,41.7,12.9,Arenoso,8.1,895.0,Colheita,2.0,386.0,9.3,113.0,Noite,0
3934,2026-04-18 14:20:00,EQ-012,Barreiras,65.2,61.8,17.6,Misto,4.7,708.0,Pulverizacao,7.0,333.0,12.0,80.0,Tarde,0
3935,2026-04-18 14:20:00,EQ-014,Sorriso,64.9,28.9,37.5,Arenoso,8.8,64.0,Pulverizacao,9.0,229.0,3.7,96.0,Tarde,0
3936,2026-04-18 14:33:00,EQ-033,Sorriso,86.2,96.5,23.2,Argiloso,26.1,423.0,Colheita,11.0,582.0,13.5,58.0,Noite,1
3937,2026-04-18 14:43:00,EQ-025,Barreiras,100.0,42.8,28.9,Arenoso,13.6,343.0,Colheita,3.0,58.0,10.9,116.0,Noite,1
3938,2026-04-18 15:04:00,EQ-011,Cascavel,51.6,26.0,20.8,Misto,1.0,350.0,Plantio,2.0,236.0,4.0,86.0,Noite,0
3939,2026-04-18 15:07:00,EQ-017,Sorriso,64.4,24.6,22.6,Encharcado,14.8,107.0,Plantio,5.0,36.0,8.9,72.0,Noite,0
3940,2026-04-18 15:58:00,EQ-004,Nao-Me-Toque,52.7,7.8,22.5,Arenoso,3.9,634.0,Colheita,7.0,102.0,9.2,87.0,Manha,1
3941,2026-04-18 16:32:00,EQ-015,Cascavel,100.0,63.4,24.6,Misto,18.1,568.0,Transporte,5.0,63.0,5.1,89.0,Manha,1
3942,2026-04-18 16:38:00,EQ-016,Lucas do Rio Verde,55.5,12.4,26.9,Encharcado,9.2,412.0,Transporte,11.0,111.0,4.8,85.0,Manha,1
3943,2026-04-18 16:45:00,EQ-027,Sorriso,53.6,33.2,21.7,Arenoso,44.9,749.0,Plantio,9.0,216.0,5.0,66.0,Manha,0
3944,2026-04-18 17:16:00,EQ-032,Sorriso,60.9,18.4,27.1,Arenoso,3.6,1168.0,Plantio,3.0,57.0,10.2,71.0,Tarde,0
3945,2026-04-18 17:26:00,EQ-029,Barreiras,42.1,23.0,25.3,Encharcado,1.7,1405.0,Colheita,4.0,312.0,7.3,84.0,Manha,0
3946,2026-04-18 18:22:00,EQ-038,Rio Verde,65.7,23.8,26.5,Arenoso,31.1,2000.0,Pulverizacao,7.0,73.0,4.0,78.0,Manha,0
3947,2026-04-18 18:29:00,EQ-040,Barreiras,84.5,44.1,27.7,Arenoso,17.0,463.0,Plantio,15.0,200.0,5.6,97.0,Tarde,0
3948,2026-04-18 18:34:00,EQ-027,Sorriso,70.4,39.7,17.3,Arenoso,3.6,237.0,Plantio,7.0,172.0,4.1,97.0,Tarde,0
3949,2026-04-18 18:56:00,EQ-024,Rio Verde,63.8,27.8,25.3,Encharcado,16.1,582.0,Plantio,8.0,27.0,5.1,74.0,Manha,1
3950,2026-04-18 18:57:00,EQ-019,Nao-Me-Toque,77.7,71.3,28.5,Arenoso,20.6,1085.0,Pulverizacao,4.0,249.0,8.7,99.0,Tarde,0
3951,2026-04-18 19:06:00,EQ-010,Barreiras,60.1,75.8,16.4,Encharcado,22.3,284.0,Plantio,10.0,95.0,5.8,76.0,Noite,1
3952,2026-04-18 19:07:00,EQ-024,Lucas do Rio Verde,35.7,34.4,27.0,Misto,15.0,577.0,Pulverizacao,5.0,241.0,0.8,75.0,Tarde,0
3953,2026-04-18 19:12:00,EQ-029,Rio Verde,51.9,39.6,28.9,Arenoso,7.6,438.0,Colheita,23.0,182.0,9.0,102.0,Manha,0
3954,2026-04-18 19:21:00,EQ-036,Nao-Me-Toque,33.8,25.3,24.9,Arenoso,17.8,669.0,Colheita,14.0,217.0,11.1,88.0,Manha,1
3955,2026-04-18 19:53:00,EQ-033,Cascavel,28.1,89.2,28.4,Argiloso,15.5,765.0,Pulverizacao,8.0,156.0,7.6,96.0,Manha,0
3956,2026-04-18 20:03:00,EQ-024,Lucas do Rio Verde,59.2,7.7,25.5,Misto,19.7,694.0,Colheita,3.0,117.0,11.5,85.0,Tarde,0
3957,2026-04-18 20:33:00,EQ-002,Barreiras,24.2,5.0,21.3,Argiloso,21.4,843.0,Colheita,1.0,176.0,9.1,56.0,Manha,0
3958,2026-04-18 20:56:00,EQ-033,Barreiras,62.2,40.0,16.6,Encharcado,5.6,169.0,Colheita,6.0,147.0,7.2,89.0,Tarde,1
3959,2026-04-18 21:10:00,EQ-011,Nao-Me-Toque,61.5,63.6,25.8,Arenoso,11.2,246.0,Colheita,7.0,297.0,7.2,85.0,Tarde,1
3960,2026-04-18 21:14:00,EQ-022,Barreiras,55.2,16.2,21.2,Argiloso,3.3,960.0,Colheita,2.0,388.0,6.5,106.0,Tarde,0
3961,2026-04-18 21:40:00,EQ-018,Barreiras,33.5,30.0,26.3,Misto,9.2,542.0,Transporte,9.0,28.0,12.1,95.0,Tarde,0
3962,2026-04-18 22:41:00,EQ-036,Lucas do Rio Verde,53.4,9.2,30.7,Misto,8.7,460.0,Plantio,11.0,192.0,7.2,90.0,Tarde,0
3963,2026-04-18 23:24:00,EQ-016,Nao-Me-Toque,61.6,50.0,21.1,Misto,14.7,1873.0,Colheita,4.0,156.0,10.4,65.0,Tarde,0
3964,2026-04-18 23:30:00,EQ-014,Barreiras,82.1,23.6,30.6,Misto,6.2,835.0,Plantio,16.0,133.0,7.5,63.0,Manha,0
3965,2026-04-19 00:06:00,EQ-010,Nao-Me-Toque,51.8,73.6,16.5,Encharcado,25.1,1438.0,Colheita,7.0,45.0,8.5,82.0,Manha,0
3966,2026-04-19 00:07:00,EQ-020,Sorriso,27.4,23.8,32.4,Misto,6.7,1402.0,Pulverizacao,8.0,71.0,11.0,66.0,Tarde,0
3967,2026-04-19 00:21:00,EQ-012,Cascavel,67.5,49.0,36.7,Arenoso,12.5,301.0,Colheita,5.0,201.0,6.6,88.0,Manha,1
3968,2026-04-19 00:49:00,EQ-036,Sorriso,53.2,32.6,35.3,Arenoso,3.5,791.0,Pulverizacao,9.0,41.0,9.6,112.0,Noite,0
3969,2026-04-19 01:25:00,EQ-020,Sorriso,67.9,17.3,33.1,Misto,7.9,361.0,Transporte,6.0,60.0,11.2,72.0,Manha,1
3970,2026-04-19 01:39:00,EQ-031,Cascavel,56.1,15.7,24.1,Misto,5.6,145.0,Colheita,5.0,49.0,11.4,88.0,Manha,0
3971,2026-04-19 01:47:00,EQ-036,Nao-Me-Toque,42.4,39.4,21.5,Misto,9.9,1292.0,Plantio,5.0,69.0,6.7,99.0,Manha,0
3972,2026-04-19 01:58:00,EQ-034,Sorriso,70.9,36.0,23.6,Argiloso,6.2,255.0,Transporte,7.0,93.0,11.3,90.0,Tarde,0
3973,2026-04-19 02:04:00,EQ-035,Nao-Me-Toque,83.7,30.3,14.2,Misto,4.8,647.0,Plantio,5.0,96.0,9.7,82.0,Noite,0
3974,2026-04-19 02:14:00,EQ-029,Cascavel,75.8,54.7,38.0,Arenoso,8.6,671.0,Transporte,4.0,75.0,2.7,91.0,Manha,0
3975,2026-04-19 02:26:00,EQ-030,Nao-Me-Toque,44.4,31.0,23.3,Argiloso,12.8,659.0,Pulverizacao,5.0,189.0,7.1,90.0,Noite,0
3976,2026-04-19 02:31:00,EQ-023,Barreiras,68.5,14.6,25.2,Arenoso,10.1,156.0,Colheita,5.0,229.0,6.3,63.0,Noite,1
3977,2026-04-19 02:39:00,EQ-012,Lucas do Rio Verde,32.3,58.2,26.3,Encharcado,14.8,960.0,Plantio,13.0,60.0,11.8,56.0,Tarde,0
3978,2026-04-19 02:59:00,EQ-008,Sorriso,52.5,3.5,24.8,Arenoso,13.8,248.0,Transporte,12.0,188.0,8.0,69.0,Manha,0
3979,2026-04-19 02:59:00,EQ-039,Sorriso,26.4,39.5,30.5,Arenoso,15.2,1016.0,Transporte,6.0,29.0,11.9,71.0,Manha,0
3980,2026-04-19 03:04:00,EQ-028,Cascavel,63.8,10.7,31.7,Encharcado,2.5,1086.0,Plantio,7.0,123.0,12.0,74.0,Noite,0
3981,2026-04-19 03:21:00,EQ-026,Lucas do Rio Verde,32.2,19.0,33.1,Argiloso,21.7,618.0,Transporte,9.0,317.0,9.1,71.0,Tarde,0
3982,2026-04-19 03:29:00,EQ-012,Lucas do Rio Verde,29.5,14.3,29.4,Argiloso,21.2,750.0,Pulverizacao,3.0,109.0,9.0,56.0,Manha,0
3983,2026-04-19 03:36:00,EQ-012,Barreiras,33.6,40.6,23.2,Arenoso,17.1,494.0,Pulverizacao,7.0,304.0,10.1,65.0,Manha,1
3984,2026-04-19 03:39:00,EQ-036,Cascavel,74.4,55.9,20.7,Argiloso,17.9,503.0,Colheita,1.0,356.0,8.8,77.0,Tarde,1
3985,2026-04-19 04:08:00,EQ-024,Sorriso,58.5,0.8,34.3,Arenoso,16.4,255.0,Colheita,17.0,310.0,8.7,101.0,Tarde,0
3986,2026-04-19 05:11:00,EQ-023,Rio Verde,89.1,34.5,28.3,Encharcado,2.0,1481.0,Transporte,14.0,123.0,3.8,112.0,Manha,0
3987,2026-04-19 05:12:00,EQ-005,Sorriso,45.2,40.4,17.6,Arenoso,1.1,481.0,Colheita,18.0,266.0,8.2,73.0,Manha,0
3988,2026-04-19 05:35:00,EQ-004,Sorriso,37.5,31.8,28.3,Arenoso,4.2,1597.0,Colheita,21.0,145.0,6.4,93.0,Manha,0
3989,2026-04-19 05:48:00,EQ-005,Rio Verde,37.1,3.4,29.1,Argiloso,3.6,725.0,Plantio,5.0,192.0,6.0,93.0,Manha,0
3990,2026-04-19 05:50:00,EQ-029,Nao-Me-Toque,53.8,31.9,19.2,Misto,11.5,886.0,Transporte,18.0,37.0,6.9,47.0,Noite,0
3991,2026-04-19 07:14:00,EQ-035,Sorriso,31.3,16.0,21.8,Arenoso,6.4,377.0,Colheita,6.0,79.0,8.9,74.0,Tarde,0
3992,2026-04-19 07:31:00,EQ-031,Cascavel,50.6,5.4,20.8,Arenoso,6.8,1356.0,Plantio,6.0,91.0,8.5,93.0,Manha,0
3993,2026-04-19 07:43:00,EQ-018,Nao-Me-Toque,55.6,116.9,31.4,Argiloso,2.8,671.0,Plantio,11.0,149.0,6.1,84.0,Manha,1
3994,2026-04-19 08:00:00,EQ-037,Rio Verde,88.4,26.2,16.6,Argiloso,9.9,1518.0,Plantio,4.0,400.0,5.0,96.0,Tarde,0
3995,2026-04-19 08:00:00,EQ-004,Nao-Me-Toque,56.0,24.2,39.0,Misto,19.9,1167.0,Colheita,5.0,91.0,3.0,91.0,Noite,0
3996,2026-04-19 08:06:00,EQ-037,Cascavel,47.7,37.2,23.2,Argiloso,4.5,913.0,Plantio,5.0,172.0,9.8,110.0,Tarde,0
3997,2026-04-19 08:22:00,EQ-012,Barreiras,38.5,107.6,26.0,Misto,23.8,160.0,Pulverizacao,11.0,50.0,10.0,98.0,Manha,0
3998,2026-04-19 08:44:00,EQ-016,Rio Verde,35.1,20.6,27.2,Arenoso,26.5,1140.0,Colheita,6.0,194.0,6.1,103.0,Tarde,0
3999,2026-04-19 09:11:00,EQ-031,Sorriso,53.6,55.2,42.0,Misto,3.6,1447.0,Pulverizacao,9.0,145.0,9.2,69.0,Manha,0
4000,2026-04-19 09:40:00,EQ-004,Cascavel,61.7,25.5,29.7,Encharcado,11.3,470.0,Colheita,22.0,88.0,12.3,110.0,Manha,1
4001,2026-04-19 10:19:00,EQ-027,Cascavel,62.5,43.6,31.5,Arenoso,3.6,747.0,Plantio,12.0,33.0,10.3,86.0,Tarde,0
4002,2026-04-19 10:31:00,EQ-031,Sorriso,33.0,48.3,22.9,Arenoso,15.1,330.0,Colheita,6.0,120.0,6.2,93.0,Manha,0
4003,2026-04-19 10:35:00,EQ-019,Cascavel,36.7,48.9,28.8,Argiloso,2.9,1322.0,Colheita,4.0,93.0,14.1,79.0,Noite,0
4004,2026-04-19 10:55:00,EQ-019,Lucas do Rio Verde,65.5,10.4,26.9,Arenoso,7.8,66.0,Pulverizacao,5.0,62.0,8.4,96.0,Manha,0
4005,2026-04-19 11:47:00,EQ-008,Sorriso,74.5,14.5,25.2,Argiloso,12.7,226.0,Pulverizacao,5.0,179.0,7.6,82.0,Tarde,1
4006,2026-04-19 12:05:00,EQ-035,Barreiras,69.7,34.1,17.5,Encharcado,10.6,1414.0,Pulverizacao,1.0,76.0,10.0,58.0,Tarde,0
4007,2026-04-19 12:37:00,EQ-024,Cascavel,73.5,22.9,29.3,Arenoso,0.7,482.0,Transporte,3.0,123.0,7.1,102.0,Manha,0
4008,2026-04-19 12:52:00,EQ-001,Barreiras,40.0,150.3,34.7,Arenoso,8.9,2000.0,Plantio,3.0,241.0,11.1,86.0,Noite,0
4009,2026-04-19 12:57:00,EQ-005,Barreiras,44.7,32.4,11.7,Misto,15.7,794.0,Pulverizacao,7.0,247.0,9.2,54.0,Manha,1
4010,2026-04-19 13:28:00,EQ-029,Rio Verde,99.6,19.4,19.5,Arenoso,14.7,1207.0,Plantio,5.0,240.0,8.9,87.0,Manha,1
4011,2026-04-19 13:37:00,EQ-029,Cascavel,25.1,4.9,24.1,Arenoso,4.4,857.0,Transporte,4.0,213.0,9.1,80.0,Tarde,0
4012,2026-04-19 14:35:00,EQ-024,Nao-Me-Toque,54.7,34.3,23.6,Argiloso,5.4,548.0,Pulverizacao,3.0,129.0,12.2,81.0,Tarde,0
4013,2026-04-19 15:07:00,EQ-040,Nao-Me-Toque,73.1,62.2,33.3,Encharcado,1.9,517.0,Plantio,14.0,304.0,4.1,50.0,Tarde,1
4014,2026-04-19 15:21:00,EQ-019,Cascavel,38.9,29.2,27.4,Misto,15.1,662.0,Colheita,8.0,46.0,1.3,69.0,Tarde,0
4015,2026-04-19 16:07:00,EQ-040,Lucas do Rio Verde,51.9,86.5,22.9,Argiloso,3.8,910.0,Pulverizacao,9.0,181.0,15.1,68.0,Manha,1
4016,2026-04-19 17:16:00,EQ-040,Sorriso,66.3,1.4,23.8,Misto,5.1,455.0,Colheita,4.0,167.0,5.8,80.0,Tarde,0
4017,2026-04-19 17:17:00,EQ-029,Nao-Me-Toque,100.0,36.9,24.2,Arenoso,17.0,517.0,Pulverizacao,14.0,39.0,8.6,69.0,Noite,1
4018,2026-04-19 17:34:00,EQ-040,Nao-Me-Toque,34.3,66.4,33.2,Encharcado,13.0,585.0,Plantio,12.0,535.0,9.8,66.0,Tarde,0
4019,2026-04-19 17:52:00,EQ-040,Sorriso,71.2,44.8,31.8,Encharcado,11.8,438.0,Pulverizacao,13.0,124.0,12.8,47.0,Tarde,1
4020,2026-04-19 18:06:00,EQ-005,Cascavel,66.4,43.6,29.8,Arenoso,4.2,1092.0,Plantio,10.0,52.0,6.6,82.0,Manha,0
4021,2026-04-19 18:25:00,EQ-006,Lucas do Rio Verde,33.9,63.7,23.5,Misto,10.8,465.0,Transporte,15.0,175.0,4.0,76.0,Noite,0
4022,2026-04-19 18:39:00,EQ-034,Nao-Me-Toque,17.1,20.1,30.0,Encharcado,14.2,1000.0,Pulverizacao,16.0,228.0,9.4,95.0,Manha,0
4023,2026-04-19 20:17:00,EQ-019,Sorriso,33.2,37.5,24.9,Argiloso,25.4,270.0,Plantio,10.0,176.0,7.0,67.0,Tarde,0
4024,2026-04-19 20:30:00,EQ-025,Lucas do Rio Verde,40.5,26.0,28.4,Argiloso,6.0,352.0,Colheita,8.0,350.0,9.4,79.0,Noite,0
4025,2026-04-19 20:58:00,EQ-012,Lucas do Rio Verde,76.4,45.1,25.0,Encharcado,9.1,211.0,Plantio,11.0,262.0,11.8,75.0,Tarde,1
4026,2026-04-19 21:24:00,EQ-008,Rio Verde,66.8,17.2,26.8,Argiloso,15.8,388.0,Plantio,6.0,253.0,10.2,73.0,Manha,1
4027,2026-04-19 21:33:00,EQ-009,Nao-Me-Toque,38.7,36.7,25.4,Misto,6.2,209.0,Colheita,16.0,38.0,5.6,63.0,Tarde,0
4028,2026-04-19 21:58:00,EQ-009,Lucas do Rio Verde,40.7,22.4,22.5,Misto,3.0,773.0,Plantio,15.0,21.0,3.3,69.0,Noite,0
4029,2026-04-19 22:14:00,EQ-033,Barreiras,77.6,5.0,28.2,Misto,7.3,282.0,Plantio,16.0,32.0,6.7,57.0,Manha,1
4030,2026-04-19 22:21:00,EQ-021,Cascavel,85.4,88.3,27.6,Arenoso,4.0,2000.0,Plantio,6.0,27.0,4.8,82.0,Manha,0
4031,2026-04-19 23:26:00,EQ-001,Barreiras,88.1,44.5,24.6,Arenoso,19.7,815.0,Pulverizacao,6.0,82.0,6.9,62.0,Manha,0
4032,2026-04-19 23:52:00,EQ-002,Sorriso,91.4,69.7,38.8,Misto,9.6,372.0,Plantio,25.0,505.0,9.0,73.0,Manha,1
4033,2026-04-20 00:17:00,EQ-005,Sorriso,62.8,13.4,30.2,Arenoso,25.9,1523.0,Colheita,5.0,109.0,7.4,59.0,Tarde,0
4034,2026-04-20 00:36:00,EQ-015,Cascavel,46.3,24.4,28.6,Arenoso,5.0,974.0,Pulverizacao,5.0,47.0,8.0,74.0,Tarde,0
4035,2026-04-20 01:21:00,EQ-013,Rio Verde,28.5,40.3,19.4,Encharcado,5.8,410.0,Colheita,4.0,98.0,3.5,81.0,Tarde,0
4036,2026-04-20 01:50:00,EQ-022,Barreiras,15.8,21.1,27.0,Misto,6.9,835.0,Plantio,19.0,212.0,12.4,109.0,Manha,0
4037,2026-04-20 02:35:00,EQ-018,Cascavel,100.0,48.2,21.2,Encharcado,7.6,1136.0,Pulverizacao,4.0,200.0,11.5,98.0,Manha,0
4038,2026-04-20 03:00:00,EQ-018,Sorriso,15.0,57.1,20.8,Arenoso,8.4,1566.0,Colheita,7.0,109.0,3.0,61.0,Tarde,0
4039,2026-04-20 03:03:00,EQ-025,Sorriso,31.7,22.1,17.7,Misto,18.1,1302.0,Transporte,12.0,243.0,10.0,108.0,Tarde,0
4040,2026-04-20 04:15:00,EQ-006,Cascavel,48.9,67.4,25.2,Argiloso,12.5,246.0,Colheita,6.0,119.0,12.7,116.0,Manha,0
4041,2026-04-20 04:19:00,EQ-021,Sorriso,76.3,23.6,25.7,Misto,7.5,2000.0,Plantio,7.0,80.0,7.4,92.0,Tarde,0
4042,2026-04-20 04:52:00,EQ-029,Rio Verde,59.5,33.7,27.4,Encharcado,7.7,819.0,Colheita,25.0,85.0,5.5,48.0,Noite,0
4043,2026-04-20 05:01:00,EQ-007,Lucas do Rio Verde,25.0,8.9,32.0,Misto,0.9,1367.0,Colheita,11.0,155.0,5.0,58.0,Tarde,0
4044,2026-04-20 05:11:00,EQ-007,Barreiras,48.4,9.4,26.7,Arenoso,14.3,291.0,Plantio,2.0,239.0,8.2,83.0,Manha,0
4045,2026-04-20 06:04:00,EQ-037,Cascavel,79.1,126.0,23.7,Argiloso,10.4,109.0,Transporte,5.0,50.0,8.7,81.0,Tarde,1
4046,2026-04-20 06:16:00,EQ-040,Nao-Me-Toque,40.2,31.1,24.7,Encharcado,43.6,992.0,Colheita,7.0,88.0,1.9,62.0,Manha,0
4047,2026-04-20 06:32:00,EQ-036,Rio Verde,34.2,42.4,25.9,Arenoso,11.2,1293.0,Transporte,11.0,472.0,7.6,69.0,Manha,0
4048,2026-04-20 06:44:00,EQ-028,Sorriso,77.6,71.8,24.3,Arenoso,7.8,344.0,Transporte,9.0,71.0,12.2,96.0,Manha,1
4049,2026-04-20 07:03:00,EQ-032,Nao-Me-Toque,72.3,43.3,24.9,Encharcado,19.0,185.0,Colheita,4.0,157.0,9.1,74.0,Tarde,1
4050,2026-04-20 07:39:00,EQ-024,Cascavel,26.9,146.4,35.1,Misto,8.6,225.0,Plantio,20.0,291.0,10.7,82.0,Tarde,0
4051,2026-04-20 07:58:00,EQ-003,Sorriso,61.8,41.7,30.4,Encharcado,8.2,303.0,Plantio,1.0,342.0,11.2,56.0,Tarde,1
4052,2026-04-20 09:11:00,EQ-024,Lucas do Rio Verde,60.1,4.2,25.4,Arenoso,12.7,143.0,Plantio,3.0,178.0,8.2,86.0,Manha,0
4053,2026-04-20 10:06:00,EQ-033,Nao-Me-Toque,29.4,39.8,30.5,Argiloso,10.9,1051.0,Transporte,1.0,64.0,3.4,103.0,Manha,0
4054,2026-04-20 10:59:00,EQ-037,Nao-Me-Toque,91.9,25.6,33.6,Argiloso,12.8,769.0,Transporte,1.0,132.0,8.3,91.0,Tarde,0
4055,2026-04-20 11:02:00,EQ-003,Lucas do Rio Verde,34.1,18.7,28.2,Argiloso,23.8,398.0,Plantio,2.0,127.0,11.6,85.0,Manha,1
4056,2026-04-20 11:09:00,EQ-020,Barreiras,64.0,57.9,20.2,Encharcado,8.1,1004.0,Plantio,17.0,173.0,10.3,66.0,Tarde,0
4057,2026-04-20 11:42:00,EQ-039,Cascavel,27.5,62.4,19.4,Misto,24.8,1461.0,Plantio,8.0,261.0,8.2,73.0,Manha,0
4058,2026-04-20 11:56:00,EQ-018,Rio Verde,57.6,24.5,22.9,Arenoso,6.8,595.0,Plantio,5.0,166.0,12.9,82.0,Manha,0
4059,2026-04-20 13:16:00,EQ-037,Rio Verde,58.0,33.0,22.0,Encharcado,9.5,343.0,Colheita,3.0,215.0,7.5,84.0,Manha,1
4060,2026-04-20 14:07:00,EQ-018,Rio Verde,55.6,6.0,27.4,Arenoso,8.4,147.0,Plantio,9.0,74.0,12.4,97.0,Manha,0
4061,2026-04-20 14:53:00,EQ-003,Cascavel,71.5,41.4,24.6,Misto,7.7,228.0,Plantio,13.0,96.0,7.8,93.0,Manha,0
4062,2026-04-20 15:10:00,EQ-021,Rio Verde,64.5,28.4,44.5,Argiloso,18.6,1235.0,Transporte,3.0,39.0,8.3,90.0,Tarde,1
4063,2026-04-20 15:12:00,EQ-024,Rio Verde,31.2,6.4,30.4,Misto,10.8,125.0,Pulverizacao,25.0,538.0,4.9,103.0,Tarde,1
4064,2026-04-20 15:30:00,EQ-011,Nao-Me-Toque,83.9,29.3,33.1,Argiloso,6.8,437.0,Plantio,4.0,111.0,7.7,59.0,Noite,1
4065,2026-04-20 15:35:00,EQ-022,Lucas do Rio Verde,64.6,36.5,20.8,Encharcado,4.4,505.0,Plantio,7.0,79.0,10.8,62.0,Tarde,1
4066,2026-04-20 15:40:00,EQ-016,Barreiras,45.5,19.5,21.5,Encharcado,25.6,1933.0,Colheita,8.0,251.0,4.2,108.0,Tarde,0
4067,2026-04-20 16:16:00,EQ-003,Nao-Me-Toque,39.7,24.3,29.1,Misto,5.4,832.0,Colheita,21.0,224.0,5.7,120.0,Tarde,0
4068,2026-04-20 16:32:00,EQ-020,Cascavel,67.1,6.3,37.7,Arenoso,7.1,212.0,Colheita,6.0,106.0,8.5,93.0,Tarde,1
4069,2026-04-20 16:54:00,EQ-027,Nao-Me-Toque,80.5,42.3,24.0,Argiloso,24.3,358.0,Plantio,10.0,108.0,16.0,116.0,Noite,1
4070,2026-04-20 17:32:00,EQ-034,Cascavel,74.0,112.8,39.5,Argiloso,0.9,155.0,Colheita,10.0,74.0,8.6,72.0,Tarde,1
4071,2026-04-20 18:11:00,EQ-038,Rio Verde,25.0,82.5,25.3,Encharcado,5.5,797.0,Colheita,16.0,195.0,7.1,74.0,Manha,1
4072,2026-04-20 18:25:00,EQ-029,Lucas do Rio Verde,38.4,75.0,30.7,Argiloso,8.9,792.0,Pulverizacao,4.0,16.0,10.2,85.0,Tarde,0
4073,2026-04-20 18:40:00,EQ-008,Cascavel,83.8,11.1,24.6,Arenoso,2.3,577.0,Colheita,6.0,15.0,7.7,76.0,Tarde,1
4074,2026-04-20 18:46:00,EQ-007,Sorriso,40.5,38.2,28.4,Misto,8.3,302.0,Colheita,9.0,132.0,5.5,62.0,Tarde,0
4075,2026-04-20 19:10:00,EQ-022,Nao-Me-Toque,79.1,68.9,28.9,Misto,27.9,426.0,Colheita,11.0,240.0,8.6,91.0,Noite,1
4076,2026-04-20 19:34:00,EQ-022,Rio Verde,49.9,13.2,13.3,Misto,7.7,1329.0,Colheita,1.0,77.0,12.8,70.0,Tarde,0
4077,2026-04-20 19:38:00,EQ-023,Sorriso,81.1,59.8,29.7,Misto,8.9,798.0,Colheita,8.0,269.0,7.2,114.0,Manha,0
4078,2026-04-20 20:00:00,EQ-027,Sorriso,56.8,28.4,31.3,Misto,22.2,770.0,Pulverizacao,11.0,42.0,4.1,96.0,Noite,1
4079,2026-04-20 20:41:00,EQ-035,Lucas do Rio Verde,81.6,76.6,31.4,Argiloso,1.6,150.0,Transporte,1.0,8.0,11.3,83.0,Manha,1
4080,2026-04-20 20:49:00,EQ-015,Nao-Me-Toque,84.6,5.4,25.0,Argiloso,3.2,294.0,Plantio,2.0,187.0,8.7,68.0,Tarde,1
4081,2026-04-20 21:03:00,EQ-021,Barreiras,31.3,42.0,33.0,Argiloso,15.3,1290.0,Plantio,3.0,143.0,6.5,80.0,Manha,0
4082,2026-04-20 21:59:00,EQ-034,Cascavel,21.4,41.1,16.4,Misto,3.2,215.0,Pulverizacao,7.0,226.0,11.5,65.0,Noite,0
4083,2026-04-20 22:45:00,EQ-029,Sorriso,49.3,31.0,33.2,Arenoso,34.2,340.0,Pulverizacao,13.0,445.0,9.9,87.0,Tarde,1
4084,2026-04-20 22:46:00,EQ-029,Rio Verde,92.9,30.4,23.9,Arenoso,16.6,620.0,Colheita,9.0,308.0,3.2,88.0,Tarde,0
4085,2026-04-20 22:49:00,EQ-033,Nao-Me-Toque,49.9,62.1,27.5,Arenoso,6.5,593.0,Pulverizacao,11.0,149.0,11.0,90.0,Manha,0
4086,2026-04-20 23:49:00,EQ-020,Sorriso,73.2,15.6,29.4,Arenoso,13.4,1053.0,Plantio,17.0,263.0,7.5,78.0,Tarde,0
4087,2026-04-20 23:54:00,EQ-007,Lucas do Rio Verde,58.1,59.0,21.5,Arenoso,4.5,435.0,Plantio,3.0,321.0,4.9,69.0,Tarde,0
4088,2026-04-21 00:02:00,EQ-015,Lucas do Rio Verde,56.2,57.1,26.0,Encharcado,1.4,519.0,Plantio,18.0,132.0,8.6,75.0,Noite,0
4089,2026-04-21 00:08:00,EQ-013,Barreiras,58.9,14.9,25.2,Argiloso,6.1,1542.0,Transporte,9.0,258.0,9.9,90.0,Tarde,0
4090,2026-04-21 00:16:00,EQ-024,Barreiras,14.0,56.2,22.2,Arenoso,4.3,697.0,Pulverizacao,2.0,247.0,7.2,95.0,Manha,0
4091,2026-04-21 00:17:00,EQ-027,Barreiras,8.0,12.7,34.0,Arenoso,7.5,830.0,Transporte,3.0,345.0,7.5,73.0,Tarde,0
4092,2026-04-21 00:50:00,EQ-038,Sorriso,39.9,24.6,29.9,Misto,4.8,1646.0,Pulverizacao,5.0,133.0,5.2,87.0,Manha,0
4093,2026-04-21 00:55:00,EQ-029,Cascavel,41.5,63.7,26.0,Arenoso,4.3,271.0,Transporte,9.0,193.0,12.7,89.0,Tarde,1
4094,2026-04-21 01:22:00,EQ-003,Barreiras,81.8,26.9,39.9,Argiloso,8.2,1734.0,Transporte,2.0,154.0,3.9,75.0,Manha,0
4095,2026-04-21 01:41:00,EQ-026,Barreiras,56.5,7.1,45.0,Encharcado,11.9,293.0,Transporte,5.0,327.0,11.8,92.0,Manha,0
4096,2026-04-21 02:27:00,EQ-027,Rio Verde,41.6,98.5,33.2,Misto,3.6,314.0,Colheita,25.0,305.0,11.0,80.0,Tarde,1
4097,2026-04-21 03:02:00,EQ-020,Nao-Me-Toque,81.0,76.5,32.3,Arenoso,7.3,685.0,Colheita,1.0,394.0,13.6,71.0,Manha,0
4098,2026-04-21 03:55:00,EQ-035,Cascavel,57.0,18.2,19.9,Argiloso,15.5,392.0,Plantio,1.0,253.0,11.6,94.0,Manha,0
4099,2026-04-21 04:18:00,EQ-038,Lucas do Rio Verde,51.4,30.2,19.7,Arenoso,15.7,352.0,Pulverizacao,1.0,77.0,7.0,90.0,Manha,0
4100,2026-04-21 04:44:00,EQ-036,Rio Verde,8.2,52.9,26.8,Arenoso,13.1,18.0,Transporte,18.0,104.0,7.9,87.0,Manha,0
4101,2026-04-21 04:59:00,EQ-018,Cascavel,37.5,48.2,32.0,Misto,3.8,387.0,Pulverizacao,10.0,318.0,6.3,70.0,Manha,0
4102,2026-04-21 05:08:00,EQ-034,Nao-Me-Toque,50.3,60.7,15.8,Arenoso,8.2,287.0,Transporte,21.0,344.0,3.5,105.0,Noite,1
4103,2026-04-21 05:11:00,EQ-003,Nao-Me-Toque,46.3,65.6,29.2,Misto,5.5,514.0,Colheita,10.0,164.0,10.6,86.0,Noite,0
4104,2026-04-21 05:50:00,EQ-023,Barreiras,46.9,13.8,31.3,Arenoso,3.7,872.0,Plantio,8.0,57.0,12.8,62.0,Manha,0
4105,2026-04-21 06:15:00,EQ-015,Nao-Me-Toque,71.4,103.7,21.1,Encharcado,11.7,458.0,Pulverizacao,7.0,600.0,5.2,94.0,Manha,1
4106,2026-04-21 06:18:00,EQ-028,Rio Verde,20.9,77.5,35.2,Argiloso,10.7,652.0,Transporte,3.0,404.0,2.4,98.0,Manha,0
4107,2026-04-21 06:53:00,EQ-033,Rio Verde,52.7,97.2,22.8,Encharcado,6.4,834.0,Colheita,2.0,395.0,11.9,86.0,Noite,1
4108,2026-04-21 06:58:00,EQ-029,Cascavel,67.7,27.9,24.0,Misto,10.5,206.0,Transporte,8.0,155.0,4.5,61.0,Manha,1
4109,2026-04-21 07:06:00,EQ-001,Nao-Me-Toque,54.2,111.4,26.6,Arenoso,3.4,915.0,Colheita,8.0,82.0,4.7,78.0,Manha,0
4110,2026-04-21 07:22:00,EQ-005,Sorriso,81.5,96.2,22.6,Argiloso,4.5,1018.0,Colheita,3.0,32.0,12.7,51.0,Tarde,1
4111,2026-04-21 07:27:00,EQ-005,Lucas do Rio Verde,17.8,38.3,26.2,Misto,15.2,376.0,Colheita,4.0,116.0,9.8,64.0,Manha,0
4112,2026-04-21 08:16:00,EQ-009,Nao-Me-Toque,53.0,11.4,30.3,Argiloso,9.1,477.0,Plantio,2.0,121.0,11.8,89.0,Tarde,0
4113,2026-04-21 08:29:00,EQ-001,Cascavel,58.3,24.0,31.9,Argiloso,29.4,719.0,Transporte,5.0,280.0,6.3,80.0,Manha,0
4114,2026-04-21 08:41:00,EQ-030,Cascavel,60.3,69.9,18.9,Encharcado,4.4,275.0,Pulverizacao,11.0,188.0,4.6,83.0,Manha,1
4115,2026-04-21 08:51:00,EQ-014,Lucas do Rio Verde,45.8,19.0,26.2,Encharcado,14.6,249.0,Pulverizacao,25.0,74.0,8.7,65.0,Manha,1
4116,2026-04-21 09:30:00,EQ-005,Nao-Me-Toque,60.8,23.1,29.3,Arenoso,11.9,1139.0,Transporte,12.0,73.0,11.1,47.0,Manha,0
4117,2026-04-21 10:09:00,EQ-018,Lucas do Rio Verde,55.2,7.3,19.0,Misto,20.6,404.0,Transporte,3.0,65.0,5.5,104.0,Manha,0
4118,2026-04-21 10:33:00,EQ-008,Nao-Me-Toque,53.1,24.6,18.7,Misto,17.5,200.0,Transporte,12.0,190.0,10.7,104.0,Tarde,0
4119,2026-04-21 10:41:00,EQ-029,Cascavel,29.5,25.0,26.4,Arenoso,15.4,1704.0,Transporte,16.0,135.0,3.2,102.0,Manha,0
4120,2026-04-21 10:43:00,EQ-034,Rio Verde,95.4,20.9,32.9,Encharcado,15.4,943.0,Colheita,9.0,569.0,7.6,89.0,Manha,0
4121,2026-04-21 11:00:00,EQ-014,Lucas do Rio Verde,29.4,19.6,23.0,Misto,19.6,866.0,Colheita,16.0,125.0,4.3,100.0,Manha,0
4122,2026-04-21 11:32:00,EQ-012,Sorriso,58.5,27.8,27.0,Arenoso,12.9,412.0,Colheita,14.0,147.0,11.6,66.0,Manha,0
4123,2026-04-21 11:47:00,EQ-012,Barreiras,57.8,25.6,27.8,Arenoso,12.7,1895.0,Colheita,11.0,311.0,1.2,84.0,Tarde,0
4124,2026-04-21 12:14:00,EQ-034,Lucas do Rio Verde,63.0,32.9,21.1,Arenoso,6.3,672.0,Colheita,3.0,88.0,8.6,100.0,Tarde,0
4125,2026-04-21 12:21:00,EQ-010,Sorriso,52.2,44.0,36.0,Argiloso,3.6,463.0,Pulverizacao,6.0,230.0,8.9,86.0,Manha,1
4126,2026-04-21 12:22:00,EQ-011,Cascavel,49.8,108.3,32.5,Argiloso,23.9,511.0,Pulverizacao,2.0,158.0,10.2,105.0,Tarde,1
4127,2026-04-21 13:12:00,EQ-018,Lucas do Rio Verde,28.7,84.6,22.8,Misto,2.6,605.0,Colheita,6.0,207.0,10.3,85.0,Noite,0
4128,2026-04-21 13:38:00,EQ-040,Lucas do Rio Verde,72.2,40.9,21.8,Misto,10.4,557.0,Transporte,7.0,257.0,14.9,97.0,Tarde,1
4129,2026-04-21 14:27:00,EQ-040,Sorriso,55.0,26.1,24.9,Encharcado,4.1,390.0,Transporte,17.0,25.0,14.6,94.0,Tarde,0
4130,2026-04-21 14:44:00,EQ-023,Cascavel,56.3,22.7,33.0,Arenoso,33.1,549.0,Colheita,6.0,103.0,6.2,56.0,Tarde,1
4131,2026-04-21 14:49:00,EQ-037,Rio Verde,63.0,56.6,26.3,Arenoso,16.6,283.0,Colheita,10.0,87.0,6.6,90.0,Manha,1
4132,2026-04-21 15:22:00,EQ-012,Rio Verde,68.2,29.9,22.4,Argiloso,8.8,268.0,Pulverizacao,4.0,140.0,7.5,75.0,Tarde,0
4133,2026-04-21 15:37:00,EQ-015,Sorriso,39.6,44.2,23.6,Argiloso,18.5,867.0,Colheita,1.0,111.0,12.9,69.0,Tarde,0
4134,2026-04-21 15:49:00,EQ-024,Sorriso,73.6,14.3,29.6,Arenoso,8.3,99.0,Transporte,10.0,15.0,10.8,83.0,Tarde,0
4135,2026-04-21 17:31:00,EQ-036,Cascavel,44.5,5.4,23.8,Misto,16.2,112.0,Colheita,6.0,145.0,9.0,108.0,Manha,0
4136,2026-04-21 17:43:00,EQ-024,Barreiras,40.3,35.6,38.2,Misto,8.6,468.0,Plantio,4.0,156.0,7.9,87.0,Manha,0
4137,2026-04-21 17:55:00,EQ-025,Lucas do Rio Verde,93.5,22.7,30.3,Encharcado,6.0,505.0,Colheita,8.0,225.0,5.3,71.0,Manha,1
4138,2026-04-21 18:21:00,EQ-001,Nao-Me-Toque,32.0,36.3,36.3,Arenoso,8.5,169.0,Transporte,3.0,338.0,9.1,63.0,Manha,1
4139,2026-04-21 18:53:00,EQ-040,Nao-Me-Toque,49.1,51.0,31.3,Misto,14.8,181.0,Colheita,12.0,143.0,9.2,101.0,Manha,0
4140,2026-04-21 19:04:00,EQ-017,Barreiras,32.4,7.5,40.2,Argiloso,8.5,71.0,Plantio,8.0,127.0,6.0,78.0,Noite,1
4141,2026-04-21 19:11:00,EQ-002,Lucas do Rio Verde,49.7,56.8,34.1,Argiloso,14.0,1018.0,Transporte,11.0,227.0,7.5,68.0,Manha,0
4142,2026-04-21 19:18:00,EQ-036,Rio Verde,55.6,16.6,26.3,Arenoso,14.3,609.0,Transporte,13.0,254.0,6.2,78.0,Manha,0
4143,2026-04-21 19:56:00,EQ-019,Nao-Me-Toque,53.4,15.6,23.7,Misto,3.8,1012.0,Transporte,7.0,283.0,5.5,72.0,Noite,0
4144,2026-04-21 20:13:00,EQ-015,Nao-Me-Toque,60.9,48.8,26.2,Arenoso,24.8,343.0,Colheita,14.0,144.0,10.4,61.0,Tarde,1
4145,2026-04-21 20:37:00,EQ-013,Nao-Me-Toque,67.4,25.5,40.2,Misto,18.7,184.0,Colheita,2.0,98.0,10.5,62.0,Manha,1
4146,2026-04-21 20:42:00,EQ-011,Rio Verde,65.8,56.8,26.0,Misto,3.5,180.0,Transporte,8.0,144.0,6.1,66.0,Noite,1
4147,2026-04-21 21:30:00,EQ-026,Rio Verde,15.4,9.8,25.6,Arenoso,1.6,1503.0,Plantio,12.0,93.0,7.6,73.0,Manha,0
4148,2026-04-21 22:23:00,EQ-006,Lucas do Rio Verde,47.2,42.0,35.4,Argiloso,3.3,292.0,Plantio,5.0,5.0,10.6,85.0,Tarde,0
4149,2026-04-21 22:55:00,EQ-012,Nao-Me-Toque,99.7,25.1,23.9,Misto,8.7,825.0,Plantio,4.0,97.0,5.4,50.0,Tarde,0
4150,2026-04-21 22:59:00,EQ-002,Nao-Me-Toque,56.4,77.9,37.4,Argiloso,9.2,986.0,Pulverizacao,8.0,187.0,1.8,89.0,Manha,0
4151,2026-04-21 23:02:00,EQ-030,Nao-Me-Toque,34.0,38.1,17.2,Arenoso,21.0,1688.0,Colheita,4.0,89.0,8.3,87.0,Manha,0
4152,2026-04-21 23:15:00,EQ-023,Nao-Me-Toque,59.7,40.7,31.2,Arenoso,8.8,778.0,Pulverizacao,20.0,215.0,2.0,76.0,Manha,0
4153,2026-04-21 23:15:00,EQ-029,Cascavel,75.4,13.7,26.5,Misto,8.7,94.0,Plantio,10.0,245.0,13.4,98.0,Manha,1
4154,2026-04-22 00:27:00,EQ-020,Rio Verde,60.4,32.2,21.7,Arenoso,11.1,192.0,Transporte,5.0,235.0,7.0,81.0,Tarde,1
4155,2026-04-22 00:35:00,EQ-015,Cascavel,69.6,9.4,15.1,Arenoso,3.1,1179.0,Pulverizacao,19.0,110.0,8.1,86.0,Manha,0
4156,2026-04-22 00:36:00,EQ-034,Nao-Me-Toque,25.0,8.6,36.8,Arenoso,6.9,249.0,Pulverizacao,6.0,352.0,11.8,54.0,Manha,0
4157,2026-04-22 02:09:00,EQ-018,Sorriso,31.1,28.5,20.1,Argiloso,25.2,1097.0,Plantio,10.0,160.0,5.3,102.0,Manha,0
4158,2026-04-22 02:39:00,EQ-024,Nao-Me-Toque,41.2,75.3,23.9,Arenoso,5.9,870.0,Colheita,14.0,567.0,8.6,97.0,Tarde,1
4159,2026-04-22 02:39:00,EQ-010,Sorriso,40.6,5.5,28.8,Argiloso,5.2,925.0,Plantio,7.0,402.0,12.1,81.0,Manha,0
4160,2026-04-22 03:39:00,EQ-018,Lucas do Rio Verde,38.2,65.8,19.6,Misto,8.1,305.0,Transporte,2.0,164.0,8.7,72.0,Manha,0
4161,2026-04-22 03:42:00,EQ-011,Rio Verde,45.0,9.3,20.3,Argiloso,2.4,449.0,Plantio,1.0,600.0,3.8,65.0,Tarde,0
4162,2026-04-22 04:08:00,EQ-026,Sorriso,23.7,47.4,19.6,Argiloso,15.5,701.0,Colheita,3.0,172.0,8.6,83.0,Tarde,1
4163,2026-04-22 04:17:00,EQ-011,Barreiras,57.7,11.6,32.5,Arenoso,35.0,965.0,Pulverizacao,1.0,136.0,10.7,84.0,Noite,0
4164,2026-04-22 05:19:00,EQ-034,Sorriso,64.8,82.2,38.4,Argiloso,7.6,875.0,Colheita,15.0,118.0,9.6,113.0,Tarde,1
4165,2026-04-22 05:21:00,EQ-005,Sorriso,55.4,5.3,23.2,Arenoso,15.0,296.0,Colheita,2.0,295.0,6.8,79.0,Manha,0
4166,2026-04-22 06:24:00,EQ-039,Nao-Me-Toque,62.4,35.9,19.8,Misto,4.4,253.0,Plantio,4.0,53.0,9.3,96.0,Tarde,1
4167,2026-04-22 07:50:00,EQ-036,Nao-Me-Toque,22.5,19.1,19.2,Arenoso,14.9,1103.0,Pulverizacao,3.0,363.0,8.2,100.0,Noite,0
4168,2026-04-22 08:29:00,EQ-034,Nao-Me-Toque,44.6,28.9,20.0,Argiloso,23.4,399.0,Pulverizacao,3.0,96.0,8.3,118.0,Manha,0
4169,2026-04-22 08:39:00,EQ-039,Rio Verde,24.3,41.3,26.0,Encharcado,7.5,982.0,Pulverizacao,5.0,38.0,4.5,51.0,Manha,0
4170,2026-04-22 08:50:00,EQ-028,Nao-Me-Toque,71.8,13.0,29.3,Misto,17.2,901.0,Colheita,7.0,23.0,4.8,78.0,Manha,0
4171,2026-04-22 08:58:00,EQ-030,Barreiras,41.4,28.7,23.2,Misto,3.2,349.0,Pulverizacao,11.0,58.0,5.7,88.0,Manha,0
4172,2026-04-22 09:17:00,EQ-037,Nao-Me-Toque,5.0,20.6,14.0,Argiloso,7.3,811.0,Colheita,6.0,41.0,8.6,95.0,Tarde,0
4173,2026-04-22 09:34:00,EQ-017,Sorriso,74.7,17.2,24.2,Arenoso,7.4,279.0,Colheita,14.0,47.0,8.3,71.0,Manha,1
4174,2026-04-22 10:19:00,EQ-035,Sorriso,49.3,89.9,22.2,Misto,11.7,664.0,Plantio,3.0,154.0,4.4,40.0,Manha,0
4175,2026-04-22 10:34:00,EQ-012,Nao-Me-Toque,44.6,31.7,22.8,Misto,1.4,612.0,Plantio,3.0,60.0,5.5,73.0,Tarde,0
4176,2026-04-22 10:44:00,EQ-038,Sorriso,49.5,12.8,22.6,Misto,18.7,887.0,Pulverizacao,7.0,285.0,12.7,120.0,Manha,0
4177,2026-04-22 11:16:00,EQ-001,Barreiras,51.9,7.4,35.1,Arenoso,3.3,812.0,Pulverizacao,25.0,42.0,11.2,87.0,Manha,0
4178,2026-04-22 11:42:00,EQ-006,Lucas do Rio Verde,53.1,7.6,22.0,Argiloso,9.6,1177.0,Plantio,1.0,233.0,5.2,75.0,Tarde,0
4179,2026-04-22 13:03:00,EQ-009,Barreiras,18.1,78.4,22.8,Argiloso,9.6,775.0,Pulverizacao,7.0,112.0,7.2,49.0,Tarde,0
4180,2026-04-22 13:34:00,EQ-006,Cascavel,73.5,16.4,27.5,Arenoso,24.6,264.0,Colheita,2.0,594.0,12.9,58.0,Tarde,1
4181,2026-04-22 13:35:00,EQ-001,Rio Verde,59.9,13.5,25.1,Arenoso,1.5,25.0,Pulverizacao,8.0,28.0,7.2,80.0,Noite,0
4182,2026-04-22 14:41:00,EQ-002,Lucas do Rio Verde,62.7,59.4,30.2,Argiloso,3.5,1117.0,Plantio,3.0,91.0,4.8,101.0,Manha,0
4183,2026-04-22 14:48:00,EQ-011,Barreiras,39.4,20.8,28.8,Argiloso,5.9,343.0,Pulverizacao,18.0,129.0,7.9,86.0,Noite,0
4184,2026-04-22 14:49:00,EQ-033,Nao-Me-Toque,57.6,92.3,20.3,Argiloso,8.2,540.0,Colheita,15.0,201.0,7.1,93.0,Tarde,1
4185,2026-04-22 14:52:00,EQ-027,Rio Verde,81.2,46.4,37.6,Misto,13.3,782.0,Colheita,6.0,453.0,3.6,58.0,Tarde,0
4186,2026-04-22 15:02:00,EQ-032,Nao-Me-Toque,77.6,29.1,33.2,Misto,5.8,248.0,Colheita,3.0,104.0,9.0,66.0,Manha,0
4187,2026-04-22 15:03:00,EQ-039,Sorriso,79.3,101.7,16.5,Arenoso,7.9,102.0,Colheita,9.0,51.0,6.0,67.0,Manha,1
4188,2026-04-22 15:15:00,EQ-019,Rio Verde,66.1,23.4,25.6,Misto,23.8,1578.0,Colheita,4.0,61.0,12.4,69.0,Noite,1
4189,2026-04-22 15:39:00,EQ-037,Lucas do Rio Verde,59.3,71.4,34.6,Argiloso,19.3,1423.0,Plantio,10.0,147.0,14.2,95.0,Tarde,0
4190,2026-04-22 16:14:00,EQ-029,Lucas do Rio Verde,74.2,33.2,32.6,Arenoso,6.8,986.0,Transporte,9.0,45.0,7.5,68.0,Tarde,0
4191,2026-04-22 16:31:00,EQ-024,Sorriso,52.4,78.4,39.2,Argiloso,14.4,386.0,Plantio,9.0,161.0,7.8,82.0,Manha,1
4192,2026-04-22 16:42:00,EQ-031,Nao-Me-Toque,93.9,23.1,22.0,Misto,3.7,1970.0,Colheita,6.0,89.0,7.7,79.0,Manha,0
4193,2026-04-22 17:06:00,EQ-009,Barreiras,17.9,52.5,21.2,Arenoso,20.8,605.0,Colheita,7.0,61.0,13.6,75.0,Tarde,0
4194,2026-04-22 18:32:00,EQ-040,Lucas do Rio Verde,17.4,22.4,21.8,Misto,10.6,264.0,Colheita,11.0,110.0,14.1,63.0,Manha,0
4195,2026-04-22 18:59:00,EQ-035,Cascavel,75.4,67.4,36.8,Arenoso,11.6,981.0,Plantio,2.0,136.0,4.5,68.0,Noite,0
4196,2026-04-22 19:13:00,EQ-008,Rio Verde,64.7,19.0,35.3,Misto,8.3,611.0,Colheita,21.0,119.0,10.5,103.0,Tarde,0
4197,2026-04-22 19:26:00,EQ-014,Nao-Me-Toque,37.1,13.2,29.7,Arenoso,5.2,364.0,Pulverizacao,8.0,119.0,9.2,60.0,Noite,0
4198,2026-04-22 19:31:00,EQ-035,Rio Verde,40.0,38.0,29.7,Misto,16.6,288.0,Pulverizacao,11.0,31.0,11.0,58.0,Manha,0
4199,2026-04-22 20:17:00,EQ-029,Rio Verde,20.4,33.5,35.0,Arenoso,22.0,419.0,Colheita,12.0,98.0,6.9,99.0,Manha,0
4200,2026-04-22 20:49:00,EQ-021,Cascavel,99.0,25.9,29.8,Arenoso,3.7,2000.0,Plantio,7.0,60.0,9.8,85.0,Tarde,0
4201,2026-04-22 21:59:00,EQ-029,Cascavel,17.2,24.8,30.3,Arenoso,20.9,313.0,Plantio,1.0,295.0,6.8,110.0,Tarde,0
4202,2026-04-22 22:27:00,EQ-006,Rio Verde,53.5,63.6,25.3,Argiloso,9.0,636.0,Colheita,9.0,350.0,6.8,102.0,Noite,0
4203,2026-04-22 22:35:00,EQ-020,Sorriso,55.8,98.4,30.6,Arenoso,24.3,672.0,Transporte,6.0,129.0,3.2,118.0,Tarde,1
4204,2026-04-22 23:13:00,EQ-020,Sorriso,34.1,63.1,27.1,Argiloso,4.8,944.0,Pulverizacao,2.0,95.0,10.5,110.0,Tarde,0
4205,2026-04-22 23:45:00,EQ-038,Cascavel,28.3,18.9,26.8,Argiloso,6.5,185.0,Transporte,8.0,113.0,9.2,52.0,Manha,0
4206,2026-04-23 00:32:00,EQ-026,Cascavel,28.5,57.7,21.3,Argiloso,14.7,1143.0,Colheita,7.0,96.0,10.5,107.0,Manha,0
4207,2026-04-23 00:52:00,EQ-035,Sorriso,28.2,5.3,24.3,Arenoso,4.2,333.0,Plantio,7.0,126.0,7.2,106.0,Noite,0
4208,2026-04-23 01:26:00,EQ-018,Barreiras,73.6,5.9,28.9,Misto,8.8,178.0,Plantio,4.0,46.0,8.3,93.0,Noite,0
4209,2026-04-23 01:37:00,EQ-009,Rio Verde,55.3,15.1,33.4,Argiloso,3.2,321.0,Pulverizacao,9.0,303.0,11.8,55.0,Tarde,0
4210,2026-04-23 01:52:00,EQ-013,Nao-Me-Toque,68.4,3.3,25.7,Arenoso,5.0,409.0,Transporte,6.0,288.0,7.3,65.0,Manha,1
4211,2026-04-23 01:59:00,EQ-015,Sorriso,43.9,28.3,39.2,Misto,21.9,929.0,Plantio,3.0,123.0,4.4,87.0,Manha,0
4212,2026-04-23 02:08:00,EQ-035,Barreiras,37.6,37.3,20.4,Argiloso,12.5,158.0,Pulverizacao,2.0,144.0,5.1,119.0,Tarde,0
4213,2026-04-23 02:13:00,EQ-007,Rio Verde,27.5,16.0,25.5,Encharcado,12.7,1552.0,Pulverizacao,3.0,134.0,6.5,76.0,Manha,0
4214,2026-04-23 02:14:00,EQ-011,Nao-Me-Toque,65.3,17.5,16.8,Argiloso,7.5,335.0,Colheita,7.0,235.0,9.2,88.0,Manha,1
4215,2026-04-23 04:12:00,EQ-037,Cascavel,63.3,24.0,31.2,Argiloso,10.2,458.0,Plantio,5.0,143.0,9.4,84.0,Manha,0
4216,2026-04-23 04:20:00,EQ-035,Cascavel,61.0,60.5,17.2,Encharcado,5.4,1323.0,Pulverizacao,2.0,164.0,11.1,66.0,Noite,0
4217,2026-04-23 05:00:00,EQ-005,Cascavel,33.9,49.4,26.2,Argiloso,23.3,2000.0,Transporte,6.0,155.0,11.4,94.0,Manha,1
4218,2026-04-23 05:04:00,EQ-013,Sorriso,71.9,25.8,41.7,Argiloso,4.0,455.0,Transporte,3.0,432.0,9.7,119.0,Tarde,1
4219,2026-04-23 06:52:00,EQ-011,Cascavel,51.9,38.6,30.8,Misto,9.1,148.0,Colheita,10.0,63.0,12.8,94.0,Noite,0
4220,2026-04-23 06:54:00,EQ-020,Lucas do Rio Verde,56.2,41.8,26.6,Argiloso,8.3,1282.0,Pulverizacao,11.0,548.0,6.8,90.0,Manha,0
4221,2026-04-23 08:14:00,EQ-033,Rio Verde,78.3,14.8,31.7,Misto,9.4,133.0,Colheita,11.0,208.0,9.9,92.0,Manha,1
4222,2026-04-23 08:23:00,EQ-013,Lucas do Rio Verde,60.1,22.4,25.0,Arenoso,3.9,1253.0,Pulverizacao,5.0,273.0,12.9,93.0,Manha,0
4223,2026-04-23 08:50:00,EQ-003,Cascavel,88.9,28.6,21.0,Arenoso,9.3,842.0,Transporte,12.0,319.0,10.2,109.0,Noite,0
4224,2026-04-23 09:09:00,EQ-020,Rio Verde,57.1,17.7,24.3,Arenoso,0.8,662.0,Pulverizacao,1.0,158.0,5.9,86.0,Manha,0
4225,2026-04-23 09:10:00,EQ-002,Barreiras,45.6,95.5,30.3,Arenoso,11.3,406.0,Colheita,18.0,43.0,7.7,56.0,Manha,0
4226,2026-04-23 09:28:00,EQ-025,Sorriso,58.8,13.1,19.8,Arenoso,15.3,2000.0,Plantio,8.0,380.0,5.4,73.0,Manha,0
4227,2026-04-23 09:40:00,EQ-011,Cascavel,50.8,25.2,17.8,Arenoso,7.4,828.0,Pulverizacao,16.0,46.0,3.0,88.0,Manha,0
4228,2026-04-23 09:48:00,EQ-039,Lucas do Rio Verde,81.4,18.3,22.7,Misto,6.1,79.0,Pulverizacao,5.0,156.0,7.4,76.0,Noite,0
4229,2026-04-23 10:16:00,EQ-029,Sorriso,52.0,12.6,33.9,Misto,10.3,662.0,Plantio,3.0,18.0,7.9,49.0,Tarde,0
4230,2026-04-23 10:39:00,EQ-022,Cascavel,43.7,27.5,21.0,Arenoso,12.1,499.0,Pulverizacao,8.0,206.0,2.3,52.0,Manha,0
4231,2026-04-23 10:49:00,EQ-021,Sorriso,51.0,13.4,27.5,Encharcado,16.0,2000.0,Colheita,5.0,171.0,6.9,110.0,Noite,1
4232,2026-04-23 11:14:00,EQ-014,Rio Verde,76.7,40.8,34.9,Arenoso,9.7,451.0,Plantio,12.0,140.0,5.6,79.0,Noite,1
4233,2026-04-23 11:19:00,EQ-005,Sorriso,41.0,9.8,38.3,Argiloso,12.9,581.0,Plantio,11.0,122.0,9.3,83.0,Manha,0
4234,2026-04-23 11:52:00,EQ-006,Cascavel,39.5,59.2,38.8,Arenoso,6.5,929.0,Transporte,11.0,213.0,7.2,110.0,Tarde,0
4235,2026-04-23 12:20:00,EQ-017,Lucas do Rio Verde,72.8,20.5,28.8,Misto,12.8,291.0,Colheita,22.0,134.0,10.4,68.0,Manha,1
4236,2026-04-23 12:24:00,EQ-008,Barreiras,53.4,29.5,19.8,Argiloso,4.8,427.0,Plantio,25.0,235.0,9.4,106.0,Tarde,0
4237,2026-04-23 12:49:00,EQ-015,Nao-Me-Toque,83.7,35.1,26.2,Argiloso,6.7,1621.0,Colheita,5.0,75.0,9.5,88.0,Manha,0
4238,2026-04-23 12:57:00,EQ-009,Rio Verde,40.7,50.1,34.5,Arenoso,3.5,506.0,Colheita,1.0,252.0,8.5,63.0,Tarde,0
4239,2026-04-23 12:57:00,EQ-011,Lucas do Rio Verde,63.9,47.3,30.0,Argiloso,10.9,1107.0,Plantio,8.0,251.0,15.0,100.0,Tarde,0
4240,2026-04-23 13:01:00,EQ-017,Barreiras,21.8,48.0,30.6,Argiloso,21.6,2000.0,Pulverizacao,4.0,572.0,6.8,82.0,Manha,0
4241,2026-04-23 13:19:00,EQ-001,Cascavel,46.1,18.8,22.0,Arenoso,5.1,59.0,Colheita,3.0,177.0,7.6,52.0,Tarde,1
4242,2026-04-23 14:00:00,EQ-033,Rio Verde,65.7,100.8,38.0,Argiloso,10.5,2000.0,Plantio,25.0,189.0,0.0,94.0,Tarde,1
4243,2026-04-23 15:46:00,EQ-012,Lucas do Rio Verde,24.4,17.4,26.4,Arenoso,7.1,571.0,Pulverizacao,2.0,11.0,7.0,60.0,Tarde,0
4244,2026-04-23 16:14:00,EQ-032,Barreiras,49.3,24.0,33.9,Argiloso,2.9,448.0,Pulverizacao,7.0,247.0,7.1,87.0,Manha,0
4245,2026-04-23 16:23:00,EQ-036,Sorriso,57.0,22.6,24.8,Argiloso,17.5,496.0,Plantio,18.0,199.0,8.2,91.0,Manha,0
4246,2026-04-23 16:24:00,EQ-028,Barreiras,52.3,136.9,29.1,Arenoso,8.8,644.0,Pulverizacao,13.0,160.0,6.3,65.0,Manha,0
4247,2026-04-23 16:28:00,EQ-030,Cascavel,20.2,46.1,27.0,Encharcado,16.9,1123.0,Plantio,8.0,66.0,5.1,54.0,Noite,0
4248,2026-04-23 16:39:00,EQ-016,Sorriso,63.3,19.8,31.8,Arenoso,6.4,189.0,Transporte,5.0,165.0,7.0,108.0,Tarde,1
4249,2026-04-23 17:15:00,EQ-025,Nao-Me-Toque,31.2,31.2,21.0,Arenoso,5.4,1070.0,Colheita,6.0,92.0,12.6,96.0,Manha,0
4250,2026-04-23 18:01:00,EQ-031,Cascavel,51.5,45.6,24.7,Argiloso,27.9,616.0,Colheita,1.0,80.0,2.2,91.0,Manha,1
4251,2026-04-23 18:38:00,EQ-032,Lucas do Rio Verde,46.9,8.6,34.2,Argiloso,7.2,640.0,Colheita,4.0,22.0,8.8,93.0,Manha,0
4252,2026-04-23 18:45:00,EQ-040,Sorriso,51.3,8.3,36.0,Encharcado,2.2,1181.0,Colheita,8.0,572.0,3.0,89.0,Tarde,0
4253,2026-04-23 19:09:00,EQ-037,Nao-Me-Toque,59.5,51.1,17.4,Misto,11.0,772.0,Pulverizacao,11.0,248.0,9.1,60.0,Tarde,0
4254,2026-04-23 19:24:00,EQ-002,Rio Verde,49.7,39.4,30.5,Encharcado,13.1,287.0,Transporte,1.0,408.0,7.5,66.0,Tarde,0
4255,2026-04-23 19:35:00,EQ-035,Sorriso,63.7,61.8,30.8,Arenoso,11.0,270.0,Pulverizacao,7.0,133.0,2.0,70.0,Manha,1
4256,2026-04-23 19:37:00,EQ-036,Rio Verde,60.5,15.4,22.4,Arenoso,4.8,534.0,Pulverizacao,7.0,164.0,4.6,67.0,Tarde,0
4257,2026-04-23 19:44:00,EQ-001,Sorriso,53.3,39.3,21.8,Arenoso,5.8,1332.0,Colheita,4.0,278.0,8.5,82.0,Tarde,0
4258,2026-04-23 20:13:00,EQ-023,Lucas do Rio Verde,93.3,31.6,30.4,Misto,12.4,278.0,Colheita,2.0,86.0,11.7,97.0,Tarde,1
4259,2026-04-23 20:17:00,EQ-004,Rio Verde,83.0,8.3,28.4,Argiloso,10.1,371.0,Plantio,19.0,207.0,9.2,72.0,Tarde,1
4260,2026-04-23 20:23:00,EQ-022,Barreiras,38.0,30.4,35.0,Argiloso,3.9,1032.0,Plantio,7.0,54.0,10.1,109.0,Tarde,0
4261,2026-04-23 20:56:00,EQ-018,Cascavel,67.7,61.2,35.5,Arenoso,17.6,1344.0,Plantio,10.0,112.0,9.6,48.0,Manha,0
4262,2026-04-23 21:59:00,EQ-016,Cascavel,76.6,79.8,32.4,Argiloso,11.0,496.0,Pulverizacao,3.0,45.0,9.9,52.0,Manha,1
4263,2026-04-23 22:14:00,EQ-033,Nao-Me-Toque,53.3,20.3,35.6,Argiloso,5.6,731.0,Colheita,5.0,116.0,9.2,120.0,Manha,0
4264,2026-04-23 22:22:00,EQ-015,Nao-Me-Toque,78.9,49.5,27.1,Arenoso,1.8,596.0,Plantio,3.0,95.0,13.3,87.0,Noite,0
4265,2026-04-23 22:55:00,EQ-030,Lucas do Rio Verde,85.1,7.8,23.2,Argiloso,2.6,605.0,Plantio,3.0,248.0,8.8,59.0,Manha,0
4266,2026-04-23 23:04:00,EQ-033,Cascavel,79.4,66.9,28.1,Encharcado,3.8,490.0,Colheita,22.0,417.0,7.9,59.0,Manha,1
4267,2026-04-23 23:20:00,EQ-036,Lucas do Rio Verde,81.4,40.8,29.2,Argiloso,7.3,606.0,Colheita,9.0,600.0,5.1,55.0,Manha,1
4268,2026-04-23 23:45:00,EQ-024,Nao-Me-Toque,59.7,15.6,23.6,Encharcado,20.2,579.0,Transporte,5.0,212.0,8.7,66.0,Tarde,0
4269,2026-04-24 00:04:00,EQ-010,Nao-Me-Toque,64.4,25.6,23.7,Arenoso,4.3,403.0,Plantio,10.0,47.0,4.6,59.0,Manha,0
4270,2026-04-24 00:07:00,EQ-039,Barreiras,70.3,23.9,29.1,Misto,7.6,438.0,Pulverizacao,1.0,96.0,4.2,90.0,Manha,1
4271,2026-04-24 00:11:00,EQ-033,Nao-Me-Toque,89.1,8.5,21.3,Arenoso,5.6,337.0,Plantio,17.0,128.0,9.2,83.0,Manha,1
4272,2026-04-24 01:01:00,EQ-009,Barreiras,32.4,44.1,30.5,Arenoso,9.0,586.0,Pulverizacao,14.0,381.0,9.2,69.0,Tarde,0
4273,2026-04-24 01:38:00,EQ-040,Cascavel,72.2,20.2,18.9,Arenoso,1.9,1170.0,Pulverizacao,3.0,212.0,9.7,59.0,Tarde,0
4274,2026-04-24 01:48:00,EQ-018,Barreiras,64.0,27.1,29.6,Misto,7.2,522.0,Pulverizacao,18.0,111.0,13.7,67.0,Manha,0
4275,2026-04-24 02:25:00,EQ-028,Cascavel,29.2,26.7,24.9,Argiloso,3.6,839.0,Plantio,8.0,103.0,0.3,61.0,Tarde,1
4276,2026-04-24 02:57:00,EQ-009,Cascavel,83.6,2.1,25.8,Arenoso,20.5,284.0,Pulverizacao,4.0,118.0,2.2,88.0,Tarde,0
4277,2026-04-24 03:39:00,EQ-006,Lucas do Rio Verde,43.4,44.0,39.3,Misto,7.8,312.0,Pulverizacao,1.0,180.0,4.3,105.0,Tarde,0
4278,2026-04-24 03:59:00,EQ-006,Cascavel,75.3,7.3,28.0,Argiloso,9.7,553.0,Colheita,4.0,84.0,7.6,69.0,Tarde,1
4279,2026-04-24 04:23:00,EQ-028,Barreiras,75.4,27.9,37.8,Argiloso,3.9,1506.0,Plantio,1.0,144.0,0.6,106.0,Manha,0
4280,2026-04-24 04:29:00,EQ-016,Sorriso,65.6,25.1,31.1,Arenoso,2.6,425.0,Transporte,25.0,215.0,14.6,69.0,Tarde,1
4281,2026-04-24 05:13:00,EQ-002,Barreiras,58.9,36.5,34.4,Argiloso,5.7,294.0,Transporte,13.0,600.0,12.2,83.0,Manha,0
4282,2026-04-24 05:29:00,EQ-014,Sorriso,39.4,24.1,28.5,Encharcado,8.8,1149.0,Transporte,5.0,77.0,5.7,66.0,Manha,0
4283,2026-04-24 05:36:00,EQ-036,Rio Verde,63.5,32.8,27.5,Misto,31.6,235.0,Pulverizacao,11.0,226.0,4.5,59.0,Manha,0
4284,2026-04-24 06:03:00,EQ-016,Nao-Me-Toque,36.1,40.8,27.8,Argiloso,3.9,2000.0,Plantio,16.0,521.0,7.6,68.0,Tarde,0
4285,2026-04-24 06:03:00,EQ-035,Nao-Me-Toque,58.7,18.7,25.3,Misto,3.7,604.0,Pulverizacao,6.0,110.0,11.2,87.0,Tarde,0
4286,2026-04-24 06:04:00,EQ-025,Sorriso,58.5,14.0,33.4,Argiloso,11.9,1130.0,Colheita,16.0,26.0,2.3,45.0,Tarde,0
4287,2026-04-24 06:22:00,EQ-037,Cascavel,84.0,50.2,15.0,Misto,4.1,415.0,Plantio,7.0,182.0,14.4,46.0,Tarde,1
4288,2026-04-24 06:29:00,EQ-021,Lucas do Rio Verde,44.3,11.2,27.2,Argiloso,11.1,1580.0,Transporte,3.0,56.0,4.7,77.0,Manha,0
4289,2026-04-24 07:09:00,EQ-004,Cascavel,63.8,31.8,25.4,Argiloso,13.0,1429.0,Plantio,4.0,30.0,6.3,114.0,Noite,0
4290,2026-04-24 07:11:00,EQ-009,Barreiras,59.5,48.1,30.8,Arenoso,3.2,293.0,Transporte,4.0,156.0,7.6,90.0,Manha,1
4291,2026-04-24 08:30:00,EQ-020,Lucas do Rio Verde,23.7,62.4,34.3,Misto,6.2,180.0,Colheita,8.0,39.0,8.5,94.0,Manha,0
4292,2026-04-24 08:35:00,EQ-006,Lucas do Rio Verde,49.8,30.1,35.0,Arenoso,32.0,585.0,Colheita,17.0,87.0,12.2,63.0,Tarde,1
4293,2026-04-24 08:42:00,EQ-039,Cascavel,44.3,51.3,30.5,Arenoso,7.4,478.0,Transporte,4.0,20.0,8.9,62.0,Manha,0
4294,2026-04-24 08:52:00,EQ-021,Lucas do Rio Verde,62.0,63.3,32.4,Argiloso,3.5,899.0,Transporte,5.0,137.0,4.7,90.0,Manha,0
4295,2026-04-24 09:03:00,EQ-003,Rio Verde,41.7,27.7,30.6,Arenoso,4.8,340.0,Pulverizacao,20.0,255.0,11.1,95.0,Manha,0
4296,2026-04-24 09:20:00,EQ-004,Cascavel,60.9,39.5,18.0,Argiloso,9.4,504.0,Plantio,4.0,171.0,8.6,64.0,Manha,1
4297,2026-04-24 09:21:00,EQ-022,Sorriso,54.3,9.3,25.6,Misto,15.5,2000.0,Plantio,0.0,399.0,6.7,87.0,Tarde,0
4298,2026-04-24 09:28:00,EQ-017,Lucas do Rio Verde,34.1,19.0,24.9,Misto,11.0,605.0,Pulverizacao,5.0,163.0,5.8,56.0,Manha,0
4299,2026-04-24 09:40:00,EQ-021,Rio Verde,88.3,44.1,28.0,Argiloso,8.4,341.0,Colheita,1.0,76.0,8.2,94.0,Noite,1
4300,2026-04-24 09:59:00,EQ-009,Rio Verde,54.6,19.6,30.5,Arenoso,6.5,461.0,Plantio,3.0,351.0,11.8,82.0,Manha,0
4301,2026-04-24 10:31:00,EQ-037,Cascavel,62.0,15.2,26.5,Misto,21.2,842.0,Colheita,2.0,243.0,4.7,113.0,Noite,0
4302,2026-04-24 11:09:00,EQ-040,Rio Verde,76.6,27.5,32.8,Arenoso,14.9,6.0,Pulverizacao,5.0,258.0,9.0,118.0,Noite,0
4303,2026-04-24 11:50:00,EQ-009,Barreiras,72.0,60.9,29.9,Argiloso,9.8,668.0,Transporte,14.0,33.0,4.9,79.0,Noite,0
4304,2026-04-24 12:12:00,EQ-017,Barreiras,61.5,45.3,27.1,Misto,7.2,989.0,Pulverizacao,14.0,380.0,8.5,97.0,Noite,0
4305,2026-04-24 12:39:00,EQ-015,Rio Verde,63.4,31.5,25.5,Argiloso,16.4,350.0,Plantio,4.0,65.0,6.0,69.0,Manha,1
4306,2026-04-24 13:03:00,EQ-009,Cascavel,49.4,37.9,30.3,Argiloso,8.6,1054.0,Pulverizacao,6.0,283.0,8.7,118.0,Manha,0
4307,2026-04-24 13:41:00,EQ-007,Cascavel,69.3,93.2,15.4,Misto,8.5,808.0,Colheita,6.0,74.0,4.4,73.0,Tarde,0
4308,2026-04-24 13:51:00,EQ-026,Cascavel,61.5,50.2,28.1,Arenoso,2.4,410.0,Plantio,13.0,152.0,9.9,76.0,Manha,1
4309,2026-04-24 14:08:00,EQ-007,Sorriso,34.7,18.8,25.6,Arenoso,11.2,608.0,Pulverizacao,6.0,135.0,4.7,48.0,Tarde,0
4310,2026-04-24 14:37:00,EQ-005,Rio Verde,50.7,41.4,30.4,Argiloso,12.3,305.0,Pulverizacao,3.0,269.0,2.3,80.0,Tarde,0
4311,2026-04-24 15:09:00,EQ-016,Cascavel,54.2,15.3,29.3,Arenoso,16.2,656.0,Transporte,4.0,384.0,11.3,117.0,Tarde,0
4312,2026-04-24 16:09:00,EQ-015,Sorriso,49.8,57.3,31.9,Arenoso,14.4,1269.0,Colheita,22.0,278.0,10.3,86.0,Tarde,0
4313,2026-04-24 16:18:00,EQ-024,Rio Verde,17.0,6.5,20.9,Misto,41.9,1128.0,Plantio,4.0,123.0,9.0,111.0,Manha,1
4314,2026-04-24 16:54:00,EQ-036,Lucas do Rio Verde,64.0,20.7,35.4,Arenoso,11.8,737.0,Transporte,2.0,600.0,5.3,88.0,Noite,1
4315,2026-04-24 17:32:00,EQ-032,Sorriso,28.6,79.9,24.6,Misto,22.1,526.0,Pulverizacao,12.0,312.0,12.2,79.0,Tarde,1
4316,2026-04-24 17:42:00,EQ-038,Nao-Me-Toque,48.3,44.5,39.8,Misto,16.1,1014.0,Plantio,4.0,268.0,4.2,83.0,Tarde,0
4317,2026-04-24 17:59:00,EQ-009,Nao-Me-Toque,75.4,42.2,21.4,Misto,6.3,2000.0,Plantio,15.0,41.0,4.0,79.0,Manha,0
4318,2026-04-24 18:03:00,EQ-032,Lucas do Rio Verde,67.2,24.4,25.7,Misto,12.6,852.0,Pulverizacao,3.0,582.0,10.8,112.0,Manha,0
4319,2026-04-24 18:51:00,EQ-005,Rio Verde,52.6,5.8,29.5,Misto,9.4,677.0,Plantio,15.0,600.0,10.4,80.0,Noite,1
4320,2026-04-24 18:54:00,EQ-014,Lucas do Rio Verde,60.6,19.5,19.3,Misto,25.6,500.0,Plantio,11.0,152.0,8.3,56.0,Noite,0
4321,2026-04-24 18:55:00,EQ-036,Rio Verde,99.8,52.9,22.9,Arenoso,13.8,275.0,Colheita,10.0,223.0,6.0,71.0,Noite,1
4322,2026-04-24 19:51:00,EQ-018,Sorriso,25.6,19.6,24.2,Misto,8.3,705.0,Pulverizacao,9.0,300.0,7.2,75.0,Manha,0
4323,2026-04-24 19:56:00,EQ-015,Rio Verde,71.3,29.4,30.1,Misto,10.4,346.0,Plantio,7.0,247.0,8.7,118.0,Tarde,1
4324,2026-04-24 20:00:00,EQ-012,Rio Verde,75.2,8.4,19.0,Argiloso,20.8,417.0,Colheita,3.0,152.0,10.5,41.0,Tarde,1
4325,2026-04-24 20:11:00,EQ-025,Barreiras,52.8,65.6,22.6,Misto,8.7,620.0,Colheita,1.0,130.0,8.0,90.0,Manha,0
4326,2026-04-24 20:33:00,EQ-038,Rio Verde,56.5,50.1,24.0,Arenoso,9.3,1081.0,Plantio,5.0,141.0,8.0,84.0,Noite,0
4327,2026-04-24 20:53:00,EQ-006,Barreiras,57.0,45.4,20.0,Arenoso,11.8,819.0,Colheita,4.0,78.0,7.5,62.0,Tarde,0
4328,2026-04-24 21:16:00,EQ-031,Barreiras,61.3,8.3,35.1,Encharcado,9.1,430.0,Pulverizacao,12.0,122.0,9.1,103.0,Tarde,0
4329,2026-04-24 21:19:00,EQ-033,Rio Verde,81.5,64.4,31.2,Misto,4.1,1060.0,Colheita,8.0,253.0,7.4,77.0,Manha,0
4330,2026-04-24 21:31:00,EQ-023,Cascavel,29.1,43.5,23.1,Arenoso,12.9,696.0,Colheita,24.0,289.0,10.2,75.0,Tarde,0
4331,2026-04-24 22:31:00,EQ-039,Nao-Me-Toque,53.6,33.6,23.9,Encharcado,15.4,365.0,Colheita,7.0,291.0,6.6,79.0,Manha,1
4332,2026-04-24 22:59:00,EQ-018,Barreiras,55.7,58.7,29.3,Misto,15.2,1515.0,Plantio,17.0,239.0,6.9,94.0,Manha,0
4333,2026-04-24 23:07:00,EQ-021,Cascavel,46.5,12.7,16.1,Misto,10.2,663.0,Plantio,4.0,47.0,9.9,67.0,Noite,0
4334,2026-04-24 23:10:00,EQ-024,Barreiras,43.7,60.6,27.8,Arenoso,4.7,239.0,Plantio,4.0,54.0,7.5,82.0,Manha,0
4335,2026-04-24 23:13:00,EQ-023,Sorriso,45.4,8.3,29.1,Arenoso,5.4,1181.0,Pulverizacao,3.0,68.0,4.9,40.0,Tarde,0
4336,2026-04-24 23:33:00,EQ-020,Barreiras,25.9,35.4,22.1,Arenoso,5.2,649.0,Colheita,7.0,74.0,11.5,62.0,Tarde,0
4337,2026-04-24 23:37:00,EQ-011,Sorriso,71.7,7.6,24.3,Misto,4.2,518.0,Colheita,5.0,263.0,8.7,48.0,Manha,1
4338,2026-04-25 00:17:00,EQ-035,Nao-Me-Toque,35.4,95.8,18.1,Misto,9.9,736.0,Transporte,8.0,71.0,7.0,63.0,Tarde,0
4339,2026-04-25 00:23:00,EQ-021,Nao-Me-Toque,41.7,2.4,33.5,Encharcado,9.2,414.0,Plantio,2.0,600.0,7.0,88.0,Tarde,1
4340,2026-04-25 00:31:00,EQ-024,Lucas do Rio Verde,80.0,4.1,23.4,Arenoso,16.5,486.0,Plantio,9.0,81.0,9.1,90.0,Noite,1
4341,2026-04-25 00:41:00,EQ-024,Lucas do Rio Verde,95.7,17.5,30.3,Misto,6.2,547.0,Plantio,1.0,241.0,8.4,79.0,Manha,0
4342,2026-04-25 00:43:00,EQ-025,Barreiras,66.1,20.6,25.5,Misto,2.7,696.0,Plantio,8.0,19.0,4.6,49.0,Noite,0
4343,2026-04-25 01:09:00,EQ-015,Nao-Me-Toque,72.0,36.8,15.1,Encharcado,6.5,306.0,Colheita,8.0,135.0,4.6,77.0,Noite,1
4344,2026-04-25 01:17:00,EQ-002,Rio Verde,77.6,18.5,24.6,Arenoso,14.1,1048.0,Pulverizacao,2.0,386.0,6.3,93.0,Manha,0
4345,2026-04-25 01:47:00,EQ-012,Sorriso,58.4,9.7,23.3,Arenoso,23.1,283.0,Plantio,11.0,201.0,9.2,47.0,Manha,0
4346,2026-04-25 02:04:00,EQ-039,Cascavel,44.3,24.8,18.1,Encharcado,2.9,343.0,Pulverizacao,9.0,49.0,6.0,66.0,Manha,0
4347,2026-04-25 02:33:00,EQ-036,Barreiras,47.7,85.3,28.4,Argiloso,9.0,344.0,Pulverizacao,5.0,484.0,11.7,67.0,Tarde,1
4348,2026-04-25 02:37:00,EQ-026,Nao-Me-Toque,57.8,34.9,27.3,Arenoso,4.7,559.0,Colheita,7.0,384.0,3.2,110.0,Manha,0
4349,2026-04-25 03:40:00,EQ-033,Barreiras,43.0,63.4,27.3,Argiloso,0.8,2000.0,Colheita,15.0,49.0,8.3,88.0,Noite,0
4350,2026-04-25 03:44:00,EQ-027,Sorriso,58.0,43.4,25.0,Argiloso,6.4,823.0,Pulverizacao,10.0,156.0,9.6,81.0,Manha,0
4351,2026-04-25 04:41:00,EQ-037,Nao-Me-Toque,84.4,23.3,15.6,Encharcado,4.5,798.0,Pulverizacao,6.0,131.0,7.5,98.0,Manha,1
4352,2026-04-25 04:43:00,EQ-020,Barreiras,29.8,1.8,20.0,Encharcado,11.5,212.0,Plantio,2.0,54.0,9.2,40.0,Tarde,0
4353,2026-04-25 05:16:00,EQ-023,Barreiras,53.6,27.3,17.9,Arenoso,7.2,419.0,Pulverizacao,5.0,143.0,7.8,80.0,Manha,0
4354,2026-04-25 06:25:00,EQ-009,Barreiras,38.9,22.5,26.3,Misto,2.7,611.0,Pulverizacao,7.0,305.0,11.9,100.0,Manha,0
4355,2026-04-25 06:28:00,EQ-004,Lucas do Rio Verde,68.8,24.1,19.2,Arenoso,4.1,895.0,Pulverizacao,10.0,85.0,9.7,80.0,Tarde,0
4356,2026-04-25 06:29:00,EQ-022,Nao-Me-Toque,74.6,65.9,27.0,Arenoso,6.1,1051.0,Colheita,9.0,92.0,7.9,78.0,Tarde,0
4357,2026-04-25 06:52:00,EQ-035,Rio Verde,65.9,21.9,19.3,Arenoso,13.6,772.0,Colheita,4.0,154.0,14.7,85.0,Manha,0
4358,2026-04-25 06:53:00,EQ-005,Barreiras,83.1,46.5,21.0,Argiloso,14.2,132.0,Pulverizacao,16.0,109.0,2.3,75.0,Manha,1
4359,2026-04-25 06:53:00,EQ-032,Sorriso,51.2,114.2,26.1,Arenoso,5.8,337.0,Plantio,6.0,225.0,3.9,80.0,Tarde,0
4360,2026-04-25 07:05:00,EQ-020,Sorriso,67.5,22.6,33.6,Arenoso,11.0,249.0,Colheita,11.0,200.0,14.1,103.0,Noite,1
4361,2026-04-25 07:10:00,EQ-031,Barreiras,77.6,34.9,19.0,Argiloso,15.9,580.0,Plantio,5.0,148.0,5.9,114.0,Manha,1
4362,2026-04-25 07:15:00,EQ-029,Barreiras,63.9,36.4,30.3,Misto,17.8,106.0,Plantio,3.0,441.0,6.0,78.0,Manha,1
4363,2026-04-25 07:16:00,EQ-020,Lucas do Rio Verde,51.6,32.3,30.0,Misto,21.6,801.0,Pulverizacao,4.0,88.0,5.2,103.0,Manha,1
4364,2026-04-25 07:20:00,EQ-001,Nao-Me-Toque,42.1,19.8,31.2,Encharcado,5.1,81.0,Plantio,9.0,214.0,9.6,78.0,Manha,0
4365,2026-04-25 07:54:00,EQ-005,Rio Verde,70.8,13.0,13.6,Misto,9.0,2000.0,Colheita,7.0,163.0,5.7,102.0,Manha,0
4366,2026-04-25 08:45:00,EQ-011,Sorriso,21.8,36.5,20.4,Misto,12.5,1112.0,Pulverizacao,9.0,94.0,11.5,64.0,Tarde,0
4367,2026-04-25 08:51:00,EQ-040,Sorriso,72.4,25.5,31.7,Arenoso,19.5,868.0,Colheita,1.0,91.0,5.1,57.0,Tarde,0
4368,2026-04-25 08:57:00,EQ-017,Nao-Me-Toque,57.1,40.8,30.2,Misto,17.5,367.0,Plantio,13.0,233.0,11.6,92.0,Manha,0
4369,2026-04-25 09:13:00,EQ-020,Rio Verde,67.5,14.8,22.8,Misto,13.7,699.0,Colheita,8.0,102.0,3.6,90.0,Tarde,0
4370,2026-04-25 09:37:00,EQ-023,Lucas do Rio Verde,56.0,30.4,30.6,Argiloso,11.4,128.0,Colheita,10.0,88.0,8.2,87.0,Tarde,0
4371,2026-04-25 09:48:00,EQ-016,Cascavel,22.9,49.4,28.1,Misto,2.0,570.0,Colheita,1.0,277.0,9.2,108.0,Tarde,0
4372,2026-04-25 09:57:00,EQ-038,Cascavel,31.9,62.5,14.3,Argiloso,2.5,561.0,Plantio,9.0,52.0,10.9,67.0,Noite,0
4373,2026-04-25 10:05:00,EQ-037,Nao-Me-Toque,49.8,33.9,44.5,Argiloso,15.2,217.0,Pulverizacao,2.0,43.0,9.0,91.0,Tarde,0
4374,2026-04-25 10:58:00,EQ-026,Sorriso,48.7,53.5,36.5,Misto,17.2,339.0,Colheita,1.0,159.0,5.6,88.0,Manha,0
4375,2026-04-25 11:02:00,EQ-019,Nao-Me-Toque,81.2,14.7,30.2,Misto,5.5,819.0,Plantio,7.0,109.0,12.0,95.0,Tarde,0
4376,2026-04-25 11:09:00,EQ-027,Cascavel,23.2,7.8,23.8,Arenoso,4.4,370.0,Pulverizacao,5.0,37.0,7.2,96.0,Tarde,0
4377,2026-04-25 12:17:00,EQ-019,Cascavel,70.8,113.3,37.8,Argiloso,5.7,792.0,Pulverizacao,6.0,107.0,10.9,81.0,Tarde,1
4378,2026-04-25 12:20:00,EQ-030,Barreiras,35.2,73.0,23.2,Argiloso,12.9,825.0,Plantio,13.0,137.0,6.8,66.0,Manha,0
4379,2026-04-25 12:44:00,EQ-039,Sorriso,71.6,124.2,28.6,Argiloso,10.7,770.0,Colheita,4.0,160.0,12.6,80.0,Manha,1
4380,2026-04-25 12:59:00,EQ-034,Sorriso,61.6,42.6,30.2,Encharcado,10.2,275.0,Plantio,10.0,108.0,8.7,65.0,Tarde,1
4381,2026-04-25 14:22:00,EQ-030,Cascavel,46.7,110.6,30.5,Arenoso,17.7,2000.0,Plantio,10.0,57.0,0.0,90.0,Tarde,0
4382,2026-04-25 14:22:00,EQ-033,Cascavel,42.1,35.0,19.9,Argiloso,4.0,193.0,Plantio,2.0,185.0,9.3,103.0,Tarde,0
4383,2026-04-25 14:36:00,EQ-012,Barreiras,72.7,19.3,21.5,Argiloso,3.3,812.0,Plantio,3.0,41.0,2.9,69.0,Tarde,0
4384,2026-04-25 14:54:00,EQ-031,Nao-Me-Toque,37.7,41.2,29.8,Arenoso,22.2,850.0,Colheita,14.0,127.0,9.9,45.0,Tarde,0
4385,2026-04-25 14:59:00,EQ-025,Rio Verde,50.8,44.7,32.6,Encharcado,11.3,696.0,Pulverizacao,3.0,395.0,7.5,99.0,Tarde,1
4386,2026-04-25 15:00:00,EQ-010,Lucas do Rio Verde,55.6,17.7,39.2,Misto,7.8,298.0,Colheita,7.0,261.0,9.4,67.0,Manha,0
4387,2026-04-25 15:26:00,EQ-012,Lucas do Rio Verde,49.6,26.7,26.8,Arenoso,6.7,2000.0,Pulverizacao,11.0,428.0,7.0,77.0,Manha,0
4388,2026-04-25 16:24:00,EQ-010,Lucas do Rio Verde,46.5,35.6,17.3,Arenoso,10.7,930.0,Colheita,4.0,159.0,7.1,94.0,Tarde,0
4389,2026-04-25 16:34:00,EQ-007,Rio Verde,48.1,14.3,31.2,Argiloso,9.6,535.0,Plantio,11.0,113.0,6.7,62.0,Manha,1
4390,2026-04-25 16:56:00,EQ-029,Nao-Me-Toque,51.9,36.9,27.9,Arenoso,2.0,305.0,Pulverizacao,5.0,145.0,7.9,81.0,Tarde,0
4391,2026-04-25 17:15:00,EQ-012,Nao-Me-Toque,73.9,36.1,22.9,Encharcado,34.9,261.0,Transporte,14.0,126.0,12.4,102.0,Manha,1
4392,2026-04-25 17:30:00,EQ-025,Nao-Me-Toque,39.1,19.2,22.5,Encharcado,5.0,1816.0,Transporte,9.0,57.0,15.3,102.0,Tarde,0
4393,2026-04-25 17:51:00,EQ-010,Sorriso,34.6,70.0,14.7,Arenoso,6.7,1247.0,Colheita,8.0,24.0,4.4,69.0,Tarde,0
4394,2026-04-25 18:20:00,EQ-010,Barreiras,58.2,57.0,36.1,Misto,15.5,196.0,Colheita,9.0,228.0,13.8,69.0,Noite,0
4395,2026-04-25 18:36:00,EQ-027,Cascavel,36.7,42.8,21.7,Arenoso,34.0,152.0,Colheita,9.0,136.0,9.2,78.0,Tarde,1
4396,2026-04-25 18:59:00,EQ-034,Rio Verde,55.0,63.0,22.6,Misto,19.7,291.0,Plantio,1.0,438.0,10.7,85.0,Tarde,0
4397,2026-04-25 19:07:00,EQ-034,Sorriso,50.6,54.4,30.1,Arenoso,3.2,1714.0,Plantio,9.0,130.0,6.2,93.0,Manha,0
4398,2026-04-25 19:09:00,EQ-018,Barreiras,72.4,15.1,22.1,Encharcado,15.4,1335.0,Pulverizacao,4.0,37.0,10.9,91.0,Tarde,0
4399,2026-04-25 19:10:00,EQ-024,Sorriso,31.3,10.7,28.1,Arenoso,4.8,167.0,Colheita,11.0,472.0,7.7,68.0,Tarde,0
4400,2026-04-25 19:22:00,EQ-008,Lucas do Rio Verde,15.5,24.2,15.8,Arenoso,9.2,822.0,Plantio,6.0,270.0,5.6,85.0,Manha,0
4401,2026-04-25 19:25:00,EQ-038,Barreiras,64.8,24.3,37.2,Misto,26.5,247.0,Plantio,9.0,381.0,8.1,80.0,Noite,1
4402,2026-04-25 20:14:00,EQ-028,Barreiras,95.6,15.0,26.2,Misto,10.6,989.0,Plantio,18.0,178.0,7.5,84.0,Tarde,0
4403,2026-04-25 20:32:00,EQ-004,Barreiras,30.7,43.8,23.6,Arenoso,12.5,593.0,Transporte,11.0,482.0,6.4,62.0,Manha,0
4404,2026-04-25 20:48:00,EQ-006,Sorriso,62.6,62.3,27.9,Arenoso,2.7,285.0,Colheita,22.0,75.0,10.7,73.0,Tarde,1
4405,2026-04-25 21:11:00,EQ-013,Barreiras,100.0,43.5,19.5,Argiloso,7.9,1135.0,Transporte,17.0,54.0,9.0,70.0,Manha,0
4406,2026-04-25 21:23:00,EQ-035,Barreiras,100.0,5.8,19.5,Arenoso,6.8,472.0,Colheita,10.0,382.0,4.9,98.0,Manha,1
4407,2026-04-25 21:39:00,EQ-040,Lucas do Rio Verde,54.9,38.2,22.7,Misto,2.4,891.0,Pulverizacao,8.0,225.0,0.0,100.0,Tarde,0
4408,2026-04-25 21:45:00,EQ-009,Sorriso,77.6,41.8,27.3,Arenoso,10.6,1293.0,Plantio,2.0,339.0,9.3,50.0,Tarde,0
4409,2026-04-25 22:53:00,EQ-017,Rio Verde,69.3,26.2,18.8,Arenoso,5.0,270.0,Pulverizacao,1.0,69.0,10.6,79.0,Manha,1
4410,2026-04-25 23:41:00,EQ-024,Barreiras,54.0,29.5,26.9,Arenoso,5.9,1941.0,Plantio,17.0,134.0,6.6,93.0,Manha,0
4411,2026-04-26 00:02:00,EQ-001,Cascavel,41.5,28.1,32.3,Arenoso,19.9,956.0,Colheita,6.0,138.0,10.5,98.0,Tarde,0
4412,2026-04-26 00:19:00,EQ-031,Lucas do Rio Verde,50.3,40.7,22.6,Arenoso,6.1,1289.0,Plantio,6.0,108.0,6.6,72.0,Manha,0
4413,2026-04-26 00:32:00,EQ-030,Rio Verde,61.7,54.0,29.5,Argiloso,13.4,430.0,Transporte,9.0,142.0,11.0,80.0,Tarde,1
4414,2026-04-26 00:47:00,EQ-033,Cascavel,55.0,48.7,22.4,Encharcado,12.2,247.0,Pulverizacao,2.0,133.0,9.9,75.0,Manha,0
4415,2026-04-26 00:52:00,EQ-014,Cascavel,66.5,50.6,34.5,Misto,1.6,996.0,Colheita,5.0,489.0,2.3,84.0,Tarde,0
4416,2026-04-26 01:24:00,EQ-004,Sorriso,46.2,14.8,31.6,Misto,5.8,910.0,Plantio,5.0,82.0,6.0,60.0,Manha,0
4417,2026-04-26 01:50:00,EQ-016,Sorriso,86.2,76.0,33.4,Arenoso,7.5,133.0,Pulverizacao,7.0,111.0,5.6,83.0,Tarde,1
4418,2026-04-26 02:04:00,EQ-030,Rio Verde,33.1,44.8,34.5,Misto,14.2,42.0,Colheita,4.0,316.0,11.7,94.0,Noite,0
4419,2026-04-26 02:07:00,EQ-024,Cascavel,22.0,3.2,37.5,Arenoso,8.2,359.0,Colheita,9.0,116.0,8.7,95.0,Noite,0
4420,2026-04-26 02:54:00,EQ-021,Cascavel,64.5,21.2,24.9,Argiloso,1.9,169.0,Transporte,4.0,145.0,6.0,85.0,Manha,1
4421,2026-04-26 03:00:00,EQ-032,Sorriso,35.1,36.1,40.2,Arenoso,24.5,679.0,Plantio,2.0,161.0,12.6,67.0,Tarde,0
4422,2026-04-26 03:08:00,EQ-008,Rio Verde,44.9,14.6,32.9,Encharcado,2.4,1587.0,Transporte,3.0,146.0,5.8,49.0,Noite,0
4423,2026-04-26 04:13:00,EQ-030,Nao-Me-Toque,83.5,7.2,28.6,Misto,3.4,670.0,Plantio,17.0,52.0,5.7,40.0,Manha,0
4424,2026-04-26 04:18:00,EQ-033,Barreiras,51.6,40.4,23.4,Misto,10.3,1470.0,Plantio,14.0,220.0,8.3,69.0,Tarde,0
4425,2026-04-26 05:08:00,EQ-004,Sorriso,44.3,23.0,37.4,Argiloso,1.9,161.0,Pulverizacao,1.0,133.0,6.3,67.0,Manha,0
4426,2026-04-26 05:08:00,EQ-005,Sorriso,49.8,15.5,30.4,Encharcado,5.0,582.0,Pulverizacao,9.0,340.0,9.0,94.0,Tarde,0
4427,2026-04-26 05:35:00,EQ-019,Lucas do Rio Verde,32.2,25.2,37.2,Arenoso,1.5,70.0,Colheita,16.0,13.0,6.8,50.0,Tarde,0
4428,2026-04-26 05:47:00,EQ-024,Barreiras,67.3,34.4,17.7,Misto,16.9,714.0,Pulverizacao,10.0,320.0,8.0,61.0,Manha,0
4429,2026-04-26 06:01:00,EQ-026,Sorriso,47.6,69.9,30.8,Argiloso,2.9,533.0,Plantio,9.0,236.0,6.6,76.0,Noite,1
4430,2026-04-26 06:16:00,EQ-010,Sorriso,30.3,12.5,29.3,Misto,17.6,713.0,Colheita,6.0,130.0,7.9,81.0,Tarde,0
4431,2026-04-26 06:18:00,EQ-023,Lucas do Rio Verde,43.4,36.5,27.0,Argiloso,6.2,185.0,Pulverizacao,12.0,147.0,9.9,95.0,Manha,0
4432,2026-04-26 06:50:00,EQ-002,Sorriso,71.3,45.7,16.2,Arenoso,26.3,96.0,Pulverizacao,1.0,209.0,8.1,97.0,Tarde,1
4433,2026-04-26 07:01:00,EQ-037,Lucas do Rio Verde,56.9,96.7,27.5,Arenoso,6.5,245.0,Transporte,7.0,128.0,11.2,54.0,Manha,1
4434,2026-04-26 07:27:00,EQ-022,Barreiras,55.2,20.6,29.1,Encharcado,5.6,595.0,Pulverizacao,5.0,385.0,7.3,75.0,Manha,0
4435,2026-04-26 08:35:00,EQ-036,Cascavel,34.6,41.9,28.7,Arenoso,10.9,1085.0,Transporte,6.0,9.0,10.0,93.0,Noite,0
4436,2026-04-26 09:23:00,EQ-017,Sorriso,68.9,21.9,16.0,Argiloso,9.2,241.0,Plantio,5.0,185.0,13.1,70.0,Manha,1
4437,2026-04-26 09:31:00,EQ-009,Lucas do Rio Verde,70.4,28.6,28.5,Arenoso,10.9,218.0,Pulverizacao,2.0,49.0,10.0,62.0,Tarde,1
4438,2026-04-26 09:45:00,EQ-026,Rio Verde,72.0,23.5,24.2,Arenoso,19.4,2000.0,Plantio,20.0,41.0,3.4,101.0,Tarde,0
4439,2026-04-26 10:06:00,EQ-030,Nao-Me-Toque,55.1,75.0,26.5,Arenoso,2.9,907.0,Pulverizacao,6.0,123.0,13.2,69.0,Tarde,0
4440,2026-04-26 10:39:00,EQ-016,Lucas do Rio Verde,33.9,64.1,23.3,Argiloso,11.7,389.0,Colheita,1.0,121.0,9.9,79.0,Manha,1
4441,2026-04-26 10:43:00,EQ-026,Barreiras,55.6,10.4,36.1,Misto,7.1,392.0,Plantio,10.0,47.0,4.7,59.0,Tarde,0
4442,2026-04-26 11:15:00,EQ-035,Nao-Me-Toque,87.3,50.0,31.1,Misto,5.2,882.0,Colheita,11.0,197.0,5.2,77.0,Tarde,0
4443,2026-04-26 11:18:00,EQ-012,Nao-Me-Toque,30.1,4.3,15.6,Argiloso,21.2,737.0,Plantio,10.0,97.0,11.3,47.0,Tarde,0
4444,2026-04-26 11:33:00,EQ-014,Lucas do Rio Verde,88.5,25.1,33.6,Encharcado,16.0,520.0,Plantio,3.0,245.0,5.0,70.0,Manha,1
4445,2026-04-26 11:35:00,EQ-020,Rio Verde,18.2,30.0,21.3,Arenoso,7.5,702.0,Pulverizacao,22.0,7.0,2.2,47.0,Tarde,0
4446,2026-04-26 12:09:00,EQ-022,Sorriso,80.9,67.1,28.8,Arenoso,25.0,295.0,Transporte,7.0,50.0,5.4,95.0,Manha,0
4447,2026-04-26 12:22:00,EQ-032,Rio Verde,6.2,14.1,23.1,Encharcado,5.3,630.0,Plantio,15.0,109.0,12.3,97.0,Tarde,1
4448,2026-04-26 12:54:00,EQ-036,Rio Verde,43.4,35.9,22.3,Arenoso,9.7,1392.0,Plantio,12.0,93.0,10.9,74.0,Tarde,0
4449,2026-04-26 13:40:00,EQ-005,Nao-Me-Toque,44.3,32.9,24.4,Arenoso,15.4,745.0,Colheita,7.0,331.0,11.3,77.0,Manha,0
4450,2026-04-26 13:58:00,EQ-037,Nao-Me-Toque,56.3,18.4,22.5,Argiloso,11.8,553.0,Transporte,10.0,136.0,6.1,79.0,Manha,0
4451,2026-04-26 14:21:00,EQ-001,Barreiras,55.9,3.4,20.5,Misto,8.3,207.0,Transporte,6.0,26.0,12.3,111.0,Tarde,0
4452,2026-04-26 14:52:00,EQ-012,Rio Verde,43.8,55.0,28.6,Arenoso,8.3,1046.0,Colheita,11.0,83.0,7.2,65.0,Noite,0
4453,2026-04-26 15:57:00,EQ-019,Sorriso,93.7,14.5,23.4,Encharcado,3.1,412.0,Transporte,5.0,218.0,6.2,98.0,Tarde,1
4454,2026-04-26 16:05:00,EQ-003,Sorriso,94.6,29.3,25.4,Misto,8.7,527.0,Plantio,11.0,354.0,8.1,63.0,Tarde,1
4455,2026-04-26 16:08:00,EQ-029,Barreiras,64.8,15.9,26.1,Arenoso,4.4,1277.0,Plantio,3.0,48.0,3.6,101.0,Tarde,0
4456,2026-04-26 16:22:00,EQ-032,Barreiras,75.1,38.6,17.3,Misto,11.3,150.0,Colheita,9.0,239.0,12.1,106.0,Manha,1
4457,2026-04-26 17:11:00,EQ-034,Lucas do Rio Verde,51.1,39.2,27.2,Arenoso,3.1,148.0,Colheita,11.0,106.0,0.2,61.0,Noite,0
4458,2026-04-26 17:31:00,EQ-026,Nao-Me-Toque,34.8,12.0,20.9,Misto,13.0,838.0,Plantio,1.0,118.0,8.8,104.0,Manha,0
4459,2026-04-26 17:42:00,EQ-034,Cascavel,76.5,75.7,23.5,Argiloso,4.7,304.0,Pulverizacao,11.0,114.0,10.7,84.0,Manha,1
4460,2026-04-26 17:44:00,EQ-010,Barreiras,44.2,49.6,21.1,Encharcado,29.0,2000.0,Plantio,4.0,174.0,11.6,94.0,Manha,0
4461,2026-04-26 17:51:00,EQ-017,Barreiras,77.5,30.4,22.7,Arenoso,19.0,263.0,Pulverizacao,5.0,52.0,6.7,68.0,Tarde,1
4462,2026-04-26 18:00:00,EQ-015,Sorriso,54.4,21.2,25.6,Misto,25.8,376.0,Colheita,9.0,114.0,7.3,47.0,Tarde,0
4463,2026-04-26 18:29:00,EQ-024,Cascavel,57.5,12.6,29.5,Argiloso,15.2,358.0,Pulverizacao,8.0,188.0,11.5,98.0,Manha,1
4464,2026-04-26 18:30:00,EQ-037,Sorriso,67.2,35.6,26.4,Argiloso,8.1,238.0,Colheita,7.0,275.0,3.4,107.0,Manha,1
4465,2026-04-26 18:33:00,EQ-011,Sorriso,25.9,83.3,21.0,Misto,2.8,772.0,Colheita,3.0,31.0,7.6,102.0,Tarde,0
4466,2026-04-26 18:38:00,EQ-028,Sorriso,69.8,27.2,14.5,Arenoso,1.1,169.0,Plantio,3.0,131.0,3.9,67.0,Manha,1
4467,2026-04-26 19:54:00,EQ-030,Lucas do Rio Verde,38.5,82.2,20.8,Misto,2.8,557.0,Plantio,9.0,141.0,5.4,63.0,Tarde,0
4468,2026-04-26 20:37:00,EQ-008,Sorriso,49.4,59.7,28.6,Encharcado,24.3,1443.0,Plantio,11.0,350.0,4.8,79.0,Tarde,1
4469,2026-04-26 20:50:00,EQ-012,Nao-Me-Toque,62.2,22.1,31.4,Arenoso,8.6,233.0,Transporte,2.0,127.0,11.4,93.0,Tarde,1
4470,2026-04-26 21:58:00,EQ-019,Barreiras,37.9,69.7,31.3,Misto,1.7,1076.0,Transporte,21.0,195.0,7.7,87.0,Tarde,0
4471,2026-04-26 22:33:00,EQ-039,Barreiras,62.1,22.7,21.1,Misto,27.7,89.0,Plantio,22.0,600.0,5.8,82.0,Manha,1
4472,2026-04-26 23:22:00,EQ-016,Barreiras,7.9,17.0,29.4,Misto,6.9,1479.0,Plantio,20.0,36.0,10.9,85.0,Noite,0
4473,2026-04-26 23:29:00,EQ-004,Sorriso,63.7,38.7,29.5,Misto,14.0,215.0,Colheita,9.0,278.0,6.5,45.0,Noite,1
4474,2026-04-26 23:59:00,EQ-004,Nao-Me-Toque,54.1,40.8,22.0,Arenoso,22.5,965.0,Pulverizacao,1.0,151.0,3.6,60.0,Manha,0
4475,2026-04-27 00:16:00,EQ-018,Nao-Me-Toque,85.0,19.4,18.3,Arenoso,20.5,266.0,Colheita,4.0,99.0,2.9,76.0,Manha,1
4476,2026-04-27 00:28:00,EQ-001,Barreiras,63.9,26.8,34.2,Misto,8.6,956.0,Colheita,7.0,157.0,7.8,58.0,Tarde,0
4477,2026-04-27 00:42:00,EQ-010,Sorriso,45.2,13.2,25.6,Encharcado,2.2,248.0,Colheita,7.0,106.0,9.1,98.0,Manha,0
4478,2026-04-27 01:01:00,EQ-017,Rio Verde,29.3,98.6,20.4,Argiloso,6.8,873.0,Plantio,18.0,278.0,7.4,56.0,Tarde,1
4479,2026-04-27 01:26:00,EQ-028,Rio Verde,50.1,4.1,30.8,Argiloso,15.4,369.0,Plantio,5.0,39.0,7.1,75.0,Manha,0
4480,2026-04-27 02:01:00,EQ-034,Barreiras,55.6,124.0,27.2,Misto,22.2,163.0,Pulverizacao,12.0,87.0,3.5,63.0,Manha,0
4481,2026-04-27 02:20:00,EQ-007,Sorriso,45.6,70.5,36.2,Argiloso,6.7,398.0,Pulverizacao,3.0,90.0,7.3,93.0,Noite,0
4482,2026-04-27 02:29:00,EQ-031,Sorriso,50.3,42.3,23.1,Arenoso,16.9,204.0,Transporte,3.0,303.0,9.2,97.0,Manha,0
4483,2026-04-27 02:45:00,EQ-003,Sorriso,62.3,7.2,32.6,Arenoso,9.2,1863.0,Plantio,7.0,112.0,8.3,98.0,Tarde,0
4484,2026-04-27 03:03:00,EQ-037,Sorriso,23.4,15.5,18.6,Misto,7.5,380.0,Pulverizacao,1.0,34.0,7.1,82.0,Tarde,0
4485,2026-04-27 03:29:00,EQ-004,Cascavel,55.3,27.1,25.2,Argiloso,8.5,1176.0,Transporte,25.0,82.0,10.4,57.0,Tarde,0
4486,2026-04-27 04:10:00,EQ-039,Lucas do Rio Verde,51.0,14.3,31.8,Argiloso,4.5,114.0,Transporte,10.0,116.0,8.9,69.0,Manha,0
4487,2026-04-27 04:59:00,EQ-016,Barreiras,82.4,37.5,24.6,Arenoso,24.9,354.0,Plantio,12.0,150.0,9.9,43.0,Noite,0
4488,2026-04-27 05:01:00,EQ-013,Cascavel,37.9,2.6,17.2,Arenoso,14.1,491.0,Colheita,4.0,53.0,12.1,51.0,Manha,0
4489,2026-04-27 05:24:00,EQ-004,Barreiras,90.9,63.6,26.2,Argiloso,13.3,1013.0,Transporte,3.0,51.0,5.5,91.0,Manha,1
4490,2026-04-27 05:25:00,EQ-013,Lucas do Rio Verde,70.3,9.4,26.0,Argiloso,3.3,1577.0,Transporte,6.0,275.0,11.6,82.0,Manha,0
4491,2026-04-27 05:32:00,EQ-021,Nao-Me-Toque,46.4,13.6,25.0,Misto,16.6,541.0,Colheita,5.0,387.0,6.8,113.0,Manha,0
4492,2026-04-27 05:41:00,EQ-023,Rio Verde,45.7,19.4,26.2,Arenoso,20.4,1595.0,Plantio,11.0,282.0,8.2,56.0,Tarde,0
4493,2026-04-27 06:09:00,EQ-024,Sorriso,35.8,20.3,18.6,Arenoso,0.3,804.0,Plantio,10.0,62.0,6.3,81.0,Manha,0
4494,2026-04-27 06:46:00,EQ-007,Sorriso,43.5,31.6,33.4,Argiloso,1.8,524.0,Colheita,14.0,236.0,15.7,82.0,Noite,0
4495,2026-04-27 07:14:00,EQ-033,Sorriso,52.3,62.2,21.1,Arenoso,5.4,334.0,Pulverizacao,8.0,150.0,2.8,91.0,Manha,0
4496,2026-04-27 08:25:00,EQ-039,Sorriso,59.1,60.9,35.6,Arenoso,7.7,247.0,Pulverizacao,4.0,119.0,4.6,80.0,Tarde,0
4497,2026-04-27 08:30:00,EQ-026,Lucas do Rio Verde,72.5,42.1,26.5,Encharcado,3.0,456.0,Colheita,3.0,44.0,7.3,63.0,Tarde,1
4498,2026-04-27 08:35:00,EQ-021,Barreiras,45.7,28.7,29.9,Misto,4.4,1074.0,Transporte,7.0,85.0,4.4,111.0,Manha,0
4499,2026-04-27 08:58:00,EQ-002,Barreiras,43.8,39.7,22.5,Misto,0.5,845.0,Transporte,3.0,307.0,12.2,70.0,Noite,0
4500,2026-04-27 09:20:00,EQ-025,Rio Verde,41.6,17.0,22.6,Encharcado,7.1,249.0,Pulverizacao,19.0,17.0,6.7,59.0,Tarde,0
4501,2026-04-27 09:36:00,EQ-016,Lucas do Rio Verde,50.7,26.0,32.5,Arenoso,7.2,1002.0,Pulverizacao,3.0,235.0,9.5,111.0,Noite,0
4502,2026-04-27 09:53:00,EQ-026,Nao-Me-Toque,50.3,17.9,29.5,Arenoso,9.9,186.0,Colheita,1.0,59.0,8.8,59.0,Manha,0
4503,2026-04-27 10:06:00,EQ-021,Nao-Me-Toque,33.5,15.7,20.8,Encharcado,10.7,533.0,Plantio,1.0,286.0,9.6,93.0,Manha,1
4504,2026-04-27 10:42:00,EQ-007,Lucas do Rio Verde,25.9,17.2,24.7,Arenoso,6.6,813.0,Colheita,2.0,227.0,6.1,90.0,Noite,0
4505,2026-04-27 10:55:00,EQ-028,Barreiras,45.1,20.6,28.4,Misto,13.1,286.0,Pulverizacao,13.0,145.0,9.4,107.0,Manha,0
4506,2026-04-27 11:03:00,EQ-011,Sorriso,54.0,111.9,26.8,Argiloso,13.8,1534.0,Colheita,2.0,600.0,5.4,68.0,Tarde,1
4507,2026-04-27 11:44:00,EQ-022,Rio Verde,53.4,48.3,27.6,Misto,1.4,1369.0,Transporte,19.0,309.0,8.6,64.0,Manha,0
4508,2026-04-27 11:53:00,EQ-015,Cascavel,51.2,53.4,39.4,Argiloso,2.5,778.0,Plantio,15.0,208.0,10.2,89.0,Tarde,0
4509,2026-04-27 12:23:00,EQ-007,Nao-Me-Toque,43.4,27.7,32.4,Misto,4.2,398.0,Colheita,16.0,86.0,14.5,89.0,Manha,0
4510,2026-04-27 12:42:00,EQ-027,Sorriso,53.5,20.5,21.0,Argiloso,20.9,356.0,Plantio,2.0,127.0,9.8,113.0,Tarde,0
4511,2026-04-27 13:38:00,EQ-040,Barreiras,70.5,54.6,27.7,Misto,11.6,1389.0,Transporte,4.0,174.0,4.8,74.0,Tarde,0
4512,2026-04-27 14:00:00,EQ-021,Rio Verde,57.8,6.3,16.9,Misto,16.4,320.0,Colheita,4.0,271.0,9.0,55.0,Manha,0
4513,2026-04-27 14:07:00,EQ-025,Barreiras,18.8,1.8,26.6,Arenoso,9.8,631.0,Pulverizacao,11.0,219.0,5.1,57.0,Manha,0
4514,2026-04-27 14:12:00,EQ-038,Sorriso,11.8,19.0,17.6,Argiloso,11.1,2000.0,Pulverizacao,2.0,169.0,7.8,65.0,Noite,0
4515,2026-04-27 15:05:00,EQ-033,Rio Verde,58.5,10.9,26.5,Argiloso,7.3,725.0,Colheita,13.0,112.0,9.3,56.0,Manha,0
4516,2026-04-27 15:11:00,EQ-037,Lucas do Rio Verde,62.6,82.3,23.8,Argiloso,8.6,207.0,Plantio,4.0,91.0,10.9,72.0,Tarde,1
4517,2026-04-27 15:21:00,EQ-010,Nao-Me-Toque,81.1,34.7,25.3,Argiloso,22.0,201.0,Colheita,3.0,107.0,9.9,78.0,Tarde,1
4518,2026-04-27 15:22:00,EQ-011,Barreiras,64.1,23.4,28.5,Arenoso,4.0,512.0,Colheita,15.0,293.0,9.7,64.0,Noite,1
4519,2026-04-27 15:23:00,EQ-026,Nao-Me-Toque,79.2,37.9,33.4,Argiloso,12.0,313.0,Plantio,5.0,181.0,8.5,86.0,Tarde,1
4520,2026-04-27 15:34:00,EQ-016,Barreiras,35.5,7.4,33.0,Argiloso,21.1,607.0,Plantio,11.0,494.0,8.7,92.0,Noite,0
4521,2026-04-27 15:45:00,EQ-031,Barreiras,44.7,63.1,22.4,Misto,0.4,944.0,Colheita,11.0,146.0,11.7,77.0,Noite,1
4522,2026-04-27 16:13:00,EQ-014,Lucas do Rio Verde,48.8,32.5,23.5,Arenoso,8.6,531.0,Transporte,2.0,64.0,5.8,120.0,Manha,0
4523,2026-04-27 16:40:00,EQ-018,Sorriso,67.3,5.8,28.8,Argiloso,17.1,248.0,Plantio,8.0,114.0,3.8,85.0,Tarde,1
4524,2026-04-27 16:55:00,EQ-040,Sorriso,56.4,41.8,14.4,Encharcado,3.7,94.0,Colheita,8.0,249.0,9.8,49.0,Tarde,0
4525,2026-04-27 17:43:00,EQ-031,Sorriso,39.3,12.4,18.8,Encharcado,6.1,524.0,Transporte,9.0,206.0,6.7,82.0,Tarde,0
4526,2026-04-27 18:10:00,EQ-035,Nao-Me-Toque,59.2,17.0,25.4,Argiloso,20.1,800.0,Colheita,6.0,394.0,6.6,43.0,Tarde,0
4527,2026-04-27 18:53:00,EQ-034,Sorriso,90.1,25.1,30.1,Argiloso,22.8,782.0,Plantio,13.0,117.0,8.2,71.0,Manha,0
4528,2026-04-27 19:31:00,EQ-010,Rio Verde,53.9,19.0,31.4,Misto,22.3,215.0,Transporte,8.0,47.0,8.7,90.0,Noite,0
4529,2026-04-27 22:05:00,EQ-029,Nao-Me-Toque,55.6,79.6,28.9,Encharcado,21.4,310.0,Pulverizacao,21.0,113.0,9.7,78.0,Noite,0
4530,2026-04-27 22:51:00,EQ-025,Lucas do Rio Verde,100.0,40.7,25.0,Misto,11.8,169.0,Plantio,6.0,222.0,7.9,44.0,Manha,1
4531,2026-04-27 23:11:00,EQ-020,Lucas do Rio Verde,59.7,14.1,22.7,Arenoso,14.9,931.0,Colheita,12.0,104.0,7.0,76.0,Manha,0
4532,2026-04-27 23:20:00,EQ-003,Sorriso,38.0,35.9,35.0,Misto,15.8,132.0,Transporte,5.0,148.0,12.0,101.0,Tarde,0
4533,2026-04-27 23:37:00,EQ-004,Cascavel,13.3,27.1,30.0,Arenoso,12.9,1031.0,Plantio,5.0,103.0,9.3,120.0,Tarde,0
4534,2026-04-28 00:02:00,EQ-022,Lucas do Rio Verde,59.9,124.9,5.8,Encharcado,13.9,737.0,Transporte,2.0,56.0,11.4,75.0,Manha,1
4535,2026-04-28 00:12:00,EQ-009,Barreiras,42.3,46.7,33.0,Argiloso,10.6,238.0,Colheita,10.0,9.0,8.6,68.0,Tarde,0
4536,2026-04-28 00:36:00,EQ-002,Barreiras,55.2,26.2,25.4,Argiloso,30.1,1716.0,Transporte,4.0,123.0,2.5,48.0,Tarde,0
4537,2026-04-28 00:43:00,EQ-003,Cascavel,54.2,43.3,24.4,Misto,14.6,165.0,Colheita,9.0,272.0,6.9,110.0,Tarde,0
4538,2026-04-28 02:55:00,EQ-039,Lucas do Rio Verde,12.4,157.8,29.8,Arenoso,24.4,814.0,Colheita,9.0,465.0,6.9,120.0,Tarde,0
4539,2026-04-28 02:57:00,EQ-027,Barreiras,17.0,99.5,19.8,Misto,5.1,441.0,Colheita,2.0,190.0,8.6,90.0,Manha,0
4540,2026-04-28 03:16:00,EQ-022,Nao-Me-Toque,78.4,13.9,26.1,Argiloso,2.5,798.0,Plantio,6.0,141.0,5.7,82.0,Manha,0
4541,2026-04-28 03:19:00,EQ-016,Sorriso,59.0,63.1,24.2,Arenoso,21.0,648.0,Transporte,9.0,143.0,7.9,71.0,Tarde,1
4542,2026-04-28 03:53:00,EQ-003,Lucas do Rio Verde,78.6,68.4,16.0,Misto,23.0,846.0,Plantio,4.0,600.0,6.1,110.0,Manha,0
4543,2026-04-28 05:17:00,EQ-022,Nao-Me-Toque,91.8,15.0,31.9,Encharcado,9.1,373.0,Transporte,1.0,357.0,3.1,76.0,Manha,1
4544,2026-04-28 05:36:00,EQ-035,Sorriso,62.3,24.8,21.7,Misto,16.9,196.0,Pulverizacao,3.0,317.0,10.1,71.0,Tarde,0
4545,2026-04-28 05:43:00,EQ-005,Lucas do Rio Verde,53.7,0.8,25.5,Argiloso,6.5,811.0,Transporte,2.0,102.0,6.5,108.0,Noite,0
4546,2026-04-28 06:15:00,EQ-020,Rio Verde,74.3,38.6,28.5,Misto,2.0,705.0,Plantio,4.0,12.0,5.6,95.0,Tarde,0
4547,2026-04-28 07:11:00,EQ-028,Lucas do Rio Verde,36.8,22.9,29.1,Misto,12.5,170.0,Plantio,7.0,29.0,3.0,64.0,Tarde,0
4548,2026-04-28 07:20:00,EQ-020,Lucas do Rio Verde,57.8,26.5,15.1,Encharcado,16.5,652.0,Plantio,12.0,122.0,9.4,67.0,Manha,0
4549,2026-04-28 08:19:00,EQ-021,Rio Verde,23.5,11.0,31.7,Argiloso,15.7,603.0,Colheita,5.0,221.0,8.2,101.0,Manha,0
4550,2026-04-28 08:53:00,EQ-021,Cascavel,73.8,19.4,23.3,Encharcado,7.1,374.0,Colheita,5.0,84.0,5.6,116.0,Manha,1
4551,2026-04-28 09:01:00,EQ-008,Rio Verde,43.6,13.4,20.1,Misto,4.1,960.0,Pulverizacao,5.0,70.0,7.4,90.0,Tarde,0
4552,2026-04-28 09:03:00,EQ-008,Rio Verde,82.2,40.0,36.5,Arenoso,5.1,359.0,Plantio,6.0,81.0,5.1,66.0,Manha,1
4553,2026-04-28 09:11:00,EQ-016,Cascavel,69.3,31.7,25.7,Argiloso,4.8,535.0,Colheita,5.0,294.0,10.8,84.0,Manha,1
4554,2026-04-28 09:18:00,EQ-017,Rio Verde,41.3,6.3,32.7,Argiloso,10.0,900.0,Colheita,14.0,72.0,7.3,61.0,Tarde,0
4555,2026-04-28 09:29:00,EQ-018,Sorriso,32.3,74.2,16.1,Argiloso,13.6,892.0,Pulverizacao,8.0,215.0,11.4,114.0,Manha,0
4556,2026-04-28 09:33:00,EQ-006,Nao-Me-Toque,70.9,26.8,25.0,Argiloso,7.7,1177.0,Plantio,3.0,157.0,8.5,98.0,Noite,0
4557,2026-04-28 09:50:00,EQ-024,Lucas do Rio Verde,53.3,24.0,16.3,Arenoso,9.1,157.0,Pulverizacao,5.0,43.0,4.6,68.0,Tarde,0
4558,2026-04-28 09:57:00,EQ-015,Sorriso,68.2,12.0,32.4,Misto,8.5,998.0,Colheita,3.0,144.0,8.2,40.0,Tarde,0
4559,2026-04-28 10:01:00,EQ-018,Barreiras,81.4,57.6,41.6,Misto,26.3,2000.0,Colheita,4.0,88.0,8.4,113.0,Noite,0
4560,2026-04-28 11:43:00,EQ-023,Cascavel,45.1,33.3,21.8,Argiloso,11.3,315.0,Colheita,2.0,179.0,10.8,88.0,Tarde,1
4561,2026-04-28 11:53:00,EQ-019,Cascavel,29.4,33.5,31.3,Argiloso,3.7,873.0,Plantio,6.0,40.0,6.6,92.0,Tarde,0
4562,2026-04-28 12:30:00,EQ-001,Lucas do Rio Verde,70.5,3.8,27.7,Arenoso,5.4,746.0,Colheita,7.0,57.0,13.0,74.0,Tarde,0
4563,2026-04-28 12:53:00,EQ-035,Cascavel,56.3,28.6,29.4,Arenoso,8.2,74.0,Plantio,4.0,50.0,3.1,115.0,Manha,0
4564,2026-04-28 13:10:00,EQ-031,Barreiras,62.5,8.7,28.8,Misto,19.1,620.0,Plantio,18.0,183.0,10.4,80.0,Manha,1
4565,2026-04-28 13:22:00,EQ-033,Lucas do Rio Verde,94.9,7.7,23.6,Arenoso,22.3,1540.0,Plantio,20.0,600.0,12.1,90.0,Tarde,1
4566,2026-04-28 14:00:00,EQ-004,Lucas do Rio Verde,48.4,3.6,28.9,Arenoso,7.5,1409.0,Pulverizacao,5.0,94.0,9.3,84.0,Tarde,0
4567,2026-04-28 14:20:00,EQ-025,Rio Verde,55.4,13.2,34.5,Misto,7.4,326.0,Pulverizacao,10.0,147.0,3.0,110.0,Manha,0
4568,2026-04-28 14:28:00,EQ-036,Sorriso,66.3,23.2,17.5,Encharcado,11.1,1144.0,Plantio,13.0,170.0,9.2,62.0,Tarde,0
4569,2026-04-28 14:46:00,EQ-019,Barreiras,59.6,44.7,19.6,Misto,14.3,202.0,Transporte,2.0,188.0,11.4,94.0,Manha,1
4570,2026-04-28 14:48:00,EQ-012,Sorriso,23.7,33.5,29.1,Argiloso,9.3,490.0,Plantio,12.0,78.0,6.9,48.0,Manha,0
4571,2026-04-28 14:52:00,EQ-016,Sorriso,63.0,99.1,19.8,Misto,11.4,155.0,Transporte,3.0,94.0,13.5,90.0,Manha,1
4572,2026-04-28 14:53:00,EQ-037,Rio Verde,62.9,63.6,26.3,Arenoso,11.9,1132.0,Pulverizacao,13.0,36.0,9.9,43.0,Noite,0
4573,2026-04-28 14:59:00,EQ-020,Sorriso,54.0,27.8,24.9,Argiloso,11.2,560.0,Plantio,8.0,144.0,8.3,98.0,Tarde,0
4574,2026-04-28 15:07:00,EQ-002,Cascavel,100.0,26.5,33.2,Encharcado,14.2,311.0,Plantio,0.0,257.0,7.8,76.0,Manha,1
4575,2026-04-28 15:10:00,EQ-038,Cascavel,41.1,28.1,21.9,Misto,0.9,229.0,Colheita,2.0,195.0,12.0,88.0,Noite,0
4576,2026-04-28 15:15:00,EQ-028,Sorriso,49.3,11.5,26.8,Arenoso,22.3,507.0,Colheita,4.0,57.0,9.3,101.0,Tarde,0
4577,2026-04-28 15:15:00,EQ-020,Barreiras,41.4,51.9,21.5,Encharcado,23.9,1694.0,Pulverizacao,6.0,91.0,8.6,56.0,Tarde,0
4578,2026-04-28 15:32:00,EQ-025,Barreiras,36.8,37.7,19.6,Encharcado,11.2,1041.0,Colheita,3.0,232.0,8.1,71.0,Noite,0
4579,2026-04-28 15:38:00,EQ-012,Sorriso,69.0,20.4,24.4,Misto,12.3,1568.0,Plantio,8.0,72.0,11.3,105.0,Manha,0
4580,2026-04-28 16:01:00,EQ-003,Sorriso,55.0,54.4,22.8,Misto,9.3,33.0,Pulverizacao,6.0,96.0,3.6,97.0,Tarde,0
4581,2026-04-28 16:09:00,EQ-015,Cascavel,50.3,26.8,30.0,Misto,6.3,813.0,Plantio,5.0,292.0,9.4,93.0,Manha,0
4582,2026-04-28 16:12:00,EQ-001,Nao-Me-Toque,45.7,17.6,36.7,Arenoso,8.6,334.0,Colheita,9.0,272.0,10.0,75.0,Tarde,0
4583,2026-04-28 16:14:00,EQ-035,Cascavel,16.0,50.4,30.2,Misto,7.1,1053.0,Plantio,10.0,226.0,8.3,66.0,Tarde,0
4584,2026-04-28 16:20:00,EQ-011,Barreiras,42.0,51.0,28.8,Argiloso,18.1,455.0,Plantio,5.0,49.0,11.5,70.0,Tarde,0
4585,2026-04-28 17:07:00,EQ-030,Nao-Me-Toque,64.6,16.1,19.9,Misto,6.8,747.0,Plantio,10.0,25.0,5.4,89.0,Tarde,0
4586,2026-04-28 17:51:00,EQ-013,Nao-Me-Toque,20.0,20.8,18.2,Argiloso,6.7,394.0,Pulverizacao,1.0,45.0,9.1,52.0,Manha,0
4587,2026-04-28 18:08:00,EQ-040,Barreiras,58.4,2.7,22.0,Misto,6.0,574.0,Transporte,16.0,65.0,11.6,78.0,Noite,0
4588,2026-04-28 18:56:00,EQ-023,Rio Verde,65.6,29.1,22.0,Misto,8.4,457.0,Plantio,8.0,89.0,9.8,62.0,Manha,0
4589,2026-04-28 19:20:00,EQ-035,Sorriso,72.4,34.8,32.2,Argiloso,15.0,391.0,Colheita,4.0,206.0,8.6,53.0,Manha,1
4590,2026-04-28 19:29:00,EQ-038,Lucas do Rio Verde,83.6,58.0,36.6,Misto,3.4,478.0,Plantio,11.0,333.0,9.9,85.0,Manha,1
4591,2026-04-28 20:05:00,EQ-018,Cascavel,12.8,65.2,29.0,Misto,7.3,1359.0,Plantio,4.0,505.0,10.3,82.0,Manha,0
4592,2026-04-28 20:05:00,EQ-035,Barreiras,84.2,6.1,39.3,Misto,15.0,309.0,Transporte,6.0,132.0,7.0,68.0,Tarde,0
4593,2026-04-28 20:45:00,EQ-027,Sorriso,37.2,7.8,40.3,Arenoso,8.1,499.0,Colheita,6.0,32.0,10.0,81.0,Manha,0
4594,2026-04-28 21:37:00,EQ-018,Cascavel,40.4,34.0,21.2,Misto,14.3,661.0,Pulverizacao,8.0,79.0,6.0,89.0,Manha,0
4595,2026-04-28 21:44:00,EQ-016,Cascavel,14.9,23.5,28.0,Encharcado,15.4,650.0,Colheita,21.0,47.0,5.7,54.0,Noite,1
4596,2026-04-28 22:14:00,EQ-023,Barreiras,77.0,62.4,34.1,Arenoso,17.3,283.0,Colheita,8.0,131.0,7.6,99.0,Tarde,0
4597,2026-04-28 22:39:00,EQ-026,Barreiras,41.6,35.8,29.1,Arenoso,16.9,140.0,Colheita,11.0,492.0,10.7,70.0,Tarde,1
4598,2026-04-28 23:08:00,EQ-018,Lucas do Rio Verde,70.3,59.2,19.3,Argiloso,7.1,811.0,Transporte,3.0,262.0,7.1,97.0,Tarde,0
4599,2026-04-28 23:28:00,EQ-018,Sorriso,77.5,18.3,24.8,Misto,17.2,381.0,Colheita,4.0,27.0,12.9,85.0,Manha,0
4600,2026-04-28 23:48:00,EQ-036,Sorriso,59.6,20.2,35.0,Encharcado,8.5,902.0,Plantio,1.0,132.0,10.4,81.0,Tarde,0
4601,2026-04-29 00:16:00,EQ-014,Sorriso,48.4,14.3,30.8,Argiloso,39.3,770.0,Transporte,5.0,327.0,9.5,57.0,Noite,1
4602,2026-04-29 00:31:00,EQ-005,Nao-Me-Toque,67.0,39.4,27.8,Argiloso,5.7,1322.0,Colheita,5.0,151.0,8.6,63.0,Tarde,0
4603,2026-04-29 00:49:00,EQ-039,Rio Verde,49.7,33.2,19.9,Argiloso,16.6,1178.0,Transporte,7.0,270.0,11.8,60.0,Noite,0
4604,2026-04-29 01:30:00,EQ-026,Nao-Me-Toque,100.0,24.4,25.6,Arenoso,14.6,344.0,Plantio,3.0,196.0,8.5,83.0,Tarde,1
4605,2026-04-29 01:41:00,EQ-036,Cascavel,61.0,62.1,17.0,Encharcado,7.4,1153.0,Pulverizacao,2.0,18.0,1.1,103.0,Noite,0
4606,2026-04-29 01:53:00,EQ-001,Sorriso,62.8,47.2,30.4,Arenoso,16.9,432.0,Plantio,15.0,151.0,8.3,85.0,Tarde,1
4607,2026-04-29 01:56:00,EQ-024,Sorriso,46.0,32.8,26.6,Arenoso,5.9,536.0,Colheita,3.0,213.0,2.4,103.0,Tarde,0
4608,2026-04-29 02:00:00,EQ-002,Cascavel,40.1,40.3,30.9,Misto,1.8,1099.0,Transporte,4.0,135.0,9.7,62.0,Tarde,0
4609,2026-04-29 02:14:00,EQ-014,Sorriso,49.0,16.7,29.2,Argiloso,19.9,703.0,Pulverizacao,2.0,105.0,11.8,74.0,Manha,0
4610,2026-04-29 02:31:00,EQ-033,Rio Verde,53.9,30.2,21.5,Arenoso,8.9,125.0,Colheita,11.0,111.0,6.5,73.0,Tarde,0
4611,2026-04-29 02:34:00,EQ-019,Cascavel,33.8,48.1,27.4,Misto,9.7,1249.0,Colheita,4.0,117.0,7.2,59.0,Manha,0
4612,2026-04-29 03:08:00,EQ-011,Lucas do Rio Verde,57.8,85.5,30.7,Arenoso,8.6,1180.0,Plantio,8.0,278.0,12.8,81.0,Tarde,0
4613,2026-04-29 04:27:00,EQ-010,Nao-Me-Toque,27.9,36.0,37.4,Arenoso,4.9,1057.0,Colheita,10.0,600.0,7.6,105.0,Tarde,0
4614,2026-04-29 04:44:00,EQ-018,Sorriso,50.6,18.8,19.7,Misto,11.7,106.0,Pulverizacao,15.0,64.0,6.4,103.0,Manha,0
4615,2026-04-29 05:56:00,EQ-035,Nao-Me-Toque,68.5,84.3,27.9,Misto,11.8,1022.0,Plantio,11.0,21.0,3.1,60.0,Tarde,0
4616,2026-04-29 05:57:00,EQ-018,Rio Verde,71.4,20.0,35.3,Misto,11.7,334.0,Transporte,1.0,125.0,9.8,65.0,Manha,1
4617,2026-04-29 06:38:00,EQ-014,Lucas do Rio Verde,46.1,18.9,21.1,Arenoso,2.7,103.0,Transporte,12.0,348.0,5.5,80.0,Tarde,0
4618,2026-04-29 06:40:00,EQ-015,Rio Verde,85.9,38.4,22.8,Arenoso,15.2,858.0,Pulverizacao,7.0,169.0,4.8,71.0,Manha,0
4619,2026-04-29 07:00:00,EQ-019,Sorriso,76.8,93.0,28.0,Arenoso,4.0,324.0,Plantio,5.0,600.0,8.0,120.0,Manha,1
4620,2026-04-29 07:07:00,EQ-002,Nao-Me-Toque,37.7,12.0,26.1,Argiloso,3.6,654.0,Plantio,2.0,220.0,7.5,58.0,Tarde,0
4621,2026-04-29 07:11:00,EQ-020,Cascavel,60.3,8.2,30.7,Arenoso,13.0,334.0,Colheita,13.0,83.0,9.2,60.0,Tarde,0
4622,2026-04-29 08:13:00,EQ-009,Nao-Me-Toque,59.6,9.5,24.6,Argiloso,4.7,2000.0,Colheita,11.0,43.0,6.7,86.0,Noite,0
4623,2026-04-29 08:31:00,EQ-012,Cascavel,74.3,32.5,29.6,Argiloso,5.8,1115.0,Plantio,3.0,274.0,8.6,98.0,Manha,0
4624,2026-04-29 08:56:00,EQ-010,Sorriso,64.0,68.4,25.4,Arenoso,2.9,136.0,Colheita,4.0,174.0,7.0,75.0,Noite,1
4625,2026-04-29 09:11:00,EQ-028,Cascavel,50.1,40.7,33.5,Arenoso,10.8,1517.0,Pulverizacao,6.0,49.0,8.0,113.0,Manha,0
4626,2026-04-29 10:17:00,EQ-040,Sorriso,66.8,41.4,28.4,Arenoso,10.5,79.0,Colheita,13.0,570.0,7.7,82.0,Noite,1
4627,2026-04-29 10:50:00,EQ-023,Barreiras,78.9,44.3,26.3,Misto,1.3,1198.0,Plantio,10.0,391.0,3.4,88.0,Manha,0
4628,2026-04-29 11:02:00,EQ-032,Rio Verde,82.7,155.0,31.1,Arenoso,6.9,1524.0,Plantio,13.0,51.0,7.0,42.0,Noite,0
4629,2026-04-29 11:04:00,EQ-029,Rio Verde,39.7,29.8,18.2,Argiloso,10.5,314.0,Colheita,3.0,322.0,7.4,83.0,Manha,0
4630,2026-04-29 11:53:00,EQ-012,Cascavel,28.6,4.7,36.2,Misto,4.1,530.0,Colheita,4.0,51.0,9.8,94.0,Tarde,0
4631,2026-04-29 12:03:00,EQ-015,Nao-Me-Toque,32.7,81.9,13.4,Misto,6.7,911.0,Plantio,11.0,55.0,10.0,43.0,Manha,0
4632,2026-04-29 12:14:00,EQ-026,Barreiras,45.6,23.7,34.4,Arenoso,6.1,483.0,Plantio,1.0,126.0,9.3,88.0,Manha,0
4633,2026-04-29 12:17:00,EQ-025,Rio Verde,36.3,60.7,24.0,Arenoso,37.5,85.0,Plantio,10.0,23.0,9.5,72.0,Manha,0
4634,2026-04-29 12:53:00,EQ-037,Lucas do Rio Verde,59.8,21.3,19.4,Misto,7.8,1433.0,Transporte,10.0,38.0,5.4,78.0,Tarde,0
4635,2026-04-29 13:02:00,EQ-026,Nao-Me-Toque,34.7,39.7,26.9,Misto,18.5,920.0,Transporte,4.0,81.0,12.3,113.0,Tarde,0
4636,2026-04-29 13:16:00,EQ-005,Sorriso,31.0,13.6,20.4,Encharcado,9.0,478.0,Transporte,12.0,262.0,8.6,52.0,Manha,1
4637,2026-04-29 13:39:00,EQ-004,Lucas do Rio Verde,57.7,76.4,29.0,Misto,7.8,1282.0,Transporte,4.0,96.0,4.7,55.0,Tarde,0
4638,2026-04-29 13:45:00,EQ-011,Barreiras,21.6,21.9,29.3,Argiloso,16.3,946.0,Pulverizacao,2.0,76.0,12.0,60.0,Tarde,0
4639,2026-04-29 14:12:00,EQ-002,Nao-Me-Toque,59.7,49.7,34.2,Encharcado,3.6,337.0,Pulverizacao,7.0,78.0,6.1,86.0,Tarde,1
4640,2026-04-29 14:40:00,EQ-016,Lucas do Rio Verde,55.1,31.9,23.2,Misto,5.4,271.0,Plantio,6.0,284.0,3.7,55.0,Manha,0
4641,2026-04-29 14:57:00,EQ-039,Barreiras,96.2,10.0,23.5,Misto,6.6,436.0,Transporte,2.0,46.0,10.3,63.0,Tarde,1
4642,2026-04-29 15:01:00,EQ-038,Sorriso,48.7,28.6,26.9,Argiloso,7.0,1159.0,Pulverizacao,0.0,284.0,8.6,80.0,Tarde,0
4643,2026-04-29 15:32:00,EQ-002,Nao-Me-Toque,58.0,15.2,29.7,Argiloso,6.2,109.0,Pulverizacao,6.0,92.0,7.7,50.0,Manha,0
4644,2026-04-29 16:57:00,EQ-015,Rio Verde,84.3,28.4,26.6,Arenoso,3.3,793.0,Transporte,3.0,128.0,6.0,57.0,Manha,0
4645,2026-04-29 16:59:00,EQ-020,Sorriso,38.4,39.7,27.1,Arenoso,0.6,317.0,Plantio,11.0,111.0,7.0,97.0,Tarde,0
4646,2026-04-29 17:02:00,EQ-010,Lucas do Rio Verde,47.8,25.3,23.9,Arenoso,7.2,868.0,Plantio,6.0,172.0,5.9,61.0,Tarde,0
4647,2026-04-29 17:19:00,EQ-006,Cascavel,71.2,36.1,33.4,Encharcado,12.8,902.0,Pulverizacao,5.0,41.0,4.3,92.0,Manha,0
4648,2026-04-29 18:16:00,EQ-028,Cascavel,53.8,18.5,26.7,Encharcado,17.7,1503.0,Colheita,3.0,491.0,8.5,78.0,Noite,1
4649,2026-04-29 18:29:00,EQ-019,Cascavel,46.0,58.7,30.4,Encharcado,1.4,699.0,Plantio,4.0,179.0,4.5,72.0,Tarde,0
4650,2026-04-29 18:43:00,EQ-023,Lucas do Rio Verde,88.8,62.9,29.1,Misto,8.4,1021.0,Pulverizacao,18.0,94.0,10.2,96.0,Tarde,0
4651,2026-04-29 18:46:00,EQ-033,Rio Verde,40.9,9.4,28.2,Argiloso,14.3,609.0,Colheita,4.0,114.0,9.6,106.0,Manha,0
4652,2026-04-29 19:58:00,EQ-014,Rio Verde,48.5,133.3,23.3,Arenoso,8.6,617.0,Colheita,10.0,44.0,0.0,89.0,Noite,0
4653,2026-04-29 20:23:00,EQ-029,Lucas do Rio Verde,77.7,6.4,27.4,Arenoso,22.0,360.0,Colheita,12.0,506.0,6.2,80.0,Manha,1
4654,2026-04-29 21:08:00,EQ-011,Nao-Me-Toque,48.0,57.3,30.7,Arenoso,19.4,444.0,Pulverizacao,4.0,510.0,9.4,51.0,Manha,0
4655,2026-04-29 21:23:00,EQ-033,Nao-Me-Toque,76.4,20.9,25.3,Arenoso,5.6,579.0,Pulverizacao,6.0,28.0,8.8,98.0,Manha,1
4656,2026-04-29 21:24:00,EQ-028,Sorriso,61.6,82.6,28.8,Misto,12.6,173.0,Plantio,5.0,170.0,11.9,72.0,Manha,1
4657,2026-04-29 21:27:00,EQ-022,Sorriso,78.1,41.8,32.4,Arenoso,9.5,395.0,Pulverizacao,2.0,565.0,11.5,41.0,Manha,1
4658,2026-04-29 21:32:00,EQ-024,Lucas do Rio Verde,47.1,9.2,18.3,Argiloso,2.3,620.0,Transporte,6.0,94.0,9.9,88.0,Noite,0
4659,2026-04-29 21:40:00,EQ-040,Barreiras,79.5,51.7,32.7,Arenoso,10.4,1201.0,Colheita,14.0,133.0,0.0,110.0,Tarde,0
4660,2026-04-29 21:44:00,EQ-010,Barreiras,53.3,36.7,37.0,Arenoso,6.2,392.0,Transporte,7.0,506.0,8.4,55.0,Tarde,0
4661,2026-04-29 22:11:00,EQ-004,Sorriso,77.1,18.8,31.0,Argiloso,8.1,1003.0,Colheita,5.0,105.0,7.6,76.0,Manha,1
4662,2026-04-29 22:17:00,EQ-002,Lucas do Rio Verde,61.4,35.4,22.0,Encharcado,2.5,786.0,Pulverizacao,4.0,271.0,7.9,81.0,Manha,0
4663,2026-04-29 22:20:00,EQ-030,Sorriso,68.8,34.3,28.8,Arenoso,4.2,1134.0,Plantio,4.0,49.0,0.1,80.0,Manha,0
4664,2026-04-29 22:31:00,EQ-002,Nao-Me-Toque,46.1,10.7,20.5,Encharcado,7.4,559.0,Colheita,3.0,49.0,8.3,97.0,Manha,0
4665,2026-04-29 22:35:00,EQ-029,Nao-Me-Toque,25.7,63.5,30.0,Argiloso,2.5,1145.0,Colheita,17.0,130.0,5.2,77.0,Manha,0
4666,2026-04-29 22:54:00,EQ-004,Sorriso,41.8,18.6,34.8,Misto,11.5,661.0,Colheita,1.0,132.0,8.4,117.0,Manha,0
4667,2026-04-29 23:15:00,EQ-013,Cascavel,66.8,8.5,21.5,Argiloso,15.8,1662.0,Pulverizacao,7.0,278.0,14.2,75.0,Tarde,0
4668,2026-04-29 23:21:00,EQ-012,Rio Verde,51.5,50.7,29.6,Misto,4.5,575.0,Pulverizacao,7.0,115.0,12.0,50.0,Tarde,0
4669,2026-04-30 00:38:00,EQ-033,Cascavel,60.1,52.8,34.1,Arenoso,3.5,211.0,Transporte,6.0,139.0,11.9,60.0,Manha,0
4670,2026-04-30 00:49:00,EQ-005,Barreiras,47.2,77.6,29.4,Argiloso,18.9,521.0,Transporte,1.0,21.0,7.5,84.0,Manha,0
4671,2026-04-30 01:03:00,EQ-015,Cascavel,56.5,57.2,37.9,Encharcado,6.1,1496.0,Pulverizacao,7.0,230.0,8.2,90.0,Noite,1
4672,2026-04-30 01:32:00,EQ-023,Cascavel,61.6,44.0,21.8,Misto,18.9,256.0,Colheita,4.0,190.0,10.8,81.0,Noite,0
4673,2026-04-30 01:56:00,EQ-006,Sorriso,82.3,7.3,24.5,Misto,2.5,67.0,Plantio,5.0,402.0,7.4,109.0,Manha,1
4674,2026-04-30 03:02:00,EQ-029,Sorriso,46.4,52.5,27.3,Misto,9.5,533.0,Colheita,2.0,283.0,14.8,76.0,Noite,0
4675,2026-04-30 03:10:00,EQ-020,Nao-Me-Toque,100.0,51.2,11.0,Misto,7.4,244.0,Pulverizacao,13.0,155.0,7.8,89.0,Manha,1
4676,2026-04-30 03:23:00,EQ-012,Barreiras,73.2,31.7,22.5,Misto,13.8,321.0,Plantio,2.0,178.0,12.2,98.0,Tarde,0
4677,2026-04-30 03:33:00,EQ-025,Nao-Me-Toque,76.5,34.3,25.2,Argiloso,8.4,1540.0,Plantio,6.0,438.0,4.2,114.0,Manha,0
4678,2026-04-30 04:34:00,EQ-037,Lucas do Rio Verde,39.4,35.7,30.2,Argiloso,3.1,1419.0,Plantio,12.0,89.0,7.2,100.0,Manha,0
4679,2026-04-30 04:39:00,EQ-031,Sorriso,53.3,33.7,30.8,Argiloso,3.7,637.0,Colheita,1.0,116.0,9.6,40.0,Manha,0
4680,2026-04-30 04:43:00,EQ-023,Nao-Me-Toque,66.1,46.3,26.2,Argiloso,7.3,1061.0,Plantio,4.0,383.0,7.2,98.0,Noite,0
4681,2026-04-30 05:04:00,EQ-008,Barreiras,55.2,59.4,26.5,Misto,2.9,1603.0,Plantio,14.0,58.0,2.8,68.0,Tarde,0
4682,2026-04-30 05:16:00,EQ-024,Nao-Me-Toque,66.1,45.9,15.5,Arenoso,3.3,256.0,Colheita,7.0,292.0,10.8,71.0,Tarde,1
4683,2026-04-30 05:28:00,EQ-037,Barreiras,78.7,68.0,27.8,Argiloso,5.7,716.0,Colheita,11.0,109.0,9.5,89.0,Tarde,0
4684,2026-04-30 05:37:00,EQ-023,Nao-Me-Toque,81.7,52.1,32.2,Arenoso,8.9,259.0,Colheita,4.0,171.0,5.6,93.0,Manha,1
4685,2026-04-30 06:23:00,EQ-015,Nao-Me-Toque,32.8,29.8,13.9,Argiloso,28.3,1248.0,Plantio,8.0,44.0,9.8,54.0,Tarde,0
4686,2026-04-30 06:34:00,EQ-027,Rio Verde,45.1,21.0,38.0,Misto,25.5,684.0,Pulverizacao,16.0,144.0,8.5,93.0,Manha,0
4687,2026-04-30 07:13:00,EQ-025,Cascavel,50.7,23.0,35.7,Argiloso,8.4,581.0,Plantio,8.0,173.0,12.4,62.0,Manha,0
4688,2026-04-30 07:34:00,EQ-019,Sorriso,48.3,56.1,31.7,Arenoso,8.2,1230.0,Colheita,8.0,82.0,10.3,42.0,Tarde,0
4689,2026-04-30 07:40:00,EQ-015,Lucas do Rio Verde,77.7,55.7,20.1,Encharcado,4.1,399.0,Plantio,5.0,600.0,8.4,112.0,Manha,1
4690,2026-04-30 07:50:00,EQ-023,Rio Verde,34.5,26.1,29.9,Encharcado,4.4,1174.0,Pulverizacao,3.0,62.0,6.0,73.0,Manha,0
4691,2026-04-30 07:50:00,EQ-030,Cascavel,34.8,26.9,32.5,Argiloso,16.4,282.0,Transporte,18.0,176.0,6.1,83.0,Noite,0
4692,2026-04-30 08:02:00,EQ-031,Nao-Me-Toque,55.4,8.7,30.2,Argiloso,2.6,1021.0,Transporte,10.0,120.0,9.5,75.0,Manha,0
4693,2026-04-30 08:05:00,EQ-018,Sorriso,40.2,22.5,19.4,Encharcado,14.0,742.0,Colheita,22.0,210.0,8.2,68.0,Tarde,0
4694,2026-04-30 08:37:00,EQ-006,Lucas do Rio Verde,79.0,20.2,29.1,Argiloso,4.8,443.0,Pulverizacao,12.0,132.0,11.4,86.0,Noite,1
4695,2026-04-30 09:40:00,EQ-023,Sorriso,53.7,48.6,24.0,Arenoso,5.9,233.0,Plantio,9.0,217.0,8.6,46.0,Manha,1
4696,2026-04-30 10:13:00,EQ-029,Nao-Me-Toque,5.0,56.4,23.2,Arenoso,9.3,292.0,Pulverizacao,12.0,7.0,6.9,61.0,Tarde,0
4697,2026-04-30 10:16:00,EQ-008,Nao-Me-Toque,78.4,17.3,20.7,Encharcado,7.3,219.0,Colheita,6.0,357.0,7.6,70.0,Tarde,1
4698,2026-04-30 12:25:00,EQ-020,Barreiras,46.1,73.9,18.5,Arenoso,4.4,605.0,Plantio,3.0,13.0,10.3,105.0,Noite,0
4699,2026-04-30 13:33:00,EQ-013,Cascavel,27.1,27.9,29.2,Argiloso,14.7,227.0,Plantio,12.0,47.0,0.0,79.0,Noite,0
4700,2026-04-30 13:38:00,EQ-013,Nao-Me-Toque,35.6,48.3,29.3,Misto,24.2,469.0,Plantio,5.0,111.0,9.6,55.0,Tarde,0
4701,2026-04-30 13:44:00,EQ-004,Sorriso,40.3,26.8,32.2,Arenoso,22.6,1603.0,Plantio,18.0,283.0,7.8,58.0,Noite,0
4702,2026-04-30 13:52:00,EQ-028,Cascavel,44.8,2.7,25.7,Encharcado,20.6,758.0,Pulverizacao,9.0,316.0,10.9,66.0,Tarde,1
4703,2026-04-30 14:23:00,EQ-021,Lucas do Rio Verde,61.0,20.1,25.7,Encharcado,1.9,682.0,Colheita,3.0,210.0,3.2,108.0,Tarde,0
4704,2026-04-30 14:29:00,EQ-003,Barreiras,45.9,12.0,30.7,Misto,3.1,843.0,Colheita,5.0,118.0,4.4,115.0,Manha,0
4705,2026-04-30 14:38:00,EQ-024,Nao-Me-Toque,45.8,160.4,27.9,Misto,23.4,1132.0,Pulverizacao,10.0,190.0,12.4,49.0,Noite,0
4706,2026-04-30 14:40:00,EQ-004,Rio Verde,28.5,19.3,30.5,Arenoso,4.6,278.0,Colheita,4.0,600.0,9.7,58.0,Manha,1
4707,2026-04-30 14:55:00,EQ-007,Sorriso,64.2,31.5,28.5,Argiloso,17.4,389.0,Colheita,7.0,21.0,2.7,77.0,Tarde,1
4708,2026-04-30 14:58:00,EQ-008,Sorriso,68.4,18.3,30.3,Arenoso,9.3,50.0,Plantio,11.0,37.0,0.1,91.0,Manha,0
4709,2026-04-30 16:11:00,EQ-025,Nao-Me-Toque,41.9,20.9,39.6,Misto,13.6,537.0,Plantio,3.0,232.0,5.9,98.0,Manha,0
4710,2026-04-30 16:53:00,EQ-032,Sorriso,62.7,34.3,30.7,Arenoso,4.5,252.0,Pulverizacao,10.0,304.0,13.4,58.0,Manha,1
4711,2026-04-30 17:15:00,EQ-005,Rio Verde,89.2,18.9,29.7,Argiloso,12.4,315.0,Colheita,4.0,271.0,8.4,82.0,Tarde,1
4712,2026-04-30 17:25:00,EQ-016,Barreiras,29.5,6.6,45.0,Argiloso,3.8,477.0,Plantio,16.0,414.0,6.8,104.0,Noite,0
4713,2026-04-30 17:38:00,EQ-024,Barreiras,88.6,33.9,26.5,Arenoso,15.3,331.0,Colheita,1.0,327.0,12.7,86.0,Manha,1
4714,2026-04-30 18:00:00,EQ-038,Cascavel,32.9,65.5,35.2,Arenoso,5.5,186.0,Colheita,4.0,156.0,4.0,55.0,Tarde,1
4715,2026-04-30 18:00:00,EQ-022,Cascavel,89.6,81.5,23.6,Argiloso,13.9,500.0,Colheita,3.0,200.0,7.5,71.0,Noite,1
4716,2026-04-30 18:11:00,EQ-022,Rio Verde,63.7,9.8,26.7,Argiloso,6.3,1201.0,Transporte,3.0,135.0,7.5,101.0,Tarde,0
4717,2026-04-30 18:42:00,EQ-028,Sorriso,46.3,43.3,39.6,Misto,15.9,1279.0,Colheita,6.0,122.0,7.9,64.0,Manha,0
4718,2026-04-30 18:53:00,EQ-026,Nao-Me-Toque,55.8,28.1,40.1,Encharcado,15.4,1526.0,Colheita,11.0,206.0,8.0,94.0,Noite,0
4719,2026-04-30 19:36:00,EQ-004,Sorriso,45.3,31.9,26.8,Arenoso,8.7,1560.0,Pulverizacao,8.0,273.0,7.2,91.0,Tarde,0
4720,2026-04-30 19:53:00,EQ-012,Nao-Me-Toque,54.2,14.1,29.9,Argiloso,16.2,1181.0,Plantio,8.0,80.0,8.2,100.0,Manha,0
4721,2026-04-30 19:56:00,EQ-015,Cascavel,23.7,100.3,25.0,Encharcado,33.0,495.0,Colheita,7.0,20.0,3.9,51.0,Tarde,1
4722,2026-04-30 19:59:00,EQ-010,Barreiras,77.8,155.5,17.9,Argiloso,10.6,313.0,Colheita,11.0,118.0,4.1,52.0,Tarde,1
4723,2026-04-30 20:37:00,EQ-034,Barreiras,96.9,24.4,29.6,Argiloso,9.9,358.0,Pulverizacao,5.0,117.0,7.5,71.0,Manha,1
4724,2026-04-30 21:30:00,EQ-008,Lucas do Rio Verde,72.2,11.5,22.4,Misto,9.9,1612.0,Plantio,11.0,51.0,2.4,63.0,Tarde,0
4725,2026-04-30 22:45:00,EQ-004,Sorriso,72.9,22.4,31.5,Encharcado,21.3,81.0,Colheita,2.0,150.0,6.6,76.0,Manha,1
4726,2026-04-30 22:49:00,EQ-020,Cascavel,58.0,70.2,37.1,Argiloso,15.1,596.0,Plantio,3.0,129.0,5.5,120.0,Tarde,0
4727,2026-04-30 22:54:00,EQ-010,Rio Verde,32.6,17.6,28.6,Misto,13.8,241.0,Plantio,7.0,23.0,5.7,82.0,Tarde,0
4728,2026-04-30 23:25:00,EQ-004,Rio Verde,55.5,30.8,29.2,Misto,6.3,829.0,Transporte,11.0,247.0,6.5,85.0,Manha,0
4729,2026-04-30 23:58:00,EQ-018,Cascavel,64.5,67.0,28.9,Misto,8.3,1064.0,Pulverizacao,1.0,185.0,0.0,54.0,Noite,0
4730,2026-05-01 00:07:00,EQ-035,Rio Verde,58.4,63.9,30.0,Argiloso,20.7,191.0,Transporte,16.0,442.0,9.2,103.0,Manha,1
4731,2026-05-01 00:35:00,EQ-025,Cascavel,79.3,70.4,24.7,Arenoso,2.1,1069.0,Colheita,11.0,392.0,5.4,60.0,Manha,0
4732,2026-05-01 01:10:00,EQ-022,Lucas do Rio Verde,46.7,19.0,27.8,Arenoso,11.6,394.0,Transporte,13.0,89.0,8.1,54.0,Manha,0
4733,2026-05-01 01:27:00,EQ-038,Sorriso,78.9,136.5,28.3,Misto,2.8,110.0,Colheita,7.0,223.0,11.4,80.0,Manha,1
4734,2026-05-01 01:28:00,EQ-039,Sorriso,55.1,7.1,29.6,Arenoso,2.9,2000.0,Plantio,7.0,211.0,1.6,104.0,Tarde,0
4735,2026-05-01 02:02:00,EQ-002,Cascavel,45.9,71.0,23.7,Arenoso,6.4,586.0,Transporte,2.0,27.0,10.4,56.0,Tarde,0
4736,2026-05-01 02:03:00,EQ-017,Nao-Me-Toque,58.2,42.2,27.2,Argiloso,6.4,1659.0,Colheita,7.0,368.0,9.2,73.0,Noite,0
4737,2026-05-01 02:28:00,EQ-028,Sorriso,18.1,4.8,30.1,Arenoso,3.7,1306.0,Colheita,2.0,154.0,11.9,105.0,Tarde,0
4738,2026-05-01 02:36:00,EQ-034,Barreiras,39.6,10.8,16.6,Misto,10.1,190.0,Plantio,6.0,118.0,4.8,100.0,Manha,0
4739,2026-05-01 02:47:00,EQ-016,Rio Verde,67.6,31.9,42.6,Arenoso,12.6,369.0,Plantio,1.0,501.0,11.9,67.0,Manha,1
4740,2026-05-01 03:07:00,EQ-036,Lucas do Rio Verde,41.1,30.3,30.1,Misto,5.2,357.0,Pulverizacao,7.0,308.0,6.7,79.0,Manha,0
4741,2026-05-01 03:43:00,EQ-005,Lucas do Rio Verde,67.4,9.3,22.6,Arenoso,17.8,89.0,Plantio,3.0,217.0,8.7,63.0,Tarde,0
4742,2026-05-01 04:23:00,EQ-040,Nao-Me-Toque,38.5,36.6,38.1,Encharcado,4.4,258.0,Colheita,7.0,260.0,8.8,83.0,Noite,0
4743,2026-05-01 04:35:00,EQ-004,Nao-Me-Toque,74.5,12.5,26.3,Misto,25.6,462.0,Plantio,14.0,69.0,7.8,120.0,Tarde,1
4744,2026-05-01 04:39:00,EQ-027,Rio Verde,63.4,16.5,33.6,Arenoso,8.7,600.0,Colheita,10.0,231.0,5.9,115.0,Manha,0
4745,2026-05-01 05:06:00,EQ-033,Lucas do Rio Verde,63.6,11.2,34.0,Arenoso,8.9,794.0,Transporte,7.0,176.0,6.4,76.0,Manha,1
4746,2026-05-01 05:06:00,EQ-019,Cascavel,33.0,29.2,24.4,Argiloso,7.6,289.0,Pulverizacao,8.0,112.0,8.6,82.0,Noite,0
4747,2026-05-01 05:14:00,EQ-003,Lucas do Rio Verde,64.8,5.4,21.7,Misto,16.7,261.0,Transporte,7.0,49.0,7.8,84.0,Noite,1
4748,2026-05-01 05:39:00,EQ-038,Cascavel,51.4,15.1,29.3,Argiloso,9.8,1131.0,Pulverizacao,7.0,469.0,7.0,98.0,Noite,0
4749,2026-05-01 05:41:00,EQ-008,Lucas do Rio Verde,60.6,42.6,23.0,Misto,11.1,577.0,Pulverizacao,3.0,54.0,11.9,65.0,Tarde,0
4750,2026-05-01 06:16:00,EQ-002,Sorriso,79.5,55.3,26.8,Argiloso,10.7,2000.0,Transporte,2.0,186.0,10.8,79.0,Manha,0
4751,2026-05-01 06:20:00,EQ-002,Rio Verde,59.9,31.4,23.2,Misto,28.7,1039.0,Transporte,3.0,66.0,4.2,65.0,Noite,0
4752,2026-05-01 06:34:00,EQ-015,Cascavel,39.3,15.2,25.3,Argiloso,25.5,370.0,Plantio,9.0,89.0,10.9,79.0,Manha,0
4753,2026-05-01 08:10:00,EQ-017,Sorriso,40.7,60.1,28.3,Argiloso,14.1,534.0,Plantio,10.0,278.0,6.2,82.0,Tarde,0
4754,2026-05-01 08:24:00,EQ-008,Nao-Me-Toque,44.0,36.8,25.1,Arenoso,22.9,563.0,Plantio,10.0,184.0,12.1,86.0,Manha,1
4755,2026-05-01 08:24:00,EQ-017,Cascavel,78.3,6.1,26.2,Misto,6.1,1249.0,Plantio,3.0,258.0,10.4,77.0,Manha,0
4756,2026-05-01 08:40:00,EQ-015,Sorriso,58.2,52.9,35.0,Argiloso,4.4,1055.0,Pulverizacao,9.0,67.0,3.7,63.0,Tarde,0
4757,2026-05-01 08:42:00,EQ-012,Rio Verde,56.6,63.8,25.0,Argiloso,3.4,56.0,Plantio,1.0,144.0,5.4,68.0,Tarde,0
4758,2026-05-01 08:43:00,EQ-010,Sorriso,45.7,3.9,28.1,Arenoso,2.1,302.0,Colheita,3.0,202.0,8.8,109.0,Manha,0
4759,2026-05-01 09:03:00,EQ-037,Lucas do Rio Verde,54.4,38.4,38.8,Misto,12.3,707.0,Pulverizacao,12.0,61.0,6.8,102.0,Tarde,0
4760,2026-05-01 09:09:00,EQ-017,Sorriso,45.2,44.2,31.9,Misto,12.4,242.0,Colheita,5.0,182.0,9.8,90.0,Tarde,0
4761,2026-05-01 09:30:00,EQ-031,Cascavel,70.1,57.5,28.4,Argiloso,7.8,1203.0,Pulverizacao,15.0,350.0,8.0,84.0,Manha,0
4762,2026-05-01 10:36:00,EQ-010,Nao-Me-Toque,48.2,11.8,38.9,Arenoso,13.0,104.0,Plantio,12.0,141.0,14.7,74.0,Tarde,0
4763,2026-05-01 11:25:00,EQ-017,Barreiras,81.0,33.5,32.0,Argiloso,19.6,171.0,Pulverizacao,1.0,141.0,8.1,61.0,Tarde,1
4764,2026-05-01 11:32:00,EQ-032,Lucas do Rio Verde,81.0,56.6,31.0,Arenoso,34.5,1218.0,Pulverizacao,6.0,101.0,8.8,64.0,Manha,1
4765,2026-05-01 11:46:00,EQ-010,Cascavel,36.9,83.1,24.7,Encharcado,4.4,1457.0,Pulverizacao,11.0,25.0,1.2,75.0,Tarde,0
4766,2026-05-01 11:53:00,EQ-005,Barreiras,27.2,51.0,27.5,Argiloso,5.5,1280.0,Colheita,1.0,84.0,9.9,86.0,Manha,0
4767,2026-05-01 12:10:00,EQ-009,Rio Verde,56.8,10.2,20.6,Encharcado,8.3,410.0,Plantio,15.0,8.0,11.0,85.0,Noite,0
4768,2026-05-01 12:34:00,EQ-004,Lucas do Rio Verde,84.6,18.2,22.0,Argiloso,7.7,915.0,Plantio,25.0,151.0,13.4,96.0,Tarde,1
4769,2026-05-01 12:44:00,EQ-029,Barreiras,16.1,21.0,29.8,Encharcado,1.7,367.0,Colheita,4.0,109.0,6.5,67.0,Manha,0
4770,2026-05-01 12:52:00,EQ-017,Cascavel,84.5,22.6,31.9,Argiloso,43.5,466.0,Plantio,7.0,138.0,7.1,56.0,Tarde,1
4771,2026-05-01 13:00:00,EQ-034,Cascavel,82.4,61.6,29.4,Arenoso,45.0,345.0,Transporte,8.0,106.0,11.1,107.0,Manha,1
4772,2026-05-01 14:38:00,EQ-024,Barreiras,76.1,11.9,32.6,Arenoso,2.6,794.0,Transporte,7.0,82.0,6.0,75.0,Tarde,1
4773,2026-05-01 14:51:00,EQ-007,Rio Verde,33.6,27.6,28.4,Arenoso,10.7,912.0,Transporte,3.0,183.0,8.8,74.0,Manha,0
4774,2026-05-01 15:41:00,EQ-038,Rio Verde,64.4,22.9,27.2,Arenoso,11.5,1099.0,Pulverizacao,9.0,149.0,7.6,83.0,Tarde,1
4775,2026-05-01 16:00:00,EQ-038,Cascavel,84.6,69.2,27.3,Misto,1.6,881.0,Plantio,6.0,96.0,4.6,109.0,Noite,0
4776,2026-05-01 16:54:00,EQ-019,Lucas do Rio Verde,81.6,48.6,21.2,Arenoso,2.0,1004.0,Pulverizacao,4.0,264.0,9.5,61.0,Manha,0
4777,2026-05-01 17:09:00,EQ-019,Sorriso,50.1,43.2,18.1,Misto,25.4,157.0,Plantio,6.0,57.0,8.2,109.0,Manha,0
4778,2026-05-01 17:23:00,EQ-037,Rio Verde,87.3,49.8,23.2,Misto,5.7,1232.0,Plantio,6.0,311.0,10.6,96.0,Manha,1
4779,2026-05-01 17:29:00,EQ-036,Nao-Me-Toque,72.7,69.3,22.5,Arenoso,3.9,696.0,Plantio,0.0,69.0,9.9,82.0,Noite,0
4780,2026-05-01 18:13:00,EQ-039,Sorriso,35.0,1.9,25.0,Misto,1.1,466.0,Plantio,18.0,95.0,5.8,79.0,Manha,0
4781,2026-05-01 18:23:00,EQ-033,Barreiras,92.9,10.8,28.7,Encharcado,16.3,69.0,Pulverizacao,5.0,56.0,6.5,82.0,Manha,0
4782,2026-05-01 18:41:00,EQ-002,Barreiras,51.2,44.5,31.5,Arenoso,10.3,456.0,Colheita,11.0,226.0,8.2,92.0,Manha,0
4783,2026-05-01 18:45:00,EQ-032,Barreiras,34.9,12.7,16.0,Argiloso,4.5,1296.0,Plantio,1.0,315.0,12.1,97.0,Noite,0
4784,2026-05-01 18:58:00,EQ-019,Rio Verde,21.7,24.6,33.5,Arenoso,6.2,207.0,Pulverizacao,4.0,35.0,9.7,99.0,Manha,0
4785,2026-05-01 19:08:00,EQ-029,Barreiras,55.7,26.9,32.4,Argiloso,1.6,470.0,Plantio,6.0,282.0,5.0,74.0,Manha,0
4786,2026-05-01 19:20:00,EQ-027,Sorriso,56.3,36.8,28.8,Encharcado,18.5,854.0,Pulverizacao,4.0,117.0,0.5,73.0,Tarde,0
4787,2026-05-01 19:44:00,EQ-022,Nao-Me-Toque,35.8,9.1,31.1,Argiloso,29.8,841.0,Transporte,25.0,25.0,10.7,85.0,Noite,0
4788,2026-05-01 19:59:00,EQ-023,Barreiras,32.6,48.0,28.8,Arenoso,10.7,561.0,Transporte,7.0,126.0,3.4,79.0,Manha,0
4789,2026-05-01 20:11:00,EQ-020,Lucas do Rio Verde,66.8,43.7,25.1,Misto,19.1,205.0,Pulverizacao,11.0,102.0,5.1,45.0,Manha,1
4790,2026-05-01 20:33:00,EQ-020,Rio Verde,67.0,22.3,32.9,Argiloso,9.1,367.0,Colheita,18.0,167.0,10.9,51.0,Tarde,1
4791,2026-05-01 21:15:00,EQ-024,Cascavel,84.6,26.3,27.2,Misto,21.9,579.0,Colheita,5.0,119.0,7.3,75.0,Tarde,0
4792,2026-05-01 21:58:00,EQ-020,Lucas do Rio Verde,38.6,54.2,37.1,Arenoso,9.1,350.0,Transporte,6.0,134.0,10.3,78.0,Manha,0
4793,2026-05-01 22:03:00,EQ-038,Lucas do Rio Verde,69.0,36.7,24.3,Arenoso,15.5,1132.0,Colheita,10.0,73.0,2.6,88.0,Manha,0
4794,2026-05-01 22:41:00,EQ-011,Nao-Me-Toque,40.3,44.0,41.2,Misto,4.9,70.0,Plantio,12.0,114.0,9.2,114.0,Manha,0
4795,2026-05-01 22:56:00,EQ-008,Cascavel,75.4,4.4,31.0,Argiloso,32.0,546.0,Plantio,2.0,265.0,4.4,73.0,Manha,1
4796,2026-05-01 23:19:00,EQ-022,Sorriso,29.8,26.2,33.4,Arenoso,7.1,877.0,Colheita,8.0,311.0,9.1,111.0,Manha,0
4797,2026-05-01 23:43:00,EQ-031,Cascavel,50.1,26.0,15.4,Arenoso,2.6,208.0,Colheita,16.0,242.0,10.2,89.0,Tarde,0
4798,2026-05-02 00:07:00,EQ-007,Sorriso,14.4,48.5,35.6,Arenoso,12.3,30.0,Pulverizacao,5.0,373.0,5.3,63.0,Manha,0
4799,2026-05-02 00:16:00,EQ-022,Rio Verde,61.5,12.2,34.2,Arenoso,10.2,687.0,Pulverizacao,19.0,176.0,4.3,64.0,Manha,0
4800,2026-05-02 00:39:00,EQ-019,Lucas do Rio Verde,58.3,37.5,27.5,Misto,19.7,760.0,Pulverizacao,18.0,138.0,0.0,114.0,Tarde,0
4801,2026-05-02 01:01:00,EQ-011,Rio Verde,49.1,70.0,31.4,Misto,25.5,474.0,Plantio,16.0,219.0,16.0,79.0,Noite,0
4802,2026-05-02 01:10:00,EQ-027,Nao-Me-Toque,35.3,40.2,25.9,Argiloso,14.1,1137.0,Colheita,7.0,60.0,2.6,91.0,Manha,0
4803,2026-05-02 01:37:00,EQ-037,Barreiras,27.0,33.1,38.3,Arenoso,12.8,949.0,Colheita,8.0,405.0,6.5,80.0,Manha,0
4804,2026-05-02 02:06:00,EQ-040,Nao-Me-Toque,52.5,93.5,19.7,Misto,4.9,810.0,Pulverizacao,1.0,369.0,7.8,60.0,Manha,0
4805,2026-05-02 02:24:00,EQ-027,Lucas do Rio Verde,38.9,34.5,22.8,Argiloso,19.6,1016.0,Transporte,1.0,124.0,5.1,78.0,Tarde,0
4806,2026-05-02 02:43:00,EQ-015,Sorriso,31.4,16.8,25.6,Misto,15.0,713.0,Colheita,12.0,280.0,6.0,53.0,Noite,0
4807,2026-05-02 03:02:00,EQ-032,Rio Verde,64.1,114.9,35.7,Arenoso,9.5,1001.0,Pulverizacao,2.0,296.0,12.5,65.0,Manha,0
4808,2026-05-02 03:05:00,EQ-033,Nao-Me-Toque,73.9,17.5,35.4,Misto,6.5,987.0,Transporte,1.0,319.0,8.4,98.0,Tarde,0
4809,2026-05-02 03:21:00,EQ-025,Rio Verde,68.8,49.3,35.8,Argiloso,9.5,1085.0,Plantio,21.0,418.0,9.5,76.0,Manha,1
4810,2026-05-02 03:24:00,EQ-009,Lucas do Rio Verde,77.1,31.4,17.0,Argiloso,24.6,231.0,Colheita,12.0,274.0,6.2,96.0,Manha,1
4811,2026-05-02 03:29:00,EQ-012,Nao-Me-Toque,39.8,11.0,32.8,Argiloso,5.2,522.0,Transporte,3.0,485.0,11.7,80.0,Manha,0
4812,2026-05-02 03:43:00,EQ-036,Barreiras,70.0,44.9,31.9,Argiloso,13.8,132.0,Pulverizacao,6.0,244.0,13.1,96.0,Noite,1
4813,2026-05-02 04:20:00,EQ-030,Barreiras,56.7,42.3,26.8,Argiloso,4.6,74.0,Pulverizacao,2.0,301.0,3.9,82.0,Manha,1
4814,2026-05-02 04:22:00,EQ-019,Rio Verde,38.9,69.4,29.8,Argiloso,8.4,285.0,Colheita,6.0,163.0,5.4,92.0,Tarde,0
4815,2026-05-02 04:46:00,EQ-027,Nao-Me-Toque,41.3,27.5,22.7,Arenoso,11.8,288.0,Transporte,4.0,173.0,5.8,66.0,Tarde,0
4816,2026-05-02 04:58:00,EQ-004,Barreiras,68.8,5.2,29.9,Argiloso,5.4,608.0,Pulverizacao,19.0,127.0,14.4,82.0,Manha,0
4817,2026-05-02 05:28:00,EQ-026,Barreiras,24.7,30.0,26.6,Arenoso,23.6,1099.0,Plantio,13.0,600.0,10.5,70.0,Manha,0
4818,2026-05-02 05:39:00,EQ-014,Lucas do Rio Verde,100.0,25.5,26.4,Argiloso,8.5,412.0,Colheita,23.0,97.0,11.8,95.0,Manha,1
4819,2026-05-02 07:52:00,EQ-018,Barreiras,39.9,12.7,32.6,Misto,17.0,408.0,Plantio,2.0,134.0,6.1,113.0,Tarde,0
4820,2026-05-02 07:55:00,EQ-001,Sorriso,45.9,39.0,25.5,Misto,10.2,501.0,Pulverizacao,4.0,95.0,8.1,102.0,Manha,0
4821,2026-05-02 07:56:00,EQ-035,Nao-Me-Toque,47.5,16.8,27.6,Arenoso,19.1,208.0,Colheita,8.0,141.0,9.2,57.0,Manha,0
4822,2026-05-02 08:00:00,EQ-020,Rio Verde,46.3,97.5,21.5,Encharcado,15.0,546.0,Plantio,3.0,110.0,2.6,77.0,Tarde,0
4823,2026-05-02 08:24:00,EQ-008,Nao-Me-Toque,72.9,27.3,29.2,Misto,11.0,815.0,Colheita,3.0,70.0,6.2,69.0,Tarde,0
4824,2026-05-02 09:11:00,EQ-010,Sorriso,45.4,21.0,21.0,Misto,13.0,925.0,Pulverizacao,5.0,73.0,8.5,101.0,Tarde,0
4825,2026-05-02 09:41:00,EQ-003,Nao-Me-Toque,34.4,43.7,21.4,Arenoso,24.6,168.0,Pulverizacao,10.0,103.0,9.0,105.0,Tarde,0
4826,2026-05-02 10:46:00,EQ-011,Rio Verde,52.9,38.8,27.4,Argiloso,11.8,767.0,Colheita,5.0,196.0,8.9,68.0,Noite,1
4827,2026-05-02 11:25:00,EQ-024,Cascavel,47.9,2.6,32.3,Arenoso,2.2,629.0,Pulverizacao,5.0,59.0,5.8,40.0,Noite,0
4828,2026-05-02 11:30:00,EQ-010,Sorriso,53.7,3.9,24.8,Argiloso,16.2,538.0,Colheita,8.0,57.0,10.8,84.0,Noite,0
4829,2026-05-02 11:34:00,EQ-010,Barreiras,45.2,31.8,23.7,Arenoso,9.0,327.0,Colheita,8.0,224.0,8.6,101.0,Tarde,1
4830,2026-05-02 11:42:00,EQ-038,Lucas do Rio Verde,84.6,31.6,33.6,Encharcado,19.0,410.0,Colheita,9.0,97.0,15.9,76.0,Tarde,1
4831,2026-05-02 12:53:00,EQ-014,Cascavel,53.1,2.4,33.2,Arenoso,8.1,89.0,Pulverizacao,5.0,132.0,9.7,76.0,Noite,0
4832,2026-05-02 13:28:00,EQ-037,Cascavel,59.1,52.5,32.3,Argiloso,11.3,466.0,Colheita,18.0,54.0,10.3,74.0,Noite,1
4833,2026-05-02 13:43:00,EQ-038,Nao-Me-Toque,71.2,26.5,32.0,Misto,23.6,584.0,Plantio,5.0,144.0,10.0,100.0,Tarde,0
4834,2026-05-02 13:54:00,EQ-032,Rio Verde,8.6,8.9,28.3,Misto,7.1,95.0,Colheita,2.0,227.0,8.7,120.0,Manha,0
4835,2026-05-02 13:55:00,EQ-004,Nao-Me-Toque,30.7,16.6,26.0,Misto,13.7,253.0,Pulverizacao,3.0,541.0,6.9,80.0,Noite,1
4836,2026-05-02 14:23:00,EQ-030,Cascavel,65.9,15.0,27.0,Misto,31.4,468.0,Transporte,2.0,109.0,9.9,107.0,Manha,1
4837,2026-05-02 14:32:00,EQ-030,Lucas do Rio Verde,45.0,24.1,20.5,Misto,19.2,1071.0,Pulverizacao,3.0,12.0,9.0,86.0,Manha,0
4838,2026-05-02 14:42:00,EQ-031,Rio Verde,57.8,17.0,17.5,Misto,5.9,764.0,Plantio,16.0,529.0,9.0,86.0,Manha,1
4839,2026-05-02 15:09:00,EQ-018,Rio Verde,70.9,8.9,22.6,Argiloso,8.1,740.0,Colheita,5.0,490.0,3.0,87.0,Manha,0
4840,2026-05-02 15:11:00,EQ-014,Sorriso,60.5,64.5,23.2,Argiloso,12.0,33.0,Transporte,1.0,132.0,7.1,48.0,Manha,1
4841,2026-05-02 16:04:00,EQ-021,Cascavel,37.4,8.8,21.1,Encharcado,14.1,547.0,Plantio,3.0,293.0,8.4,110.0,Manha,1
4842,2026-05-02 16:23:00,EQ-022,Sorriso,38.2,7.7,28.6,Arenoso,3.4,378.0,Transporte,3.0,245.0,10.4,65.0,Manha,0
4843,2026-05-02 17:08:00,EQ-014,Barreiras,10.0,8.4,26.8,Arenoso,6.4,417.0,Pulverizacao,22.0,476.0,8.7,64.0,Manha,0
4844,2026-05-02 17:30:00,EQ-015,Cascavel,34.3,24.8,27.2,Misto,9.9,930.0,Plantio,2.0,338.0,5.6,103.0,Tarde,0
4845,2026-05-02 18:19:00,EQ-028,Nao-Me-Toque,64.4,30.2,39.0,Arenoso,18.0,1269.0,Plantio,10.0,383.0,9.2,79.0,Manha,1
4846,2026-05-02 18:38:00,EQ-030,Lucas do Rio Verde,91.5,54.4,21.0,Arenoso,5.0,613.0,Colheita,6.0,183.0,5.3,77.0,Manha,1
4847,2026-05-02 20:48:00,EQ-040,Nao-Me-Toque,78.2,23.5,28.1,Encharcado,23.9,330.0,Colheita,7.0,600.0,9.5,40.0,Tarde,1
4848,2026-05-02 21:12:00,EQ-004,Lucas do Rio Verde,54.1,11.1,36.1,Encharcado,32.0,803.0,Plantio,6.0,13.0,11.4,108.0,Manha,0
4849,2026-05-02 21:27:00,EQ-015,Rio Verde,62.0,45.3,30.1,Misto,12.9,468.0,Plantio,1.0,289.0,6.8,46.0,Tarde,0
4850,2026-05-02 22:20:00,EQ-013,Lucas do Rio Verde,41.1,69.0,26.4,Misto,6.1,356.0,Colheita,7.0,23.0,10.5,54.0,Manha,0
4851,2026-05-02 22:31:00,EQ-003,Cascavel,42.1,43.4,28.1,Argiloso,17.8,759.0,Pulverizacao,6.0,9.0,11.6,83.0,Tarde,0
4852,2026-05-02 22:54:00,EQ-025,Lucas do Rio Verde,70.8,24.5,23.6,Misto,13.4,376.0,Plantio,1.0,42.0,5.3,95.0,Noite,0
4853,2026-05-02 22:57:00,EQ-033,Rio Verde,26.4,2.4,31.1,Encharcado,16.1,192.0,Plantio,7.0,135.0,9.2,83.0,Tarde,0
4854,2026-05-02 23:18:00,EQ-015,Rio Verde,47.8,58.3,27.9,Argiloso,12.3,765.0,Colheita,9.0,99.0,7.0,64.0,Noite,1
4855,2026-05-02 23:19:00,EQ-007,Nao-Me-Toque,84.5,20.0,22.1,Encharcado,15.6,626.0,Pulverizacao,7.0,185.0,10.9,75.0,Tarde,1
4856,2026-05-02 23:28:00,EQ-021,Sorriso,77.5,10.2,31.4,Argiloso,12.3,420.0,Plantio,11.0,109.0,3.7,82.0,Manha,1
4857,2026-05-02 23:35:00,EQ-032,Rio Verde,64.0,7.3,31.8,Arenoso,6.8,250.0,Plantio,14.0,32.0,6.6,120.0,Manha,0
4858,2026-05-02 23:41:00,EQ-007,Nao-Me-Toque,20.8,10.0,24.2,Misto,1.6,638.0,Colheita,3.0,70.0,4.8,114.0,Tarde,0
4859,2026-05-03 00:12:00,EQ-039,Cascavel,48.9,58.1,29.4,Arenoso,7.5,791.0,Pulverizacao,7.0,150.0,10.0,77.0,Tarde,0
4860,2026-05-03 00:15:00,EQ-035,Rio Verde,11.4,29.0,22.2,Encharcado,6.4,336.0,Colheita,24.0,286.0,4.2,83.0,Tarde,0
4861,2026-05-03 00:33:00,EQ-027,Sorriso,36.5,35.7,35.6,Arenoso,16.7,57.0,Colheita,8.0,342.0,8.6,57.0,Tarde,1
4862,2026-05-03 01:19:00,EQ-010,Cascavel,54.5,27.8,30.7,Misto,7.0,156.0,Pulverizacao,4.0,100.0,12.1,75.0,Manha,0
4863,2026-05-03 01:28:00,EQ-022,Sorriso,78.8,10.4,26.0,Arenoso,14.5,476.0,Pulverizacao,14.0,191.0,8.3,64.0,Tarde,1
4864,2026-05-03 01:56:00,EQ-013,Lucas do Rio Verde,96.5,48.9,26.3,Arenoso,6.0,125.0,Pulverizacao,2.0,79.0,5.7,85.0,Noite,1
4865,2026-05-03 02:34:00,EQ-022,Barreiras,61.4,45.3,33.9,Encharcado,13.3,579.0,Plantio,8.0,45.0,10.9,65.0,Manha,1
4866,2026-05-03 03:05:00,EQ-024,Nao-Me-Toque,57.5,35.5,23.2,Misto,4.2,310.0,Transporte,6.0,76.0,6.4,74.0,Tarde,0
4867,2026-05-03 03:41:00,EQ-029,Rio Verde,51.2,42.0,27.4,Misto,12.9,1245.0,Transporte,10.0,393.0,10.2,59.0,Manha,0
4868,2026-05-03 04:19:00,EQ-008,Lucas do Rio Verde,45.3,69.3,25.1,Misto,4.4,127.0,Pulverizacao,17.0,216.0,7.9,56.0,Noite,1
4869,2026-05-03 04:33:00,EQ-033,Nao-Me-Toque,50.6,73.6,27.2,Argiloso,6.6,338.0,Pulverizacao,10.0,184.0,10.0,75.0,Tarde,1
4870,2026-05-03 04:36:00,EQ-015,Sorriso,41.4,56.9,24.8,Argiloso,1.0,1366.0,Colheita,16.0,34.0,6.1,75.0,Manha,0
4871,2026-05-03 04:56:00,EQ-012,Cascavel,25.4,21.3,17.4,Misto,18.9,399.0,Colheita,2.0,69.0,10.2,61.0,Tarde,0
4872,2026-05-03 05:03:00,EQ-019,Sorriso,41.1,20.6,24.8,Arenoso,8.3,470.0,Plantio,3.0,139.0,7.4,75.0,Tarde,0
4873,2026-05-03 05:06:00,EQ-005,Cascavel,40.4,46.1,29.7,Argiloso,6.7,351.0,Plantio,13.0,174.0,9.5,112.0,Manha,0
4874,2026-05-03 05:10:00,EQ-028,Barreiras,68.2,53.8,33.1,Misto,11.2,1021.0,Colheita,12.0,304.0,4.6,95.0,Manha,0
4875,2026-05-03 05:15:00,EQ-040,Cascavel,34.8,55.2,34.4,Argiloso,10.7,646.0,Colheita,4.0,53.0,14.5,41.0,Tarde,0
4876,2026-05-03 05:41:00,EQ-014,Cascavel,60.5,111.1,33.8,Argiloso,0.5,513.0,Colheita,20.0,600.0,4.9,41.0,Manha,1
4877,2026-05-03 05:50:00,EQ-038,Rio Verde,48.8,63.9,29.7,Misto,8.4,1722.0,Colheita,2.0,64.0,3.9,87.0,Tarde,1
4878,2026-05-03 06:16:00,EQ-002,Nao-Me-Toque,69.6,25.0,32.3,Misto,16.2,332.0,Colheita,5.0,115.0,10.6,75.0,Tarde,1
4879,2026-05-03 06:31:00,EQ-015,Rio Verde,86.9,24.2,29.7,Argiloso,3.9,682.0,Pulverizacao,3.0,190.0,7.0,59.0,Tarde,0
4880,2026-05-03 06:32:00,EQ-032,Sorriso,47.7,15.8,21.5,Encharcado,11.2,590.0,Transporte,25.0,502.0,4.4,86.0,Manha,1
4881,2026-05-03 06:38:00,EQ-028,Lucas do Rio Verde,51.4,37.7,24.1,Arenoso,27.6,708.0,Colheita,7.0,140.0,6.9,113.0,Tarde,0
4882,2026-05-03 06:44:00,EQ-021,Sorriso,54.9,43.5,31.5,Misto,2.9,800.0,Transporte,3.0,121.0,12.2,101.0,Tarde,0
4883,2026-05-03 06:47:00,EQ-030,Lucas do Rio Verde,42.2,10.3,27.1,Misto,10.1,369.0,Plantio,10.0,210.0,4.1,77.0,Manha,0
4884,2026-05-03 07:28:00,EQ-015,Nao-Me-Toque,55.9,22.4,24.3,Arenoso,15.6,471.0,Colheita,6.0,115.0,10.5,109.0,Tarde,0
4885,2026-05-03 07:28:00,EQ-015,Barreiras,64.9,42.4,30.3,Misto,5.9,497.0,Colheita,8.0,150.0,7.8,74.0,Tarde,0
4886,2026-05-03 08:04:00,EQ-035,Rio Verde,78.0,28.0,18.4,Argiloso,7.2,1543.0,Transporte,4.0,600.0,4.2,57.0,Tarde,0
4887,2026-05-03 08:05:00,EQ-038,Nao-Me-Toque,45.2,34.1,34.0,Argiloso,16.0,218.0,Colheita,4.0,137.0,11.8,72.0,Noite,1
4888,2026-05-03 08:39:00,EQ-023,Barreiras,29.1,3.5,27.8,Misto,7.3,454.0,Colheita,15.0,55.0,7.0,69.0,Noite,0
4889,2026-05-03 08:42:00,EQ-028,Rio Verde,49.5,17.0,19.7,Arenoso,14.8,564.0,Plantio,11.0,121.0,10.7,62.0,Tarde,0
4890,2026-05-03 08:55:00,EQ-019,Barreiras,44.7,11.5,19.8,Arenoso,1.0,479.0,Pulverizacao,6.0,252.0,5.6,91.0,Manha,0
4891,2026-05-03 08:56:00,EQ-026,Nao-Me-Toque,52.9,73.6,34.9,Argiloso,13.4,332.0,Pulverizacao,6.0,465.0,10.1,98.0,Tarde,0
4892,2026-05-03 09:35:00,EQ-028,Nao-Me-Toque,69.2,38.8,24.5,Argiloso,9.2,123.0,Plantio,2.0,198.0,5.0,101.0,Noite,0
4893,2026-05-03 09:52:00,EQ-030,Nao-Me-Toque,50.2,35.1,16.6,Argiloso,15.8,418.0,Colheita,6.0,118.0,10.8,70.0,Tarde,1
4894,2026-05-03 10:05:00,EQ-033,Nao-Me-Toque,79.6,6.6,31.3,Misto,8.1,456.0,Colheita,16.0,114.0,7.6,40.0,Tarde,1
4895,2026-05-03 10:06:00,EQ-036,Cascavel,68.3,18.9,24.4,Arenoso,6.2,1133.0,Plantio,6.0,267.0,4.8,115.0,Manha,0
4896,2026-05-03 10:17:00,EQ-037,Sorriso,89.4,15.6,28.7,Encharcado,5.9,1608.0,Plantio,14.0,180.0,5.0,55.0,Tarde,0
4897,2026-05-03 10:24:00,EQ-018,Sorriso,19.4,40.6,25.8,Arenoso,11.5,2000.0,Colheita,5.0,369.0,7.8,49.0,Noite,0
4898,2026-05-03 11:13:00,EQ-033,Lucas do Rio Verde,59.6,27.2,27.2,Misto,8.1,1110.0,Transporte,4.0,179.0,4.7,89.0,Manha,0
4899,2026-05-03 11:55:00,EQ-002,Barreiras,41.5,10.7,26.3,Misto,12.8,333.0,Plantio,7.0,288.0,6.0,54.0,Noite,0
4900,2026-05-03 12:01:00,EQ-013,Rio Verde,31.6,16.2,30.2,Arenoso,21.1,1245.0,Plantio,5.0,278.0,9.4,67.0,Tarde,0
4901,2026-05-03 12:08:00,EQ-015,Cascavel,48.7,96.9,20.5,Arenoso,1.5,700.0,Plantio,2.0,101.0,7.6,40.0,Tarde,0
4902,2026-05-03 12:13:00,EQ-035,Rio Verde,61.0,22.9,26.7,Arenoso,6.7,957.0,Colheita,3.0,239.0,6.2,88.0,Manha,0
4903,2026-05-03 12:13:00,EQ-032,Sorriso,61.5,48.7,35.0,Arenoso,7.0,775.0,Plantio,6.0,375.0,8.0,79.0,Manha,0
4904,2026-05-03 12:26:00,EQ-009,Nao-Me-Toque,38.1,9.0,21.5,Arenoso,14.8,278.0,Colheita,6.0,148.0,7.8,120.0,Manha,0
4905,2026-05-03 13:15:00,EQ-014,Lucas do Rio Verde,29.4,48.4,32.0,Arenoso,4.5,646.0,Plantio,6.0,211.0,11.3,72.0,Tarde,0
4906,2026-05-03 13:18:00,EQ-013,Rio Verde,70.1,11.4,16.4,Encharcado,16.8,387.0,Transporte,5.0,185.0,12.2,40.0,Tarde,1
4907,2026-05-03 13:23:00,EQ-014,Nao-Me-Toque,49.8,21.4,33.1,Misto,15.3,592.0,Colheita,11.0,64.0,3.5,85.0,Tarde,0
4908,2026-05-03 13:32:00,EQ-021,Rio Verde,77.5,54.6,30.8,Argiloso,10.6,29.0,Pulverizacao,5.0,584.0,5.6,90.0,Manha,1
4909,2026-05-03 13:38:00,EQ-032,Sorriso,48.4,88.6,23.0,Encharcado,32.4,2000.0,Transporte,3.0,112.0,10.6,81.0,Tarde,1
4910,2026-05-03 13:49:00,EQ-017,Rio Verde,50.2,25.5,24.6,Argiloso,24.8,279.0,Plantio,12.0,212.0,4.4,72.0,Manha,1
4911,2026-05-03 14:03:00,EQ-032,Lucas do Rio Verde,60.4,24.1,28.5,Misto,5.7,312.0,Pulverizacao,7.0,243.0,12.3,43.0,Tarde,0
4912,2026-05-03 14:21:00,EQ-030,Rio Verde,62.3,8.6,29.4,Misto,5.2,696.0,Colheita,5.0,411.0,4.8,42.0,Manha,0
4913,2026-05-03 14:39:00,EQ-029,Rio Verde,53.5,14.6,13.2,Argiloso,21.7,225.0,Transporte,2.0,83.0,7.7,64.0,Tarde,0
4914,2026-05-03 14:57:00,EQ-037,Sorriso,60.5,18.4,20.3,Encharcado,7.8,1519.0,Pulverizacao,6.0,147.0,9.4,73.0,Manha,0
4915,2026-05-03 15:35:00,EQ-040,Lucas do Rio Verde,79.0,18.5,30.3,Arenoso,2.7,434.0,Plantio,10.0,232.0,13.1,94.0,Noite,0
4916,2026-05-03 15:41:00,EQ-020,Rio Verde,55.4,62.8,28.3,Misto,12.7,1019.0,Transporte,4.0,262.0,6.8,83.0,Tarde,0
4917,2026-05-03 16:16:00,EQ-011,Lucas do Rio Verde,44.1,33.0,20.9,Misto,20.3,633.0,Plantio,10.0,71.0,3.7,114.0,Tarde,0
4918,2026-05-03 16:26:00,EQ-023,Nao-Me-Toque,57.9,31.0,33.6,Encharcado,9.3,949.0,Plantio,8.0,115.0,13.2,81.0,Tarde,0
4919,2026-05-03 17:05:00,EQ-040,Nao-Me-Toque,39.8,22.1,20.4,Arenoso,3.7,1487.0,Transporte,3.0,148.0,8.0,57.0,Manha,0
4920,2026-05-03 17:20:00,EQ-011,Nao-Me-Toque,73.4,37.6,27.6,Misto,7.1,2000.0,Transporte,3.0,441.0,5.4,74.0,Manha,0
4921,2026-05-03 17:24:00,EQ-033,Rio Verde,49.9,16.4,26.9,Arenoso,3.6,297.0,Transporte,13.0,190.0,8.5,93.0,Manha,0
4922,2026-05-03 18:10:00,EQ-011,Barreiras,43.3,3.6,26.2,Encharcado,12.0,615.0,Colheita,6.0,130.0,12.0,84.0,Manha,0
4923,2026-05-03 18:42:00,EQ-018,Nao-Me-Toque,48.6,33.6,26.3,Arenoso,14.6,1303.0,Plantio,15.0,60.0,8.4,91.0,Tarde,0
4924,2026-05-03 18:56:00,EQ-036,Nao-Me-Toque,26.7,13.5,20.4,Misto,9.2,851.0,Colheita,7.0,69.0,2.0,67.0,Tarde,0
4925,2026-05-03 19:05:00,EQ-012,Lucas do Rio Verde,46.4,25.8,28.6,Misto,18.8,610.0,Plantio,13.0,600.0,11.6,49.0,Manha,0
4926,2026-05-03 19:46:00,EQ-033,Sorriso,81.6,49.3,13.6,Encharcado,10.7,1030.0,Pulverizacao,8.0,83.0,4.1,93.0,Tarde,0
4927,2026-05-03 20:30:00,EQ-017,Rio Verde,83.8,35.7,27.2,Misto,13.1,1017.0,Transporte,6.0,160.0,4.2,84.0,Noite,0
4928,2026-05-03 20:34:00,EQ-001,Nao-Me-Toque,66.3,22.2,25.5,Misto,2.6,635.0,Plantio,3.0,122.0,3.3,72.0,Noite,1
4929,2026-05-03 20:49:00,EQ-028,Rio Verde,61.3,95.7,22.2,Misto,18.9,2000.0,Colheita,15.0,373.0,3.1,75.0,Manha,0
4930,2026-05-03 20:49:00,EQ-025,Cascavel,82.2,22.4,26.8,Arenoso,15.7,283.0,Plantio,3.0,281.0,10.8,82.0,Noite,0
4931,2026-05-03 21:05:00,EQ-003,Lucas do Rio Verde,72.4,10.7,15.7,Misto,16.9,70.0,Colheita,19.0,57.0,5.3,61.0,Tarde,0
4932,2026-05-03 21:17:00,EQ-006,Lucas do Rio Verde,61.1,28.0,29.3,Arenoso,2.4,1921.0,Pulverizacao,12.0,145.0,3.8,100.0,Noite,0
4933,2026-05-03 21:41:00,EQ-026,Barreiras,72.2,21.0,26.3,Argiloso,11.9,1264.0,Plantio,5.0,79.0,10.7,63.0,Tarde,0
4934,2026-05-03 22:13:00,EQ-029,Nao-Me-Toque,42.2,26.3,31.9,Encharcado,3.6,920.0,Colheita,13.0,386.0,8.7,109.0,Manha,1
4935,2026-05-03 22:53:00,EQ-018,Lucas do Rio Verde,77.2,32.5,28.4,Argiloso,21.8,495.0,Pulverizacao,5.0,292.0,3.2,74.0,Manha,0
4936,2026-05-03 23:12:00,EQ-019,Nao-Me-Toque,48.9,19.3,35.8,Encharcado,2.5,638.0,Pulverizacao,6.0,144.0,4.4,74.0,Tarde,0
4937,2026-05-03 23:21:00,EQ-015,Barreiras,80.0,33.6,25.5,Arenoso,2.8,497.0,Plantio,5.0,13.0,8.4,75.0,Tarde,1
4938,2026-05-03 23:59:00,EQ-002,Lucas do Rio Verde,42.7,56.5,25.3,Argiloso,15.9,404.0,Pulverizacao,1.0,13.0,10.2,69.0,Tarde,0
4939,2026-05-04 00:00:00,EQ-027,Cascavel,82.1,23.5,32.2,Misto,11.6,492.0,Transporte,8.0,81.0,12.6,108.0,Noite,1
4940,2026-05-04 00:39:00,EQ-017,Nao-Me-Toque,45.8,16.1,19.9,Misto,14.2,279.0,Plantio,3.0,106.0,11.6,93.0,Tarde,0
4941,2026-05-04 00:39:00,EQ-024,Rio Verde,66.1,34.5,22.2,Arenoso,29.6,910.0,Transporte,9.0,82.0,6.3,48.0,Manha,0
4942,2026-05-04 00:40:00,EQ-040,Rio Verde,30.7,82.0,26.9,Arenoso,8.2,1951.0,Plantio,5.0,380.0,9.5,120.0,Manha,0
4943,2026-05-04 00:50:00,EQ-024,Rio Verde,40.6,16.4,17.0,Misto,5.8,262.0,Colheita,5.0,152.0,6.9,101.0,Manha,0
4944,2026-05-04 01:05:00,EQ-016,Nao-Me-Toque,79.8,44.0,27.7,Misto,6.1,839.0,Colheita,1.0,201.0,9.9,81.0,Manha,0
4945,2026-05-04 01:32:00,EQ-013,Barreiras,61.7,6.3,25.9,Argiloso,9.4,1243.0,Pulverizacao,2.0,122.0,11.2,78.0,Manha,0
4946,2026-05-04 02:10:00,EQ-010,Lucas do Rio Verde,30.9,28.0,22.0,Misto,4.4,2000.0,Colheita,5.0,402.0,7.7,109.0,Tarde,0
4947,2026-05-04 03:15:00,EQ-011,Nao-Me-Toque,42.3,63.6,27.9,Argiloso,8.1,904.0,Pulverizacao,4.0,8.0,4.5,79.0,Manha,0
4948,2026-05-04 03:44:00,EQ-040,Nao-Me-Toque,35.0,29.2,26.9,Encharcado,13.5,260.0,Pulverizacao,8.0,435.0,7.0,86.0,Manha,0
4949,2026-05-04 04:13:00,EQ-034,Nao-Me-Toque,34.4,9.2,19.0,Argiloso,24.6,721.0,Pulverizacao,3.0,271.0,1.7,66.0,Tarde,0
4950,2026-05-04 04:29:00,EQ-018,Cascavel,68.3,9.9,29.5,Misto,7.8,2000.0,Plantio,2.0,56.0,7.3,76.0,Tarde,0
4951,2026-05-04 06:23:00,EQ-001,Sorriso,43.1,30.0,20.9,Misto,4.1,727.0,Pulverizacao,1.0,47.0,9.7,74.0,Noite,0
4952,2026-05-04 06:48:00,EQ-008,Sorriso,8.5,75.2,24.8,Argiloso,10.5,203.0,Transporte,8.0,208.0,5.7,70.0,Manha,1
4953,2026-05-04 06:48:00,EQ-016,Nao-Me-Toque,38.1,6.1,23.1,Arenoso,12.2,291.0,Pulverizacao,6.0,58.0,7.9,55.0,Tarde,0
4954,2026-05-04 07:00:00,EQ-040,Lucas do Rio Verde,56.8,31.3,27.0,Argiloso,7.7,131.0,Transporte,6.0,88.0,8.4,93.0,Manha,1
4955,2026-05-04 07:07:00,EQ-003,Nao-Me-Toque,41.0,36.1,37.3,Misto,3.6,1261.0,Plantio,3.0,26.0,4.3,92.0,Manha,0
4956,2026-05-04 07:50:00,EQ-027,Lucas do Rio Verde,77.1,12.5,26.0,Argiloso,4.0,314.0,Plantio,10.0,133.0,11.4,86.0,Tarde,1
4957,2026-05-04 08:03:00,EQ-032,Barreiras,89.9,20.6,35.9,Misto,10.4,406.0,Colheita,17.0,28.0,8.1,91.0,Tarde,1
4958,2026-05-04 08:15:00,EQ-020,Barreiras,26.9,17.0,25.8,Misto,7.0,527.0,Plantio,19.0,133.0,12.5,65.0,Manha,0
4959,2026-05-04 08:39:00,EQ-004,Sorriso,82.5,64.8,21.8,Misto,1.9,424.0,Transporte,2.0,67.0,6.5,88.0,Manha,1
4960,2026-05-04 09:40:00,EQ-032,Barreiras,90.6,1.7,34.1,Argiloso,5.6,249.0,Pulverizacao,6.0,533.0,7.8,111.0,Manha,1
4961,2026-05-04 10:20:00,EQ-025,Cascavel,40.4,37.0,28.4,Misto,6.5,195.0,Plantio,2.0,123.0,9.4,80.0,Manha,0
4962,2026-05-04 10:30:00,EQ-023,Nao-Me-Toque,22.0,25.5,24.0,Encharcado,4.4,825.0,Colheita,2.0,201.0,10.8,41.0,Tarde,0
4963,2026-05-04 10:40:00,EQ-018,Nao-Me-Toque,55.0,29.3,14.0,Misto,15.7,1414.0,Plantio,9.0,82.0,11.3,120.0,Manha,1
4964,2026-05-04 11:58:00,EQ-009,Rio Verde,55.3,13.2,29.9,Arenoso,2.2,37.0,Colheita,15.0,162.0,8.9,64.0,Manha,0
4965,2026-05-04 12:03:00,EQ-010,Barreiras,27.8,44.8,30.7,Misto,7.2,412.0,Pulverizacao,7.0,141.0,8.0,95.0,Noite,1
4966,2026-05-04 13:09:00,EQ-034,Nao-Me-Toque,42.0,28.7,25.6,Arenoso,13.3,609.0,Transporte,2.0,306.0,7.4,83.0,Tarde,0
4967,2026-05-04 14:25:00,EQ-020,Lucas do Rio Verde,62.1,36.9,26.7,Encharcado,10.3,283.0,Transporte,3.0,307.0,9.5,72.0,Manha,1
4968,2026-05-04 14:58:00,EQ-019,Nao-Me-Toque,84.4,7.9,23.7,Argiloso,27.8,581.0,Plantio,2.0,246.0,9.4,84.0,Tarde,0
4969,2026-05-04 14:59:00,EQ-003,Sorriso,71.5,56.0,26.8,Misto,11.5,84.0,Colheita,4.0,42.0,7.1,73.0,Tarde,1
4970,2026-05-04 15:15:00,EQ-013,Sorriso,77.2,71.1,10.9,Argiloso,13.2,174.0,Colheita,8.0,236.0,9.5,118.0,Noite,1
4971,2026-05-04 15:33:00,EQ-006,Barreiras,45.3,49.1,32.2,Arenoso,15.0,1632.0,Colheita,6.0,304.0,13.8,68.0,Noite,0
4972,2026-05-04 15:45:00,EQ-022,Rio Verde,77.4,5.8,33.3,Argiloso,7.5,100.0,Plantio,10.0,127.0,13.4,59.0,Manha,0
4973,2026-05-04 16:12:00,EQ-016,Cascavel,41.0,9.2,28.5,Arenoso,16.2,554.0,Plantio,8.0,46.0,4.3,62.0,Manha,0
4974,2026-05-04 16:20:00,EQ-017,Barreiras,39.5,25.9,21.0,Argiloso,2.7,665.0,Plantio,2.0,156.0,6.5,112.0,Tarde,0
4975,2026-05-04 16:39:00,EQ-032,Lucas do Rio Verde,40.6,21.0,21.9,Arenoso,13.2,1048.0,Pulverizacao,4.0,135.0,0.4,80.0,Manha,0
4976,2026-05-04 18:04:00,EQ-014,Rio Verde,100.0,33.1,23.8,Misto,14.7,1046.0,Colheita,16.0,434.0,0.4,86.0,Manha,1
4977,2026-05-04 18:37:00,EQ-017,Cascavel,72.2,90.3,43.1,Arenoso,2.7,156.0,Plantio,5.0,118.0,10.7,100.0,Tarde,1
4978,2026-05-04 18:53:00,EQ-017,Nao-Me-Toque,20.3,18.1,35.5,Misto,20.6,191.0,Colheita,8.0,316.0,3.6,89.0,Tarde,0
4979,2026-05-04 19:19:00,EQ-033,Barreiras,70.2,26.3,40.1,Arenoso,6.9,435.0,Pulverizacao,8.0,24.0,3.0,65.0,Tarde,0
4980,2026-05-04 19:22:00,EQ-011,Lucas do Rio Verde,49.0,29.4,34.2,Arenoso,13.9,107.0,Pulverizacao,6.0,239.0,5.5,118.0,Manha,1
4981,2026-05-04 19:28:00,EQ-020,Nao-Me-Toque,33.6,24.9,30.6,Argiloso,3.6,30.0,Pulverizacao,4.0,15.0,9.1,60.0,Manha,0
4982,2026-05-04 19:47:00,EQ-022,Lucas do Rio Verde,31.4,16.2,31.4,Arenoso,11.4,381.0,Pulverizacao,4.0,204.0,11.3,63.0,Tarde,0
4983,2026-05-04 19:57:00,EQ-019,Barreiras,61.3,39.8,22.0,Argiloso,16.6,2000.0,Colheita,7.0,81.0,9.1,83.0,Tarde,0
4984,2026-05-04 20:28:00,EQ-002,Nao-Me-Toque,60.7,2.6,18.8,Arenoso,2.3,482.0,Plantio,13.0,600.0,1.6,82.0,Noite,0
4985,2026-05-04 21:14:00,EQ-023,Barreiras,33.1,40.6,33.7,Argiloso,13.4,865.0,Plantio,14.0,104.0,10.7,65.0,Tarde,1
4986,2026-05-04 21:48:00,EQ-012,Barreiras,65.5,27.8,22.0,Encharcado,6.7,384.0,Colheita,8.0,121.0,11.6,120.0,Tarde,1
4987,2026-05-04 22:01:00,EQ-027,Lucas do Rio Verde,68.5,37.2,33.9,Misto,17.5,490.0,Plantio,24.0,137.0,8.0,91.0,Noite,1
4988,2026-05-04 22:12:00,EQ-039,Rio Verde,54.8,1.6,24.3,Argiloso,7.7,1066.0,Transporte,7.0,140.0,2.6,81.0,Noite,0
4989,2026-05-04 22:23:00,EQ-023,Cascavel,32.2,33.2,25.1,Misto,10.8,619.0,Transporte,7.0,177.0,11.2,41.0,Tarde,0
4990,2026-05-04 22:25:00,EQ-011,Cascavel,71.7,14.8,19.9,Argiloso,11.5,966.0,Colheita,6.0,227.0,9.2,104.0,Manha,0
4991,2026-05-04 22:29:00,EQ-012,Rio Verde,20.0,22.6,31.7,Misto,11.1,542.0,Pulverizacao,13.0,179.0,7.2,101.0,Manha,1
4992,2026-05-04 22:37:00,EQ-019,Sorriso,100.0,37.2,29.1,Argiloso,18.2,238.0,Plantio,14.0,123.0,6.7,95.0,Manha,1
4993,2026-05-04 22:57:00,EQ-026,Lucas do Rio Verde,95.1,22.7,29.6,Argiloso,4.3,109.0,Pulverizacao,7.0,228.0,7.7,65.0,Tarde,1
4994,2026-05-04 23:03:00,EQ-028,Sorriso,50.3,33.6,31.2,Arenoso,10.9,215.0,Colheita,10.0,82.0,10.1,120.0,Manha,0
4995,2026-05-05 00:14:00,EQ-029,Rio Verde,51.3,12.3,32.7,Encharcado,13.3,1630.0,Colheita,5.0,336.0,7.4,79.0,Manha,0
4996,2026-05-05 00:18:00,EQ-009,Barreiras,82.0,34.8,30.0,Arenoso,6.1,84.0,Transporte,3.0,120.0,9.2,120.0,Tarde,0
4997,2026-05-05 01:43:00,EQ-018,Barreiras,60.4,46.7,37.9,Misto,6.4,577.0,Colheita,10.0,62.0,5.2,42.0,Noite,1
4998,2026-05-05 01:57:00,EQ-011,Rio Verde,70.9,40.6,29.6,Argiloso,23.4,733.0,Plantio,6.0,425.0,7.8,64.0,Manha,0
4999,2026-05-05 02:13:00,EQ-039,Rio Verde,24.0,44.4,30.9,Arenoso,5.1,550.0,Colheita,11.0,251.0,3.8,71.0,Manha,0
5000,2026-05-05 02:23:00,EQ-031,Cascavel,54.9,8.3,29.0,Misto,8.4,261.0,Colheita,6.0,57.0,9.6,104.0,Noite,1
5001,2026-05-05 03:17:00,EQ-025,Rio Verde,28.2,5.9,30.6,Misto,36.6,257.0,Colheita,2.0,346.0,7.8,120.0,Tarde,1
5002,2026-05-05 03:33:00,EQ-032,Nao-Me-Toque,47.6,27.3,26.1,Arenoso,28.9,215.0,Pulverizacao,11.0,172.0,7.7,92.0,Manha,0
5003,2026-05-05 03:35:00,EQ-019,Lucas do Rio Verde,61.3,44.7,26.7,Argiloso,3.8,1254.0,Pulverizacao,7.0,17.0,4.1,87.0,Tarde,0
5004,2026-05-05 03:47:00,EQ-040,Sorriso,86.8,111.3,23.2,Arenoso,1.7,1026.0,Transporte,13.0,119.0,2.8,77.0,Tarde,1
5005,2026-05-05 03:49:00,EQ-003,Barreiras,53.2,54.3,29.9,Misto,12.9,1250.0,Transporte,5.0,235.0,6.9,69.0,Manha,0
5006,2026-05-05 04:04:00,EQ-031,Sorriso,70.6,18.4,22.2,Argiloso,11.7,638.0,Pulverizacao,13.0,175.0,10.5,57.0,Noite,0
5007,2026-05-05 04:18:00,EQ-009,Nao-Me-Toque,43.9,23.2,24.5,Argiloso,4.4,505.0,Colheita,10.0,143.0,12.9,41.0,Tarde,0
5008,2026-05-05 04:24:00,EQ-022,Barreiras,65.5,18.1,23.2,Arenoso,5.3,322.0,Colheita,9.0,31.0,6.6,70.0,Manha,1
5009,2026-05-05 04:25:00,EQ-017,Sorriso,51.6,31.8,26.1,Misto,11.8,1242.0,Pulverizacao,2.0,197.0,5.8,109.0,Tarde,0
5010,2026-05-05 04:33:00,EQ-004,Sorriso,50.4,18.5,26.4,Arenoso,5.4,1345.0,Plantio,8.0,342.0,14.5,83.0,Manha,0
5011,2026-05-05 05:30:00,EQ-035,Sorriso,63.3,51.3,35.6,Arenoso,36.4,882.0,Plantio,8.0,132.0,15.2,68.0,Manha,0
5012,2026-05-05 05:31:00,EQ-033,Cascavel,77.5,14.8,27.3,Misto,5.4,937.0,Plantio,2.0,67.0,8.5,58.0,Manha,0
5013,2026-05-05 05:44:00,EQ-029,Cascavel,46.4,68.8,25.3,Misto,3.9,454.0,Pulverizacao,22.0,246.0,2.0,88.0,Manha,0
5014,2026-05-05 05:56:00,EQ-019,Lucas do Rio Verde,45.9,32.8,29.2,Argiloso,10.2,1391.0,Pulverizacao,19.0,32.0,4.6,89.0,Tarde,0
5015,2026-05-05 06:25:00,EQ-014,Sorriso,81.6,50.8,21.6,Argiloso,1.4,372.0,Pulverizacao,4.0,105.0,7.3,89.0,Tarde,1
5016,2026-05-05 06:36:00,EQ-002,Lucas do Rio Verde,46.3,116.3,24.3,Arenoso,10.7,656.0,Colheita,8.0,48.0,2.2,62.0,Manha,0
5017,2026-05-05 06:37:00,EQ-020,Barreiras,69.8,76.2,24.7,Argiloso,9.9,588.0,Colheita,4.0,70.0,7.7,61.0,Manha,1
5018,2026-05-05 07:03:00,EQ-018,Sorriso,50.7,97.7,26.5,Argiloso,5.4,500.0,Pulverizacao,1.0,63.0,7.2,57.0,Tarde,0
5019,2026-05-05 07:06:00,EQ-011,Lucas do Rio Verde,69.7,114.0,16.4,Misto,8.4,177.0,Colheita,16.0,241.0,12.7,54.0,Tarde,1
5020,2026-05-05 07:15:00,EQ-008,Cascavel,67.8,28.6,24.8,Argiloso,8.9,1435.0,Transporte,16.0,133.0,4.7,44.0,Tarde,0
5021,2026-05-05 08:23:00,EQ-021,Lucas do Rio Verde,71.9,19.9,34.3,Argiloso,8.9,245.0,Plantio,5.0,278.0,7.6,81.0,Tarde,1
5022,2026-05-05 08:25:00,EQ-031,Lucas do Rio Verde,44.3,24.5,25.6,Argiloso,5.5,890.0,Transporte,5.0,271.0,6.7,97.0,Manha,0
5023,2026-05-05 08:29:00,EQ-035,Cascavel,64.6,66.2,22.6,Argiloso,13.4,853.0,Colheita,5.0,87.0,9.2,74.0,Tarde,0
5024,2026-05-05 08:41:00,EQ-007,Sorriso,56.1,13.6,29.9,Arenoso,7.1,1504.0,Plantio,14.0,243.0,3.4,108.0,Tarde,1
5025,2026-05-05 09:29:00,EQ-014,Sorriso,23.4,34.8,19.7,Misto,7.5,1588.0,Colheita,2.0,142.0,8.3,99.0,Manha,0
5026,2026-05-05 09:45:00,EQ-033,Rio Verde,41.8,11.2,22.0,Encharcado,12.1,587.0,Transporte,10.0,439.0,7.2,100.0,Noite,1
5027,2026-05-05 09:59:00,EQ-036,Lucas do Rio Verde,40.5,26.1,27.3,Arenoso,14.8,846.0,Pulverizacao,4.0,21.0,9.5,80.0,Noite,0
5028,2026-05-05 10:53:00,EQ-022,Lucas do Rio Verde,41.3,40.9,38.4,Arenoso,5.0,138.0,Colheita,14.0,30.0,11.2,59.0,Manha,0
5029,2026-05-05 11:16:00,EQ-005,Cascavel,89.4,28.6,20.7,Misto,1.7,561.0,Colheita,2.0,151.0,12.3,83.0,Noite,0
5030,2026-05-05 11:25:00,EQ-021,Nao-Me-Toque,79.1,26.0,23.5,Arenoso,7.8,233.0,Transporte,3.0,102.0,5.6,79.0,Noite,0
5031,2026-05-05 12:09:00,EQ-009,Cascavel,56.6,7.7,33.9,Argiloso,5.2,154.0,Pulverizacao,11.0,215.0,7.1,56.0,Noite,0
5032,2026-05-05 12:19:00,EQ-007,Sorriso,93.1,23.8,27.0,Misto,40.9,249.0,Plantio,4.0,99.0,4.9,55.0,Tarde,1
5033,2026-05-05 12:22:00,EQ-009,Sorriso,35.1,65.7,38.2,Misto,17.5,2000.0,Pulverizacao,9.0,17.0,11.3,79.0,Tarde,0
5034,2026-05-05 12:41:00,EQ-020,Nao-Me-Toque,46.2,16.2,29.3,Argiloso,17.5,424.0,Plantio,3.0,103.0,9.4,99.0,Manha,0
5035,2026-05-05 12:45:00,EQ-008,Sorriso,47.7,19.4,40.6,Misto,4.7,573.0,Colheita,15.0,40.0,10.2,58.0,Manha,0
5036,2026-05-05 12:52:00,EQ-013,Cascavel,16.2,39.3,27.0,Misto,5.2,545.0,Colheita,6.0,190.0,13.7,60.0,Tarde,0
5037,2026-05-05 12:56:00,EQ-030,Barreiras,47.7,4.3,27.1,Encharcado,5.7,78.0,Pulverizacao,4.0,330.0,9.4,114.0,Tarde,1
5038,2026-05-05 13:34:00,EQ-036,Rio Verde,65.2,10.7,31.4,Arenoso,15.5,585.0,Plantio,5.0,30.0,8.7,72.0,Manha,0
5039,2026-05-05 13:35:00,EQ-030,Sorriso,49.6,50.7,26.8,Misto,16.8,1083.0,Plantio,4.0,181.0,4.7,88.0,Noite,0
5040,2026-05-05 13:45:00,EQ-040,Lucas do Rio Verde,52.6,27.1,32.5,Argiloso,0.8,706.0,Colheita,1.0,30.0,4.2,67.0,Manha,0
5041,2026-05-05 14:23:00,EQ-022,Nao-Me-Toque,23.5,51.0,27.1,Misto,13.7,309.0,Plantio,6.0,230.0,6.6,108.0,Tarde,0
5042,2026-05-05 14:48:00,EQ-033,Sorriso,57.6,14.2,26.2,Arenoso,3.0,595.0,Colheita,6.0,83.0,1.9,88.0,Noite,0
5043,2026-05-05 15:00:00,EQ-016,Lucas do Rio Verde,37.7,27.3,26.0,Argiloso,7.3,1084.0,Colheita,11.0,104.0,11.7,66.0,Noite,0
5044,2026-05-05 15:09:00,EQ-039,Rio Verde,67.6,41.0,32.3,Misto,11.1,129.0,Colheita,6.0,60.0,8.9,91.0,Tarde,1
5045,2026-05-05 15:29:00,EQ-013,Rio Verde,87.2,42.0,35.3,Argiloso,6.0,895.0,Colheita,9.0,346.0,4.3,57.0,Tarde,1
5046,2026-05-05 17:09:00,EQ-033,Rio Verde,40.4,17.4,24.8,Arenoso,2.9,293.0,Plantio,15.0,30.0,6.8,98.0,Noite,0
5047,2026-05-05 17:18:00,EQ-020,Rio Verde,74.8,73.0,26.1,Argiloso,13.6,297.0,Pulverizacao,4.0,337.0,6.1,56.0,Tarde,1
5048,2026-05-05 17:29:00,EQ-020,Cascavel,6.7,48.5,35.5,Arenoso,9.0,284.0,Transporte,12.0,383.0,8.7,102.0,Manha,1
5049,2026-05-05 17:35:00,EQ-024,Cascavel,73.2,47.9,19.6,Arenoso,15.1,640.0,Pulverizacao,8.0,232.0,9.6,84.0,Noite,1
5050,2026-05-05 17:37:00,EQ-010,Nao-Me-Toque,30.1,15.0,14.6,Argiloso,12.0,148.0,Plantio,7.0,184.0,5.7,70.0,Manha,0
5051,2026-05-05 18:26:00,EQ-019,Barreiras,38.2,27.6,31.1,Misto,18.8,813.0,Colheita,6.0,120.0,3.5,67.0,Tarde,0
5052,2026-05-05 18:41:00,EQ-009,Nao-Me-Toque,61.6,40.6,13.0,Argiloso,5.9,1195.0,Colheita,8.0,38.0,9.2,40.0,Manha,0
5053,2026-05-05 18:51:00,EQ-020,Lucas do Rio Verde,35.3,17.3,27.2,Misto,11.4,257.0,Pulverizacao,1.0,123.0,7.5,67.0,Manha,0
5054,2026-05-05 18:59:00,EQ-019,Barreiras,37.9,68.4,42.6,Arenoso,15.5,1470.0,Pulverizacao,3.0,225.0,7.4,41.0,Manha,0
5055,2026-05-05 19:02:00,EQ-024,Rio Verde,76.6,17.3,24.1,Argiloso,18.0,869.0,Plantio,5.0,314.0,7.5,69.0,Tarde,1
5056,2026-05-05 19:44:00,EQ-023,Cascavel,74.7,85.8,30.6,Encharcado,18.7,1192.0,Plantio,4.0,143.0,9.9,61.0,Manha,1
5057,2026-05-05 21:33:00,EQ-026,Sorriso,95.0,58.5,23.8,Argiloso,6.9,696.0,Plantio,2.0,187.0,5.0,73.0,Noite,0
5058,2026-05-05 21:39:00,EQ-026,Lucas do Rio Verde,62.0,84.3,28.2,Argiloso,10.2,1156.0,Pulverizacao,0.0,147.0,4.9,72.0,Manha,0
5059,2026-05-05 22:02:00,EQ-035,Sorriso,16.6,102.6,25.5,Argiloso,6.4,538.0,Plantio,9.0,270.0,8.8,62.0,Manha,1
5060,2026-05-05 22:13:00,EQ-024,Cascavel,43.4,36.0,22.5,Argiloso,1.2,1308.0,Pulverizacao,9.0,161.0,8.9,46.0,Manha,0
5061,2026-05-05 22:16:00,EQ-031,Nao-Me-Toque,47.1,32.6,32.9,Misto,3.5,405.0,Plantio,6.0,250.0,11.2,51.0,Manha,0
5062,2026-05-05 22:19:00,EQ-040,Sorriso,48.8,31.6,28.1,Arenoso,11.2,269.0,Plantio,7.0,83.0,15.9,103.0,Noite,1
5063,2026-05-05 22:57:00,EQ-029,Barreiras,52.9,11.5,19.6,Encharcado,19.5,310.0,Pulverizacao,4.0,49.0,15.2,102.0,Manha,1
5064,2026-05-05 23:05:00,EQ-040,Lucas do Rio Verde,5.0,16.6,33.4,Arenoso,5.9,668.0,Pulverizacao,5.0,87.0,7.3,88.0,Noite,0
5065,2026-05-05 23:10:00,EQ-014,Nao-Me-Toque,34.8,29.1,17.6,Argiloso,28.3,385.0,Plantio,9.0,136.0,9.6,106.0,Tarde,1
5066,2026-05-06 01:15:00,EQ-001,Cascavel,42.1,24.9,28.7,Misto,2.3,725.0,Plantio,14.0,139.0,4.6,88.0,Tarde,0
5067,2026-05-06 02:03:00,EQ-032,Sorriso,51.3,75.6,25.5,Argiloso,8.2,238.0,Pulverizacao,4.0,60.0,10.0,89.0,Manha,0
5068,2026-05-06 02:24:00,EQ-009,Barreiras,63.8,15.4,31.6,Arenoso,7.6,1102.0,Plantio,14.0,266.0,6.8,79.0,Manha,0
5069,2026-05-06 02:43:00,EQ-002,Barreiras,73.8,25.0,27.1,Misto,4.1,282.0,Pulverizacao,5.0,101.0,3.7,66.0,Manha,1
5070,2026-05-06 02:49:00,EQ-010,Nao-Me-Toque,31.8,59.9,24.9,Argiloso,23.9,1323.0,Plantio,9.0,362.0,8.6,47.0,Tarde,0
5071,2026-05-06 03:58:00,EQ-026,Nao-Me-Toque,34.0,20.3,16.9,Arenoso,12.4,1550.0,Pulverizacao,8.0,291.0,2.0,93.0,Tarde,0
5072,2026-05-06 04:40:00,EQ-033,Cascavel,69.0,22.6,32.4,Misto,9.4,691.0,Pulverizacao,11.0,234.0,8.8,74.0,Tarde,0
5073,2026-05-06 05:19:00,EQ-036,Nao-Me-Toque,40.6,56.4,39.2,Arenoso,1.6,828.0,Colheita,2.0,94.0,11.9,63.0,Tarde,0
5074,2026-05-06 06:32:00,EQ-015,Sorriso,49.1,88.4,27.9,Encharcado,3.5,148.0,Colheita,4.0,390.0,9.1,80.0,Manha,0
5075,2026-05-06 06:39:00,EQ-004,Cascavel,50.3,54.5,28.3,Arenoso,9.1,1381.0,Pulverizacao,2.0,155.0,7.3,52.0,Tarde,0
5076,2026-05-06 06:49:00,EQ-020,Sorriso,47.8,16.9,28.0,Encharcado,22.3,774.0,Colheita,5.0,374.0,4.4,48.0,Manha,0
5077,2026-05-06 07:33:00,EQ-038,Sorriso,32.7,54.1,25.9,Misto,1.4,1279.0,Colheita,14.0,79.0,12.6,94.0,Tarde,1
5078,2026-05-06 07:46:00,EQ-023,Cascavel,42.4,68.4,34.2,Arenoso,9.8,2000.0,Pulverizacao,13.0,33.0,3.1,46.0,Manha,0
5079,2026-05-06 08:46:00,EQ-038,Sorriso,44.4,93.2,17.9,Arenoso,9.7,168.0,Colheita,2.0,258.0,7.7,58.0,Tarde,0
5080,2026-05-06 09:04:00,EQ-024,Barreiras,76.3,84.3,24.3,Misto,7.3,118.0,Pulverizacao,4.0,49.0,3.2,69.0,Manha,1
5081,2026-05-06 09:10:00,EQ-003,Barreiras,55.3,42.6,33.4,Argiloso,19.0,369.0,Pulverizacao,1.0,314.0,6.8,73.0,Manha,0
5082,2026-05-06 09:32:00,EQ-006,Barreiras,46.1,26.3,28.8,Arenoso,13.6,1705.0,Transporte,9.0,508.0,9.1,70.0,Tarde,0
5083,2026-05-06 10:04:00,EQ-034,Cascavel,53.1,12.8,23.3,Arenoso,2.8,1218.0,Transporte,6.0,72.0,10.4,40.0,Tarde,0
5084,2026-05-06 10:21:00,EQ-021,Sorriso,61.1,31.3,26.9,Argiloso,9.6,2000.0,Plantio,4.0,448.0,5.5,72.0,Noite,0
5085,2026-05-06 10:45:00,EQ-016,Cascavel,59.1,3.9,26.9,Argiloso,3.0,1388.0,Plantio,9.0,447.0,7.5,95.0,Noite,0
5086,2026-05-06 11:19:00,EQ-026,Lucas do Rio Verde,43.0,37.0,35.2,Argiloso,17.4,522.0,Transporte,5.0,90.0,8.6,74.0,Tarde,0
5087,2026-05-06 11:26:00,EQ-021,Nao-Me-Toque,44.4,29.8,38.7,Arenoso,18.2,121.0,Transporte,8.0,80.0,5.6,78.0,Manha,1
5088,2026-05-06 11:32:00,EQ-032,Sorriso,54.1,84.9,25.9,Misto,1.6,900.0,Transporte,2.0,246.0,3.4,93.0,Noite,0
5089,2026-05-06 11:56:00,EQ-013,Rio Verde,54.4,52.3,34.5,Argiloso,19.5,290.0,Plantio,22.0,305.0,11.3,69.0,Tarde,1
5090,2026-05-06 12:08:00,EQ-027,Lucas do Rio Verde,59.2,52.9,25.1,Arenoso,10.0,2000.0,Transporte,19.0,318.0,10.3,69.0,Noite,0
5091,2026-05-06 12:09:00,EQ-017,Sorriso,51.6,43.7,37.3,Arenoso,20.0,201.0,Colheita,13.0,296.0,6.6,95.0,Tarde,1
5092,2026-05-06 12:25:00,EQ-025,Rio Verde,76.2,21.5,26.5,Misto,2.5,162.0,Plantio,7.0,93.0,12.3,68.0,Manha,0
5093,2026-05-06 12:52:00,EQ-006,Cascavel,38.1,5.1,19.5,Encharcado,7.4,326.0,Colheita,4.0,76.0,8.3,84.0,Tarde,0
5094,2026-05-06 13:12:00,EQ-002,Barreiras,55.8,16.8,31.3,Arenoso,9.5,749.0,Pulverizacao,3.0,88.0,6.7,59.0,Tarde,0
5095,2026-05-06 13:30:00,EQ-003,Rio Verde,77.7,38.3,24.9,Arenoso,0.4,329.0,Transporte,4.0,552.0,6.5,68.0,Tarde,0
5096,2026-05-06 13:38:00,EQ-006,Rio Verde,63.7,36.8,32.0,Arenoso,5.0,2000.0,Plantio,25.0,220.0,9.7,78.0,Tarde,0
5097,2026-05-06 13:39:00,EQ-037,Lucas do Rio Verde,71.4,31.2,23.3,Arenoso,12.6,2000.0,Colheita,1.0,110.0,11.2,69.0,Noite,0
5098,2026-05-06 13:41:00,EQ-007,Sorriso,53.6,32.5,32.8,Argiloso,12.4,1631.0,Colheita,7.0,176.0,6.9,106.0,Tarde,0
5099,2026-05-06 13:54:00,EQ-030,Nao-Me-Toque,48.7,60.7,30.6,Misto,6.1,697.0,Colheita,2.0,240.0,9.9,77.0,Tarde,0
5100,2026-05-06 14:14:00,EQ-001,Sorriso,56.1,6.4,27.8,Argiloso,20.6,137.0,Pulverizacao,2.0,102.0,11.3,67.0,Manha,1
5101,2026-05-06 15:23:00,EQ-005,Lucas do Rio Verde,55.6,44.7,30.0,Misto,6.7,221.0,Pulverizacao,11.0,136.0,8.7,88.0,Tarde,1
5102,2026-05-06 15:46:00,EQ-019,Cascavel,88.7,23.1,20.6,Misto,1.9,512.0,Plantio,17.0,283.0,9.5,84.0,Manha,1
5103,2026-05-06 16:17:00,EQ-019,Lucas do Rio Verde,70.9,39.2,38.6,Misto,4.6,1065.0,Pulverizacao,8.0,42.0,8.8,91.0,Manha,0
5104,2026-05-06 16:30:00,EQ-026,Cascavel,46.6,23.5,24.7,Misto,8.0,571.0,Pulverizacao,4.0,123.0,8.8,93.0,Tarde,0
5105,2026-05-06 16:43:00,EQ-033,Barreiras,72.4,30.7,25.0,Encharcado,14.4,467.0,Pulverizacao,7.0,319.0,8.7,79.0,Tarde,1
5106,2026-05-06 16:56:00,EQ-001,Lucas do Rio Verde,57.9,42.1,32.8,Misto,21.8,763.0,Colheita,5.0,94.0,9.0,57.0,Tarde,0
5107,2026-05-06 17:17:00,EQ-023,Rio Verde,36.2,38.8,22.8,Argiloso,0.5,549.0,Transporte,18.0,190.0,8.1,74.0,Manha,0
5108,2026-05-06 17:25:00,EQ-006,Sorriso,67.0,22.3,31.0,Argiloso,20.3,355.0,Pulverizacao,9.0,168.0,4.6,80.0,Tarde,1
5109,2026-05-06 17:59:00,EQ-025,Sorriso,62.7,33.6,24.0,Arenoso,3.2,387.0,Transporte,14.0,307.0,11.6,74.0,Manha,0
5110,2026-05-06 18:51:00,EQ-013,Barreiras,66.4,20.1,28.0,Misto,26.5,1087.0,Plantio,7.0,101.0,7.8,85.0,Manha,0
5111,2026-05-06 18:54:00,EQ-003,Nao-Me-Toque,59.6,114.1,24.7,Arenoso,11.1,313.0,Plantio,11.0,203.0,3.3,74.0,Noite,0
5112,2026-05-06 19:18:00,EQ-028,Sorriso,37.7,8.7,31.7,Encharcado,12.3,599.0,Colheita,5.0,175.0,11.9,114.0,Manha,1
5113,2026-05-06 20:07:00,EQ-040,Nao-Me-Toque,35.0,56.9,17.7,Encharcado,4.7,917.0,Plantio,2.0,245.0,9.4,83.0,Tarde,0
5114,2026-05-06 20:21:00,EQ-015,Nao-Me-Toque,71.7,15.1,30.9,Argiloso,11.5,1390.0,Colheita,4.0,89.0,9.2,56.0,Manha,0
5115,2026-05-06 20:31:00,EQ-004,Lucas do Rio Verde,49.3,30.5,21.9,Arenoso,12.7,1245.0,Plantio,12.0,146.0,8.6,100.0,Manha,0
5116,2026-05-06 20:32:00,EQ-015,Lucas do Rio Verde,68.5,16.9,26.0,Encharcado,9.9,212.0,Colheita,4.0,57.0,5.8,84.0,Manha,1
5117,2026-05-06 20:56:00,EQ-026,Nao-Me-Toque,61.4,1.2,21.7,Misto,13.5,2000.0,Pulverizacao,4.0,229.0,4.1,44.0,Tarde,0
5118,2026-05-06 22:08:00,EQ-019,Cascavel,66.2,52.1,25.4,Argiloso,32.2,595.0,Plantio,5.0,578.0,6.6,79.0,Manha,1
5119,2026-05-06 22:59:00,EQ-012,Lucas do Rio Verde,60.0,59.9,33.0,Argiloso,3.3,870.0,Colheita,1.0,41.0,11.4,81.0,Manha,0
5120,2026-05-06 23:03:00,EQ-009,Cascavel,33.4,44.3,26.3,Arenoso,3.3,530.0,Colheita,4.0,19.0,9.0,74.0,Tarde,0
5121,2026-05-06 23:14:00,EQ-024,Barreiras,100.0,20.9,26.2,Misto,20.0,132.0,Colheita,11.0,102.0,15.4,103.0,Manha,1
5122,2026-05-06 23:20:00,EQ-023,Barreiras,51.1,88.7,26.9,Misto,13.0,510.0,Colheita,4.0,477.0,10.8,87.0,Tarde,0
5123,2026-05-06 23:35:00,EQ-039,Lucas do Rio Verde,37.1,49.7,23.2,Misto,9.3,2000.0,Colheita,7.0,165.0,11.9,77.0,Tarde,0
5124,2026-05-06 23:58:00,EQ-039,Lucas do Rio Verde,30.9,14.9,27.3,Argiloso,0.8,245.0,Plantio,9.0,473.0,6.5,65.0,Manha,0
5125,2026-05-07 00:02:00,EQ-003,Lucas do Rio Verde,62.0,32.1,23.2,Argiloso,2.8,211.0,Colheita,9.0,179.0,6.1,74.0,Manha,1
5126,2026-05-07 00:58:00,EQ-024,Nao-Me-Toque,25.3,51.1,31.7,Encharcado,11.3,626.0,Transporte,2.0,59.0,7.5,57.0,Manha,0
5127,2026-05-07 01:07:00,EQ-010,Nao-Me-Toque,52.2,62.0,29.1,Encharcado,10.1,605.0,Plantio,5.0,239.0,9.9,70.0,Tarde,0
5128,2026-05-07 01:17:00,EQ-024,Lucas do Rio Verde,34.4,75.9,19.9,Misto,31.8,1732.0,Pulverizacao,7.0,226.0,6.1,66.0,Tarde,0
5129,2026-05-07 01:21:00,EQ-021,Rio Verde,41.1,10.2,27.5,Misto,4.7,1032.0,Plantio,16.0,445.0,5.5,61.0,Noite,0
5130,2026-05-07 01:47:00,EQ-015,Barreiras,53.2,30.7,33.5,Argiloso,6.4,607.0,Pulverizacao,10.0,140.0,5.8,73.0,Tarde,0
5131,2026-05-07 02:04:00,EQ-018,Nao-Me-Toque,71.0,46.2,29.5,Argiloso,4.8,1066.0,Colheita,15.0,169.0,3.3,101.0,Tarde,0
5132,2026-05-07 02:07:00,EQ-039,Barreiras,26.8,79.9,32.0,Encharcado,16.8,617.0,Plantio,8.0,105.0,12.5,68.0,Tarde,0
5133,2026-05-07 03:10:00,EQ-018,Nao-Me-Toque,51.6,32.7,30.0,Arenoso,3.7,407.0,Colheita,8.0,158.0,12.8,94.0,Tarde,0
5134,2026-05-07 03:27:00,EQ-015,Barreiras,88.4,99.5,21.4,Encharcado,3.9,487.0,Pulverizacao,24.0,74.0,12.5,80.0,Manha,1
5135,2026-05-07 03:59:00,EQ-026,Barreiras,48.8,20.0,33.7,Misto,5.1,395.0,Plantio,6.0,297.0,10.1,63.0,Noite,0
5136,2026-05-07 04:11:00,EQ-014,Rio Verde,40.2,78.8,28.6,Argiloso,21.0,1215.0,Colheita,7.0,180.0,6.6,94.0,Noite,0
5137,2026-05-07 04:33:00,EQ-021,Barreiras,99.1,48.2,14.9,Arenoso,13.9,296.0,Colheita,7.0,250.0,12.2,80.0,Manha,0
5138,2026-05-07 04:34:00,EQ-017,Nao-Me-Toque,57.3,51.9,11.9,Misto,8.0,1166.0,Transporte,5.0,283.0,6.4,88.0,Manha,0
5139,2026-05-07 04:52:00,EQ-001,Cascavel,48.4,53.8,41.8,Arenoso,2.0,1250.0,Plantio,6.0,31.0,7.5,83.0,Tarde,0
5140,2026-05-07 05:00:00,EQ-020,Sorriso,53.9,14.8,9.3,Encharcado,26.4,1694.0,Transporte,3.0,150.0,4.2,87.0,Manha,0
5141,2026-05-07 05:03:00,EQ-014,Sorriso,59.2,17.7,32.7,Arenoso,18.0,732.0,Pulverizacao,4.0,62.0,11.9,73.0,Tarde,0
5142,2026-05-07 05:11:00,EQ-008,Nao-Me-Toque,25.0,28.6,27.5,Encharcado,9.1,467.0,Pulverizacao,6.0,86.0,7.5,71.0,Tarde,1
5143,2026-05-07 05:16:00,EQ-014,Rio Verde,5.0,29.8,24.6,Arenoso,9.6,1228.0,Pulverizacao,10.0,128.0,11.0,72.0,Tarde,0
5144,2026-05-07 05:44:00,EQ-023,Rio Verde,57.4,5.7,32.0,Argiloso,16.8,1148.0,Pulverizacao,13.0,269.0,12.3,89.0,Manha,0
5145,2026-05-07 06:15:00,EQ-040,Rio Verde,72.5,53.1,30.4,Misto,15.6,1730.0,Pulverizacao,9.0,87.0,12.6,54.0,Manha,0
5146,2026-05-07 06:21:00,EQ-009,Sorriso,100.0,5.7,24.0,Misto,11.0,250.0,Transporte,1.0,244.0,5.2,77.0,Manha,1
5147,2026-05-07 06:23:00,EQ-025,Cascavel,13.0,27.1,32.8,Argiloso,15.5,1266.0,Pulverizacao,2.0,236.0,8.3,81.0,Manha,0
5148,2026-05-07 06:44:00,EQ-026,Lucas do Rio Verde,66.2,66.5,26.9,Arenoso,3.9,333.0,Transporte,3.0,436.0,7.6,40.0,Manha,1
5149,2026-05-07 06:52:00,EQ-001,Lucas do Rio Verde,48.7,65.8,39.6,Arenoso,8.0,1142.0,Transporte,15.0,20.0,9.7,58.0,Tarde,0
5150,2026-05-07 07:16:00,EQ-029,Nao-Me-Toque,42.1,67.8,39.6,Argiloso,3.6,257.0,Colheita,25.0,263.0,10.1,79.0,Noite,1
5151,2026-05-07 07:18:00,EQ-033,Barreiras,79.6,18.7,35.5,Arenoso,12.0,118.0,Pulverizacao,5.0,189.0,9.4,40.0,Tarde,0
5152,2026-05-07 07:22:00,EQ-006,Nao-Me-Toque,40.8,38.7,40.0,Arenoso,6.9,363.0,Plantio,1.0,235.0,7.9,60.0,Manha,0
5153,2026-05-07 07:32:00,EQ-022,Sorriso,38.5,24.9,32.5,Arenoso,31.3,1229.0,Transporte,6.0,87.0,8.4,81.0,Manha,1
5154,2026-05-07 08:00:00,EQ-026,Lucas do Rio Verde,39.6,66.9,31.0,Argiloso,2.9,254.0,Transporte,7.0,496.0,11.3,88.0,Manha,1
5155,2026-05-07 08:37:00,EQ-018,Sorriso,63.8,72.7,34.7,Arenoso,11.1,1113.0,Plantio,8.0,141.0,4.7,54.0,Manha,0
5156,2026-05-07 08:38:00,EQ-023,Rio Verde,87.0,16.5,25.9,Misto,19.7,429.0,Colheita,20.0,70.0,12.2,84.0,Tarde,1
5157,2026-05-07 09:05:00,EQ-004,Barreiras,45.5,25.0,23.2,Argiloso,10.0,172.0,Plantio,6.0,363.0,3.3,73.0,Manha,0
5158,2026-05-07 09:09:00,EQ-018,Sorriso,23.1,35.4,19.3,Argiloso,11.4,625.0,Pulverizacao,3.0,383.0,9.5,94.0,Tarde,0
5159,2026-05-07 09:38:00,EQ-023,Nao-Me-Toque,67.5,35.0,33.7,Argiloso,6.0,596.0,Plantio,5.0,114.0,7.7,100.0,Manha,1
5160,2026-05-07 11:00:00,EQ-034,Lucas do Rio Verde,40.3,29.5,26.7,Arenoso,3.1,241.0,Pulverizacao,12.0,47.0,6.4,79.0,Tarde,0
5161,2026-05-07 11:04:00,EQ-003,Barreiras,66.4,40.9,27.2,Argiloso,15.4,1301.0,Plantio,9.0,387.0,4.9,84.0,Tarde,0
5162,2026-05-07 11:43:00,EQ-038,Barreiras,44.5,46.9,23.6,Encharcado,15.2,41.0,Transporte,10.0,600.0,3.1,60.0,Tarde,1
5163,2026-05-07 12:28:00,EQ-023,Barreiras,55.1,8.0,35.1,Arenoso,19.1,513.0,Pulverizacao,2.0,98.0,6.5,83.0,Manha,0
5164,2026-05-07 12:54:00,EQ-029,Barreiras,78.3,20.2,21.0,Arenoso,9.6,410.0,Plantio,4.0,6.0,5.7,105.0,Manha,0
5165,2026-05-07 13:56:00,EQ-032,Sorriso,76.6,40.3,24.8,Misto,7.7,397.0,Colheita,17.0,153.0,7.0,93.0,Tarde,1
5166,2026-05-07 14:19:00,EQ-024,Rio Verde,57.9,12.5,25.8,Misto,25.1,238.0,Plantio,13.0,100.0,7.5,84.0,Tarde,0
5167,2026-05-07 14:29:00,EQ-038,Lucas do Rio Verde,18.2,16.1,28.9,Argiloso,20.5,944.0,Colheita,4.0,95.0,9.6,71.0,Manha,0
5168,2026-05-07 15:12:00,EQ-021,Lucas do Rio Verde,55.6,64.8,26.7,Arenoso,9.8,576.0,Transporte,9.0,86.0,6.5,79.0,Tarde,0
5169,2026-05-07 15:24:00,EQ-014,Nao-Me-Toque,58.4,17.4,30.3,Misto,12.3,200.0,Colheita,5.0,488.0,8.5,91.0,Manha,1
5170,2026-05-07 15:34:00,EQ-010,Rio Verde,74.1,52.3,24.2,Argiloso,10.0,640.0,Colheita,3.0,213.0,9.9,69.0,Manha,0
5171,2026-05-07 15:37:00,EQ-004,Rio Verde,63.4,34.5,21.5,Argiloso,7.5,734.0,Colheita,7.0,39.0,5.6,88.0,Manha,0
5172,2026-05-07 15:53:00,EQ-038,Rio Verde,47.8,86.1,36.0,Arenoso,3.2,107.0,Pulverizacao,5.0,3.0,8.4,48.0,Manha,0
5173,2026-05-07 15:56:00,EQ-010,Cascavel,65.2,70.4,34.4,Misto,0.4,459.0,Plantio,10.0,247.0,14.0,68.0,Tarde,0
5174,2026-05-07 16:16:00,EQ-009,Rio Verde,72.4,13.6,28.0,Misto,8.4,284.0,Plantio,1.0,321.0,5.8,73.0,Noite,0
5175,2026-05-07 16:23:00,EQ-021,Barreiras,94.3,86.8,27.6,Argiloso,4.9,1068.0,Plantio,3.0,50.0,7.2,68.0,Manha,0
5176,2026-05-07 16:31:00,EQ-016,Lucas do Rio Verde,47.5,29.4,21.1,Misto,4.3,808.0,Transporte,7.0,130.0,9.9,91.0,Tarde,0
5177,2026-05-07 16:48:00,EQ-031,Nao-Me-Toque,87.0,26.2,17.7,Arenoso,12.9,1460.0,Pulverizacao,5.0,204.0,11.5,77.0,Tarde,0
5178,2026-05-07 16:48:00,EQ-023,Barreiras,92.6,30.7,30.4,Arenoso,11.3,263.0,Colheita,1.0,224.0,0.4,85.0,Noite,1
5179,2026-05-07 16:58:00,EQ-021,Nao-Me-Toque,50.6,32.3,22.9,Arenoso,5.5,841.0,Plantio,2.0,302.0,7.2,88.0,Manha,1
5180,2026-05-07 17:05:00,EQ-032,Rio Verde,20.5,16.7,31.0,Arenoso,17.9,362.0,Plantio,0.0,186.0,6.8,60.0,Tarde,0
5181,2026-05-07 17:28:00,EQ-004,Cascavel,35.4,17.0,18.5,Argiloso,14.8,399.0,Colheita,3.0,213.0,9.6,104.0,Manha,0
5182,2026-05-07 17:40:00,EQ-008,Cascavel,46.3,42.1,24.3,Encharcado,6.8,1058.0,Plantio,4.0,135.0,10.5,73.0,Manha,0
5183,2026-05-07 17:40:00,EQ-025,Lucas do Rio Verde,53.8,14.5,32.8,Encharcado,10.2,558.0,Colheita,2.0,204.0,12.2,68.0,Tarde,0
5184,2026-05-07 17:43:00,EQ-032,Rio Verde,72.8,30.9,43.5,Misto,3.9,1202.0,Colheita,2.0,146.0,4.6,59.0,Tarde,0
5185,2026-05-07 18:09:00,EQ-021,Rio Verde,80.8,10.4,31.3,Argiloso,3.8,1513.0,Plantio,3.0,42.0,10.4,92.0,Tarde,0
5186,2026-05-07 18:11:00,EQ-005,Barreiras,27.5,23.1,32.9,Misto,20.3,437.0,Plantio,6.0,82.0,7.9,77.0,Manha,1
5187,2026-05-07 18:24:00,EQ-040,Sorriso,55.7,17.6,22.8,Argiloso,11.6,407.0,Colheita,7.0,112.0,7.6,68.0,Noite,0
5188,2026-05-07 18:47:00,EQ-035,Lucas do Rio Verde,52.1,25.7,12.9,Argiloso,10.1,747.0,Plantio,13.0,535.0,6.0,91.0,Tarde,0
5189,2026-05-07 18:51:00,EQ-035,Cascavel,45.6,19.9,28.7,Argiloso,9.3,320.0,Pulverizacao,13.0,391.0,4.9,120.0,Tarde,1
5190,2026-05-07 19:17:00,EQ-023,Barreiras,39.4,71.2,30.8,Argiloso,15.8,1189.0,Colheita,3.0,129.0,5.6,82.0,Noite,0
5191,2026-05-07 19:18:00,EQ-014,Nao-Me-Toque,16.8,20.3,32.2,Argiloso,9.1,906.0,Pulverizacao,13.0,241.0,8.8,85.0,Tarde,0
5192,2026-05-07 19:24:00,EQ-023,Cascavel,5.0,32.7,20.9,Argiloso,9.8,657.0,Pulverizacao,5.0,366.0,10.8,108.0,Manha,0
5193,2026-05-07 19:28:00,EQ-037,Barreiras,25.1,93.4,27.4,Misto,11.8,452.0,Transporte,9.0,317.0,3.0,67.0,Noite,0
5194,2026-05-07 20:19:00,EQ-037,Nao-Me-Toque,23.3,51.4,28.7,Encharcado,14.1,1484.0,Pulverizacao,4.0,394.0,2.8,100.0,Tarde,0
5195,2026-05-07 20:50:00,EQ-002,Barreiras,45.7,22.3,18.2,Misto,17.3,1034.0,Plantio,12.0,96.0,8.6,98.0,Tarde,0
5196,2026-05-07 20:51:00,EQ-009,Nao-Me-Toque,67.2,55.6,22.2,Arenoso,20.6,535.0,Colheita,8.0,260.0,5.5,98.0,Manha,1
5197,2026-05-07 21:58:00,EQ-014,Barreiras,38.7,42.5,27.7,Arenoso,8.5,324.0,Pulverizacao,8.0,195.0,4.6,80.0,Tarde,0
5198,2026-05-07 22:28:00,EQ-006,Rio Verde,41.8,31.2,34.1,Argiloso,8.0,32.0,Pulverizacao,7.0,600.0,6.0,77.0,Manha,0
5199,2026-05-07 22:36:00,EQ-021,Barreiras,5.0,7.3,31.1,Encharcado,6.3,239.0,Colheita,8.0,431.0,13.2,95.0,Tarde,0
5200,2026-05-07 22:59:00,EQ-001,Lucas do Rio Verde,66.2,28.7,36.5,Argiloso,5.3,1287.0,Pulverizacao,9.0,291.0,7.7,61.0,Tarde,0
5201,2026-05-07 23:02:00,EQ-030,Lucas do Rio Verde,50.5,40.1,24.3,Arenoso,11.9,705.0,Colheita,4.0,74.0,7.5,95.0,Manha,0
5202,2026-05-07 23:30:00,EQ-012,Rio Verde,61.8,11.2,24.0,Arenoso,19.7,1018.0,Colheita,25.0,62.0,9.4,66.0,Manha,0
5203,2026-05-07 23:58:00,EQ-001,Barreiras,23.1,8.2,40.4,Argiloso,1.9,491.0,Plantio,2.0,256.0,7.1,93.0,Manha,0
5204,2026-05-08 00:56:00,EQ-004,Rio Verde,87.5,61.4,26.8,Misto,4.5,391.0,Colheita,8.0,107.0,4.8,50.0,Tarde,1
5205,2026-05-08 01:00:00,EQ-018,Sorriso,59.0,110.8,39.4,Arenoso,8.6,493.0,Plantio,9.0,53.0,10.7,73.0,Manha,0
5206,2026-05-08 01:02:00,EQ-015,Cascavel,66.3,59.6,27.7,Encharcado,3.3,77.0,Pulverizacao,11.0,38.0,6.0,83.0,Tarde,1
5207,2026-05-08 01:32:00,EQ-016,Cascavel,59.5,9.0,40.1,Arenoso,8.6,736.0,Colheita,23.0,85.0,12.9,98.0,Manha,0
5208,2026-05-08 02:21:00,EQ-020,Nao-Me-Toque,63.5,21.1,20.8,Argiloso,18.0,1632.0,Plantio,1.0,192.0,7.8,50.0,Manha,0
5209,2026-05-08 03:32:00,EQ-001,Nao-Me-Toque,100.0,30.9,38.5,Argiloso,5.0,665.0,Pulverizacao,2.0,600.0,5.4,67.0,Tarde,1
5210,2026-05-08 03:36:00,EQ-020,Lucas do Rio Verde,70.4,91.9,30.9,Misto,12.3,659.0,Colheita,6.0,67.0,8.0,96.0,Tarde,0
5211,2026-05-08 03:49:00,EQ-018,Cascavel,54.5,36.8,24.8,Misto,11.1,185.0,Colheita,4.0,156.0,7.6,40.0,Noite,0
5212,2026-05-08 03:55:00,EQ-040,Lucas do Rio Verde,26.1,29.3,30.0,Argiloso,1.7,752.0,Colheita,18.0,39.0,12.3,82.0,Manha,0
5213,2026-05-08 04:16:00,EQ-020,Nao-Me-Toque,42.0,49.7,22.4,Encharcado,6.5,92.0,Colheita,4.0,138.0,8.9,87.0,Tarde,0
5214,2026-05-08 04:21:00,EQ-025,Cascavel,85.7,17.8,26.6,Argiloso,2.3,1158.0,Colheita,4.0,220.0,9.6,75.0,Noite,1
5215,2026-05-08 04:45:00,EQ-006,Rio Verde,74.8,33.2,23.2,Argiloso,12.6,1611.0,Transporte,3.0,173.0,9.6,104.0,Noite,0
5216,2026-05-08 04:53:00,EQ-037,Nao-Me-Toque,47.8,73.8,25.0,Argiloso,8.8,288.0,Colheita,8.0,101.0,9.9,84.0,Manha,0
5217,2026-05-08 05:37:00,EQ-002,Lucas do Rio Verde,25.1,26.6,34.5,Misto,10.4,233.0,Plantio,11.0,180.0,7.4,99.0,Manha,0
5218,2026-05-08 06:21:00,EQ-035,Barreiras,41.2,105.6,31.6,Arenoso,9.5,696.0,Colheita,8.0,41.0,10.5,69.0,Noite,0
5219,2026-05-08 06:24:00,EQ-040,Rio Verde,34.0,23.4,28.5,Arenoso,18.4,474.0,Pulverizacao,16.0,57.0,7.4,66.0,Manha,1
5220,2026-05-08 06:28:00,EQ-009,Cascavel,28.6,41.3,32.3,Arenoso,7.1,157.0,Pulverizacao,17.0,203.0,6.9,95.0,Noite,1
5221,2026-05-08 06:53:00,EQ-019,Lucas do Rio Verde,44.2,11.7,29.6,Arenoso,28.2,506.0,Colheita,13.0,250.0,11.0,73.0,Manha,0
5222,2026-05-08 07:20:00,EQ-019,Lucas do Rio Verde,48.2,22.8,31.0,Arenoso,5.4,398.0,Pulverizacao,10.0,244.0,3.4,90.0,Tarde,0
5223,2026-05-08 08:33:00,EQ-031,Barreiras,46.9,72.9,25.1,Argiloso,2.9,835.0,Plantio,4.0,281.0,11.5,82.0,Manha,0
5224,2026-05-08 09:13:00,EQ-016,Rio Verde,56.0,8.9,21.0,Argiloso,4.4,1645.0,Colheita,8.0,143.0,7.9,57.0,Tarde,0
5225,2026-05-08 09:19:00,EQ-040,Cascavel,59.8,41.1,31.2,Misto,8.9,531.0,Plantio,12.0,66.0,10.0,86.0,Manha,1
5226,2026-05-08 09:21:00,EQ-005,Rio Verde,18.0,30.1,35.0,Arenoso,19.7,1169.0,Plantio,1.0,223.0,7.4,109.0,Tarde,0
5227,2026-05-08 09:30:00,EQ-005,Barreiras,60.8,67.0,34.1,Argiloso,13.8,208.0,Pulverizacao,6.0,52.0,9.9,63.0,Manha,0
5228,2026-05-08 10:02:00,EQ-025,Sorriso,54.7,62.2,25.6,Arenoso,16.0,1131.0,Plantio,3.0,57.0,5.9,78.0,Tarde,0
5229,2026-05-08 10:08:00,EQ-025,Cascavel,40.7,14.9,29.2,Arenoso,10.3,530.0,Plantio,9.0,101.0,3.4,69.0,Manha,0
5230,2026-05-08 10:11:00,EQ-017,Cascavel,45.2,45.7,25.5,Misto,8.0,228.0,Plantio,10.0,121.0,10.7,98.0,Tarde,0
5231,2026-05-08 10:36:00,EQ-011,Lucas do Rio Verde,49.1,50.7,25.4,Argiloso,1.5,645.0,Pulverizacao,11.0,73.0,6.0,78.0,Noite,1
5232,2026-05-08 10:42:00,EQ-012,Sorriso,47.1,73.3,27.2,Argiloso,3.4,1463.0,Pulverizacao,1.0,234.0,5.9,90.0,Tarde,0
5233,2026-05-08 10:57:00,EQ-017,Lucas do Rio Verde,31.9,39.2,32.9,Argiloso,17.1,1615.0,Plantio,12.0,295.0,10.4,92.0,Manha,0
5234,2026-05-08 11:11:00,EQ-012,Barreiras,56.5,12.7,36.7,Arenoso,2.9,609.0,Plantio,3.0,319.0,11.6,72.0,Tarde,0
5235,2026-05-08 11:15:00,EQ-027,Lucas do Rio Verde,36.8,48.5,24.7,Arenoso,18.6,229.0,Pulverizacao,13.0,60.0,10.4,85.0,Tarde,1
5236,2026-05-08 11:37:00,EQ-039,Rio Verde,63.2,23.9,31.6,Arenoso,2.8,136.0,Colheita,9.0,88.0,1.4,89.0,Tarde,0
5237,2026-05-08 12:10:00,EQ-003,Cascavel,30.7,52.9,32.2,Misto,6.7,963.0,Colheita,7.0,498.0,10.0,86.0,Tarde,0
5238,2026-05-08 12:15:00,EQ-003,Rio Verde,32.2,34.7,26.3,Argiloso,17.6,282.0,Pulverizacao,16.0,63.0,6.5,57.0,Noite,0
5239,2026-05-08 12:35:00,EQ-038,Sorriso,69.8,22.1,29.9,Encharcado,11.5,622.0,Plantio,9.0,171.0,5.3,120.0,Manha,1
5240,2026-05-08 12:45:00,EQ-037,Sorriso,50.1,58.5,11.7,Arenoso,21.0,282.0,Plantio,1.0,92.0,15.0,104.0,Manha,0
5241,2026-05-08 12:50:00,EQ-021,Nao-Me-Toque,53.5,8.2,27.8,Argiloso,4.8,308.0,Colheita,3.0,238.0,3.9,74.0,Manha,0
5242,2026-05-08 12:52:00,EQ-040,Cascavel,43.4,24.5,35.6,Encharcado,36.5,672.0,Colheita,7.0,126.0,7.2,71.0,Noite,0
5243,2026-05-08 13:04:00,EQ-018,Barreiras,58.4,32.6,28.6,Arenoso,14.8,415.0,Plantio,7.0,20.0,12.3,93.0,Tarde,0
5244,2026-05-08 13:47:00,EQ-037,Nao-Me-Toque,82.3,46.7,23.4,Arenoso,9.8,558.0,Transporte,13.0,150.0,10.8,57.0,Tarde,0
5245,2026-05-08 14:00:00,EQ-018,Cascavel,62.8,38.8,28.0,Arenoso,2.3,323.0,Colheita,12.0,350.0,13.4,51.0,Manha,1
5246,2026-05-08 14:22:00,EQ-001,Lucas do Rio Verde,51.8,38.3,28.3,Arenoso,18.1,1237.0,Transporte,16.0,284.0,8.6,92.0,Manha,0
5247,2026-05-08 14:47:00,EQ-010,Sorriso,12.5,2.4,24.6,Encharcado,11.3,608.0,Pulverizacao,1.0,161.0,9.3,45.0,Manha,0
5248,2026-05-08 15:00:00,EQ-022,Barreiras,83.7,63.2,32.7,Misto,13.8,175.0,Plantio,7.0,42.0,10.6,85.0,Tarde,1
5249,2026-05-08 15:27:00,EQ-033,Nao-Me-Toque,52.8,38.0,33.3,Misto,15.5,1016.0,Colheita,10.0,389.0,7.1,104.0,Tarde,1
5250,2026-05-08 15:29:00,EQ-034,Lucas do Rio Verde,63.4,25.4,32.9,Encharcado,5.6,345.0,Colheita,14.0,23.0,7.6,47.0,Noite,1
5251,2026-05-08 15:52:00,EQ-040,Barreiras,53.4,8.3,31.8,Misto,18.4,1065.0,Colheita,8.0,191.0,6.6,40.0,Noite,1
5252,2026-05-08 17:17:00,EQ-020,Lucas do Rio Verde,44.8,129.7,25.0,Arenoso,8.2,271.0,Transporte,16.0,215.0,10.6,49.0,Tarde,0
5253,2026-05-08 17:43:00,EQ-027,Barreiras,17.2,19.1,29.7,Argiloso,9.2,1114.0,Pulverizacao,15.0,497.0,3.2,90.0,Manha,1
5254,2026-05-08 18:01:00,EQ-037,Barreiras,33.6,30.1,29.2,Argiloso,10.0,397.0,Plantio,5.0,395.0,8.8,70.0,Tarde,1
5255,2026-05-08 18:11:00,EQ-023,Cascavel,96.9,39.3,17.9,Arenoso,6.8,343.0,Plantio,2.0,297.0,4.2,48.0,Manha,1
5256,2026-05-08 18:37:00,EQ-039,Sorriso,48.3,36.0,19.0,Argiloso,4.6,805.0,Plantio,6.0,142.0,9.9,68.0,Manha,0
5257,2026-05-08 18:56:00,EQ-040,Nao-Me-Toque,20.8,50.4,26.7,Argiloso,15.1,356.0,Pulverizacao,2.0,55.0,5.5,112.0,Tarde,0
5258,2026-05-08 19:00:00,EQ-007,Lucas do Rio Verde,63.0,25.6,30.2,Arenoso,7.9,770.0,Pulverizacao,5.0,235.0,8.6,52.0,Tarde,0
5259,2026-05-08 19:33:00,EQ-009,Cascavel,26.7,4.9,34.7,Arenoso,11.8,613.0,Transporte,15.0,409.0,5.0,73.0,Manha,1
5260,2026-05-08 19:34:00,EQ-023,Nao-Me-Toque,33.5,26.4,28.1,Arenoso,0.9,1278.0,Pulverizacao,10.0,117.0,6.2,72.0,Tarde,0
5261,2026-05-08 19:52:00,EQ-013,Cascavel,47.0,4.1,16.9,Argiloso,3.9,816.0,Colheita,8.0,533.0,6.3,74.0,Tarde,1
5262,2026-05-08 20:00:00,EQ-008,Cascavel,60.7,38.8,27.1,Arenoso,13.8,1292.0,Pulverizacao,9.0,209.0,10.1,75.0,Tarde,0
5263,2026-05-08 20:02:00,EQ-024,Rio Verde,47.4,4.2,24.1,Argiloso,5.3,757.0,Pulverizacao,12.0,155.0,4.4,79.0,Noite,0
5264,2026-05-08 20:24:00,EQ-031,Barreiras,24.0,36.9,35.0,Arenoso,7.5,462.0,Colheita,7.0,186.0,10.9,62.0,Noite,0
5265,2026-05-08 20:26:00,EQ-004,Lucas do Rio Verde,67.8,21.5,31.4,Misto,6.0,804.0,Transporte,6.0,152.0,5.2,94.0,Tarde,1
5266,2026-05-08 20:55:00,EQ-007,Barreiras,58.3,12.2,23.3,Arenoso,12.0,88.0,Plantio,8.0,406.0,3.4,74.0,Tarde,1
5267,2026-05-08 21:00:00,EQ-007,Cascavel,47.3,26.6,35.7,Argiloso,5.9,794.0,Colheita,0.0,90.0,3.8,90.0,Noite,0
5268,2026-05-08 21:37:00,EQ-028,Lucas do Rio Verde,17.8,17.9,28.0,Arenoso,13.0,579.0,Transporte,5.0,178.0,5.3,68.0,Tarde,0
5269,2026-05-08 21:51:00,EQ-014,Cascavel,77.4,29.3,21.5,Encharcado,5.3,499.0,Colheita,5.0,73.0,9.5,65.0,Tarde,0
5270,2026-05-08 22:20:00,EQ-011,Rio Verde,85.4,40.5,36.2,Argiloso,16.0,465.0,Colheita,8.0,72.0,14.0,73.0,Noite,0
5271,2026-05-08 22:21:00,EQ-039,Sorriso,34.2,47.2,17.8,Arenoso,11.7,243.0,Colheita,4.0,63.0,9.1,92.0,Manha,1
5272,2026-05-08 22:34:00,EQ-011,Cascavel,37.0,35.0,32.3,Arenoso,33.6,918.0,Transporte,4.0,58.0,9.2,66.0,Tarde,0
5273,2026-05-08 22:58:00,EQ-006,Rio Verde,66.0,14.6,36.2,Misto,5.6,634.0,Transporte,7.0,357.0,5.5,104.0,Noite,0
5274,2026-05-09 00:04:00,EQ-014,Nao-Me-Toque,23.6,25.2,31.9,Arenoso,2.2,494.0,Pulverizacao,11.0,119.0,4.9,76.0,Tarde,0
5275,2026-05-09 00:25:00,EQ-002,Lucas do Rio Verde,42.5,11.6,20.7,Misto,5.9,82.0,Plantio,6.0,194.0,10.0,83.0,Manha,0
5276,2026-05-09 00:53:00,EQ-008,Lucas do Rio Verde,100.0,16.4,26.6,Argiloso,4.1,583.0,Plantio,5.0,16.0,8.0,81.0,Tarde,0
5277,2026-05-09 02:08:00,EQ-019,Cascavel,41.3,7.3,15.3,Arenoso,16.6,612.0,Colheita,22.0,50.0,10.3,81.0,Tarde,0
5278,2026-05-09 02:32:00,EQ-012,Cascavel,74.2,52.7,30.6,Argiloso,11.2,1314.0,Transporte,15.0,470.0,6.7,92.0,Manha,1
5279,2026-05-09 02:35:00,EQ-016,Cascavel,89.9,16.4,17.2,Misto,6.3,407.0,Plantio,11.0,314.0,8.9,84.0,Tarde,1
5280,2026-05-09 03:07:00,EQ-027,Lucas do Rio Verde,42.4,30.7,26.5,Misto,7.9,1580.0,Transporte,3.0,100.0,5.2,41.0,Manha,0
5281,2026-05-09 03:12:00,EQ-001,Cascavel,48.9,33.2,26.8,Argiloso,5.4,375.0,Pulverizacao,18.0,271.0,9.5,86.0,Tarde,0
5282,2026-05-09 04:14:00,EQ-020,Nao-Me-Toque,73.9,26.7,30.1,Misto,1.6,407.0,Colheita,14.0,208.0,9.6,102.0,Manha,1
5283,2026-05-09 04:37:00,EQ-034,Rio Verde,94.5,24.7,22.0,Misto,1.8,794.0,Colheita,2.0,65.0,6.7,95.0,Manha,0
5284,2026-05-09 04:50:00,EQ-028,Cascavel,48.0,27.7,19.7,Argiloso,5.3,1327.0,Colheita,12.0,495.0,9.1,100.0,Noite,0
5285,2026-05-09 04:57:00,EQ-037,Sorriso,35.6,30.9,20.0,Arenoso,11.9,1211.0,Colheita,8.0,118.0,4.7,86.0,Manha,0
5286,2026-05-09 04:58:00,EQ-037,Nao-Me-Toque,55.9,15.9,26.1,Arenoso,6.4,724.0,Colheita,7.0,185.0,8.8,67.0,Manha,0
5287,2026-05-09 05:16:00,EQ-007,Nao-Me-Toque,61.6,25.6,29.8,Encharcado,16.7,318.0,Plantio,6.0,235.0,8.2,66.0,Tarde,1
5288,2026-05-09 05:29:00,EQ-029,Nao-Me-Toque,76.7,60.7,26.4,Misto,10.3,1023.0,Colheita,8.0,89.0,7.2,73.0,Tarde,0
5289,2026-05-09 06:00:00,EQ-040,Sorriso,83.1,54.0,27.5,Misto,2.8,481.0,Pulverizacao,9.0,114.0,6.5,78.0,Tarde,1
5290,2026-05-09 06:21:00,EQ-031,Barreiras,39.8,22.6,24.9,Arenoso,8.9,1566.0,Colheita,8.0,275.0,5.3,76.0,Manha,0
5291,2026-05-09 06:40:00,EQ-037,Nao-Me-Toque,37.2,28.0,28.7,Misto,6.4,593.0,Colheita,8.0,353.0,12.4,85.0,Noite,0
5292,2026-05-09 06:51:00,EQ-017,Lucas do Rio Verde,58.2,19.7,23.9,Misto,4.2,502.0,Plantio,11.0,195.0,8.2,81.0,Manha,0
5293,2026-05-09 07:40:00,EQ-006,Sorriso,45.1,23.7,23.5,Arenoso,12.1,331.0,Colheita,6.0,53.0,14.3,58.0,Manha,0
5294,2026-05-09 08:48:00,EQ-026,Lucas do Rio Verde,63.6,52.9,32.4,Misto,4.8,1170.0,Plantio,8.0,25.0,13.5,65.0,Manha,0
5295,2026-05-09 09:04:00,EQ-032,Rio Verde,33.3,108.5,19.2,Encharcado,1.9,191.0,Plantio,2.0,141.0,5.5,98.0,Manha,1
5296,2026-05-09 09:07:00,EQ-038,Lucas do Rio Verde,92.7,41.0,21.0,Argiloso,15.4,1140.0,Transporte,4.0,123.0,11.5,78.0,Tarde,0
5297,2026-05-09 09:13:00,EQ-028,Nao-Me-Toque,80.7,62.8,31.6,Misto,13.8,173.0,Plantio,10.0,61.0,9.0,76.0,Tarde,1
5298,2026-05-09 09:47:00,EQ-037,Sorriso,82.0,22.5,21.4,Arenoso,16.8,402.0,Transporte,12.0,269.0,13.8,69.0,Tarde,1
5299,2026-05-09 10:02:00,EQ-022,Rio Verde,53.0,60.1,22.9,Misto,4.6,2000.0,Plantio,8.0,189.0,7.3,93.0,Tarde,0
5300,2026-05-09 10:50:00,EQ-013,Nao-Me-Toque,27.4,10.8,32.8,Encharcado,6.5,2000.0,Pulverizacao,4.0,266.0,6.4,56.0,Noite,0
5301,2026-05-09 10:51:00,EQ-029,Cascavel,51.2,15.9,31.2,Misto,23.4,48.0,Colheita,4.0,556.0,9.9,44.0,Tarde,1
5302,2026-05-09 11:25:00,EQ-018,Lucas do Rio Verde,27.1,18.3,24.0,Argiloso,10.2,74.0,Colheita,14.0,477.0,3.1,67.0,Noite,0
5303,2026-05-09 12:39:00,EQ-012,Cascavel,42.0,19.4,19.5,Argiloso,8.8,814.0,Plantio,25.0,400.0,8.2,83.0,Noite,1
5304,2026-05-09 12:59:00,EQ-031,Sorriso,41.8,31.7,28.9,Argiloso,11.3,519.0,Plantio,13.0,116.0,12.5,81.0,Manha,1
5305,2026-05-09 13:04:00,EQ-002,Lucas do Rio Verde,82.7,16.3,32.2,Arenoso,22.1,625.0,Plantio,7.0,122.0,3.0,56.0,Noite,0
5306,2026-05-09 14:01:00,EQ-034,Cascavel,65.6,20.0,24.0,Argiloso,17.1,252.0,Colheita,12.0,263.0,4.1,70.0,Tarde,1
5307,2026-05-09 14:14:00,EQ-015,Barreiras,90.7,2.6,28.4,Argiloso,12.6,573.0,Transporte,6.0,135.0,8.0,111.0,Manha,1
5308,2026-05-09 14:45:00,EQ-018,Sorriso,69.9,145.9,24.8,Argiloso,16.8,458.0,Transporte,3.0,62.0,5.1,62.0,Tarde,1
5309,2026-05-09 14:53:00,EQ-038,Barreiras,47.5,38.8,22.5,Arenoso,6.5,204.0,Plantio,4.0,135.0,7.7,61.0,Noite,0
5310,2026-05-09 14:58:00,EQ-026,Rio Verde,68.2,34.8,27.1,Argiloso,30.4,508.0,Pulverizacao,0.0,59.0,11.9,95.0,Tarde,1
5311,2026-05-09 15:16:00,EQ-018,Rio Verde,93.2,6.0,22.7,Misto,9.9,1232.0,Plantio,20.0,138.0,4.9,85.0,Tarde,0
5312,2026-05-09 15:17:00,EQ-012,Lucas do Rio Verde,40.8,55.7,33.4,Argiloso,8.3,501.0,Transporte,18.0,143.0,12.4,89.0,Noite,1
5313,2026-05-09 15:19:00,EQ-022,Nao-Me-Toque,70.7,47.5,31.2,Arenoso,11.1,1166.0,Colheita,14.0,67.0,6.4,65.0,Tarde,0
5314,2026-05-09 15:27:00,EQ-026,Barreiras,37.6,74.6,30.1,Encharcado,4.8,833.0,Colheita,9.0,35.0,10.4,101.0,Manha,0
5315,2026-05-09 15:43:00,EQ-003,Barreiras,5.0,38.9,27.3,Arenoso,30.1,1616.0,Pulverizacao,5.0,70.0,11.6,67.0,Noite,0
5316,2026-05-09 16:48:00,EQ-002,Rio Verde,53.5,40.4,25.9,Arenoso,13.0,767.0,Colheita,3.0,125.0,7.8,45.0,Manha,0
5317,2026-05-09 17:02:00,EQ-024,Lucas do Rio Verde,49.1,22.1,23.3,Misto,22.3,922.0,Transporte,1.0,256.0,11.2,108.0,Manha,0
5318,2026-05-09 17:05:00,EQ-032,Sorriso,74.9,21.4,13.9,Misto,7.3,519.0,Colheita,5.0,254.0,11.7,87.0,Tarde,0
5319,2026-05-09 17:13:00,EQ-011,Sorriso,49.0,88.7,28.1,Misto,7.4,528.0,Plantio,10.0,165.0,2.9,99.0,Tarde,0
5320,2026-05-09 17:19:00,EQ-026,Lucas do Rio Verde,60.4,11.8,18.3,Argiloso,7.5,819.0,Colheita,3.0,372.0,5.1,113.0,Manha,0
5321,2026-05-09 17:36:00,EQ-017,Lucas do Rio Verde,39.5,29.5,29.9,Misto,6.4,176.0,Plantio,21.0,301.0,9.1,93.0,Noite,1
5322,2026-05-09 18:01:00,EQ-016,Barreiras,64.6,26.4,30.9,Misto,5.7,318.0,Plantio,3.0,282.0,7.4,62.0,Tarde,1
5323,2026-05-09 18:09:00,EQ-006,Barreiras,60.0,93.0,26.9,Misto,4.4,127.0,Pulverizacao,9.0,180.0,12.7,106.0,Noite,1
5324,2026-05-09 18:22:00,EQ-018,Cascavel,37.5,45.6,23.9,Argiloso,24.1,116.0,Colheita,4.0,121.0,11.5,98.0,Manha,0
5325,2026-05-09 18:42:00,EQ-039,Barreiras,63.8,38.6,24.1,Encharcado,11.6,676.0,Transporte,19.0,41.0,3.9,90.0,Manha,0
5326,2026-05-09 19:31:00,EQ-004,Sorriso,93.8,64.7,35.7,Arenoso,9.6,1417.0,Colheita,1.0,58.0,5.0,82.0,Tarde,0
5327,2026-05-09 19:37:00,EQ-031,Lucas do Rio Verde,28.3,22.4,30.0,Encharcado,8.3,805.0,Colheita,9.0,186.0,6.0,48.0,Tarde,0
5328,2026-05-09 20:51:00,EQ-024,Barreiras,61.7,12.4,25.6,Argiloso,10.5,774.0,Colheita,8.0,241.0,5.7,68.0,Tarde,0
5329,2026-05-09 20:54:00,EQ-026,Cascavel,29.7,12.4,33.8,Argiloso,5.7,309.0,Plantio,16.0,265.0,10.2,61.0,Noite,0
5330,2026-05-09 21:11:00,EQ-008,Cascavel,80.1,20.2,28.7,Arenoso,5.3,529.0,Pulverizacao,11.0,474.0,9.3,89.0,Tarde,1
5331,2026-05-09 21:53:00,EQ-017,Barreiras,93.7,57.4,30.0,Arenoso,10.8,508.0,Colheita,4.0,153.0,9.7,64.0,Noite,1
5332,2026-05-09 22:34:00,EQ-023,Sorriso,75.4,24.8,27.4,Misto,6.6,177.0,Plantio,1.0,147.0,5.5,64.0,Noite,1
5333,2026-05-09 22:41:00,EQ-021,Sorriso,12.7,14.0,15.4,Arenoso,2.9,718.0,Plantio,3.0,65.0,10.5,80.0,Tarde,0
5334,2026-05-09 22:50:00,EQ-038,Nao-Me-Toque,37.8,32.2,24.1,Arenoso,11.9,1317.0,Transporte,4.0,205.0,8.0,67.0,Tarde,0
5335,2026-05-09 23:14:00,EQ-021,Nao-Me-Toque,68.2,18.1,15.4,Arenoso,15.9,983.0,Plantio,20.0,128.0,9.6,78.0,Tarde,0
5336,2026-05-09 23:27:00,EQ-020,Sorriso,17.8,62.5,22.4,Argiloso,3.9,1111.0,Plantio,4.0,97.0,15.0,71.0,Manha,0
5337,2026-05-09 23:34:00,EQ-021,Sorriso,62.4,24.1,29.0,Misto,32.7,614.0,Plantio,15.0,350.0,3.0,53.0,Manha,0
5338,2026-05-09 23:34:00,EQ-015,Rio Verde,23.7,47.7,25.1,Arenoso,2.4,556.0,Plantio,5.0,87.0,2.9,87.0,Noite,0
5339,2026-05-10 01:12:00,EQ-037,Rio Verde,66.0,11.5,37.7,Misto,4.0,127.0,Pulverizacao,13.0,221.0,9.5,77.0,Manha,1
5340,2026-05-10 01:15:00,EQ-015,Rio Verde,63.2,27.4,20.8,Argiloso,18.0,287.0,Colheita,2.0,94.0,5.7,83.0,Noite,1
5341,2026-05-10 01:23:00,EQ-033,Rio Verde,60.5,39.8,25.1,Encharcado,14.3,995.0,Transporte,11.0,121.0,11.2,103.0,Tarde,0
5342,2026-05-10 01:35:00,EQ-015,Barreiras,53.6,31.9,41.2,Misto,9.7,1261.0,Transporte,5.0,206.0,11.3,98.0,Tarde,0
5343,2026-05-10 02:04:00,EQ-040,Nao-Me-Toque,66.6,45.1,26.6,Encharcado,17.7,2000.0,Colheita,7.0,94.0,5.2,92.0,Tarde,0
5344,2026-05-10 02:46:00,EQ-003,Lucas do Rio Verde,86.6,82.6,22.9,Argiloso,9.2,2000.0,Pulverizacao,8.0,226.0,9.9,91.0,Tarde,1
5345,2026-05-10 03:06:00,EQ-007,Lucas do Rio Verde,72.8,2.1,36.0,Misto,6.7,442.0,Transporte,6.0,253.0,9.4,82.0,Tarde,1
5346,2026-05-10 03:13:00,EQ-025,Lucas do Rio Verde,58.8,47.8,35.6,Misto,7.3,528.0,Transporte,5.0,171.0,4.4,96.0,Manha,0
5347,2026-05-10 03:24:00,EQ-005,Lucas do Rio Verde,75.3,42.4,30.1,Arenoso,14.0,1322.0,Plantio,7.0,26.0,2.6,80.0,Tarde,0
5348,2026-05-10 03:39:00,EQ-022,Rio Verde,45.0,55.5,23.8,Misto,9.1,848.0,Transporte,10.0,41.0,6.9,70.0,Manha,0
5349,2026-05-10 03:48:00,EQ-023,Lucas do Rio Verde,46.5,9.8,29.3,Misto,22.1,293.0,Plantio,8.0,48.0,7.9,80.0,Manha,0
5350,2026-05-10 03:51:00,EQ-026,Barreiras,84.5,19.7,25.0,Argiloso,3.5,261.0,Pulverizacao,12.0,378.0,9.8,95.0,Manha,1
5351,2026-05-10 04:12:00,EQ-027,Sorriso,74.6,23.8,29.8,Arenoso,30.3,849.0,Plantio,1.0,108.0,6.2,97.0,Tarde,1
5352,2026-05-10 04:55:00,EQ-037,Rio Verde,32.3,102.6,21.2,Argiloso,15.6,172.0,Plantio,3.0,26.0,1.0,104.0,Manha,0
5353,2026-05-10 05:17:00,EQ-040,Sorriso,15.2,6.0,19.5,Encharcado,13.4,1059.0,Colheita,8.0,129.0,13.5,104.0,Tarde,1
5354,2026-05-10 05:33:00,EQ-007,Cascavel,20.8,6.3,23.9,Argiloso,9.3,301.0,Colheita,7.0,175.0,12.2,73.0,Tarde,0
5355,2026-05-10 05:33:00,EQ-024,Nao-Me-Toque,65.6,6.9,21.1,Encharcado,22.4,562.0,Plantio,6.0,55.0,6.0,111.0,Manha,0
5356,2026-05-10 06:37:00,EQ-027,Nao-Me-Toque,26.3,29.5,25.0,Argiloso,8.8,465.0,Plantio,7.0,130.0,10.7,77.0,Manha,0
5357,2026-05-10 06:39:00,EQ-025,Nao-Me-Toque,91.7,50.8,26.0,Argiloso,10.2,1047.0,Plantio,6.0,121.0,9.4,88.0,Manha,0
5358,2026-05-10 06:41:00,EQ-036,Nao-Me-Toque,84.4,37.9,30.5,Arenoso,7.8,681.0,Colheita,8.0,424.0,9.2,44.0,Noite,0
5359,2026-05-10 06:51:00,EQ-005,Cascavel,91.0,15.4,28.3,Misto,27.2,1784.0,Plantio,3.0,148.0,6.9,120.0,Manha,0
5360,2026-05-10 07:59:00,EQ-017,Sorriso,62.7,14.5,29.8,Misto,10.5,493.0,Colheita,4.0,155.0,9.5,78.0,Manha,0
5361,2026-05-10 08:25:00,EQ-028,Nao-Me-Toque,96.2,63.4,33.6,Misto,22.9,447.0,Colheita,9.0,174.0,6.8,76.0,Noite,1
5362,2026-05-10 09:08:00,EQ-024,Rio Verde,99.7,7.3,26.8,Argiloso,9.9,280.0,Transporte,4.0,583.0,9.2,61.0,Manha,1
5363,2026-05-10 09:18:00,EQ-033,Rio Verde,55.3,44.2,26.1,Encharcado,19.2,296.0,Plantio,14.0,535.0,8.6,95.0,Tarde,0
5364,2026-05-10 09:19:00,EQ-023,Cascavel,38.7,43.3,28.6,Argiloso,11.5,1035.0,Plantio,6.0,112.0,2.9,73.0,Manha,0
5365,2026-05-10 09:30:00,EQ-038,Barreiras,12.4,37.0,28.4,Misto,14.8,674.0,Plantio,16.0,241.0,8.5,97.0,Manha,0
5366,2026-05-10 09:38:00,EQ-004,Barreiras,31.0,33.9,25.9,Argiloso,14.2,530.0,Transporte,4.0,77.0,8.0,85.0,Manha,0
5367,2026-05-10 09:56:00,EQ-005,Nao-Me-Toque,72.4,22.9,37.6,Misto,12.9,815.0,Colheita,10.0,131.0,8.8,103.0,Manha,0
5368,2026-05-10 09:56:00,EQ-017,Barreiras,55.2,123.6,36.6,Encharcado,3.1,2000.0,Pulverizacao,7.0,137.0,4.9,69.0,Manha,0
5369,2026-05-10 10:24:00,EQ-035,Sorriso,56.5,11.5,20.9,Argiloso,9.1,166.0,Plantio,12.0,63.0,4.6,89.0,Noite,1
5370,2026-05-10 10:54:00,EQ-021,Cascavel,37.2,92.3,31.4,Arenoso,18.2,108.0,Pulverizacao,4.0,367.0,13.3,84.0,Tarde,1
5371,2026-05-10 11:25:00,EQ-025,Nao-Me-Toque,62.6,13.3,26.2,Argiloso,21.8,312.0,Colheita,10.0,137.0,1.2,90.0,Manha,1
5372,2026-05-10 11:26:00,EQ-026,Rio Verde,66.7,11.6,33.3,Arenoso,5.1,416.0,Colheita,4.0,292.0,10.7,94.0,Tarde,0
5373,2026-05-10 11:39:00,EQ-021,Cascavel,66.5,21.6,17.2,Argiloso,1.8,293.0,Pulverizacao,4.0,284.0,6.9,81.0,Manha,0
5374,2026-05-10 11:53:00,EQ-011,Nao-Me-Toque,51.2,122.7,27.4,Argiloso,10.7,497.0,Colheita,11.0,249.0,7.7,80.0,Manha,1
5375,2026-05-10 11:59:00,EQ-035,Cascavel,70.7,29.4,26.5,Arenoso,4.1,119.0,Transporte,10.0,237.0,8.2,82.0,Manha,1
5376,2026-05-10 12:26:00,EQ-018,Sorriso,5.0,27.8,27.1,Argiloso,15.3,321.0,Transporte,13.0,160.0,7.7,85.0,Manha,0
5377,2026-05-10 12:29:00,EQ-010,Rio Verde,37.2,12.2,23.4,Misto,24.3,747.0,Plantio,15.0,238.0,11.8,86.0,Manha,0
5378,2026-05-10 12:56:00,EQ-037,Barreiras,48.2,51.4,11.3,Argiloso,6.4,647.0,Pulverizacao,4.0,505.0,8.5,96.0,Noite,1
5379,2026-05-10 13:06:00,EQ-036,Sorriso,70.1,36.2,26.6,Arenoso,4.2,108.0,Plantio,10.0,40.0,8.3,67.0,Manha,1
5380,2026-05-10 13:12:00,EQ-001,Nao-Me-Toque,51.4,52.0,30.6,Argiloso,4.1,602.0,Colheita,19.0,65.0,12.4,74.0,Manha,1
5381,2026-05-10 14:21:00,EQ-024,Sorriso,54.4,25.2,31.1,Argiloso,15.6,771.0,Colheita,1.0,156.0,12.6,87.0,Manha,0
5382,2026-05-10 14:41:00,EQ-034,Barreiras,95.5,13.8,21.5,Misto,7.4,1739.0,Colheita,1.0,166.0,7.4,85.0,Tarde,0
5383,2026-05-10 14:42:00,EQ-040,Sorriso,62.3,34.4,22.4,Argiloso,12.6,508.0,Plantio,15.0,208.0,6.7,80.0,Tarde,1
5384,2026-05-10 14:50:00,EQ-024,Lucas do Rio Verde,76.0,8.9,17.1,Misto,9.2,417.0,Plantio,12.0,433.0,5.6,81.0,Tarde,1
5385,2026-05-10 14:55:00,EQ-014,Lucas do Rio Verde,61.5,43.9,32.3,Argiloso,0.6,980.0,Pulverizacao,6.0,69.0,7.5,81.0,Manha,0
5386,2026-05-10 15:06:00,EQ-015,Rio Verde,66.8,15.5,23.2,Argiloso,14.2,1059.0,Transporte,9.0,44.0,14.2,79.0,Noite,0
5387,2026-05-10 15:12:00,EQ-021,Lucas do Rio Verde,60.4,14.6,31.6,Misto,23.8,1058.0,Colheita,6.0,43.0,4.4,78.0,Tarde,0
5388,2026-05-10 15:24:00,EQ-009,Barreiras,74.5,37.3,24.9,Arenoso,25.3,471.0,Pulverizacao,10.0,27.0,16.0,49.0,Manha,1
5389,2026-05-10 15:31:00,EQ-021,Nao-Me-Toque,44.1,20.7,18.3,Misto,24.2,1172.0,Plantio,5.0,67.0,10.7,75.0,Noite,0
5390,2026-05-10 15:55:00,EQ-038,Nao-Me-Toque,30.4,10.8,17.8,Encharcado,3.8,1364.0,Pulverizacao,3.0,179.0,9.0,76.0,Tarde,0
5391,2026-05-10 16:09:00,EQ-027,Sorriso,34.1,16.3,38.1,Misto,9.5,581.0,Plantio,1.0,70.0,4.8,62.0,Tarde,0
5392,2026-05-10 16:28:00,EQ-012,Nao-Me-Toque,61.8,31.3,24.0,Encharcado,3.3,692.0,Colheita,4.0,47.0,9.3,62.0,Manha,1
5393,2026-05-10 16:52:00,EQ-019,Lucas do Rio Verde,40.0,15.9,22.7,Argiloso,2.3,472.0,Colheita,14.0,160.0,4.2,81.0,Manha,0
5394,2026-05-10 17:16:00,EQ-017,Rio Verde,18.1,48.7,28.5,Argiloso,18.3,1144.0,Colheita,5.0,206.0,7.4,56.0,Manha,0
5395,2026-05-10 17:35:00,EQ-001,Sorriso,25.6,52.5,34.5,Argiloso,6.8,1351.0,Transporte,16.0,138.0,7.7,78.0,Manha,0
5396,2026-05-10 17:54:00,EQ-040,Rio Verde,97.4,50.3,16.5,Argiloso,8.3,627.0,Colheita,1.0,110.0,6.0,96.0,Tarde,0
5397,2026-05-10 17:56:00,EQ-020,Lucas do Rio Verde,82.7,20.0,18.3,Encharcado,9.2,669.0,Pulverizacao,11.0,231.0,10.9,97.0,Tarde,1
5398,2026-05-10 18:50:00,EQ-024,Lucas do Rio Verde,43.7,17.2,22.7,Arenoso,16.8,610.0,Transporte,10.0,79.0,9.6,84.0,Manha,0
5399,2026-05-10 19:46:00,EQ-026,Lucas do Rio Verde,45.6,39.0,26.7,Argiloso,18.3,1240.0,Colheita,3.0,180.0,7.9,82.0,Tarde,0
5400,2026-05-10 19:48:00,EQ-028,Lucas do Rio Verde,71.6,23.1,33.1,Arenoso,10.3,867.0,Colheita,3.0,252.0,9.3,93.0,Tarde,0
5401,2026-05-10 20:11:00,EQ-008,Cascavel,58.4,6.6,37.0,Arenoso,5.8,186.0,Transporte,3.0,319.0,6.3,80.0,Noite,1
5402,2026-05-10 20:13:00,EQ-005,Nao-Me-Toque,40.4,33.2,36.3,Encharcado,6.1,641.0,Pulverizacao,9.0,62.0,9.4,75.0,Tarde,1
5403,2026-05-10 20:27:00,EQ-040,Cascavel,81.3,9.6,34.1,Encharcado,4.5,957.0,Pulverizacao,7.0,133.0,2.0,108.0,Manha,0
5404,2026-05-10 20:28:00,EQ-040,Cascavel,50.3,3.7,22.6,Misto,6.7,367.0,Plantio,10.0,80.0,9.5,99.0,Manha,0
5405,2026-05-10 20:33:00,EQ-011,Barreiras,54.3,11.0,36.4,Encharcado,4.7,1529.0,Colheita,12.0,250.0,4.4,91.0,Manha,0
5406,2026-05-10 21:01:00,EQ-023,Rio Verde,85.7,33.0,30.3,Misto,20.8,806.0,Colheita,14.0,229.0,12.9,82.0,Manha,0
5407,2026-05-10 21:31:00,EQ-008,Sorriso,66.7,10.7,39.9,Encharcado,2.2,570.0,Transporte,14.0,57.0,9.6,70.0,Manha,1
5408,2026-05-10 21:52:00,EQ-003,Rio Verde,48.7,77.2,17.1,Misto,15.4,556.0,Transporte,4.0,170.0,3.8,62.0,Noite,0
5409,2026-05-10 21:59:00,EQ-018,Sorriso,47.3,18.7,17.9,Arenoso,4.4,209.0,Colheita,8.0,364.0,10.8,82.0,Manha,0
5410,2026-05-10 22:21:00,EQ-035,Nao-Me-Toque,61.8,13.2,26.7,Misto,15.8,1219.0,Pulverizacao,10.0,100.0,8.9,96.0,Manha,0
5411,2026-05-10 22:24:00,EQ-029,Rio Verde,24.3,84.1,32.6,Arenoso,6.1,194.0,Plantio,4.0,65.0,13.5,64.0,Manha,0
5412,2026-05-10 22:50:00,EQ-014,Barreiras,64.3,34.8,24.8,Arenoso,17.0,40.0,Colheita,5.0,526.0,9.0,103.0,Tarde,1
5413,2026-05-10 23:03:00,EQ-021,Nao-Me-Toque,42.1,101.2,31.9,Misto,3.3,248.0,Pulverizacao,7.0,183.0,8.7,81.0,Tarde,0
5414,2026-05-10 23:38:00,EQ-003,Nao-Me-Toque,100.0,16.4,18.3,Misto,13.9,836.0,Plantio,12.0,226.0,9.4,72.0,Manha,0
5415,2026-05-10 23:43:00,EQ-001,Sorriso,68.2,20.7,32.6,Misto,21.2,188.0,Plantio,6.0,209.0,5.5,82.0,Manha,1
5416,2026-05-10 23:54:00,EQ-015,Rio Verde,54.6,26.5,27.2,Encharcado,7.1,376.0,Colheita,25.0,85.0,9.9,105.0,Noite,1
5417,2026-05-11 00:01:00,EQ-021,Cascavel,72.4,28.0,27.3,Misto,16.8,766.0,Plantio,7.0,106.0,10.8,57.0,Tarde,0
5418,2026-05-11 00:02:00,EQ-008,Barreiras,48.0,36.0,31.3,Arenoso,3.5,799.0,Pulverizacao,5.0,64.0,7.1,74.0,Tarde,0
5419,2026-05-11 00:51:00,EQ-035,Barreiras,36.9,84.3,16.5,Misto,8.3,303.0,Plantio,22.0,59.0,6.8,73.0,Manha,0
5420,2026-05-11 00:53:00,EQ-022,Barreiras,53.4,22.0,22.2,Misto,19.8,633.0,Colheita,4.0,96.0,4.0,89.0,Manha,0
5421,2026-05-11 00:54:00,EQ-016,Cascavel,69.9,18.5,28.6,Argiloso,1.1,1186.0,Colheita,4.0,175.0,8.3,78.0,Tarde,0
5422,2026-05-11 01:20:00,EQ-024,Rio Verde,51.4,10.6,32.4,Misto,6.6,1300.0,Plantio,3.0,166.0,13.2,49.0,Tarde,0
5423,2026-05-11 02:07:00,EQ-028,Nao-Me-Toque,69.7,17.1,17.0,Arenoso,2.2,1912.0,Colheita,19.0,258.0,10.5,71.0,Manha,0
5424,2026-05-11 02:22:00,EQ-008,Nao-Me-Toque,27.5,51.7,23.6,Misto,22.2,394.0,Plantio,7.0,164.0,9.0,102.0,Noite,1
5425,2026-05-11 03:09:00,EQ-007,Cascavel,59.6,38.0,20.5,Argiloso,24.1,320.0,Plantio,1.0,239.0,13.6,87.0,Tarde,0
5426,2026-05-11 03:17:00,EQ-009,Sorriso,91.6,65.5,27.5,Encharcado,5.7,1025.0,Plantio,4.0,140.0,7.8,67.0,Noite,0
5427,2026-05-11 03:28:00,EQ-010,Nao-Me-Toque,75.9,0.3,40.9,Encharcado,22.7,1450.0,Colheita,1.0,430.0,13.4,101.0,Noite,1
5428,2026-05-11 03:30:00,EQ-007,Barreiras,63.9,27.7,33.9,Arenoso,5.1,331.0,Transporte,13.0,66.0,16.0,93.0,Tarde,1
5429,2026-05-11 03:38:00,EQ-008,Nao-Me-Toque,74.9,5.9,24.5,Arenoso,9.0,246.0,Plantio,4.0,205.0,14.2,77.0,Manha,0
5430,2026-05-11 03:48:00,EQ-025,Sorriso,65.9,13.1,22.2,Argiloso,1.7,378.0,Colheita,8.0,136.0,10.9,57.0,Tarde,1
5431,2026-05-11 04:30:00,EQ-027,Cascavel,71.9,53.8,25.7,Argiloso,30.4,1021.0,Colheita,13.0,41.0,7.9,81.0,Manha,1
5432,2026-05-11 05:37:00,EQ-011,Barreiras,78.6,5.6,19.8,Argiloso,41.0,1421.0,Plantio,16.0,64.0,13.2,67.0,Noite,1
5433,2026-05-11 05:57:00,EQ-018,Nao-Me-Toque,65.5,46.5,32.7,Arenoso,6.1,834.0,Colheita,9.0,163.0,8.6,59.0,Tarde,0
5434,2026-05-11 06:13:00,EQ-037,Nao-Me-Toque,78.4,18.3,26.4,Encharcado,11.6,481.0,Plantio,8.0,251.0,10.4,65.0,Manha,1
5435,2026-05-11 06:19:00,EQ-013,Barreiras,46.6,33.8,29.1,Arenoso,12.8,308.0,Colheita,8.0,94.0,8.1,81.0,Manha,0
5436,2026-05-11 06:32:00,EQ-017,Barreiras,63.1,33.0,22.7,Arenoso,8.0,247.0,Plantio,12.0,85.0,10.9,63.0,Manha,0
5437,2026-05-11 06:33:00,EQ-027,Nao-Me-Toque,50.2,62.3,24.4,Misto,8.5,413.0,Transporte,8.0,45.0,6.8,94.0,Tarde,0
5438,2026-05-11 07:19:00,EQ-028,Lucas do Rio Verde,18.5,63.9,20.2,Arenoso,1.9,516.0,Pulverizacao,5.0,291.0,8.6,101.0,Manha,0
5439,2026-05-11 08:06:00,EQ-030,Sorriso,37.9,27.8,27.0,Encharcado,18.6,412.0,Transporte,16.0,31.0,4.0,84.0,Manha,1
5440,2026-05-11 08:09:00,EQ-015,Sorriso,82.6,46.4,20.5,Misto,12.4,672.0,Colheita,7.0,202.0,10.8,94.0,Manha,1
5441,2026-05-11 09:27:00,EQ-036,Rio Verde,45.5,90.8,30.1,Argiloso,19.3,63.0,Pulverizacao,3.0,192.0,6.7,70.0,Tarde,1
5442,2026-05-11 09:38:00,EQ-030,Cascavel,66.7,10.1,32.8,Arenoso,19.6,471.0,Plantio,25.0,30.0,7.8,85.0,Manha,1
5443,2026-05-11 09:47:00,EQ-013,Nao-Me-Toque,66.7,52.1,31.3,Misto,11.2,293.0,Pulverizacao,5.0,277.0,4.0,68.0,Manha,1
5444,2026-05-11 09:53:00,EQ-029,Barreiras,65.5,22.3,24.3,Arenoso,24.8,269.0,Pulverizacao,10.0,149.0,7.2,89.0,Manha,1
5445,2026-05-11 10:00:00,EQ-010,Lucas do Rio Verde,74.7,3.7,38.7,Arenoso,8.9,673.0,Transporte,4.0,539.0,7.2,96.0,Tarde,0
5446,2026-05-11 10:40:00,EQ-034,Barreiras,21.6,21.3,23.9,Misto,4.1,824.0,Transporte,15.0,262.0,7.0,81.0,Manha,0
5447,2026-05-11 11:55:00,EQ-032,Rio Verde,15.6,16.5,27.7,Misto,15.7,717.0,Plantio,7.0,160.0,5.4,92.0,Manha,0
5448,2026-05-11 11:57:00,EQ-039,Cascavel,57.7,16.6,40.4,Argiloso,13.3,285.0,Pulverizacao,20.0,206.0,5.3,78.0,Tarde,0
5449,2026-05-11 12:55:00,EQ-014,Sorriso,52.4,34.8,24.4,Misto,16.2,495.0,Pulverizacao,14.0,135.0,11.0,99.0,Tarde,0
5450,2026-05-11 13:00:00,EQ-039,Rio Verde,63.4,20.6,37.3,Arenoso,28.6,33.0,Transporte,10.0,128.0,6.3,116.0,Tarde,1
5451,2026-05-11 14:00:00,EQ-032,Cascavel,61.8,8.0,32.2,Arenoso,9.9,178.0,Plantio,3.0,192.0,10.4,77.0,Manha,1
5452,2026-05-11 14:27:00,EQ-036,Nao-Me-Toque,43.2,46.7,28.0,Arenoso,7.1,95.0,Plantio,12.0,210.0,0.4,42.0,Tarde,0
5453,2026-05-11 15:14:00,EQ-038,Barreiras,50.2,11.8,24.1,Encharcado,11.8,342.0,Transporte,12.0,101.0,6.4,79.0,Manha,0
5454,2026-05-11 15:17:00,EQ-002,Sorriso,41.0,77.1,24.3,Argiloso,19.1,271.0,Transporte,2.0,105.0,13.3,96.0,Manha,0
5455,2026-05-11 15:28:00,EQ-025,Barreiras,41.7,43.6,25.3,Arenoso,26.3,155.0,Plantio,17.0,200.0,10.3,115.0,Tarde,0
5456,2026-05-11 15:39:00,EQ-010,Cascavel,34.4,16.0,26.7,Argiloso,13.6,619.0,Colheita,3.0,49.0,4.6,86.0,Manha,0
5457,2026-05-11 15:44:00,EQ-034,Rio Verde,100.0,6.9,20.4,Encharcado,18.3,614.0,Pulverizacao,5.0,76.0,4.7,93.0,Noite,1
5458,2026-05-11 16:24:00,EQ-014,Rio Verde,15.9,19.4,30.4,Argiloso,10.4,409.0,Colheita,5.0,373.0,11.6,82.0,Manha,0
5459,2026-05-11 16:41:00,EQ-016,Cascavel,47.8,28.9,17.9,Argiloso,17.6,439.0,Colheita,11.0,49.0,7.2,80.0,Manha,0
5460,2026-05-11 16:42:00,EQ-036,Sorriso,76.0,17.4,24.9,Arenoso,4.1,1256.0,Plantio,25.0,46.0,11.5,82.0,Manha,0
5461,2026-05-11 16:54:00,EQ-028,Lucas do Rio Verde,60.5,67.0,32.1,Arenoso,3.5,536.0,Pulverizacao,15.0,144.0,8.7,102.0,Noite,1
5462,2026-05-11 17:08:00,EQ-019,Barreiras,66.6,56.5,37.4,Arenoso,8.2,1551.0,Colheita,17.0,70.0,8.3,78.0,Tarde,0
5463,2026-05-11 18:20:00,EQ-032,Cascavel,81.8,7.6,28.3,Misto,15.4,96.0,Pulverizacao,5.0,26.0,10.2,81.0,Manha,1
5464,2026-05-11 18:42:00,EQ-040,Cascavel,35.1,31.8,35.1,Misto,15.9,381.0,Plantio,6.0,263.0,8.5,71.0,Tarde,0
5465,2026-05-11 19:21:00,EQ-027,Barreiras,53.2,37.0,18.6,Misto,7.5,316.0,Pulverizacao,7.0,131.0,5.1,113.0,Tarde,1
5466,2026-05-11 19:27:00,EQ-030,Barreiras,86.9,56.8,37.6,Misto,9.0,239.0,Colheita,13.0,211.0,1.3,90.0,Tarde,1
5467,2026-05-11 20:22:00,EQ-010,Lucas do Rio Verde,31.5,24.4,30.9,Encharcado,23.4,610.0,Pulverizacao,5.0,238.0,4.8,70.0,Noite,0
5468,2026-05-11 20:25:00,EQ-038,Nao-Me-Toque,46.9,32.1,31.4,Argiloso,16.1,854.0,Colheita,17.0,79.0,7.8,71.0,Manha,0
5469,2026-05-11 21:43:00,EQ-019,Cascavel,10.3,86.9,28.2,Argiloso,8.2,1082.0,Colheita,10.0,270.0,7.8,85.0,Manha,0
5470,2026-05-11 21:53:00,EQ-021,Barreiras,43.3,68.6,27.7,Encharcado,17.5,1100.0,Colheita,11.0,172.0,6.7,68.0,Tarde,0
5471,2026-05-11 22:08:00,EQ-029,Nao-Me-Toque,46.9,15.5,15.7,Misto,5.8,753.0,Colheita,8.0,255.0,7.6,57.0,Manha,0
5472,2026-05-11 22:09:00,EQ-019,Sorriso,100.0,41.1,28.3,Argiloso,21.1,1131.0,Plantio,2.0,39.0,10.3,74.0,Tarde,0
5473,2026-05-11 22:11:00,EQ-023,Barreiras,47.9,111.8,20.1,Misto,16.9,432.0,Transporte,14.0,24.0,13.7,84.0,Manha,1
5474,2026-05-11 22:28:00,EQ-039,Lucas do Rio Verde,42.2,40.7,22.8,Arenoso,3.3,1126.0,Pulverizacao,6.0,139.0,7.8,78.0,Manha,0
5475,2026-05-11 23:15:00,EQ-036,Sorriso,56.2,156.8,32.1,Arenoso,5.4,131.0,Plantio,3.0,105.0,10.5,71.0,Tarde,0
5476,2026-05-11 23:29:00,EQ-025,Sorriso,71.0,123.0,35.9,Misto,12.6,506.0,Pulverizacao,2.0,373.0,11.9,73.0,Manha,1
5477,2026-05-11 23:54:00,EQ-037,Barreiras,66.5,28.1,21.3,Argiloso,6.9,313.0,Colheita,9.0,345.0,11.3,71.0,Manha,1
5478,2026-05-12 00:01:00,EQ-004,Barreiras,64.1,79.8,25.8,Encharcado,15.8,697.0,Plantio,7.0,109.0,11.0,89.0,Tarde,1
5479,2026-05-12 00:17:00,EQ-034,Nao-Me-Toque,72.0,17.2,26.9,Arenoso,6.7,167.0,Pulverizacao,15.0,61.0,12.2,73.0,Manha,1
5480,2026-05-12 00:48:00,EQ-017,Rio Verde,95.3,57.9,33.2,Argiloso,9.3,290.0,Plantio,8.0,60.0,12.9,92.0,Tarde,1
5481,2026-05-12 00:48:00,EQ-011,Nao-Me-Toque,37.1,36.6,34.9,Misto,22.4,913.0,Colheita,15.0,98.0,8.4,73.0,Manha,0
5482,2026-05-12 01:00:00,EQ-024,Barreiras,60.5,27.8,21.3,Arenoso,2.7,156.0,Pulverizacao,2.0,72.0,9.4,89.0,Manha,1
5483,2026-05-12 01:20:00,EQ-013,Nao-Me-Toque,39.1,37.2,41.5,Arenoso,1.9,54.0,Colheita,6.0,390.0,4.8,98.0,Manha,1
5484,2026-05-12 01:26:00,EQ-035,Barreiras,74.5,45.5,24.2,Arenoso,11.2,737.0,Transporte,4.0,87.0,9.0,72.0,Noite,0
5485,2026-05-12 02:20:00,EQ-022,Lucas do Rio Verde,25.7,15.7,32.3,Misto,16.6,905.0,Transporte,4.0,135.0,6.0,80.0,Tarde,0
5486,2026-05-12 03:13:00,EQ-039,Rio Verde,18.1,33.9,29.5,Misto,21.5,384.0,Pulverizacao,10.0,155.0,6.4,82.0,Noite,0
5487,2026-05-12 03:14:00,EQ-030,Cascavel,40.9,86.6,27.3,Arenoso,6.4,509.0,Transporte,1.0,42.0,4.3,89.0,Manha,0
5488,2026-05-12 03:24:00,EQ-033,Cascavel,16.6,36.1,22.3,Misto,13.4,374.0,Plantio,3.0,413.0,13.1,86.0,Noite,0
5489,2026-05-12 03:25:00,EQ-036,Sorriso,62.4,23.5,20.9,Misto,6.4,309.0,Pulverizacao,4.0,273.0,5.3,62.0,Manha,0
5490,2026-05-12 03:40:00,EQ-005,Rio Verde,63.8,16.7,25.4,Misto,7.7,539.0,Pulverizacao,1.0,600.0,10.9,98.0,Manha,1
5491,2026-05-12 04:31:00,EQ-010,Rio Verde,49.2,13.0,23.2,Misto,4.9,1396.0,Colheita,5.0,65.0,10.0,96.0,Tarde,0
5492,2026-05-12 05:05:00,EQ-017,Lucas do Rio Verde,80.9,25.5,26.9,Misto,4.6,343.0,Plantio,13.0,157.0,8.0,55.0,Manha,0
5493,2026-05-12 05:21:00,EQ-024,Barreiras,62.2,7.1,26.8,Arenoso,3.2,500.0,Colheita,20.0,142.0,9.7,79.0,Noite,0
5494,2026-05-12 05:21:00,EQ-040,Nao-Me-Toque,64.5,4.2,20.1,Argiloso,7.6,1319.0,Pulverizacao,11.0,151.0,3.4,65.0,Manha,0
5495,2026-05-12 05:40:00,EQ-032,Sorriso,66.4,15.7,24.9,Encharcado,19.5,300.0,Pulverizacao,25.0,288.0,7.5,73.0,Manha,0
5496,2026-05-12 05:42:00,EQ-037,Barreiras,53.8,68.0,32.0,Misto,9.7,790.0,Transporte,3.0,232.0,6.1,53.0,Tarde,0
5497,2026-05-12 05:43:00,EQ-034,Rio Verde,23.8,28.8,33.9,Misto,11.0,156.0,Transporte,9.0,298.0,7.3,71.0,Tarde,0
5498,2026-05-12 06:00:00,EQ-020,Lucas do Rio Verde,24.1,70.6,10.4,Argiloso,7.7,794.0,Plantio,19.0,234.0,7.9,63.0,Manha,0
5499,2026-05-12 06:03:00,EQ-020,Lucas do Rio Verde,50.8,19.8,29.7,Misto,1.8,388.0,Plantio,8.0,397.0,9.5,57.0,Manha,0
5500,2026-05-12 07:45:00,EQ-034,Sorriso,67.6,45.9,25.8,Arenoso,9.7,420.0,Colheita,4.0,100.0,10.2,108.0,Tarde,0
5501,2026-05-12 08:21:00,EQ-001,Cascavel,11.9,22.0,38.9,Arenoso,4.9,595.0,Colheita,5.0,43.0,7.7,65.0,Tarde,0
5502,2026-05-12 08:24:00,EQ-006,Lucas do Rio Verde,100.0,11.0,20.8,Argiloso,3.1,1192.0,Pulverizacao,12.0,216.0,2.3,96.0,Manha,0
5503,2026-05-12 08:38:00,EQ-004,Cascavel,71.9,67.0,28.1,Argiloso,9.0,81.0,Plantio,6.0,20.0,5.0,72.0,Tarde,1
5504,2026-05-12 08:51:00,EQ-018,Cascavel,76.2,10.4,29.8,Arenoso,1.2,812.0,Colheita,9.0,82.0,3.8,59.0,Tarde,0
5505,2026-05-12 09:30:00,EQ-018,Barreiras,71.8,77.4,28.5,Encharcado,5.5,300.0,Pulverizacao,2.0,115.0,6.9,85.0,Noite,1
5506,2026-05-12 09:39:00,EQ-009,Sorriso,86.7,39.5,23.2,Encharcado,23.4,30.0,Plantio,6.0,10.0,6.2,70.0,Noite,1
5507,2026-05-12 10:32:00,EQ-023,Barreiras,33.0,8.6,23.3,Arenoso,14.8,487.0,Colheita,17.0,153.0,8.5,94.0,Manha,0
5508,2026-05-12 11:03:00,EQ-002,Cascavel,31.6,14.7,22.6,Argiloso,30.6,1154.0,Transporte,6.0,210.0,12.6,81.0,Manha,0
5509,2026-05-12 11:12:00,EQ-004,Cascavel,63.5,12.5,23.3,Arenoso,0.4,928.0,Colheita,24.0,304.0,0.7,75.0,Noite,0
5510,2026-05-12 11:19:00,EQ-001,Lucas do Rio Verde,57.0,39.9,17.0,Arenoso,9.4,256.0,Transporte,12.0,80.0,9.5,95.0,Manha,1
5511,2026-05-12 11:22:00,EQ-002,Rio Verde,50.7,29.6,20.4,Misto,7.0,447.0,Plantio,9.0,66.0,3.9,69.0,Noite,0
5512,2026-05-12 12:17:00,EQ-040,Nao-Me-Toque,53.3,9.7,34.8,Misto,10.8,233.0,Pulverizacao,0.0,78.0,12.5,71.0,Tarde,0
5513,2026-05-12 12:33:00,EQ-037,Rio Verde,51.1,41.6,17.0,Arenoso,4.6,559.0,Transporte,15.0,72.0,15.4,54.0,Tarde,0
5514,2026-05-12 13:02:00,EQ-015,Cascavel,73.5,15.3,31.2,Misto,10.8,732.0,Plantio,13.0,115.0,7.0,85.0,Manha,0
5515,2026-05-12 13:49:00,EQ-026,Nao-Me-Toque,67.2,29.5,31.8,Argiloso,13.6,1261.0,Colheita,2.0,120.0,10.9,67.0,Manha,1
5516,2026-05-12 14:03:00,EQ-004,Lucas do Rio Verde,26.2,14.3,35.4,Argiloso,9.4,330.0,Colheita,17.0,111.0,5.2,43.0,Tarde,0
5517,2026-05-12 14:13:00,EQ-008,Barreiras,45.4,32.3,14.3,Misto,1.8,706.0,Colheita,10.0,137.0,4.2,90.0,Manha,0
5518,2026-05-12 14:14:00,EQ-013,Cascavel,69.9,20.5,31.5,Encharcado,14.5,641.0,Colheita,2.0,118.0,6.0,96.0,Manha,0
5519,2026-05-12 14:16:00,EQ-028,Sorriso,51.0,11.3,29.8,Argiloso,6.1,1496.0,Plantio,3.0,103.0,9.7,85.0,Manha,0
5520,2026-05-12 14:21:00,EQ-032,Rio Verde,63.4,15.5,32.0,Argiloso,2.6,711.0,Colheita,7.0,186.0,6.5,60.0,Noite,0
5521,2026-05-12 14:38:00,EQ-020,Lucas do Rio Verde,40.0,35.0,27.1,Argiloso,7.0,383.0,Colheita,3.0,91.0,12.0,67.0,Tarde,0
5522,2026-05-12 15:40:00,EQ-030,Barreiras,87.9,23.4,27.9,Argiloso,10.7,447.0,Colheita,4.0,287.0,11.6,78.0,Noite,1
5523,2026-05-12 16:14:00,EQ-016,Cascavel,51.4,25.5,27.8,Argiloso,10.8,609.0,Colheita,8.0,120.0,2.7,88.0,Manha,0
5524,2026-05-12 16:54:00,EQ-011,Lucas do Rio Verde,27.7,25.6,19.0,Arenoso,14.0,936.0,Pulverizacao,9.0,48.0,6.7,56.0,Tarde,0
5525,2026-05-12 17:08:00,EQ-013,Nao-Me-Toque,51.7,18.7,33.0,Misto,9.9,1180.0,Plantio,11.0,103.0,7.1,110.0,Manha,0
5526,2026-05-12 17:19:00,EQ-012,Lucas do Rio Verde,56.8,23.1,30.9,Arenoso,1.6,498.0,Pulverizacao,20.0,78.0,2.5,88.0,Manha,0
5527,2026-05-12 17:31:00,EQ-034,Lucas do Rio Verde,72.4,29.8,20.7,Misto,5.1,272.0,Transporte,3.0,129.0,9.8,57.0,Tarde,1
5528,2026-05-12 17:38:00,EQ-004,Cascavel,92.8,12.2,28.3,Encharcado,5.2,392.0,Plantio,5.0,406.0,9.6,103.0,Tarde,1
5529,2026-05-12 17:59:00,EQ-029,Nao-Me-Toque,81.2,5.5,30.2,Argiloso,6.8,1372.0,Colheita,9.0,88.0,11.0,83.0,Tarde,0
5530,2026-05-12 18:06:00,EQ-040,Cascavel,35.8,41.5,30.2,Arenoso,9.0,888.0,Colheita,8.0,6.0,8.0,120.0,Tarde,1
5531,2026-05-12 18:37:00,EQ-029,Cascavel,71.4,9.7,27.6,Arenoso,12.8,507.0,Plantio,12.0,105.0,7.8,40.0,Tarde,0
5532,2026-05-12 18:41:00,EQ-031,Sorriso,33.4,31.5,28.1,Misto,8.3,388.0,Plantio,2.0,160.0,7.3,78.0,Noite,0
5533,2026-05-12 19:16:00,EQ-020,Sorriso,66.5,33.1,24.8,Encharcado,3.1,150.0,Plantio,4.0,118.0,8.0,80.0,Manha,0
5534,2026-05-12 19:38:00,EQ-034,Cascavel,39.3,33.5,31.2,Argiloso,2.5,233.0,Colheita,21.0,154.0,9.6,71.0,Tarde,1
5535,2026-05-12 20:16:00,EQ-021,Cascavel,35.0,17.9,30.6,Argiloso,6.6,543.0,Transporte,20.0,185.0,5.8,61.0,Noite,0
5536,2026-05-12 20:27:00,EQ-017,Sorriso,72.7,15.2,26.3,Misto,10.1,102.0,Plantio,8.0,241.0,9.1,80.0,Manha,1
5537,2026-05-12 21:24:00,EQ-013,Barreiras,75.6,35.9,33.7,Encharcado,13.7,440.0,Transporte,9.0,81.0,9.3,76.0,Tarde,1
5538,2026-05-12 21:40:00,EQ-037,Barreiras,47.2,23.8,23.7,Encharcado,9.4,264.0,Plantio,7.0,80.0,7.3,73.0,Manha,1
5539,2026-05-12 21:54:00,EQ-017,Barreiras,50.5,17.0,29.2,Encharcado,16.1,1144.0,Plantio,3.0,239.0,11.3,64.0,Manha,0
5540,2026-05-12 21:56:00,EQ-031,Lucas do Rio Verde,51.7,102.4,21.9,Misto,11.1,808.0,Pulverizacao,13.0,162.0,11.3,52.0,Manha,0
5541,2026-05-12 22:24:00,EQ-037,Cascavel,39.9,6.7,34.5,Encharcado,3.4,1415.0,Pulverizacao,14.0,600.0,8.7,103.0,Tarde,1
5542,2026-05-12 22:33:00,EQ-020,Rio Verde,73.4,59.3,30.9,Argiloso,6.1,320.0,Plantio,17.0,65.0,12.2,67.0,Manha,1
5543,2026-05-12 23:28:00,EQ-020,Cascavel,53.5,16.0,25.1,Misto,22.7,408.0,Colheita,8.0,196.0,6.5,89.0,Manha,0
5544,2026-05-12 23:41:00,EQ-034,Cascavel,24.3,47.0,30.6,Arenoso,1.4,94.0,Colheita,7.0,146.0,9.2,91.0,Manha,0
5545,2026-05-13 00:25:00,EQ-019,Cascavel,47.4,20.1,23.4,Misto,4.6,559.0,Transporte,5.0,289.0,3.3,99.0,Tarde,0
5546,2026-05-13 01:07:00,EQ-035,Barreiras,40.4,58.9,26.3,Arenoso,1.4,493.0,Plantio,16.0,417.0,9.6,80.0,Tarde,0
5547,2026-05-13 01:13:00,EQ-033,Nao-Me-Toque,36.4,48.6,25.6,Argiloso,1.4,530.0,Pulverizacao,11.0,181.0,11.3,102.0,Tarde,1
5548,2026-05-13 01:57:00,EQ-017,Lucas do Rio Verde,75.6,26.7,17.4,Argiloso,16.6,190.0,Colheita,18.0,60.0,10.3,59.0,Manha,1
5549,2026-05-13 02:01:00,EQ-030,Sorriso,47.9,119.7,21.9,Misto,5.9,349.0,Colheita,11.0,260.0,6.1,93.0,Tarde,1
5550,2026-05-13 02:05:00,EQ-024,Rio Verde,84.4,61.9,36.0,Encharcado,14.5,1788.0,Transporte,7.0,147.0,3.5,51.0,Manha,1
5551,2026-05-13 02:10:00,EQ-032,Lucas do Rio Verde,65.0,48.1,29.3,Arenoso,13.7,1256.0,Colheita,3.0,120.0,10.5,94.0,Noite,0
5552,2026-05-13 02:27:00,EQ-037,Sorriso,61.0,4.7,24.6,Arenoso,36.9,209.0,Pulverizacao,11.0,257.0,8.6,62.0,Tarde,1
5553,2026-05-13 02:28:00,EQ-035,Barreiras,65.2,18.0,30.1,Arenoso,13.8,1061.0,Colheita,9.0,301.0,6.3,94.0,Manha,1
5554,2026-05-13 03:04:00,EQ-033,Lucas do Rio Verde,43.8,28.1,23.6,Argiloso,8.1,2000.0,Plantio,5.0,49.0,8.3,103.0,Tarde,0
5555,2026-05-13 03:12:00,EQ-012,Nao-Me-Toque,20.3,19.8,25.5,Argiloso,2.5,499.0,Plantio,6.0,362.0,7.4,69.0,Manha,0
5556,2026-05-13 03:24:00,EQ-024,Nao-Me-Toque,63.2,37.5,22.7,Argiloso,5.8,777.0,Transporte,7.0,358.0,8.5,70.0,Tarde,0
5557,2026-05-13 03:39:00,EQ-016,Cascavel,20.9,63.5,30.1,Arenoso,6.0,488.0,Transporte,2.0,174.0,10.4,76.0,Manha,0
5558,2026-05-13 04:10:00,EQ-019,Barreiras,71.1,19.0,31.8,Misto,31.7,162.0,Plantio,3.0,403.0,7.5,92.0,Manha,0
5559,2026-05-13 04:45:00,EQ-028,Sorriso,31.2,11.9,31.1,Argiloso,33.6,920.0,Pulverizacao,7.0,244.0,7.3,91.0,Tarde,0
5560,2026-05-13 04:55:00,EQ-011,Sorriso,72.8,37.2,29.7,Misto,11.9,778.0,Plantio,3.0,56.0,3.8,83.0,Manha,0
5561,2026-05-13 04:56:00,EQ-005,Sorriso,76.6,44.7,32.9,Encharcado,15.7,908.0,Colheita,16.0,138.0,6.8,83.0,Manha,0
5562,2026-05-13 05:14:00,EQ-036,Barreiras,58.2,92.5,32.5,Argiloso,35.0,1341.0,Plantio,8.0,253.0,9.2,88.0,Manha,1
5563,2026-05-13 05:30:00,EQ-022,Sorriso,83.6,13.0,27.1,Argiloso,2.3,738.0,Pulverizacao,4.0,265.0,9.0,82.0,Tarde,0
5564,2026-05-13 05:44:00,EQ-005,Cascavel,70.1,41.8,23.6,Arenoso,8.8,748.0,Pulverizacao,10.0,173.0,7.0,78.0,Manha,0
5565,2026-05-13 05:51:00,EQ-023,Lucas do Rio Verde,49.9,39.7,30.3,Arenoso,14.1,1069.0,Plantio,2.0,29.0,8.1,98.0,Manha,0
5566,2026-05-13 05:58:00,EQ-037,Sorriso,65.0,40.2,36.5,Arenoso,5.5,1198.0,Pulverizacao,1.0,191.0,8.2,82.0,Tarde,0
5567,2026-05-13 06:01:00,EQ-030,Rio Verde,40.5,20.5,33.9,Arenoso,12.1,186.0,Pulverizacao,5.0,180.0,10.3,60.0,Manha,0
5568,2026-05-13 06:03:00,EQ-031,Cascavel,33.2,27.5,31.7,Arenoso,3.1,930.0,Pulverizacao,4.0,206.0,12.1,73.0,Tarde,0
5569,2026-05-13 06:08:00,EQ-006,Sorriso,50.5,47.0,43.1,Arenoso,7.2,598.0,Plantio,19.0,78.0,9.9,103.0,Manha,0
5570,2026-05-13 06:17:00,EQ-030,Rio Verde,39.5,1.6,16.0,Arenoso,30.7,461.0,Transporte,18.0,182.0,7.1,65.0,Manha,0
5571,2026-05-13 06:18:00,EQ-002,Lucas do Rio Verde,48.7,8.4,23.4,Encharcado,7.6,1593.0,Colheita,2.0,38.0,5.7,67.0,Manha,0
5572,2026-05-13 06:52:00,EQ-024,Barreiras,20.3,62.5,10.6,Misto,4.0,190.0,Pulverizacao,12.0,50.0,8.7,72.0,Manha,0
5573,2026-05-13 07:08:00,EQ-020,Barreiras,50.3,41.0,35.4,Misto,16.1,426.0,Colheita,3.0,600.0,5.3,93.0,Noite,0
5574,2026-05-13 07:45:00,EQ-020,Nao-Me-Toque,62.5,4.2,35.8,Argiloso,19.8,894.0,Transporte,4.0,257.0,7.5,91.0,Manha,0
5575,2026-05-13 08:15:00,EQ-026,Lucas do Rio Verde,29.8,13.7,33.9,Argiloso,7.9,596.0,Colheita,1.0,196.0,9.1,91.0,Manha,0
5576,2026-05-13 08:23:00,EQ-003,Nao-Me-Toque,47.7,26.0,30.7,Misto,7.7,126.0,Colheita,12.0,275.0,6.4,88.0,Noite,0
5577,2026-05-13 08:47:00,EQ-007,Sorriso,35.5,27.4,19.8,Misto,19.9,459.0,Colheita,11.0,48.0,13.0,79.0,Tarde,0
5578,2026-05-13 09:22:00,EQ-023,Sorriso,54.7,31.7,22.9,Encharcado,18.3,708.0,Transporte,8.0,131.0,8.5,82.0,Tarde,0
5579,2026-05-13 09:52:00,EQ-002,Sorriso,67.4,17.6,38.8,Encharcado,9.9,773.0,Transporte,12.0,223.0,8.5,88.0,Manha,0
5580,2026-05-13 10:13:00,EQ-019,Sorriso,5.0,3.9,20.8,Misto,5.4,1045.0,Colheita,6.0,98.0,5.1,77.0,Noite,0
5581,2026-05-13 10:48:00,EQ-009,Rio Verde,35.7,19.4,20.7,Misto,12.2,222.0,Plantio,6.0,60.0,10.2,92.0,Manha,0
5582,2026-05-13 10:49:00,EQ-003,Nao-Me-Toque,51.9,61.2,27.6,Argiloso,4.3,172.0,Pulverizacao,6.0,258.0,7.6,62.0,Manha,1
5583,2026-05-13 10:54:00,EQ-010,Cascavel,26.2,83.8,31.3,Arenoso,2.3,193.0,Pulverizacao,8.0,12.0,5.2,77.0,Manha,0
5584,2026-05-13 11:30:00,EQ-018,Sorriso,51.6,85.1,18.8,Argiloso,12.2,269.0,Plantio,3.0,266.0,8.5,81.0,Manha,1
5585,2026-05-13 11:47:00,EQ-011,Lucas do Rio Verde,5.0,34.6,24.4,Argiloso,13.6,674.0,Colheita,5.0,318.0,8.5,82.0,Manha,0
5586,2026-05-13 12:23:00,EQ-002,Barreiras,54.7,2.5,25.9,Arenoso,14.3,195.0,Transporte,0.0,84.0,9.2,75.0,Tarde,0
5587,2026-05-13 12:28:00,EQ-010,Nao-Me-Toque,73.7,19.3,31.4,Arenoso,9.1,571.0,Colheita,12.0,119.0,4.2,91.0,Tarde,0
5588,2026-05-13 12:47:00,EQ-034,Rio Verde,89.6,43.5,34.2,Arenoso,18.7,243.0,Pulverizacao,11.0,196.0,11.6,45.0,Tarde,1
5589,2026-05-13 13:11:00,EQ-004,Cascavel,72.1,15.0,21.9,Arenoso,18.6,1024.0,Plantio,5.0,274.0,8.4,69.0,Manha,0
5590,2026-05-13 13:15:00,EQ-005,Barreiras,47.5,3.6,27.9,Encharcado,17.5,1002.0,Colheita,8.0,251.0,8.6,102.0,Tarde,0
5591,2026-05-13 14:21:00,EQ-013,Nao-Me-Toque,67.4,10.7,17.5,Argiloso,10.3,747.0,Plantio,13.0,75.0,10.3,80.0,Tarde,0
5592,2026-05-13 14:35:00,EQ-035,Lucas do Rio Verde,11.9,15.0,26.3,Misto,4.9,202.0,Plantio,4.0,304.0,4.5,111.0,Noite,0
5593,2026-05-13 14:42:00,EQ-005,Nao-Me-Toque,38.6,15.3,26.0,Arenoso,9.9,476.0,Pulverizacao,3.0,157.0,3.5,73.0,Tarde,0
5594,2026-05-13 15:18:00,EQ-008,Cascavel,19.8,75.4,30.0,Arenoso,8.6,671.0,Plantio,2.0,27.0,8.2,63.0,Tarde,0
5595,2026-05-13 15:50:00,EQ-035,Lucas do Rio Verde,70.7,35.0,22.9,Misto,1.5,345.0,Colheita,10.0,7.0,11.6,69.0,Manha,1
5596,2026-05-13 16:05:00,EQ-020,Cascavel,43.2,15.2,30.1,Argiloso,9.6,410.0,Plantio,14.0,74.0,8.7,110.0,Manha,0
5597,2026-05-13 16:35:00,EQ-024,Rio Verde,66.6,54.0,30.4,Arenoso,2.2,983.0,Plantio,5.0,293.0,8.4,58.0,Manha,0
5598,2026-05-13 17:30:00,EQ-027,Lucas do Rio Verde,70.0,13.7,17.6,Argiloso,9.8,806.0,Transporte,11.0,239.0,7.6,69.0,Manha,0
5599,2026-05-13 18:00:00,EQ-016,Sorriso,62.5,106.8,36.1,Misto,8.1,263.0,Transporte,3.0,58.0,8.7,120.0,Tarde,1
5600,2026-05-13 18:17:00,EQ-026,Lucas do Rio Verde,51.8,8.5,34.5,Misto,10.6,1555.0,Pulverizacao,0.0,304.0,7.3,74.0,Tarde,0
5601,2026-05-13 18:29:00,EQ-033,Rio Verde,68.3,3.7,18.8,Arenoso,8.3,92.0,Plantio,4.0,138.0,7.0,69.0,Manha,1
5602,2026-05-13 18:35:00,EQ-027,Nao-Me-Toque,62.2,12.8,33.3,Argiloso,6.1,893.0,Transporte,11.0,391.0,4.4,50.0,Manha,0
5603,2026-05-13 18:39:00,EQ-017,Cascavel,17.8,27.7,23.3,Arenoso,3.9,719.0,Plantio,8.0,135.0,11.2,93.0,Manha,0
5604,2026-05-13 19:44:00,EQ-014,Barreiras,87.3,88.4,28.6,Arenoso,4.1,974.0,Transporte,7.0,203.0,8.8,87.0,Tarde,0
5605,2026-05-13 19:45:00,EQ-004,Sorriso,55.2,29.6,21.5,Argiloso,16.1,381.0,Transporte,7.0,80.0,7.3,88.0,Tarde,0
5606,2026-05-13 20:32:00,EQ-039,Barreiras,38.8,18.7,27.2,Misto,2.7,191.0,Pulverizacao,1.0,301.0,12.9,87.0,Manha,0
5607,2026-05-13 20:38:00,EQ-002,Rio Verde,49.6,61.8,22.8,Argiloso,6.7,543.0,Plantio,3.0,148.0,7.2,106.0,Manha,0
5608,2026-05-13 20:44:00,EQ-034,Nao-Me-Toque,48.2,16.7,28.7,Argiloso,4.1,1003.0,Plantio,6.0,154.0,10.0,79.0,Tarde,0
5609,2026-05-13 20:44:00,EQ-038,Nao-Me-Toque,67.7,3.8,24.0,Argiloso,4.9,1716.0,Colheita,6.0,192.0,8.1,52.0,Manha,0
5610,2026-05-13 21:34:00,EQ-006,Cascavel,49.8,42.8,30.1,Misto,8.1,540.0,Transporte,4.0,600.0,6.7,79.0,Tarde,1
5611,2026-05-13 21:45:00,EQ-003,Rio Verde,39.7,36.4,30.7,Arenoso,8.8,30.0,Colheita,0.0,238.0,6.3,98.0,Tarde,0
5612,2026-05-13 22:22:00,EQ-029,Lucas do Rio Verde,70.5,33.9,23.0,Arenoso,19.4,37.0,Pulverizacao,2.0,145.0,9.5,94.0,Noite,1
5613,2026-05-13 23:09:00,EQ-036,Sorriso,11.6,15.7,34.3,Argiloso,2.0,185.0,Plantio,11.0,330.0,10.7,85.0,Noite,0
5614,2026-05-13 23:22:00,EQ-022,Nao-Me-Toque,28.0,22.8,15.8,Arenoso,23.6,332.0,Plantio,7.0,243.0,7.2,86.0,Tarde,0
5615,2026-05-14 00:01:00,EQ-021,Rio Verde,76.9,10.9,32.4,Argiloso,5.2,102.0,Colheita,2.0,99.0,6.3,101.0,Tarde,0
5616,2026-05-14 00:24:00,EQ-038,Barreiras,70.7,31.3,29.5,Arenoso,4.1,527.0,Colheita,11.0,35.0,5.4,73.0,Tarde,0
5617,2026-05-14 00:27:00,EQ-015,Cascavel,37.7,14.7,24.2,Arenoso,7.4,436.0,Transporte,15.0,280.0,8.8,74.0,Manha,0
5618,2026-05-14 00:31:00,EQ-023,Cascavel,67.0,21.0,13.6,Misto,5.5,1090.0,Plantio,13.0,176.0,4.5,82.0,Tarde,0
5619,2026-05-14 00:31:00,EQ-039,Rio Verde,58.0,30.6,36.7,Arenoso,6.2,1113.0,Colheita,6.0,104.0,8.7,69.0,Tarde,0
5620,2026-05-14 00:36:00,EQ-029,Lucas do Rio Verde,100.0,47.7,21.9,Argiloso,0.4,879.0,Plantio,18.0,60.0,6.3,81.0,Tarde,0
5621,2026-05-14 00:51:00,EQ-035,Barreiras,69.7,25.7,27.0,Misto,5.9,458.0,Pulverizacao,5.0,176.0,10.0,89.0,Manha,1
5622,2026-05-14 01:04:00,EQ-026,Cascavel,71.8,8.6,32.0,Arenoso,20.7,711.0,Transporte,15.0,33.0,7.6,79.0,Manha,0
5623,2026-05-14 01:24:00,EQ-008,Barreiras,53.7,16.9,31.3,Arenoso,12.3,1094.0,Colheita,6.0,203.0,7.5,57.0,Tarde,0
5624,2026-05-14 01:24:00,EQ-021,Rio Verde,71.4,31.7,33.0,Arenoso,11.1,1739.0,Colheita,8.0,150.0,7.6,68.0,Noite,0
5625,2026-05-14 01:35:00,EQ-013,Lucas do Rio Verde,42.0,49.5,21.1,Arenoso,4.5,357.0,Transporte,4.0,152.0,2.0,88.0,Manha,1
5626,2026-05-14 01:46:00,EQ-024,Lucas do Rio Verde,79.7,61.9,30.0,Encharcado,17.9,141.0,Pulverizacao,8.0,376.0,10.6,103.0,Manha,1
5627,2026-05-14 02:07:00,EQ-008,Lucas do Rio Verde,100.0,31.9,19.7,Misto,15.9,769.0,Colheita,3.0,540.0,7.0,88.0,Manha,0
5628,2026-05-14 02:10:00,EQ-024,Barreiras,71.4,1.9,25.0,Misto,3.7,450.0,Pulverizacao,6.0,124.0,9.7,72.0,Manha,0
5629,2026-05-14 02:17:00,EQ-009,Sorriso,35.4,45.2,31.9,Encharcado,6.1,911.0,Plantio,1.0,119.0,7.4,92.0,Manha,0
5630,2026-05-14 02:40:00,EQ-005,Nao-Me-Toque,61.2,40.9,18.9,Argiloso,3.2,571.0,Plantio,3.0,97.0,7.5,64.0,Tarde,1
5631,2026-05-14 03:12:00,EQ-038,Rio Verde,75.5,54.2,18.7,Argiloso,9.4,809.0,Colheita,2.0,233.0,7.0,102.0,Tarde,0
5632,2026-05-14 03:14:00,EQ-008,Barreiras,83.6,10.8,34.1,Argiloso,22.0,915.0,Colheita,4.0,286.0,15.2,75.0,Manha,1
5633,2026-05-14 03:40:00,EQ-025,Nao-Me-Toque,38.0,44.9,27.7,Arenoso,0.9,1102.0,Pulverizacao,8.0,81.0,14.7,88.0,Tarde,0
5634,2026-05-14 04:05:00,EQ-027,Rio Verde,64.6,43.9,22.6,Encharcado,21.9,258.0,Transporte,2.0,21.0,5.6,78.0,Noite,1
5635,2026-05-14 04:08:00,EQ-040,Nao-Me-Toque,64.9,7.3,23.4,Misto,16.2,785.0,Plantio,3.0,268.0,6.9,87.0,Manha,0
5636,2026-05-14 04:12:00,EQ-008,Lucas do Rio Verde,48.5,23.0,32.9,Misto,10.6,163.0,Pulverizacao,7.0,138.0,9.3,67.0,Tarde,0
5637,2026-05-14 04:25:00,EQ-019,Barreiras,46.1,11.4,32.8,Misto,12.7,407.0,Pulverizacao,3.0,76.0,8.9,40.0,Tarde,0
5638,2026-05-14 04:30:00,EQ-039,Nao-Me-Toque,68.6,46.4,34.1,Arenoso,13.6,345.0,Colheita,1.0,102.0,8.5,56.0,Manha,1
5639,2026-05-14 05:47:00,EQ-018,Nao-Me-Toque,54.2,36.7,22.0,Misto,2.9,862.0,Transporte,4.0,186.0,6.6,97.0,Manha,0
5640,2026-05-14 06:11:00,EQ-027,Sorriso,69.1,49.7,30.7,Misto,6.0,419.0,Colheita,9.0,239.0,6.5,63.0,Noite,1
5641,2026-05-14 06:18:00,EQ-004,Sorriso,58.2,24.8,19.4,Arenoso,9.4,283.0,Pulverizacao,1.0,203.0,5.7,79.0,Tarde,0
5642,2026-05-14 06:49:00,EQ-026,Sorriso,69.8,24.1,34.5,Argiloso,13.4,748.0,Pulverizacao,13.0,226.0,6.4,67.0,Tarde,0
5643,2026-05-14 06:51:00,EQ-020,Cascavel,49.4,5.1,30.0,Misto,0.6,247.0,Plantio,1.0,228.0,10.2,96.0,Tarde,0
5644,2026-05-14 06:52:00,EQ-013,Sorriso,62.7,6.1,21.0,Arenoso,17.4,554.0,Plantio,8.0,120.0,8.6,71.0,Manha,0
5645,2026-05-14 07:30:00,EQ-032,Nao-Me-Toque,38.3,60.1,30.7,Encharcado,12.4,1787.0,Pulverizacao,5.0,71.0,6.0,93.0,Tarde,0
5646,2026-05-14 07:36:00,EQ-030,Nao-Me-Toque,47.1,23.9,35.2,Argiloso,5.9,474.0,Plantio,6.0,128.0,6.2,83.0,Tarde,0
5647,2026-05-14 07:55:00,EQ-013,Nao-Me-Toque,84.1,14.6,37.5,Argiloso,3.7,807.0,Transporte,10.0,69.0,8.6,73.0,Manha,1
5648,2026-05-14 08:04:00,EQ-011,Lucas do Rio Verde,86.3,62.7,32.1,Misto,7.4,500.0,Pulverizacao,10.0,176.0,6.8,77.0,Noite,1
5649,2026-05-14 08:20:00,EQ-006,Cascavel,44.2,14.2,25.7,Encharcado,12.0,1119.0,Transporte,14.0,120.0,11.4,64.0,Tarde,1
5650,2026-05-14 08:48:00,EQ-010,Barreiras,30.4,15.4,18.7,Argiloso,3.0,643.0,Plantio,6.0,238.0,11.8,64.0,Tarde,0
5651,2026-05-14 09:03:00,EQ-036,Rio Verde,64.8,43.1,33.9,Argiloso,3.7,303.0,Pulverizacao,13.0,93.0,4.9,99.0,Tarde,1
5652,2026-05-14 09:06:00,EQ-005,Barreiras,56.1,1.6,22.1,Arenoso,11.4,476.0,Colheita,2.0,109.0,8.8,102.0,Noite,0
5653,2026-05-14 09:20:00,EQ-024,Nao-Me-Toque,71.9,29.0,24.4,Argiloso,15.6,1079.0,Colheita,6.0,90.0,6.8,82.0,Manha,0
5654,2026-05-14 09:58:00,EQ-005,Barreiras,54.4,73.3,36.4,Misto,16.3,1073.0,Pulverizacao,5.0,188.0,8.6,87.0,Manha,0
5655,2026-05-14 10:26:00,EQ-032,Sorriso,33.9,19.0,29.9,Misto,8.3,612.0,Plantio,6.0,121.0,9.3,76.0,Tarde,0
5656,2026-05-14 10:30:00,EQ-007,Barreiras,83.5,39.8,16.6,Misto,16.6,221.0,Plantio,19.0,164.0,2.4,40.0,Manha,0
5657,2026-05-14 10:42:00,EQ-033,Rio Verde,80.6,10.3,39.8,Argiloso,26.9,615.0,Pulverizacao,6.0,12.0,6.6,99.0,Tarde,0
5658,2026-05-14 11:03:00,EQ-037,Lucas do Rio Verde,50.1,30.3,29.3,Misto,7.1,236.0,Colheita,6.0,159.0,7.9,88.0,Tarde,0
5659,2026-05-14 11:44:00,EQ-025,Lucas do Rio Verde,42.5,40.3,23.1,Encharcado,1.2,497.0,Colheita,3.0,29.0,5.1,90.0,Manha,0
5660,2026-05-14 11:48:00,EQ-033,Nao-Me-Toque,43.0,82.0,19.9,Arenoso,19.4,330.0,Transporte,16.0,86.0,16.0,58.0,Noite,1
5661,2026-05-14 12:05:00,EQ-022,Rio Verde,39.7,49.5,33.1,Misto,2.9,585.0,Plantio,2.0,58.0,9.5,87.0,Tarde,0
5662,2026-05-14 12:05:00,EQ-020,Barreiras,52.0,39.9,26.9,Encharcado,13.6,1460.0,Plantio,15.0,105.0,5.2,105.0,Manha,0
5663,2026-05-14 12:08:00,EQ-040,Cascavel,25.6,5.9,28.4,Arenoso,2.9,414.0,Plantio,8.0,299.0,11.6,103.0,Manha,0
5664,2026-05-14 12:40:00,EQ-016,Lucas do Rio Verde,54.3,61.1,9.3,Arenoso,12.8,1778.0,Transporte,5.0,113.0,12.6,59.0,Tarde,0
5665,2026-05-14 12:42:00,EQ-039,Cascavel,53.1,28.4,15.6,Misto,3.7,308.0,Plantio,9.0,142.0,4.0,78.0,Noite,0
5666,2026-05-14 12:48:00,EQ-020,Sorriso,46.2,16.4,38.5,Misto,9.7,465.0,Transporte,25.0,277.0,4.7,65.0,Manha,0
5667,2026-05-14 12:57:00,EQ-021,Cascavel,40.4,4.9,20.2,Arenoso,5.6,661.0,Colheita,5.0,13.0,8.1,89.0,Manha,0
5668,2026-05-14 13:51:00,EQ-019,Sorriso,52.4,21.1,27.4,Misto,13.2,305.0,Pulverizacao,3.0,283.0,5.6,77.0,Tarde,0
5669,2026-05-14 14:14:00,EQ-036,Cascavel,28.1,68.8,26.5,Encharcado,21.6,1015.0,Plantio,4.0,424.0,2.0,90.0,Tarde,0
5670,2026-05-14 14:26:00,EQ-039,Rio Verde,20.7,15.7,36.3,Argiloso,9.6,983.0,Pulverizacao,14.0,136.0,3.2,77.0,Tarde,0
5671,2026-05-14 14:42:00,EQ-029,Nao-Me-Toque,56.4,59.7,22.4,Arenoso,2.4,89.0,Pulverizacao,6.0,158.0,9.6,95.0,Noite,0
5672,2026-05-14 15:04:00,EQ-010,Cascavel,33.5,14.1,24.8,Argiloso,8.4,885.0,Transporte,6.0,285.0,5.9,83.0,Tarde,0
5673,2026-05-14 15:23:00,EQ-013,Sorriso,83.5,21.5,32.1,Misto,11.7,937.0,Plantio,3.0,341.0,8.8,113.0,Manha,0
5674,2026-05-14 15:28:00,EQ-039,Rio Verde,56.9,23.1,27.6,Arenoso,14.4,666.0,Colheita,5.0,54.0,5.1,58.0,Tarde,0
5675,2026-05-14 16:55:00,EQ-039,Barreiras,70.7,64.0,23.8,Argiloso,13.4,1377.0,Pulverizacao,4.0,108.0,6.3,73.0,Manha,0
5676,2026-05-14 17:03:00,EQ-017,Lucas do Rio Verde,51.8,75.6,30.8,Misto,8.4,790.0,Colheita,12.0,117.0,6.1,70.0,Tarde,0
5677,2026-05-14 17:08:00,EQ-005,Lucas do Rio Verde,22.6,11.2,38.2,Encharcado,6.7,342.0,Transporte,2.0,407.0,3.4,64.0,Manha,0
5678,2026-05-14 17:23:00,EQ-007,Sorriso,12.1,28.9,23.5,Encharcado,22.9,180.0,Plantio,16.0,69.0,6.6,75.0,Manha,0
5679,2026-05-14 17:34:00,EQ-004,Barreiras,55.2,16.1,31.1,Arenoso,13.2,1280.0,Plantio,10.0,92.0,5.9,107.0,Tarde,0
5680,2026-05-14 17:55:00,EQ-001,Lucas do Rio Verde,91.3,59.0,26.4,Arenoso,19.9,2000.0,Pulverizacao,14.0,144.0,8.4,60.0,Manha,0
5681,2026-05-14 18:10:00,EQ-039,Cascavel,25.1,75.7,25.1,Misto,36.3,689.0,Colheita,13.0,314.0,7.9,106.0,Tarde,1
5682,2026-05-14 18:11:00,EQ-010,Lucas do Rio Verde,57.0,54.5,31.5,Arenoso,27.7,692.0,Colheita,14.0,54.0,16.0,76.0,Tarde,1
5683,2026-05-14 18:22:00,EQ-016,Nao-Me-Toque,43.4,13.3,31.3,Arenoso,5.4,244.0,Colheita,7.0,96.0,5.8,80.0,Tarde,1
5684,2026-05-14 18:50:00,EQ-020,Cascavel,70.7,51.0,35.2,Misto,18.9,355.0,Colheita,25.0,101.0,11.5,56.0,Noite,1
5685,2026-05-14 19:14:00,EQ-025,Rio Verde,48.8,11.8,26.5,Argiloso,0.5,1047.0,Plantio,3.0,232.0,5.4,94.0,Manha,0
5686,2026-05-14 19:15:00,EQ-006,Cascavel,60.0,31.7,25.8,Misto,6.6,310.0,Pulverizacao,19.0,49.0,11.5,100.0,Tarde,0
5687,2026-05-14 19:57:00,EQ-020,Lucas do Rio Verde,51.5,48.2,34.1,Arenoso,13.0,708.0,Pulverizacao,6.0,358.0,5.8,40.0,Tarde,0
5688,2026-05-14 19:57:00,EQ-006,Lucas do Rio Verde,54.9,63.5,35.3,Argiloso,5.6,900.0,Transporte,6.0,79.0,0.3,80.0,Manha,0
5689,2026-05-14 20:09:00,EQ-040,Lucas do Rio Verde,73.3,23.7,11.6,Arenoso,34.9,837.0,Pulverizacao,10.0,214.0,10.9,60.0,Tarde,0
5690,2026-05-14 20:16:00,EQ-034,Lucas do Rio Verde,61.1,69.5,19.2,Argiloso,36.9,498.0,Pulverizacao,3.0,190.0,5.5,76.0,Manha,1
5691,2026-05-14 20:21:00,EQ-034,Rio Verde,40.1,8.1,32.8,Argiloso,10.4,137.0,Plantio,2.0,107.0,9.5,41.0,Manha,0
5692,2026-05-14 21:15:00,EQ-026,Cascavel,46.0,51.7,41.5,Misto,11.9,1426.0,Transporte,7.0,27.0,7.3,94.0,Tarde,0
5693,2026-05-14 22:01:00,EQ-023,Cascavel,57.2,28.4,24.8,Arenoso,15.2,59.0,Colheita,13.0,105.0,6.8,114.0,Tarde,0
5694,2026-05-14 22:12:00,EQ-005,Rio Verde,53.5,47.6,32.5,Misto,20.6,445.0,Colheita,10.0,110.0,9.0,100.0,Tarde,0
5695,2026-05-14 22:21:00,EQ-021,Barreiras,50.8,10.4,24.4,Misto,18.1,1177.0,Plantio,4.0,141.0,7.3,81.0,Noite,0
5696,2026-05-14 22:32:00,EQ-025,Sorriso,14.9,20.7,27.1,Arenoso,18.5,674.0,Pulverizacao,7.0,142.0,5.5,69.0,Manha,0
5697,2026-05-14 22:37:00,EQ-037,Rio Verde,14.6,10.4,20.7,Encharcado,14.3,1720.0,Colheita,2.0,92.0,11.4,70.0,Noite,0
5698,2026-05-14 23:26:00,EQ-014,Lucas do Rio Verde,92.8,11.5,26.7,Argiloso,2.1,75.0,Pulverizacao,10.0,252.0,6.7,63.0,Tarde,1
5699,2026-05-14 23:52:00,EQ-038,Barreiras,96.3,2.4,30.0,Arenoso,4.1,2000.0,Colheita,1.0,119.0,4.9,77.0,Tarde,1
5700,2026-05-14 23:58:00,EQ-012,Sorriso,65.1,8.2,14.1,Argiloso,14.8,387.0,Transporte,12.0,383.0,6.6,101.0,Manha,1
5701,2026-05-15 00:13:00,EQ-034,Nao-Me-Toque,72.0,62.6,27.9,Arenoso,18.6,806.0,Colheita,2.0,138.0,6.3,102.0,Tarde,1
5702,2026-05-15 00:16:00,EQ-040,Cascavel,89.0,51.5,22.3,Misto,8.2,766.0,Plantio,7.0,457.0,6.0,78.0,Manha,0
5703,2026-05-15 00:55:00,EQ-003,Rio Verde,32.4,7.4,25.7,Misto,15.9,547.0,Plantio,13.0,117.0,8.3,72.0,Noite,0
5704,2026-05-15 01:00:00,EQ-025,Lucas do Rio Verde,80.4,50.3,22.5,Argiloso,22.5,944.0,Plantio,6.0,153.0,3.7,67.0,Manha,1
5705,2026-05-15 01:28:00,EQ-017,Rio Verde,38.7,88.4,37.0,Encharcado,9.7,1522.0,Pulverizacao,13.0,267.0,10.2,73.0,Manha,1
5706,2026-05-15 01:35:00,EQ-006,Cascavel,90.5,42.4,30.9,Arenoso,11.6,460.0,Plantio,5.0,292.0,8.7,82.0,Noite,1
5707,2026-05-15 01:42:00,EQ-027,Cascavel,100.0,89.9,37.4,Encharcado,29.8,411.0,Transporte,7.0,95.0,2.4,95.0,Manha,1
5708,2026-05-15 02:15:00,EQ-008,Nao-Me-Toque,80.8,40.4,30.4,Misto,2.0,1557.0,Plantio,4.0,81.0,10.3,59.0,Manha,0
5709,2026-05-15 02:39:00,EQ-027,Lucas do Rio Verde,71.4,70.1,27.7,Misto,11.8,953.0,Pulverizacao,2.0,233.0,11.8,77.0,Manha,0
5710,2026-05-15 02:58:00,EQ-017,Barreiras,10.7,16.8,27.9,Arenoso,13.8,985.0,Colheita,2.0,495.0,11.5,49.0,Noite,0
5711,2026-05-15 02:59:00,EQ-012,Rio Verde,66.2,54.1,30.5,Arenoso,12.4,321.0,Colheita,6.0,105.0,16.0,41.0,Manha,0
5712,2026-05-15 03:24:00,EQ-010,Lucas do Rio Verde,51.2,7.2,21.7,Arenoso,14.6,609.0,Colheita,10.0,169.0,8.3,88.0,Tarde,0
5713,2026-05-15 03:33:00,EQ-006,Lucas do Rio Verde,35.9,5.7,23.2,Argiloso,1.1,459.0,Pulverizacao,11.0,41.0,8.2,78.0,Manha,0
5714,2026-05-15 03:37:00,EQ-019,Cascavel,58.2,12.6,25.3,Encharcado,25.8,755.0,Plantio,11.0,600.0,9.2,92.0,Noite,1
5715,2026-05-15 03:39:00,EQ-006,Cascavel,60.1,23.9,29.5,Argiloso,21.4,197.0,Plantio,13.0,189.0,7.2,70.0,Manha,1
5716,2026-05-15 05:04:00,EQ-016,Barreiras,47.5,40.7,29.7,Argiloso,16.3,606.0,Pulverizacao,7.0,153.0,10.0,76.0,Manha,1
5717,2026-05-15 05:24:00,EQ-014,Lucas do Rio Verde,41.2,32.2,33.2,Arenoso,5.7,519.0,Transporte,4.0,56.0,3.3,91.0,Manha,0
5718,2026-05-15 06:22:00,EQ-015,Rio Verde,67.3,35.3,21.1,Arenoso,24.8,2000.0,Pulverizacao,2.0,600.0,10.6,75.0,Manha,0
5719,2026-05-15 08:14:00,EQ-010,Nao-Me-Toque,9.8,19.7,33.6,Arenoso,16.0,1197.0,Plantio,3.0,68.0,5.8,60.0,Manha,0
5720,2026-05-15 08:26:00,EQ-015,Barreiras,35.7,54.1,25.6,Arenoso,24.6,675.0,Transporte,9.0,183.0,8.9,101.0,Manha,0
5721,2026-05-15 08:29:00,EQ-013,Nao-Me-Toque,41.4,51.1,29.0,Misto,11.0,189.0,Colheita,7.0,244.0,8.8,69.0,Manha,0
5722,2026-05-15 08:32:00,EQ-014,Cascavel,23.2,120.3,19.7,Arenoso,1.4,1663.0,Plantio,2.0,222.0,8.2,64.0,Noite,0
5723,2026-05-15 08:43:00,EQ-005,Lucas do Rio Verde,56.3,32.1,31.3,Argiloso,5.6,601.0,Pulverizacao,5.0,23.0,8.8,97.0,Noite,1
5724,2026-05-15 08:48:00,EQ-013,Barreiras,51.6,43.6,42.1,Argiloso,13.5,365.0,Plantio,4.0,133.0,7.9,80.0,Manha,0
5725,2026-05-15 09:39:00,EQ-016,Barreiras,21.3,44.4,26.5,Encharcado,2.5,253.0,Transporte,6.0,171.0,7.9,64.0,Manha,0
5726,2026-05-15 09:48:00,EQ-024,Rio Verde,79.7,27.1,41.2,Argiloso,15.2,1174.0,Transporte,16.0,244.0,6.2,76.0,Noite,1
5727,2026-05-15 09:50:00,EQ-019,Cascavel,38.3,33.4,24.8,Argiloso,15.4,732.0,Plantio,2.0,354.0,11.2,59.0,Manha,1
5728,2026-05-15 09:53:00,EQ-021,Barreiras,34.3,62.1,37.7,Arenoso,6.6,461.0,Pulverizacao,6.0,12.0,8.4,87.0,Manha,0
5729,2026-05-15 10:16:00,EQ-025,Sorriso,59.8,51.5,27.9,Arenoso,6.7,408.0,Plantio,4.0,219.0,10.6,86.0,Tarde,0
5730,2026-05-15 10:25:00,EQ-016,Cascavel,48.4,29.5,18.8,Misto,0.9,244.0,Pulverizacao,11.0,292.0,13.3,67.0,Noite,0
5731,2026-05-15 11:09:00,EQ-010,Lucas do Rio Verde,47.5,55.3,26.4,Encharcado,12.3,317.0,Plantio,3.0,62.0,6.1,75.0,Manha,0
5732,2026-05-15 11:12:00,EQ-031,Lucas do Rio Verde,53.8,23.1,24.6,Encharcado,17.7,713.0,Pulverizacao,22.0,162.0,15.5,94.0,Manha,0
5733,2026-05-15 11:15:00,EQ-027,Cascavel,45.4,21.4,28.3,Argiloso,21.6,1808.0,Transporte,7.0,95.0,7.5,69.0,Tarde,0
5734,2026-05-15 11:29:00,EQ-031,Barreiras,51.6,62.1,17.8,Misto,1.7,461.0,Plantio,2.0,171.0,6.9,72.0,Manha,0
5735,2026-05-15 12:02:00,EQ-014,Lucas do Rio Verde,30.6,11.3,37.1,Misto,25.9,104.0,Colheita,10.0,117.0,6.8,79.0,Manha,0
5736,2026-05-15 12:18:00,EQ-014,Lucas do Rio Verde,72.3,30.8,20.4,Argiloso,14.5,410.0,Colheita,4.0,283.0,11.3,91.0,Noite,1
5737,2026-05-15 12:30:00,EQ-029,Rio Verde,78.3,36.1,27.9,Misto,5.5,267.0,Plantio,4.0,146.0,14.3,61.0,Tarde,1
5738,2026-05-15 13:15:00,EQ-013,Sorriso,64.0,46.9,30.2,Argiloso,16.5,2000.0,Colheita,4.0,184.0,4.8,90.0,Noite,0
5739,2026-05-15 13:30:00,EQ-031,Barreiras,49.9,60.5,28.8,Argiloso,29.1,1152.0,Plantio,1.0,228.0,7.0,67.0,Manha,0
5740,2026-05-15 13:50:00,EQ-008,Nao-Me-Toque,84.5,29.5,33.2,Misto,3.2,915.0,Plantio,14.0,192.0,2.8,81.0,Tarde,1
5741,2026-05-15 13:58:00,EQ-017,Nao-Me-Toque,50.6,48.5,24.2,Argiloso,31.7,953.0,Colheita,5.0,92.0,6.4,84.0,Manha,1
5742,2026-05-15 14:04:00,EQ-034,Sorriso,66.7,16.4,29.1,Misto,5.9,1168.0,Plantio,5.0,65.0,6.7,90.0,Tarde,0
5743,2026-05-15 14:11:00,EQ-036,Barreiras,58.2,15.2,36.8,Arenoso,6.2,1752.0,Pulverizacao,6.0,351.0,3.5,87.0,Tarde,0
5744,2026-05-15 15:58:00,EQ-016,Lucas do Rio Verde,10.0,30.4,40.2,Argiloso,1.3,213.0,Pulverizacao,2.0,228.0,10.9,71.0,Tarde,0
5745,2026-05-15 16:18:00,EQ-039,Sorriso,34.6,9.8,30.9,Arenoso,9.7,323.0,Pulverizacao,3.0,17.0,11.2,72.0,Noite,0
5746,2026-05-15 16:19:00,EQ-029,Rio Verde,90.8,43.1,30.2,Arenoso,8.1,230.0,Plantio,8.0,26.0,6.4,97.0,Noite,1
5747,2026-05-15 16:25:00,EQ-024,Lucas do Rio Verde,57.8,44.1,17.2,Misto,16.5,584.0,Pulverizacao,1.0,116.0,7.8,90.0,Noite,0
5748,2026-05-15 16:45:00,EQ-018,Nao-Me-Toque,45.8,45.4,18.1,Argiloso,4.0,278.0,Transporte,2.0,95.0,4.2,75.0,Tarde,0
5749,2026-05-15 17:19:00,EQ-007,Cascavel,70.1,40.7,36.3,Misto,7.9,424.0,Transporte,1.0,170.0,8.8,107.0,Manha,0
5750,2026-05-15 17:29:00,EQ-011,Nao-Me-Toque,37.8,75.4,27.9,Arenoso,11.0,334.0,Pulverizacao,14.0,271.0,8.9,61.0,Tarde,0
5751,2026-05-15 17:34:00,EQ-037,Cascavel,70.6,102.0,25.3,Misto,14.3,614.0,Transporte,1.0,349.0,12.5,104.0,Manha,1
5752,2026-05-15 18:07:00,EQ-034,Nao-Me-Toque,43.5,34.7,27.6,Argiloso,8.5,895.0,Plantio,4.0,136.0,6.3,79.0,Manha,1
5753,2026-05-15 18:30:00,EQ-012,Barreiras,45.2,55.4,29.9,Arenoso,7.2,529.0,Colheita,12.0,108.0,6.4,56.0,Tarde,1
5754,2026-05-15 18:35:00,EQ-033,Nao-Me-Toque,42.9,2.6,25.4,Arenoso,21.8,845.0,Plantio,25.0,500.0,7.0,61.0,Noite,0
5755,2026-05-15 19:16:00,EQ-017,Sorriso,76.1,24.9,17.5,Misto,8.7,521.0,Plantio,2.0,89.0,11.5,63.0,Tarde,1
5756,2026-05-15 19:29:00,EQ-037,Rio Verde,40.6,22.5,29.9,Misto,22.3,912.0,Plantio,2.0,142.0,7.8,82.0,Tarde,0
5757,2026-05-15 19:32:00,EQ-018,Barreiras,66.9,5.6,31.4,Arenoso,5.8,308.0,Plantio,5.0,181.0,16.0,61.0,Tarde,0
5758,2026-05-15 19:35:00,EQ-005,Sorriso,66.0,52.4,35.2,Argiloso,5.3,401.0,Colheita,17.0,156.0,11.7,83.0,Manha,1
5759,2026-05-15 19:43:00,EQ-023,Cascavel,55.7,45.9,29.1,Argiloso,8.6,259.0,Colheita,15.0,65.0,6.9,69.0,Manha,0
5760,2026-05-15 20:36:00,EQ-020,Lucas do Rio Verde,54.1,89.2,27.3,Arenoso,4.8,764.0,Plantio,6.0,159.0,8.2,85.0,Tarde,0
5761,2026-05-15 20:44:00,EQ-023,Nao-Me-Toque,47.8,64.3,30.9,Argiloso,26.4,77.0,Colheita,18.0,600.0,6.1,120.0,Manha,1
5762,2026-05-15 21:12:00,EQ-012,Nao-Me-Toque,51.9,26.1,24.2,Arenoso,12.7,1208.0,Pulverizacao,10.0,278.0,5.3,73.0,Manha,0
5763,2026-05-15 21:20:00,EQ-031,Rio Verde,71.6,43.4,32.7,Misto,14.0,381.0,Plantio,5.0,93.0,5.2,92.0,Tarde,1
5764,2026-05-15 21:36:00,EQ-004,Barreiras,65.2,71.9,30.7,Argiloso,8.7,272.0,Colheita,5.0,178.0,5.8,56.0,Tarde,1
5765,2026-05-15 21:45:00,EQ-026,Nao-Me-Toque,51.7,19.0,26.2,Misto,13.7,657.0,Pulverizacao,11.0,224.0,12.9,84.0,Manha,0
5766,2026-05-15 22:46:00,EQ-007,Nao-Me-Toque,62.6,14.3,30.9,Arenoso,9.3,1083.0,Colheita,3.0,204.0,10.6,107.0,Tarde,0
5767,2026-05-15 23:54:00,EQ-017,Sorriso,18.8,0.3,16.3,Argiloso,8.1,795.0,Plantio,10.0,149.0,7.1,80.0,Manha,0
5768,2026-05-16 00:09:00,EQ-038,Barreiras,54.2,15.3,26.0,Encharcado,13.3,806.0,Pulverizacao,3.0,39.0,9.2,82.0,Manha,0
5769,2026-05-16 00:19:00,EQ-020,Lucas do Rio Verde,59.8,30.9,24.2,Misto,10.2,290.0,Colheita,17.0,118.0,16.0,87.0,Manha,0
5770,2026-05-16 00:19:00,EQ-012,Sorriso,36.3,1.5,30.6,Arenoso,6.5,583.0,Colheita,6.0,87.0,10.1,68.0,Tarde,0
5771,2026-05-16 00:47:00,EQ-037,Sorriso,55.7,12.8,27.2,Misto,24.5,304.0,Colheita,7.0,57.0,8.4,82.0,Tarde,0
5772,2026-05-16 00:48:00,EQ-016,Barreiras,60.6,36.2,32.9,Arenoso,7.4,1976.0,Pulverizacao,5.0,123.0,7.3,91.0,Manha,0
5773,2026-05-16 00:52:00,EQ-004,Barreiras,74.4,11.3,22.8,Arenoso,8.8,765.0,Colheita,16.0,43.0,0.5,81.0,Manha,0
5774,2026-05-16 00:54:00,EQ-013,Sorriso,62.3,12.7,24.6,Argiloso,2.0,1111.0,Colheita,25.0,220.0,6.0,85.0,Tarde,0
5775,2026-05-16 01:02:00,EQ-004,Barreiras,56.9,32.5,29.3,Misto,7.8,1872.0,Colheita,0.0,182.0,7.7,73.0,Tarde,0
5776,2026-05-16 01:08:00,EQ-029,Nao-Me-Toque,93.4,18.0,33.8,Encharcado,3.3,699.0,Pulverizacao,19.0,163.0,8.1,68.0,Manha,0
5777,2026-05-16 01:12:00,EQ-032,Nao-Me-Toque,56.4,10.6,28.9,Argiloso,7.3,876.0,Plantio,5.0,163.0,12.7,53.0,Manha,0
5778,2026-05-16 01:36:00,EQ-010,Lucas do Rio Verde,52.7,17.3,28.8,Argiloso,9.6,438.0,Pulverizacao,6.0,38.0,6.3,86.0,Tarde,0
5779,2026-05-16 02:30:00,EQ-035,Lucas do Rio Verde,28.4,11.4,23.5,Arenoso,9.9,1006.0,Colheita,10.0,340.0,10.3,104.0,Manha,0
5780,2026-05-16 02:39:00,EQ-034,Rio Verde,50.9,5.7,22.3,Argiloso,10.0,1559.0,Colheita,17.0,162.0,7.8,102.0,Manha,1
5781,2026-05-16 03:15:00,EQ-007,Barreiras,49.5,12.9,23.1,Arenoso,6.8,393.0,Transporte,10.0,110.0,7.2,80.0,Noite,1
5782,2026-05-16 03:28:00,EQ-015,Lucas do Rio Verde,67.6,54.0,27.8,Misto,8.4,100.0,Colheita,13.0,48.0,14.8,84.0,Manha,1
5783,2026-05-16 03:39:00,EQ-002,Nao-Me-Toque,55.5,22.7,19.8,Argiloso,8.0,577.0,Plantio,5.0,78.0,8.7,85.0,Noite,0
5784,2026-05-16 04:10:00,EQ-014,Sorriso,50.6,67.1,15.9,Misto,7.8,1160.0,Pulverizacao,11.0,226.0,4.6,85.0,Manha,0
5785,2026-05-16 04:16:00,EQ-006,Rio Verde,70.4,85.1,22.8,Argiloso,6.4,1165.0,Colheita,24.0,143.0,10.0,86.0,Manha,1
5786,2026-05-16 04:38:00,EQ-039,Sorriso,60.8,27.8,33.5,Misto,13.9,483.0,Transporte,9.0,188.0,16.0,89.0,Tarde,1
5787,2026-05-16 05:49:00,EQ-010,Nao-Me-Toque,47.0,34.2,33.0,Encharcado,6.3,181.0,Plantio,25.0,250.0,7.3,80.0,Tarde,0
5788,2026-05-16 05:58:00,EQ-038,Barreiras,65.8,7.7,25.7,Argiloso,9.7,77.0,Colheita,12.0,105.0,10.2,78.0,Manha,1
5789,2026-05-16 06:05:00,EQ-025,Sorriso,83.2,41.2,36.8,Encharcado,9.3,1074.0,Colheita,6.0,321.0,3.6,108.0,Manha,1
5790,2026-05-16 06:23:00,EQ-020,Cascavel,56.2,12.0,32.1,Arenoso,17.2,378.0,Colheita,3.0,132.0,13.5,79.0,Manha,1
5791,2026-05-16 07:09:00,EQ-015,Nao-Me-Toque,92.5,16.4,29.9,Arenoso,12.7,1025.0,Pulverizacao,15.0,107.0,11.0,120.0,Tarde,0
5792,2026-05-16 07:12:00,EQ-005,Cascavel,52.4,65.8,15.4,Argiloso,3.0,637.0,Colheita,9.0,280.0,9.6,99.0,Tarde,0
5793,2026-05-16 07:15:00,EQ-037,Nao-Me-Toque,51.4,18.6,18.3,Arenoso,9.7,213.0,Transporte,8.0,120.0,8.4,67.0,Tarde,1
5794,2026-05-16 07:19:00,EQ-007,Cascavel,40.5,5.5,26.5,Misto,0.4,620.0,Plantio,6.0,191.0,3.9,107.0,Manha,0
5795,2026-05-16 07:29:00,EQ-002,Cascavel,60.2,45.8,22.7,Encharcado,1.8,258.0,Pulverizacao,14.0,71.0,10.1,74.0,Tarde,0
5796,2026-05-16 08:11:00,EQ-030,Sorriso,72.3,10.5,22.3,Argiloso,3.5,385.0,Pulverizacao,16.0,236.0,7.9,59.0,Manha,1
5797,2026-05-16 08:17:00,EQ-037,Cascavel,61.8,18.8,37.3,Arenoso,13.4,710.0,Plantio,10.0,115.0,4.7,70.0,Manha,0
5798,2026-05-16 08:49:00,EQ-018,Lucas do Rio Verde,56.9,53.2,24.0,Misto,35.2,667.0,Pulverizacao,9.0,199.0,4.4,95.0,Tarde,1
5799,2026-05-16 10:11:00,EQ-006,Nao-Me-Toque,25.7,59.6,17.6,Argiloso,11.4,1199.0,Transporte,8.0,246.0,9.8,57.0,Tarde,0
5800,2026-05-16 10:30:00,EQ-027,Cascavel,75.4,17.8,31.1,Argiloso,7.7,1076.0,Colheita,11.0,210.0,6.4,73.0,Manha,0
5801,2026-05-16 12:25:00,EQ-024,Nao-Me-Toque,77.2,57.2,40.3,Argiloso,14.4,939.0,Colheita,10.0,314.0,11.1,64.0,Noite,1
5802,2026-05-16 13:22:00,EQ-010,Nao-Me-Toque,85.0,8.3,27.5,Encharcado,2.8,711.0,Plantio,4.0,96.0,5.4,97.0,Tarde,0
5803,2026-05-16 13:23:00,EQ-036,Barreiras,69.2,103.8,20.5,Misto,21.1,1051.0,Pulverizacao,4.0,98.0,7.7,84.0,Tarde,0
5804,2026-05-16 13:26:00,EQ-015,Nao-Me-Toque,78.2,51.6,34.5,Misto,11.9,1159.0,Pulverizacao,3.0,48.0,7.5,69.0,Tarde,0
5805,2026-05-16 13:35:00,EQ-032,Lucas do Rio Verde,56.3,33.0,25.2,Arenoso,9.0,526.0,Plantio,15.0,278.0,8.2,99.0,Noite,0
5806,2026-05-16 14:09:00,EQ-035,Cascavel,41.1,18.7,21.2,Argiloso,8.9,292.0,Colheita,5.0,225.0,4.1,80.0,Manha,0
5807,2026-05-16 14:53:00,EQ-024,Rio Verde,33.9,74.9,16.5,Argiloso,13.6,2000.0,Transporte,1.0,134.0,10.9,109.0,Manha,0
5808,2026-05-16 14:54:00,EQ-030,Rio Verde,59.2,41.5,33.1,Encharcado,1.0,595.0,Colheita,3.0,7.0,13.7,82.0,Noite,0
5809,2026-05-16 14:57:00,EQ-022,Sorriso,22.4,102.4,24.1,Arenoso,7.8,1243.0,Plantio,1.0,30.0,4.4,91.0,Manha,0
5810,2026-05-16 16:04:00,EQ-008,Cascavel,41.9,14.9,23.5,Encharcado,12.1,2000.0,Plantio,2.0,171.0,5.2,69.0,Noite,0
5811,2026-05-16 16:14:00,EQ-001,Lucas do Rio Verde,62.5,16.7,31.4,Encharcado,9.8,117.0,Pulverizacao,4.0,132.0,11.0,52.0,Tarde,1
5812,2026-05-16 16:19:00,EQ-037,Rio Verde,41.2,55.0,22.6,Encharcado,18.0,270.0,Colheita,14.0,97.0,7.4,56.0,Manha,0
5813,2026-05-16 16:21:00,EQ-018,Barreiras,82.6,59.6,31.0,Argiloso,7.2,790.0,Colheita,3.0,372.0,7.8,84.0,Manha,0
5814,2026-05-16 16:30:00,EQ-022,Lucas do Rio Verde,70.5,30.0,25.2,Encharcado,6.9,1308.0,Colheita,9.0,187.0,7.9,72.0,Manha,0
5815,2026-05-16 16:45:00,EQ-022,Lucas do Rio Verde,38.9,13.7,13.6,Arenoso,14.5,1238.0,Plantio,12.0,105.0,10.2,71.0,Tarde,0
5816,2026-05-16 16:48:00,EQ-024,Barreiras,12.2,48.7,22.7,Arenoso,20.0,193.0,Pulverizacao,8.0,95.0,7.7,78.0,Tarde,0
5817,2026-05-16 16:52:00,EQ-014,Cascavel,100.0,36.5,34.7,Encharcado,24.7,595.0,Colheita,12.0,198.0,9.6,58.0,Manha,1
5818,2026-05-16 17:00:00,EQ-029,Rio Verde,39.7,8.3,33.4,Misto,11.2,1205.0,Colheita,25.0,180.0,11.3,89.0,Manha,0
5819,2026-05-16 17:12:00,EQ-025,Rio Verde,58.5,14.0,23.5,Encharcado,2.7,1487.0,Plantio,2.0,164.0,7.6,100.0,Manha,0
5820,2026-05-16 17:39:00,EQ-003,Barreiras,36.6,20.5,20.9,Arenoso,10.2,1540.0,Plantio,8.0,288.0,12.3,85.0,Manha,0
5821,2026-05-16 17:47:00,EQ-030,Barreiras,37.9,31.0,32.6,Encharcado,31.6,1023.0,Plantio,4.0,259.0,8.3,52.0,Noite,0
5822,2026-05-16 18:13:00,EQ-040,Lucas do Rio Verde,100.0,39.3,33.0,Argiloso,3.8,1615.0,Pulverizacao,6.0,294.0,8.0,86.0,Noite,0
5823,2026-05-16 19:20:00,EQ-015,Sorriso,44.6,38.9,30.1,Argiloso,12.9,892.0,Pulverizacao,3.0,99.0,12.6,107.0,Noite,0
5824,2026-05-16 20:33:00,EQ-040,Nao-Me-Toque,65.3,9.7,25.4,Misto,17.5,1879.0,Pulverizacao,7.0,487.0,8.0,98.0,Manha,0
5825,2026-05-16 21:07:00,EQ-005,Nao-Me-Toque,5.0,31.4,38.6,Arenoso,10.7,670.0,Transporte,9.0,205.0,6.4,90.0,Manha,0
5826,2026-05-16 21:19:00,EQ-013,Sorriso,23.2,37.7,25.3,Argiloso,10.5,1266.0,Transporte,5.0,232.0,12.4,98.0,Manha,0
5827,2026-05-16 21:30:00,EQ-013,Rio Verde,47.3,35.3,23.7,Arenoso,13.7,481.0,Plantio,2.0,84.0,7.9,43.0,Noite,0
5828,2026-05-16 21:31:00,EQ-022,Cascavel,35.8,33.3,30.1,Argiloso,1.9,1039.0,Plantio,1.0,600.0,12.1,93.0,Manha,0
5829,2026-05-16 21:35:00,EQ-010,Barreiras,78.6,29.8,29.2,Arenoso,7.5,1039.0,Plantio,11.0,173.0,10.1,75.0,Noite,0
5830,2026-05-16 21:57:00,EQ-037,Sorriso,37.9,17.7,23.7,Arenoso,2.8,1414.0,Plantio,7.0,282.0,9.0,94.0,Noite,0
5831,2026-05-16 22:05:00,EQ-003,Sorriso,59.3,26.3,30.4,Arenoso,21.3,359.0,Colheita,9.0,64.0,7.1,56.0,Manha,0
5832,2026-05-16 22:06:00,EQ-011,Barreiras,28.9,31.3,26.1,Argiloso,7.0,387.0,Plantio,6.0,263.0,7.8,63.0,Noite,0
5833,2026-05-16 22:09:00,EQ-032,Lucas do Rio Verde,59.5,63.8,28.1,Misto,9.6,1099.0,Colheita,9.0,405.0,14.6,82.0,Manha,0
5834,2026-05-16 22:57:00,EQ-032,Lucas do Rio Verde,74.2,24.2,26.5,Misto,0.9,283.0,Transporte,9.0,485.0,9.7,75.0,Manha,0
5835,2026-05-16 23:19:00,EQ-024,Lucas do Rio Verde,40.5,6.0,28.0,Encharcado,11.9,1136.0,Pulverizacao,2.0,23.0,4.9,93.0,Manha,0
5836,2026-05-16 23:26:00,EQ-010,Rio Verde,58.8,42.4,40.6,Misto,8.3,619.0,Plantio,4.0,146.0,3.2,58.0,Manha,0
5837,2026-05-16 23:40:00,EQ-001,Barreiras,47.0,71.3,29.8,Misto,14.2,686.0,Colheita,7.0,122.0,11.6,73.0,Tarde,0
5838,2026-05-16 23:51:00,EQ-027,Cascavel,31.9,20.0,20.2,Misto,5.9,1520.0,Plantio,25.0,100.0,9.0,52.0,Manha,0
5839,2026-05-17 00:05:00,EQ-034,Sorriso,54.7,77.1,26.3,Argiloso,6.1,201.0,Pulverizacao,10.0,103.0,6.1,89.0,Tarde,0
5840,2026-05-17 00:30:00,EQ-001,Lucas do Rio Verde,51.7,113.7,23.5,Misto,4.0,464.0,Plantio,3.0,47.0,11.2,83.0,Manha,0
5841,2026-05-17 00:39:00,EQ-038,Sorriso,77.1,82.2,36.8,Arenoso,20.7,450.0,Pulverizacao,12.0,407.0,4.9,65.0,Manha,1
5842,2026-05-17 01:01:00,EQ-013,Lucas do Rio Verde,74.4,30.1,34.6,Misto,6.7,336.0,Pulverizacao,15.0,248.0,9.5,95.0,Manha,1
5843,2026-05-17 01:04:00,EQ-001,Sorriso,93.7,18.3,30.4,Argiloso,4.5,1172.0,Plantio,9.0,139.0,5.0,82.0,Tarde,0
5844,2026-05-17 01:44:00,EQ-035,Sorriso,22.7,48.0,17.6,Misto,14.0,1141.0,Pulverizacao,7.0,340.0,13.0,71.0,Manha,0
5845,2026-05-17 02:21:00,EQ-033,Nao-Me-Toque,73.5,74.9,18.9,Arenoso,11.1,419.0,Plantio,23.0,47.0,8.8,85.0,Manha,1
5846,2026-05-17 02:54:00,EQ-015,Sorriso,81.6,14.2,35.5,Misto,5.0,2000.0,Colheita,6.0,35.0,10.8,80.0,Manha,0
5847,2026-05-17 03:46:00,EQ-030,Barreiras,64.5,63.0,36.9,Misto,13.3,639.0,Colheita,12.0,372.0,5.1,79.0,Manha,0
5848,2026-05-17 03:46:00,EQ-009,Lucas do Rio Verde,24.2,31.5,27.2,Misto,16.0,1036.0,Pulverizacao,4.0,74.0,10.3,91.0,Noite,0
5849,2026-05-17 05:10:00,EQ-001,Sorriso,100.0,22.7,30.6,Misto,13.9,126.0,Colheita,10.0,141.0,7.0,109.0,Tarde,1
5850,2026-05-17 05:29:00,EQ-008,Rio Verde,77.4,38.5,30.4,Misto,15.7,762.0,Colheita,2.0,142.0,8.8,94.0,Tarde,0
5851,2026-05-17 05:35:00,EQ-024,Lucas do Rio Verde,62.6,26.0,22.5,Arenoso,10.0,1291.0,Colheita,11.0,123.0,7.3,62.0,Noite,0
5852,2026-05-17 05:37:00,EQ-033,Lucas do Rio Verde,59.7,35.4,22.8,Misto,11.0,338.0,Colheita,17.0,141.0,8.5,119.0,Noite,0
5853,2026-05-17 05:41:00,EQ-009,Lucas do Rio Verde,10.3,23.5,20.6,Arenoso,9.4,344.0,Transporte,8.0,148.0,1.1,95.0,Tarde,0
5854,2026-05-17 06:02:00,EQ-020,Rio Verde,66.8,52.6,21.4,Misto,15.5,493.0,Plantio,8.0,40.0,13.1,98.0,Manha,1
5855,2026-05-17 06:34:00,EQ-008,Rio Verde,83.0,15.2,25.3,Argiloso,7.7,828.0,Pulverizacao,11.0,291.0,5.7,76.0,Manha,1
5856,2026-05-17 07:25:00,EQ-004,Barreiras,22.6,20.7,16.6,Misto,2.3,225.0,Transporte,8.0,177.0,13.2,73.0,Manha,0
5857,2026-05-17 07:41:00,EQ-036,Lucas do Rio Verde,62.6,35.1,22.8,Arenoso,14.1,299.0,Colheita,8.0,172.0,9.7,80.0,Tarde,0
5858,2026-05-17 07:43:00,EQ-029,Cascavel,57.0,68.2,18.7,Argiloso,9.0,922.0,Pulverizacao,10.0,600.0,9.3,63.0,Manha,0
5859,2026-05-17 07:53:00,EQ-009,Lucas do Rio Verde,81.1,44.8,23.9,Argiloso,17.6,1301.0,Colheita,5.0,130.0,11.2,60.0,Manha,0
5860,2026-05-17 08:10:00,EQ-033,Nao-Me-Toque,65.4,19.1,30.9,Encharcado,20.8,159.0,Plantio,7.0,55.0,6.6,95.0,Tarde,1
5861,2026-05-17 08:14:00,EQ-015,Sorriso,78.1,24.2,20.2,Misto,12.8,880.0,Plantio,14.0,286.0,11.2,96.0,Manha,0
5862,2026-05-17 08:25:00,EQ-015,Rio Verde,33.4,21.3,27.6,Misto,10.1,266.0,Plantio,2.0,133.0,8.7,89.0,Manha,0
5863,2026-05-17 09:00:00,EQ-039,Sorriso,43.3,77.1,35.4,Misto,10.5,641.0,Colheita,6.0,387.0,11.4,93.0,Manha,1
5864,2026-05-17 09:03:00,EQ-038,Nao-Me-Toque,76.0,18.2,28.7,Misto,5.8,1326.0,Plantio,8.0,253.0,10.9,59.0,Tarde,0
5865,2026-05-17 09:21:00,EQ-026,Nao-Me-Toque,28.8,33.5,27.5,Argiloso,21.6,2000.0,Pulverizacao,10.0,219.0,5.3,101.0,Manha,0
5866,2026-05-17 09:23:00,EQ-032,Rio Verde,33.3,7.3,27.2,Argiloso,8.2,209.0,Pulverizacao,19.0,16.0,9.6,84.0,Tarde,0
5867,2026-05-17 09:24:00,EQ-020,Rio Verde,27.6,40.2,28.0,Argiloso,10.7,565.0,Plantio,7.0,72.0,9.8,95.0,Tarde,0
5868,2026-05-17 11:02:00,EQ-038,Barreiras,53.3,6.7,32.5,Argiloso,29.9,652.0,Pulverizacao,6.0,181.0,11.8,92.0,Manha,0
5869,2026-05-17 11:28:00,EQ-030,Barreiras,53.4,16.3,18.6,Argiloso,12.9,323.0,Colheita,6.0,9.0,9.8,99.0,Manha,0
5870,2026-05-17 11:35:00,EQ-012,Rio Verde,75.1,94.8,27.8,Argiloso,5.2,1318.0,Pulverizacao,4.0,90.0,8.7,62.0,Noite,1
5871,2026-05-17 11:50:00,EQ-020,Sorriso,47.1,75.4,22.8,Argiloso,6.8,543.0,Pulverizacao,20.0,47.0,9.7,84.0,Noite,0
5872,2026-05-17 11:50:00,EQ-035,Sorriso,67.7,18.3,36.4,Misto,13.6,588.0,Pulverizacao,5.0,101.0,7.9,53.0,Tarde,1
5873,2026-05-17 11:59:00,EQ-007,Rio Verde,80.3,47.7,33.0,Encharcado,9.0,533.0,Colheita,6.0,204.0,11.9,64.0,Manha,1
5874,2026-05-17 13:21:00,EQ-014,Sorriso,81.7,102.7,31.5,Argiloso,6.9,1282.0,Pulverizacao,7.0,80.0,4.5,53.0,Noite,1
5875,2026-05-17 13:32:00,EQ-036,Sorriso,80.0,51.8,31.9,Argiloso,22.5,1985.0,Colheita,2.0,394.0,5.6,85.0,Tarde,1
5876,2026-05-17 13:35:00,EQ-025,Barreiras,58.6,11.0,27.0,Arenoso,9.3,99.0,Plantio,13.0,55.0,6.9,101.0,Manha,0
5877,2026-05-17 13:51:00,EQ-007,Sorriso,57.8,32.9,33.3,Misto,11.6,25.0,Colheita,3.0,116.0,6.8,92.0,Manha,0
5878,2026-05-17 13:55:00,EQ-032,Lucas do Rio Verde,60.9,96.9,26.8,Encharcado,21.1,934.0,Pulverizacao,7.0,210.0,12.8,80.0,Tarde,1
5879,2026-05-17 13:55:00,EQ-029,Nao-Me-Toque,50.9,49.1,22.3,Arenoso,10.6,335.0,Plantio,5.0,210.0,4.6,95.0,Noite,0
5880,2026-05-17 13:55:00,EQ-013,Nao-Me-Toque,37.3,96.3,24.4,Encharcado,5.9,478.0,Plantio,5.0,235.0,5.0,118.0,Manha,0
5881,2026-05-17 14:12:00,EQ-005,Cascavel,49.6,52.5,29.9,Misto,2.6,956.0,Transporte,6.0,216.0,9.0,62.0,Tarde,0
5882,2026-05-17 14:22:00,EQ-007,Barreiras,58.2,25.7,22.0,Encharcado,8.8,332.0,Pulverizacao,25.0,196.0,1.9,73.0,Tarde,0
5883,2026-05-17 14:34:00,EQ-004,Cascavel,29.4,17.2,25.9,Misto,7.2,457.0,Colheita,2.0,210.0,3.5,78.0,Noite,0
5884,2026-05-17 15:24:00,EQ-030,Barreiras,70.5,32.1,32.6,Misto,10.5,481.0,Plantio,5.0,120.0,4.8,98.0,Manha,1
5885,2026-05-17 15:45:00,EQ-018,Cascavel,80.8,59.7,23.2,Arenoso,12.3,101.0,Colheita,6.0,116.0,5.2,87.0,Noite,0
5886,2026-05-17 15:57:00,EQ-009,Cascavel,49.4,9.6,35.6,Encharcado,11.8,653.0,Colheita,8.0,146.0,10.0,66.0,Manha,0
5887,2026-05-17 16:08:00,EQ-025,Cascavel,68.0,63.6,28.9,Misto,3.7,517.0,Plantio,5.0,255.0,8.7,100.0,Manha,1
5888,2026-05-17 16:24:00,EQ-018,Nao-Me-Toque,55.7,9.9,29.6,Arenoso,18.5,219.0,Pulverizacao,11.0,133.0,12.3,63.0,Tarde,0
5889,2026-05-17 16:32:00,EQ-009,Cascavel,32.5,11.8,28.8,Argiloso,12.1,438.0,Plantio,1.0,221.0,10.3,104.0,Manha,1
5890,2026-05-17 16:50:00,EQ-017,Nao-Me-Toque,60.5,58.0,33.3,Argiloso,5.6,978.0,Pulverizacao,9.0,47.0,10.7,79.0,Manha,0
5891,2026-05-17 17:50:00,EQ-008,Barreiras,100.0,52.8,30.4,Encharcado,2.9,486.0,Colheita,6.0,256.0,9.5,102.0,Manha,1
5892,2026-05-17 18:28:00,EQ-021,Cascavel,69.8,27.0,20.6,Misto,8.0,1241.0,Colheita,5.0,168.0,6.1,82.0,Tarde,0
5893,2026-05-17 18:44:00,EQ-025,Cascavel,64.2,72.5,29.7,Argiloso,2.2,752.0,Plantio,2.0,71.0,16.0,100.0,Manha,0
5894,2026-05-17 19:00:00,EQ-015,Barreiras,65.6,38.5,23.9,Misto,13.2,269.0,Transporte,15.0,143.0,6.3,89.0,Noite,0
5895,2026-05-17 19:01:00,EQ-021,Sorriso,89.8,79.5,21.4,Argiloso,4.2,1274.0,Pulverizacao,10.0,162.0,5.8,75.0,Tarde,0
5896,2026-05-17 19:26:00,EQ-027,Rio Verde,76.1,38.9,29.7,Argiloso,38.5,229.0,Pulverizacao,2.0,473.0,6.4,96.0,Tarde,1
5897,2026-05-17 20:12:00,EQ-022,Nao-Me-Toque,76.6,21.7,28.6,Argiloso,26.7,266.0,Transporte,5.0,74.0,9.5,77.0,Manha,1
5898,2026-05-17 21:12:00,EQ-017,Cascavel,29.3,33.7,23.7,Encharcado,18.1,1954.0,Colheita,5.0,337.0,5.2,68.0,Tarde,0
5899,2026-05-17 22:01:00,EQ-026,Lucas do Rio Verde,24.9,26.4,31.6,Argiloso,11.0,575.0,Colheita,4.0,343.0,12.8,101.0,Manha,0
5900,2026-05-17 22:19:00,EQ-008,Cascavel,96.1,24.7,25.6,Arenoso,4.8,569.0,Transporte,15.0,214.0,9.6,119.0,Noite,1
5901,2026-05-17 22:28:00,EQ-028,Lucas do Rio Verde,74.7,23.2,25.2,Arenoso,13.6,740.0,Colheita,18.0,302.0,14.9,70.0,Tarde,0
5902,2026-05-17 22:29:00,EQ-039,Rio Verde,63.1,7.2,23.0,Encharcado,5.7,864.0,Pulverizacao,11.0,43.0,6.5,40.0,Manha,0
5903,2026-05-17 22:30:00,EQ-028,Rio Verde,14.7,102.3,36.7,Encharcado,18.2,257.0,Transporte,6.0,48.0,8.6,57.0,Manha,1
5904,2026-05-17 22:35:00,EQ-007,Barreiras,100.0,20.9,22.9,Misto,13.3,646.0,Colheita,4.0,243.0,10.2,51.0,Tarde,1
5905,2026-05-17 23:07:00,EQ-011,Nao-Me-Toque,12.8,14.0,11.5,Arenoso,9.3,298.0,Pulverizacao,20.0,151.0,8.4,64.0,Manha,0
5906,2026-05-18 00:36:00,EQ-023,Cascavel,62.1,65.4,29.8,Arenoso,5.5,81.0,Pulverizacao,6.0,153.0,7.6,73.0,Manha,1
5907,2026-05-18 00:41:00,EQ-019,Cascavel,40.7,56.3,29.9,Arenoso,16.3,1458.0,Transporte,14.0,224.0,6.3,44.0,Tarde,0
5908,2026-05-18 00:53:00,EQ-017,Nao-Me-Toque,70.7,38.9,26.6,Encharcado,9.5,1062.0,Colheita,2.0,273.0,7.5,101.0,Manha,1
5909,2026-05-18 01:30:00,EQ-020,Barreiras,54.9,28.5,25.6,Arenoso,5.0,1428.0,Plantio,7.0,18.0,5.4,104.0,Tarde,0
5910,2026-05-18 01:35:00,EQ-001,Cascavel,65.1,25.4,30.2,Arenoso,8.6,992.0,Pulverizacao,2.0,203.0,7.6,79.0,Manha,0
5911,2026-05-18 01:56:00,EQ-030,Cascavel,82.9,56.5,25.9,Misto,16.6,745.0,Transporte,7.0,130.0,8.9,120.0,Tarde,0
5912,2026-05-18 02:10:00,EQ-034,Barreiras,19.5,42.1,30.9,Argiloso,21.4,228.0,Colheita,9.0,303.0,9.4,72.0,Tarde,1
5913,2026-05-18 02:33:00,EQ-012,Rio Verde,40.5,44.5,12.1,Misto,6.0,404.0,Pulverizacao,4.0,331.0,6.7,95.0,Noite,0
5914,2026-05-18 02:56:00,EQ-015,Cascavel,24.1,46.9,28.5,Misto,5.1,488.0,Plantio,5.0,275.0,6.9,105.0,Tarde,0
5915,2026-05-18 03:23:00,EQ-034,Nao-Me-Toque,40.0,29.7,12.3,Arenoso,12.8,266.0,Pulverizacao,5.0,163.0,6.1,87.0,Tarde,0
5916,2026-05-18 03:47:00,EQ-018,Barreiras,42.6,52.4,22.7,Argiloso,1.5,965.0,Colheita,3.0,249.0,10.7,99.0,Tarde,0
5917,2026-05-18 04:33:00,EQ-031,Lucas do Rio Verde,54.6,26.5,25.9,Argiloso,11.0,385.0,Plantio,5.0,130.0,6.9,105.0,Tarde,0
5918,2026-05-18 05:34:00,EQ-003,Cascavel,36.8,31.6,33.8,Argiloso,8.3,156.0,Transporte,4.0,246.0,12.0,60.0,Manha,0
5919,2026-05-18 06:04:00,EQ-031,Nao-Me-Toque,80.7,30.1,29.3,Misto,23.4,248.0,Transporte,2.0,294.0,8.8,76.0,Manha,1
5920,2026-05-18 06:20:00,EQ-001,Rio Verde,85.0,45.1,25.9,Misto,11.7,1281.0,Transporte,6.0,207.0,14.0,48.0,Tarde,0
5921,2026-05-18 06:21:00,EQ-025,Cascavel,48.2,21.9,32.3,Argiloso,17.4,729.0,Colheita,9.0,123.0,6.7,82.0,Noite,0
5922,2026-05-18 06:27:00,EQ-015,Rio Verde,16.4,50.2,25.8,Arenoso,29.9,587.0,Plantio,25.0,102.0,8.2,89.0,Tarde,1
5923,2026-05-18 06:32:00,EQ-031,Rio Verde,36.7,54.3,22.2,Arenoso,7.6,242.0,Plantio,6.0,80.0,6.9,90.0,Manha,0
5924,2026-05-18 07:19:00,EQ-036,Sorriso,48.2,12.4,30.7,Encharcado,5.9,1216.0,Colheita,12.0,185.0,8.8,109.0,Tarde,0
5925,2026-05-18 07:39:00,EQ-015,Nao-Me-Toque,67.9,24.5,26.8,Arenoso,19.9,635.0,Plantio,9.0,111.0,5.3,55.0,Tarde,0
5926,2026-05-18 07:49:00,EQ-011,Sorriso,35.7,18.4,34.0,Encharcado,5.7,94.0,Transporte,12.0,114.0,10.1,86.0,Tarde,0
5927,2026-05-18 08:03:00,EQ-034,Lucas do Rio Verde,74.8,6.9,26.0,Misto,11.2,63.0,Plantio,8.0,256.0,7.5,74.0,Tarde,1
5928,2026-05-18 08:34:00,EQ-019,Rio Verde,84.3,1.0,25.1,Encharcado,9.0,179.0,Colheita,3.0,45.0,4.0,85.0,Manha,0
5929,2026-05-18 08:35:00,EQ-004,Lucas do Rio Verde,44.1,10.3,35.1,Encharcado,16.1,288.0,Colheita,7.0,204.0,6.5,84.0,Tarde,1
5930,2026-05-18 08:41:00,EQ-011,Rio Verde,30.2,91.9,22.3,Argiloso,11.3,862.0,Colheita,7.0,58.0,6.8,58.0,Manha,1
5931,2026-05-18 08:50:00,EQ-037,Cascavel,36.9,16.7,25.4,Misto,3.3,203.0,Pulverizacao,3.0,326.0,9.6,74.0,Noite,1
5932,2026-05-18 08:56:00,EQ-036,Lucas do Rio Verde,42.6,46.2,24.8,Argiloso,3.2,1307.0,Colheita,9.0,333.0,4.1,79.0,Tarde,0
5933,2026-05-18 09:03:00,EQ-026,Lucas do Rio Verde,56.8,27.9,32.1,Misto,11.4,365.0,Plantio,12.0,201.0,6.7,108.0,Tarde,0
5934,2026-05-18 09:07:00,EQ-024,Barreiras,57.2,80.2,26.1,Encharcado,23.5,1486.0,Plantio,5.0,53.0,12.0,77.0,Tarde,1
5935,2026-05-18 10:02:00,EQ-010,Rio Verde,61.4,34.5,33.4,Misto,10.9,1071.0,Pulverizacao,5.0,180.0,8.4,71.0,Manha,0
5936,2026-05-18 10:08:00,EQ-018,Barreiras,55.4,8.5,21.4,Arenoso,18.6,568.0,Pulverizacao,8.0,130.0,7.3,69.0,Noite,0
5937,2026-05-18 10:43:00,EQ-018,Lucas do Rio Verde,70.0,38.5,29.7,Arenoso,8.9,747.0,Plantio,10.0,172.0,4.0,85.0,Tarde,0
5938,2026-05-18 11:24:00,EQ-039,Sorriso,97.9,19.3,22.1,Arenoso,4.1,352.0,Plantio,6.0,156.0,5.5,64.0,Noite,0
5939,2026-05-18 11:34:00,EQ-013,Barreiras,90.9,5.3,33.5,Arenoso,13.8,2000.0,Pulverizacao,9.0,570.0,9.4,46.0,Manha,0
5940,2026-05-18 11:55:00,EQ-014,Lucas do Rio Verde,52.7,75.0,24.2,Encharcado,19.0,36.0,Plantio,8.0,35.0,6.8,74.0,Tarde,1
5941,2026-05-18 12:05:00,EQ-023,Lucas do Rio Verde,38.6,19.7,27.3,Misto,10.0,366.0,Transporte,2.0,237.0,14.0,88.0,Tarde,0
5942,2026-05-18 12:15:00,EQ-012,Nao-Me-Toque,70.6,25.4,22.9,Arenoso,31.6,800.0,Transporte,5.0,199.0,6.9,54.0,Manha,1
5943,2026-05-18 12:21:00,EQ-024,Rio Verde,5.0,35.8,30.8,Encharcado,7.2,1034.0,Plantio,4.0,63.0,11.1,54.0,Manha,0
5944,2026-05-18 12:30:00,EQ-026,Sorriso,45.6,23.3,19.3,Encharcado,9.0,943.0,Plantio,5.0,73.0,3.5,86.0,Manha,0
5945,2026-05-18 12:49:00,EQ-014,Sorriso,51.6,82.4,37.7,Arenoso,18.5,2000.0,Colheita,4.0,291.0,11.7,111.0,Tarde,0
5946,2026-05-18 12:54:00,EQ-032,Nao-Me-Toque,73.7,19.9,20.7,Arenoso,20.1,1254.0,Plantio,8.0,46.0,10.4,72.0,Tarde,0
5947,2026-05-18 13:05:00,EQ-016,Barreiras,61.0,18.4,25.7,Encharcado,22.1,678.0,Transporte,1.0,96.0,3.5,89.0,Manha,1
5948,2026-05-18 13:06:00,EQ-033,Sorriso,20.5,71.0,31.3,Arenoso,6.6,256.0,Colheita,3.0,30.0,6.3,96.0,Manha,0
5949,2026-05-18 13:09:00,EQ-005,Lucas do Rio Verde,34.3,32.3,28.3,Misto,3.5,553.0,Colheita,4.0,297.0,10.6,69.0,Tarde,0
5950,2026-05-18 13:45:00,EQ-034,Rio Verde,41.3,21.3,33.5,Misto,12.2,1074.0,Pulverizacao,1.0,257.0,7.8,108.0,Tarde,1
5951,2026-05-18 13:45:00,EQ-023,Cascavel,89.5,37.7,21.8,Argiloso,5.9,413.0,Colheita,5.0,177.0,11.8,94.0,Manha,1
5952,2026-05-18 13:58:00,EQ-004,Nao-Me-Toque,56.9,35.1,27.2,Argiloso,1.6,813.0,Transporte,7.0,224.0,9.0,103.0,Noite,0
5953,2026-05-18 14:17:00,EQ-031,Rio Verde,47.1,15.9,31.9,Argiloso,16.1,130.0,Colheita,11.0,128.0,10.8,42.0,Tarde,1
5954,2026-05-18 14:29:00,EQ-008,Lucas do Rio Verde,59.0,75.0,21.4,Misto,13.2,110.0,Colheita,1.0,159.0,10.7,106.0,Tarde,0
5955,2026-05-18 15:49:00,EQ-024,Barreiras,58.5,22.8,24.3,Misto,1.9,1283.0,Colheita,3.0,172.0,7.8,101.0,Manha,0
5956,2026-05-18 16:15:00,EQ-037,Rio Verde,68.8,83.3,39.0,Arenoso,13.4,880.0,Plantio,7.0,96.0,7.6,59.0,Manha,0
5957,2026-05-18 16:27:00,EQ-011,Cascavel,41.5,11.8,22.7,Misto,11.5,1082.0,Plantio,3.0,96.0,5.5,73.0,Tarde,0
5958,2026-05-18 16:29:00,EQ-019,Cascavel,57.0,19.9,36.3,Misto,15.8,260.0,Plantio,16.0,235.0,10.9,63.0,Tarde,1
5959,2026-05-18 16:51:00,EQ-012,Lucas do Rio Verde,60.0,31.2,20.1,Argiloso,16.4,680.0,Colheita,10.0,16.0,8.0,64.0,Manha,0
5960,2026-05-18 17:30:00,EQ-007,Nao-Me-Toque,67.5,16.1,20.6,Encharcado,11.4,1549.0,Colheita,7.0,167.0,7.6,109.0,Tarde,0
5961,2026-05-18 17:46:00,EQ-004,Lucas do Rio Verde,63.2,12.6,21.0,Argiloso,10.3,260.0,Colheita,20.0,55.0,8.8,48.0,Manha,1
5962,2026-05-18 18:06:00,EQ-028,Barreiras,59.7,73.2,24.1,Argiloso,10.1,947.0,Pulverizacao,8.0,34.0,9.6,110.0,Tarde,0
5963,2026-05-18 18:28:00,EQ-027,Sorriso,7.1,17.5,32.6,Argiloso,2.3,608.0,Plantio,22.0,93.0,5.5,119.0,Manha,0
5964,2026-05-18 18:31:00,EQ-020,Rio Verde,54.2,24.3,30.5,Misto,6.8,743.0,Pulverizacao,9.0,115.0,11.1,74.0,Noite,0
5965,2026-05-18 18:40:00,EQ-017,Lucas do Rio Verde,24.7,15.6,32.3,Arenoso,24.6,193.0,Plantio,6.0,341.0,8.9,81.0,Tarde,0
5966,2026-05-18 19:01:00,EQ-012,Sorriso,51.8,8.4,20.2,Argiloso,3.1,334.0,Transporte,6.0,60.0,8.4,63.0,Tarde,0
5967,2026-05-18 20:02:00,EQ-023,Nao-Me-Toque,35.3,94.2,34.1,Encharcado,6.9,632.0,Colheita,10.0,48.0,5.0,76.0,Tarde,1
5968,2026-05-18 20:27:00,EQ-023,Nao-Me-Toque,74.6,8.8,35.3,Arenoso,5.4,401.0,Colheita,3.0,70.0,4.5,74.0,Tarde,1
5969,2026-05-18 20:33:00,EQ-014,Nao-Me-Toque,69.7,40.7,33.4,Encharcado,4.6,267.0,Transporte,5.0,5.0,11.2,83.0,Tarde,1
5970,2026-05-18 20:36:00,EQ-011,Sorriso,45.3,13.5,23.3,Argiloso,8.6,1767.0,Plantio,5.0,148.0,11.2,76.0,Manha,0
5971,2026-05-18 20:51:00,EQ-024,Rio Verde,68.0,2.6,43.7,Encharcado,14.7,160.0,Transporte,3.0,150.0,11.2,60.0,Manha,0
5972,2026-05-18 21:33:00,EQ-038,Sorriso,57.0,27.5,31.4,Misto,6.1,640.0,Pulverizacao,9.0,110.0,9.6,85.0,Noite,0
5973,2026-05-18 21:40:00,EQ-040,Cascavel,79.8,11.6,19.1,Argiloso,6.3,459.0,Plantio,5.0,111.0,9.5,65.0,Manha,0
5974,2026-05-18 22:19:00,EQ-020,Sorriso,80.0,38.2,32.0,Encharcado,18.9,370.0,Pulverizacao,7.0,76.0,10.6,81.0,Noite,1
5975,2026-05-18 22:41:00,EQ-006,Nao-Me-Toque,70.9,9.6,27.1,Arenoso,13.5,939.0,Transporte,4.0,241.0,8.8,97.0,Tarde,0
5976,2026-05-18 22:59:00,EQ-023,Rio Verde,42.9,18.7,26.3,Argiloso,4.0,96.0,Plantio,13.0,218.0,8.3,69.0,Tarde,0
5977,2026-05-18 23:13:00,EQ-015,Lucas do Rio Verde,46.4,16.0,35.3,Arenoso,11.9,379.0,Pulverizacao,3.0,42.0,11.8,60.0,Tarde,0
5978,2026-05-18 23:30:00,EQ-013,Nao-Me-Toque,48.7,27.9,26.9,Argiloso,19.6,208.0,Colheita,17.0,50.0,8.2,76.0,Manha,0
5979,2026-05-18 23:37:00,EQ-024,Barreiras,43.7,3.0,24.3,Arenoso,4.4,1082.0,Plantio,6.0,313.0,9.1,68.0,Noite,0
5980,2026-05-19 00:06:00,EQ-015,Nao-Me-Toque,37.7,35.1,11.2,Argiloso,17.6,1506.0,Plantio,11.0,62.0,1.8,96.0,Manha,1
5981,2026-05-19 00:18:00,EQ-009,Lucas do Rio Verde,39.1,33.7,27.6,Misto,17.1,1216.0,Plantio,7.0,79.0,4.2,90.0,Noite,0
5982,2026-05-19 00:24:00,EQ-001,Rio Verde,65.9,10.5,25.2,Misto,4.1,680.0,Pulverizacao,6.0,126.0,5.8,100.0,Noite,0
5983,2026-05-19 00:36:00,EQ-008,Lucas do Rio Verde,64.7,31.7,31.4,Argiloso,2.8,999.0,Plantio,1.0,168.0,4.8,96.0,Manha,0
5984,2026-05-19 00:49:00,EQ-035,Barreiras,90.2,27.0,29.9,Arenoso,1.0,228.0,Colheita,8.0,64.0,8.2,80.0,Noite,0
5985,2026-05-19 01:14:00,EQ-001,Rio Verde,76.0,49.9,26.7,Argiloso,9.6,211.0,Colheita,25.0,85.0,6.1,89.0,Tarde,1
5986,2026-05-19 01:43:00,EQ-029,Lucas do Rio Verde,72.9,21.6,21.8,Encharcado,20.0,947.0,Pulverizacao,3.0,131.0,6.1,102.0,Tarde,0
5987,2026-05-19 01:45:00,EQ-005,Nao-Me-Toque,47.1,36.1,28.0,Arenoso,10.6,1011.0,Transporte,2.0,27.0,8.5,59.0,Manha,0
5988,2026-05-19 01:46:00,EQ-013,Sorriso,74.2,33.2,26.3,Encharcado,15.3,936.0,Pulverizacao,14.0,59.0,7.1,85.0,Manha,0
5989,2026-05-19 01:51:00,EQ-034,Barreiras,59.3,18.2,45.0,Arenoso,33.9,341.0,Colheita,4.0,260.0,7.8,81.0,Manha,0
5990,2026-05-19 01:56:00,EQ-031,Sorriso,55.8,45.4,27.9,Misto,20.7,1134.0,Colheita,8.0,179.0,10.9,64.0,Tarde,0
5991,2026-05-19 02:11:00,EQ-008,Sorriso,49.5,33.5,13.2,Arenoso,18.4,596.0,Plantio,10.0,68.0,7.2,52.0,Manha,0
5992,2026-05-19 02:49:00,EQ-040,Barreiras,6.6,48.0,30.3,Encharcado,6.1,344.0,Pulverizacao,4.0,189.0,5.8,86.0,Tarde,0
5993,2026-05-19 02:53:00,EQ-029,Nao-Me-Toque,60.1,54.7,30.6,Arenoso,6.3,1171.0,Colheita,8.0,524.0,7.1,93.0,Tarde,1
5994,2026-05-19 03:31:00,EQ-030,Cascavel,95.2,46.9,33.2,Argiloso,2.9,389.0,Plantio,4.0,85.0,13.8,81.0,Manha,1
5995,2026-05-19 03:41:00,EQ-026,Lucas do Rio Verde,58.0,36.0,24.8,Misto,3.3,1325.0,Plantio,4.0,163.0,5.0,81.0,Tarde,0
5996,2026-05-19 03:44:00,EQ-025,Barreiras,56.4,8.6,26.6,Argiloso,2.7,136.0,Transporte,3.0,189.0,5.5,72.0,Manha,0
5997,2026-05-19 03:51:00,EQ-008,Lucas do Rio Verde,49.8,14.7,35.6,Argiloso,19.5,1893.0,Colheita,6.0,76.0,5.7,114.0,Noite,1
5998,2026-05-19 04:13:00,EQ-005,Sorriso,31.2,39.7,36.0,Misto,14.4,768.0,Pulverizacao,8.0,114.0,8.6,57.0,Tarde,0
5999,2026-05-19 04:29:00,EQ-008,Cascavel,55.8,48.7,20.4,Misto,19.5,1599.0,Colheita,14.0,128.0,13.2,78.0,Manha,0
6000,2026-05-19 05:03:00,EQ-031,Rio Verde,25.0,47.9,21.9,Arenoso,20.2,385.0,Colheita,13.0,40.0,13.7,98.0,Tarde,0
